visit_id,cadre,reason,staff_count
KD-001-R1,CHO,"Leave (Study, Annual, Maternity, etc.)",1
KD-001-R1,CHEW,Transportation Problems,1
KD-001-R1,JCHEW,Dissatisfaction with Job,1
KD-001-R1,JCHEW,Meetings,1
KD-001-R2,Medical Officer,Shift,1
KD-001-R2,Nurse/Midwife,Long Distance to Workplace,1
KD-001-R2,CHEW,Long Distance to Workplace,1
KD-001-R2,JCHEW,Personal Health Issues,1
KD-001-R2,JCHEW,Long Distance to Workplace,1
KD-001-R2,JCHEW,Family Responsibilities,1
KD-001-R2,Medical Records Officer,Dissatisfaction with Salary and Benefits,1
KD-001-R3,Nurse/Midwife,Shift,1
KD-001-R3,CHEW,Meetings,1
KD-001-R3,JCHEW,Long Distance to Workplace,1
KD-001-R4,Medical Officer,High Workload and Stress,1
KD-001-R4,CHO,Meetings,1
KD-001-R4,CHEW,Access to Salary,1
KD-001-R4,JCHEW,Family Responsibilities,1
KD-001-R4,JCHEW,Meetings,1
KD-001-R5,CHEW,Shift,1
KD-001-R5,JCHEW,Crime,1
KD-001-R6,Nurse/Midwife,Transportation Problems,1
KD-002-R1,CHEW,Family Responsibilities,1
KD-002-R1,Medical Lab Technician,Funeral,1
KD-002-R2,Nurse/Midwife,Workshop and Training,1
KD-002-R2,CHEW,"Leave (Study, Annual, Maternity, etc.)",1
KD-002-R2,JCHEW,Family Responsibilities,1
KD-002-R3,Nurse/Midwife,Long Distance to Workplace,1
KD-002-R3,Pharmacy Technician,Policy and Governance Issues,1
KD-002-R4,Medical Lab Technician,Workplace Conflict,1
KD-002-R4,Medical Records Officer,Crime,1
KD-002-R5,CHEW,Access to Salary,1
KD-002-R5,Medical Lab Technician,Unrest,1
KD-002-R5,Medical Records Officer,"Leave (Study, Annual, Maternity, etc.)",1
KD-002-R5,Pharmacy Technician,High Workload and Stress,1
KD-002-R6,Nurse/Midwife,Family Responsibilities,1
KD-002-R6,Medical Lab Technician,Transportation Problems,1
KD-003-R2,CHEW,Poor Health Facility Infrastructure,1
KD-003-R3,Pharmacy Technician,Family Responsibilities,1
KD-003-R3,Pharmacy Technician,Unrest,1
KD-003-R4,Nurse/Midwife,Shift,1
KD-003-R4,CHEW,"Leave (Study, Annual, Maternity, etc.)",1
KD-003-R4,JCHEW,Workshop and Training,1
KD-003-R4,JCHEW,Transportation Problems,1
KD-003-R5,CHO,Shift,1
KD-003-R5,Pharmacy Technician,Personal Health Issues,1
KD-003-R6,CHEW,Weddings,1
KD-003-R6,JCHEW,Shift,1
KD-003-R6,JCHEW,Dissatisfaction with Salary and Benefits,1
KD-003-R6,Medical Records Officer,Personal Health Issues,1
KD-003-R6,Medical Records Officer,Workplace Conflict,1
KD-003-R6,Pharmacy Technician,Long Distance to Workplace,1
KD-004-R1,Nurse/Midwife,Unrest,1
KD-004-R1,Nurse/Midwife,Crime,1
KD-004-R1,CHEW,Transportation Problems,1
KD-004-R1,JCHEW,Workshop and Training,1
KD-004-R1,Medical Lab Technician,Lack of Professional Development Opportunities,1
KD-004-R1,Medical Lab Technician,Transportation Problems,1
KD-004-R1,Pharmacy Technician,"Leave (Study, Annual, Maternity, etc.)",1
KD-004-R2,Medical Officer,Dissatisfaction with Job,1
KD-004-R2,Nurse/Midwife,Unrest,5
KD-004-R2,Nurse/Midwife,"Leave (Study, Annual, Maternity, etc.)",4
KD-004-R2,Nurse/Midwife,Workplace Conflict,1
KD-004-R2,Nurse/Midwife,Funeral,1
KD-004-R2,Nurse/Midwife,Family Responsibilities,1
KD-004-R2,CHO,Workplace Conflict,1
KD-004-R2,CHO,Personal Health Issues,1
KD-004-R2,CHEW,"Leave (Study, Annual, Maternity, etc.)",1
KD-004-R2,JCHEW,Unrest,1
KD-004-R2,Medical Lab Technician,Long Distance to Workplace,2
KD-004-R2,Medical Lab Technician,"Leave (Study, Annual, Maternity, etc.)",1
KD-004-R2,Medical Lab Technician,Transportation Problems,1
KD-004-R2,Pharmacy Technician,Unrest,1
KD-004-R2,Pharmacy Technician,Personal Health Issues,1
KD-004-R3,Medical Officer,"Leave (Study, Annual, Maternity, etc.)",1
KD-004-R3,Nurse/Midwife,Shift,1
KD-004-R3,Nurse/Midwife,Workshop and Training,1
KD-004-R3,Nurse/Midwife,Family Responsibilities,1
KD-004-R3,CHO,Transportation Problems,1
KD-004-R3,CHO,Meetings,1
KD-004-R3,JCHEW,Unrest,1
KD-004-R3,JCHEW,Shift,1
KD-004-R3,JCHEW,Personal Health Issues,1
KD-004-R4,Medical Officer,Dissatisfaction with Salary and Benefits,1
KD-004-R4,Nurse/Midwife,Family Responsibilities,1
KD-004-R4,Nurse/Midwife,Funeral,1
KD-004-R4,Nurse/Midwife,Dissatisfaction with Salary and Benefits,1
KD-004-R4,CHO,Transportation Problems,1
KD-004-R4,CHO,Workshop and Training,1
KD-004-R4,CHEW,High Workload and Stress,1
KD-004-R4,CHEW,Workshop and Training,1
KD-004-R4,CHEW,Meetings,1
KD-004-R4,CHEW,Shift,1
KD-004-R4,Medical Lab Technician,Shift,1
KD-004-R4,Medical Lab Technician,Long Distance to Workplace,1
KD-004-R4,Medical Lab Technician,Transportation Problems,1
KD-004-R4,Medical Records Officer,Shift,1
KD-004-R4,Pharmacy Technician,Family Responsibilities,1
KD-004-R5,Medical Officer,"Leave (Study, Annual, Maternity, etc.)",1
KD-004-R5,Medical Officer,Meetings,1
KD-004-R5,Nurse/Midwife,Policy and Governance Issues,1
KD-004-R5,Nurse/Midwife,Family Responsibilities,1
KD-004-R5,Nurse/Midwife,Long Distance to Workplace,1
KD-004-R5,Nurse/Midwife,Access to Salary,1
KD-004-R5,Nurse/Midwife,High Workload and Stress,1
KD-004-R5,CHO,Workshop and Training,1
KD-004-R5,CHEW,"Leave (Study, Annual, Maternity, etc.)",1
KD-004-R6,Nurse/Midwife,Family Responsibilities,1
KD-004-R6,Nurse/Midwife,Dissatisfaction with Salary and Benefits,1
KD-004-R6,Pharmacy Technician,Meetings,1
KD-005-R1,Pharmacy Technician,Weddings,1
KD-005-R2,Nurse/Midwife,Shift,1
KD-005-R2,CHO,Workshop and Training,1
KD-005-R2,CHEW,Funeral,1
KD-005-R2,CHEW,Unrest,1
KD-005-R2,JCHEW,Dissatisfaction with Salary and Benefits,1
KD-005-R2,JCHEW,Funeral,1
KD-005-R2,JCHEW,Family Responsibilities,1
KD-005-R2,Environmental Health Officer,Transportation Problems,1
KD-005-R3,Nurse/Midwife,Access to Salary,1
KD-005-R3,CHEW,Personal Health Issues,1
KD-005-R3,JCHEW,Transportation Problems,1
KD-005-R3,Medical Lab Technician,Family Responsibilities,1
KD-005-R3,Medical Lab Technician,Personal Health Issues,1
KD-005-R4,Nurse/Midwife,Unrest,1
KD-005-R4,Nurse/Midwife,Dissatisfaction with Salary and Benefits,1
KD-005-R4,CHEW,Family Responsibilities,1
KD-005-R4,JCHEW,Family Responsibilities,2
KD-005-R4,JCHEW,Funeral,1
KD-005-R4,JCHEW,"Leave (Study, Annual, Maternity, etc.)",1
KD-005-R4,JCHEW,Long Distance to Workplace,1
KD-005-R4,Medical Records Officer,"Leave (Study, Annual, Maternity, etc.)",1
KD-005-R4,Environmental Health Officer,Access to Salary,1
KD-005-R5,CHO,Transportation Problems,1
KD-005-R5,CHEW,Access to Salary,1
KD-005-R5,CHEW,Lack of Professional Development Opportunities,1
KD-005-R5,JCHEW,Crime,1
KD-005-R5,Pharmacy Technician,"Leave (Study, Annual, Maternity, etc.)",1
KD-005-R6,Nurse/Midwife,Personal Health Issues,1
KD-005-R6,Nurse/Midwife,Unrest,1
KD-005-R6,CHO,Access to Salary,1
KD-005-R6,CHEW,"Leave (Study, Annual, Maternity, etc.)",1
KD-005-R6,CHEW,Meetings,1
KD-005-R6,JCHEW,Unrest,1
KD-005-R6,JCHEW,Dissatisfaction with Salary and Benefits,1
KD-005-R6,JCHEW,Personal Health Issues,1
KD-005-R6,Pharmacy Technician,Access to Salary,1
KD-006-R1,Nurse/Midwife,Unrest,1
KD-006-R1,CHEW,Funeral,1
KD-006-R1,CHEW,Weddings,1
KD-006-R1,CHEW,Unrest,1
KD-006-R1,JCHEW,Long Distance to Workplace,1
KD-006-R1,JCHEW,Transportation Problems,1
KD-006-R3,Nurse/Midwife,Long Distance to Workplace,1
KD-006-R3,CHEW,Funeral,1
KD-006-R3,CHEW,Long Distance to Workplace,1
KD-006-R3,CHEW,Shift,1
KD-006-R4,Nurse/Midwife,Family Responsibilities,1
KD-006-R4,JCHEW,Access to Salary,1
KD-006-R5,Nurse/Midwife,"Leave (Study, Annual, Maternity, etc.)",1
KD-006-R5,CHEW,Unrest,2
KD-006-R5,CHEW,Meetings,1
KD-006-R5,JCHEW,Workshop and Training,1
KD-006-R5,Medical Records Officer,Unrest,1
KD-007-R1,Medical Officer,"Leave (Study, Annual, Maternity, etc.)",1
KD-007-R1,Medical Officer,Personal Health Issues,1
KD-007-R1,Medical Officer,Lack of Professional Development Opportunities,1
KD-007-R1,Nurse/Midwife,Weddings,1
KD-007-R1,Nurse/Midwife,"Leave (Study, Annual, Maternity, etc.)",1
KD-007-R1,Nurse/Midwife,Workshop and Training,1
KD-007-R1,Medical Records Officer,Weddings,1
KD-007-R2,Medical Officer,Unrest,1
KD-007-R2,Nurse/Midwife,"Leave (Study, Annual, Maternity, etc.)",2
KD-007-R2,Nurse/Midwife,Access to Salary,1
KD-007-R2,CHO,Weddings,1
KD-007-R2,CHO,Dissatisfaction with Salary and Benefits,1
KD-007-R2,JCHEW,Access to Salary,1
KD-007-R2,JCHEW,Weddings,1
KD-007-R2,Medical Lab Technician,Dissatisfaction with Salary and Benefits,1
KD-007-R2,Medical Lab Technician,Unrest,1
KD-007-R2,Medical Lab Technician,Access to Salary,1
KD-007-R2,Medical Records Officer,Personal Health Issues,1
KD-007-R2,Environmental Health Officer,Weddings,1
KD-007-R3,Medical Officer,Lack of Professional Development Opportunities,1
KD-007-R3,Medical Officer,Personal Health Issues,1
KD-007-R3,Medical Officer,Long Distance to Workplace,1
KD-007-R3,Nurse/Midwife,Shift,1
KD-007-R3,Nurse/Midwife,Workshop and Training,1
KD-007-R3,Nurse/Midwife,Dissatisfaction with Salary and Benefits,1
KD-007-R3,Medical Lab Technician,Long Distance to Workplace,1
KD-007-R3,Medical Records Officer,High Workload and Stress,1
KD-007-R3,Medical Records Officer,"Leave (Study, Annual, Maternity, etc.)",1
KD-007-R4,Nurse/Midwife,Access to Salary,1
KD-007-R4,Nurse/Midwife,Dissatisfaction with Salary and Benefits,1
KD-007-R4,Nurse/Midwife,Dissatisfaction with Job,1
KD-007-R4,JCHEW,Personal Health Issues,1
KD-007-R4,Medical Lab Technician,"Leave (Study, Annual, Maternity, etc.)",1
KD-007-R4,Medical Records Officer,Weddings,1
KD-007-R4,Environmental Health Officer,Dissatisfaction with Salary and Benefits,1
KD-007-R5,Medical Officer,"Leave (Study, Annual, Maternity, etc.)",1
KD-007-R5,Medical Officer,Meetings,1
KD-007-R5,Nurse/Midwife,Workshop and Training,1
KD-007-R5,Nurse/Midwife,Access to Salary,1
KD-007-R5,Nurse/Midwife,Transportation Problems,1
KD-007-R5,Nurse/Midwife,Dissatisfaction with Salary and Benefits,1
KD-007-R5,CHO,Policy and Governance Issues,1
KD-007-R5,CHEW,Personal Health Issues,1
KD-007-R5,JCHEW,Workshop and Training,1
KD-007-R5,JCHEW,Access to Salary,1
KD-007-R5,Medical Lab Technician,Shift,1
KD-007-R5,Medical Lab Technician,Transportation Problems,1
KD-007-R5,Medical Lab Technician,Dissatisfaction with Salary and Benefits,1
KD-007-R5,Medical Records Officer,Funeral,1
KD-007-R5,Pharmacy Technician,Long Distance to Workplace,1
KD-007-R6,Medical Officer,Meetings,1
KD-007-R6,Nurse/Midwife,Access to Salary,1
KD-007-R6,Nurse/Midwife,Shift,1
KD-007-R6,Nurse/Midwife,"Leave (Study, Annual, Maternity, etc.)",1
KD-007-R6,Nurse/Midwife,Meetings,1
KD-007-R6,Nurse/Midwife,Funeral,1
KD-007-R6,Nurse/Midwife,Personal Health Issues,1
KD-007-R6,Nurse/Midwife,Unrest,1
KD-007-R6,CHO,Unrest,1
KD-007-R6,CHO,Dissatisfaction with Job,1
KD-007-R6,CHEW,Workshop and Training,1
KD-007-R6,CHEW,Poor Health Facility Infrastructure,1
KD-007-R6,CHEW,Unrest,1
KD-007-R6,JCHEW,Personal Health Issues,2
KD-007-R6,JCHEW,Unrest,1
KD-007-R6,JCHEW,Long Distance to Workplace,1
KD-007-R6,Medical Lab Technician,Shift,1
KD-007-R6,Medical Records Officer,Unrest,1
KD-007-R6,Pharmacy Technician,"Leave (Study, Annual, Maternity, etc.)",2
KD-007-R6,Pharmacy Technician,Transportation Problems,1
KD-007-R6,Pharmacy Technician,Shift,1
KD-007-R6,Pharmacy Technician,Family Responsibilities,1
KD-007-R6,Pharmacy Technician,Unrest,1
KD-007-R6,Environmental Health Officer,Shift,1
KD-008-R1,Medical Officer,Access to Salary,1
KD-008-R1,Nurse/Midwife,Unrest,1
KD-008-R1,Nurse/Midwife,Workshop and Training,1
KD-008-R1,Nurse/Midwife,Long Distance to Workplace,1
KD-008-R1,CHO,Meetings,1
KD-008-R1,CHO,Dissatisfaction with Salary and Benefits,1
KD-008-R1,JCHEW,Access to Salary,1
KD-008-R1,JCHEW,Long Distance to Workplace,1
KD-008-R1,Medical Records Officer,Workshop and Training,1
KD-008-R1,Pharmacy Technician,Poor Health Facility Infrastructure,1
KD-008-R2,JCHEW,Poor Health Facility Infrastructure,1
KD-008-R2,JCHEW,Family Responsibilities,1
KD-008-R3,CHEW,Meetings,1
KD-008-R3,Medical Records Officer,Funeral,1
KD-008-R4,Medical Officer,Meetings,1
KD-008-R4,JCHEW,High Workload and Stress,1
KD-008-R5,Medical Officer,Unrest,1
KD-008-R5,Medical Officer,Long Distance to Workplace,1
KD-008-R5,Nurse/Midwife,"Leave (Study, Annual, Maternity, etc.)",1
KD-008-R5,Nurse/Midwife,Lack of Professional Development Opportunities,1
KD-008-R5,CHO,Weddings,1
KD-008-R5,CHO,Long Distance to Workplace,1
KD-008-R5,JCHEW,Transportation Problems,1
KD-008-R5,JCHEW,Shift,1
KD-008-R5,JCHEW,Family Responsibilities,1
KD-008-R6,CHO,Personal Health Issues,1
KD-008-R6,JCHEW,Meetings,1
KD-008-R6,Pharmacy Technician,Dissatisfaction with Salary and Benefits,1
KD-009-R1,Nurse/Midwife,Access to Salary,1
KD-009-R1,CHEW,Personal Health Issues,1
KD-009-R1,Medical Records Officer,Transportation Problems,1
KD-009-R2,CHEW,Weddings,1
KD-009-R2,JCHEW,Personal Health Issues,1
KD-009-R2,JCHEW,Shift,1
KD-009-R2,Medical Lab Technician,Long Distance to Workplace,1
KD-009-R3,Nurse/Midwife,Access to Salary,1
KD-009-R4,Nurse/Midwife,Weddings,1
KD-009-R4,JCHEW,Funeral,1
KD-009-R4,Medical Lab Technician,Personal Health Issues,1
KD-009-R5,Nurse/Midwife,Access to Salary,1
KD-009-R5,Nurse/Midwife,Transportation Problems,1
KD-009-R5,CHEW,Crime,1
KD-009-R5,CHEW,Funeral,1
KD-009-R5,CHEW,High Workload and Stress,1
KD-009-R5,JCHEW,Family Responsibilities,1
KD-009-R5,Medical Lab Technician,Unrest,1
KD-009-R6,CHEW,Family Responsibilities,1
KD-009-R6,CHEW,High Workload and Stress,1
KD-009-R6,JCHEW,"Leave (Study, Annual, Maternity, etc.)",1
KD-009-R6,JCHEW,Unrest,1
KD-009-R6,Medical Lab Technician,Dissatisfaction with Job,1
KD-010-R1,Nurse/Midwife,Unrest,1
KD-010-R1,Medical Lab Technician,Weddings,1
KD-010-R1,Pharmacy Technician,Dissatisfaction with Salary and Benefits,1
KD-010-R1,Environmental Health Officer,Meetings,1
KD-010-R1,Environmental Health Officer,"Leave (Study, Annual, Maternity, etc.)",1
KD-010-R2,Medical Officer,Access to Salary,1
KD-010-R2,Nurse/Midwife,"Leave (Study, Annual, Maternity, etc.)",2
KD-010-R2,Nurse/Midwife,Personal Health Issues,1
KD-010-R2,CHO,"Leave (Study, Annual, Maternity, etc.)",1
KD-010-R2,JCHEW,Funeral,1
KD-010-R2,JCHEW,Personal Health Issues,1
KD-010-R2,Medical Records Officer,Shift,1
KD-010-R2,Environmental Health Officer,Weddings,1
KD-010-R2,Environmental Health Officer,"Leave (Study, Annual, Maternity, etc.)",1
KD-010-R3,Nurse/Midwife,Workshop and Training,2
KD-010-R3,Nurse/Midwife,Weddings,1
KD-010-R3,Nurse/Midwife,Transportation Problems,1
KD-010-R3,Nurse/Midwife,Funeral,1
KD-010-R3,Nurse/Midwife,Personal Health Issues,1
KD-010-R3,Medical Lab Technician,Personal Health Issues,1
KD-010-R3,Medical Lab Technician,Funeral,1
KD-010-R3,Medical Lab Technician,Workshop and Training,1
KD-010-R3,Environmental Health Officer,Policy and Governance Issues,1
KD-010-R4,Medical Officer,Access to Salary,2
KD-010-R4,Medical Officer,Dissatisfaction with Job,1
KD-010-R4,Medical Officer,Workplace Conflict,1
KD-010-R4,Nurse/Midwife,Shift,1
KD-010-R4,Nurse/Midwife,Long Distance to Workplace,1
KD-010-R4,Nurse/Midwife,"Leave (Study, Annual, Maternity, etc.)",1
KD-010-R4,Nurse/Midwife,Meetings,1
KD-010-R4,Nurse/Midwife,Dissatisfaction with Salary and Benefits,1
KD-010-R4,Nurse/Midwife,Personal Health Issues,1
KD-010-R4,Nurse/Midwife,Workplace Conflict,1
KD-010-R4,JCHEW,Family Responsibilities,1
KD-010-R4,Medical Lab Technician,Meetings,1
KD-010-R4,Medical Lab Technician,Shift,1
KD-010-R4,Medical Lab Technician,Personal Health Issues,1
KD-010-R4,Medical Records Officer,Personal Health Issues,1
KD-010-R4,Pharmacy Technician,Personal Health Issues,2
KD-010-R4,Pharmacy Technician,Shift,1
KD-010-R4,Environmental Health Officer,Long Distance to Workplace,1
KD-010-R5,Nurse/Midwife,Long Distance to Workplace,3
KD-010-R5,Nurse/Midwife,Weddings,1
KD-010-R5,Nurse/Midwife,Lack of Professional Development Opportunities,1
KD-010-R5,Nurse/Midwife,Dissatisfaction with Salary and Benefits,1
KD-010-R5,Nurse/Midwife,Access to Salary,1
KD-010-R5,Nurse/Midwife,Personal Health Issues,1
KD-010-R5,CHO,Shift,1
KD-010-R5,Medical Lab Technician,Weddings,1
KD-010-R5,Medical Lab Technician,Shift,1
KD-010-R5,Medical Lab Technician,Access to Salary,1
KD-010-R5,Environmental Health Officer,Personal Health Issues,1
KD-010-R6,Medical Officer,Access to Salary,1
KD-010-R6,Nurse/Midwife,"Leave (Study, Annual, Maternity, etc.)",2
KD-010-R6,Nurse/Midwife,Dissatisfaction with Job,1
KD-010-R6,Nurse/Midwife,High Workload and Stress,1
KD-010-R6,Nurse/Midwife,Weddings,1
KD-010-R6,Nurse/Midwife,Transportation Problems,1
KD-010-R6,JCHEW,Workshop and Training,1
KD-010-R6,Medical Lab Technician,Unrest,2
KD-010-R6,Medical Lab Technician,Meetings,1
KD-010-R6,Medical Lab Technician,Shift,1
KD-010-R6,Medical Lab Technician,Workshop and Training,1
KD-010-R6,Medical Records Officer,Policy and Governance Issues,1
KD-010-R6,Medical Records Officer,Meetings,1
KD-010-R6,Environmental Health Officer,Long Distance to Workplace,2
KD-011-R1,CHEW,Funeral,1
KD-011-R1,JCHEW,Shift,1
KD-011-R2,Nurse/Midwife,Unrest,1
KD-011-R2,CHEW,Weddings,2
KD-011-R2,CHEW,High Workload and Stress,1
KD-011-R2,CHEW,Dissatisfaction with Salary and Benefits,1
KD-011-R2,JCHEW,Weddings,1
KD-011-R3,CHEW,"Leave (Study, Annual, Maternity, etc.)",1
KD-011-R3,CHEW,Workshop and Training,1
KD-011-R4,Nurse/Midwife,Meetings,1
KD-011-R4,CHEW,Personal Health Issues,1
KD-011-R4,JCHEW,Dissatisfaction with Salary and Benefits,1
KD-011-R5,CHEW,Shift,1
KD-011-R6,Pharmacy Technician,Meetings,1
KD-012-R1,CHO,Family Responsibilities,1
KD-012-R1,CHEW,Meetings,1
KD-012-R2,CHEW,"Leave (Study, Annual, Maternity, etc.)",1
KD-012-R2,CHEW,High Workload and Stress,1
KD-012-R2,Medical Records Officer,Long Distance to Workplace,1
KD-012-R3,Medical Officer,Access to Salary,1
KD-012-R3,Nurse/Midwife,Meetings,1
KD-012-R3,CHEW,Unrest,2
KD-012-R3,CHEW,Weddings,1
KD-012-R3,CHEW,"Leave (Study, Annual, Maternity, etc.)",1
KD-012-R3,JCHEW,Unrest,2
KD-012-R3,Medical Lab Technician,Access to Salary,1
KD-012-R4,CHEW,Dissatisfaction with Salary and Benefits,1
KD-012-R4,CHEW,Access to Salary,1
KD-012-R4,Medical Lab Technician,Family Responsibilities,1
KD-012-R5,Medical Officer,Personal Health Issues,1
KD-012-R5,CHEW,"Leave (Study, Annual, Maternity, etc.)",2
KD-012-R5,JCHEW,Funeral,1
KD-012-R6,Medical Records Officer,Family Responsibilities,1
KD-013-R1,Nurse/Midwife,"Leave (Study, Annual, Maternity, etc.)",1
KD-013-R1,Nurse/Midwife,Workshop and Training,1
KD-013-R1,CHO,"Leave (Study, Annual, Maternity, etc.)",1
KD-013-R1,CHEW,Transportation Problems,1
KD-013-R1,CHEW,Dissatisfaction with Job,1
KD-013-R2,Nurse/Midwife,"Leave (Study, Annual, Maternity, etc.)",1
KD-013-R2,CHEW,Crime,1
KD-013-R2,JCHEW,Workplace Conflict,1
KD-013-R3,JCHEW,Personal Health Issues,1
KD-013-R4,CHO,Transportation Problems,1
KD-013-R4,CHEW,Access to Salary,1
KD-013-R4,JCHEW,"Leave (Study, Annual, Maternity, etc.)",1
KD-013-R5,Nurse/Midwife,Personal Health Issues,1
KD-013-R5,Nurse/Midwife,Long Distance to Workplace,1
KD-013-R5,CHEW,Unrest,1
KD-013-R5,CHEW,Funeral,1
KD-013-R5,JCHEW,Dissatisfaction with Job,1
KD-013-R6,Nurse/Midwife,"Leave (Study, Annual, Maternity, etc.)",1
KD-013-R6,CHO,"Leave (Study, Annual, Maternity, etc.)",1
KD-013-R6,CHEW,"Leave (Study, Annual, Maternity, etc.)",1
KD-013-R6,CHEW,Shift,1
KD-013-R6,JCHEW,Weddings,1
KD-013-R6,JCHEW,Workshop and Training,1
KD-014-R1,Nurse/Midwife,Dissatisfaction with Salary and Benefits,1
KD-014-R2,Nurse/Midwife,High Workload and Stress,1
KD-014-R2,Nurse/Midwife,"Leave (Study, Annual, Maternity, etc.)",1
KD-014-R2,Nurse/Midwife,Poor Health Facility Infrastructure,1
KD-014-R2,CHEW,High Workload and Stress,1
KD-014-R2,Pharmacy Technician,Transportation Problems,1
KD-014-R3,Nurse/Midwife,Workplace Conflict,1
KD-014-R3,Nurse/Midwife,Funeral,1
KD-014-R3,Nurse/Midwife,Transportation Problems,1
KD-014-R3,CHEW,Funeral,2
KD-014-R3,CHEW,Access to Salary,1
KD-014-R3,CHEW,Workshop and Training,1
KD-014-R3,JCHEW,Personal Health Issues,1
KD-014-R3,Medical Records Officer,Shift,1
KD-014-R3,Medical Records Officer,Meetings,1
KD-014-R4,Nurse/Midwife,Unrest,1
KD-014-R4,Nurse/Midwife,Access to Salary,1
KD-014-R4,Nurse/Midwife,Dissatisfaction with Salary and Benefits,1
KD-014-R4,CHEW,Unrest,2
KD-014-R4,CHEW,Meetings,1
KD-014-R4,JCHEW,Meetings,2
KD-014-R4,JCHEW,Unrest,1
KD-014-R4,Medical Records Officer,Meetings,1
KD-014-R5,Nurse/Midwife,Poor Health Facility Infrastructure,1
KD-014-R5,Nurse/Midwife,Meetings,1
KD-014-R5,CHO,Long Distance to Workplace,1
KD-014-R5,CHEW,Dissatisfaction with Salary and Benefits,1
KD-014-R5,CHEW,"Leave (Study, Annual, Maternity, etc.)",1
KD-014-R5,CHEW,Weddings,1
KD-014-R5,CHEW,Dissatisfaction with Job,1
KD-014-R5,JCHEW,Lack of Professional Development Opportunities,1
KD-014-R5,Medical Records Officer,Personal Health Issues,1
KD-014-R5,Medical Records Officer,Unrest,1
KD-014-R6,Nurse/Midwife,Funeral,1
KD-014-R6,Nurse/Midwife,Meetings,1
KD-014-R6,CHO,Workshop and Training,1
KD-014-R6,CHEW,Funeral,1
KD-014-R6,JCHEW,Dissatisfaction with Salary and Benefits,1
KD-014-R6,Medical Records Officer,Funeral,1
KD-014-R6,Medical Records Officer,Dissatisfaction with Salary and Benefits,1
KD-014-R6,Pharmacy Technician,Meetings,1
KD-015-R1,CHO,Personal Health Issues,1
KD-015-R1,CHEW,Transportation Problems,2
KD-015-R1,JCHEW,Long Distance to Workplace,1
KD-015-R1,JCHEW,Workshop and Training,1
KD-015-R2,Nurse/Midwife,Access to Salary,1
KD-015-R2,CHEW,Shift,1
KD-015-R2,JCHEW,Funeral,1
KD-015-R3,CHEW,Long Distance to Workplace,1
KD-015-R3,CHEW,Access to Salary,1
KD-015-R3,Medical Records Officer,Family Responsibilities,1
KD-015-R4,Nurse/Midwife,Transportation Problems,1
KD-015-R4,Nurse/Midwife,Meetings,1
KD-015-R4,CHEW,Long Distance to Workplace,1
KD-015-R4,CHEW,Shift,1
KD-015-R4,JCHEW,Shift,1
KD-015-R4,Medical Records Officer,Personal Health Issues,1
KD-015-R4,Medical Records Officer,Long Distance to Workplace,1
KD-015-R5,JCHEW,Long Distance to Workplace,1
KD-015-R5,Medical Records Officer,Personal Health Issues,1
KD-015-R6,Nurse/Midwife,Family Responsibilities,1
KD-015-R6,Nurse/Midwife,Personal Health Issues,1
KD-015-R6,CHEW,Access to Salary,1
KD-015-R6,CHEW,Long Distance to Workplace,1
KD-015-R6,JCHEW,Meetings,1
KD-015-R6,JCHEW,"Leave (Study, Annual, Maternity, etc.)",1
KD-015-R6,JCHEW,Dissatisfaction with Salary and Benefits,1
KD-016-R1,Medical Officer,"Leave (Study, Annual, Maternity, etc.)",1
KD-016-R1,Medical Officer,Meetings,1
KD-016-R1,Medical Officer,Workshop and Training,1
KD-016-R1,Medical Officer,Weddings,1
KD-016-R1,Nurse/Midwife,Dissatisfaction with Salary and Benefits,1
KD-016-R1,Nurse/Midwife,Long Distance to Workplace,1
KD-016-R1,Nurse/Midwife,Unrest,1
KD-016-R1,Nurse/Midwife,Workshop and Training,1
KD-016-R1,Nurse/Midwife,Poor Health Facility Infrastructure,1
KD-016-R1,Nurse/Midwife,Funeral,1
KD-016-R1,Nurse/Midwife,Shift,1
KD-016-R1,CHO,Long Distance to Workplace,1
KD-016-R1,JCHEW,Dissatisfaction with Job,1
KD-016-R1,Medical Lab Technician,Policy and Governance Issues,1
KD-016-R2,Medical Officer,Workshop and Training,1
KD-016-R2,Medical Officer,Family Responsibilities,1
KD-016-R2,Medical Officer,"Leave (Study, Annual, Maternity, etc.)",1
KD-016-R2,Nurse/Midwife,Unrest,4
KD-016-R2,Nurse/Midwife,Personal Health Issues,2
KD-016-R2,Nurse/Midwife,Meetings,1
KD-016-R2,Nurse/Midwife,Transportation Problems,1
KD-016-R2,Nurse/Midwife,Long Distance to Workplace,1
KD-016-R2,Nurse/Midwife,Workshop and Training,1
KD-016-R2,Nurse/Midwife,Family Responsibilities,1
KD-016-R2,Nurse/Midwife,Dissatisfaction with Salary and Benefits,1
KD-016-R2,Nurse/Midwife,High Workload and Stress,1
KD-016-R2,Nurse/Midwife,Weddings,1
KD-016-R2,Nurse/Midwife,Access to Salary,1
KD-016-R2,CHO,"Leave (Study, Annual, Maternity, etc.)",1
KD-016-R2,JCHEW,Meetings,1
KD-016-R2,Medical Lab Technician,Transportation Problems,1
KD-016-R2,Medical Lab Technician,Weddings,1
KD-016-R2,Medical Records Officer,High Workload and Stress,1
KD-016-R2,Medical Records Officer,Meetings,1
KD-016-R2,Pharmacy Technician,Poor Health Facility Infrastructure,1
KD-016-R3,Medical Officer,Unrest,2
KD-016-R3,Medical Officer,Crime,1
KD-016-R3,Medical Officer,"Leave (Study, Annual, Maternity, etc.)",1
KD-016-R3,Nurse/Midwife,Transportation Problems,2
KD-016-R3,Nurse/Midwife,Shift,2
KD-016-R3,Nurse/Midwife,Crime,1
KD-016-R3,Nurse/Midwife,Long Distance to Workplace,1
KD-016-R3,Nurse/Midwife,Unrest,1
KD-016-R3,CHO,Workshop and Training,1
KD-016-R3,CHEW,Unrest,1
KD-016-R3,CHEW,Weddings,1
KD-016-R3,JCHEW,Shift,2
KD-016-R3,JCHEW,Long Distance to Workplace,1
KD-016-R3,Medical Lab Technician,"Leave (Study, Annual, Maternity, etc.)",1
KD-016-R3,Medical Records Officer,Access to Salary,1
KD-016-R3,Pharmacy Technician,"Leave (Study, Annual, Maternity, etc.)",1
KD-016-R4,Medical Officer,Workshop and Training,2
KD-016-R4,Medical Officer,Access to Salary,2
KD-016-R4,Medical Officer,Dissatisfaction with Salary and Benefits,1
KD-016-R4,Nurse/Midwife,Access to Salary,2
KD-016-R4,Nurse/Midwife,"Leave (Study, Annual, Maternity, etc.)",2
KD-016-R4,Nurse/Midwife,Family Responsibilities,1
KD-016-R4,Nurse/Midwife,Personal Health Issues,1
KD-016-R4,Nurse/Midwife,Transportation Problems,1
KD-016-R4,CHO,Access to Salary,1
KD-016-R4,CHEW,Access to Salary,1
KD-016-R4,JCHEW,Access to Salary,1
KD-016-R4,JCHEW,Personal Health Issues,1
KD-016-R4,Medical Lab Technician,Meetings,1
KD-016-R4,Medical Records Officer,Long Distance to Workplace,1
KD-016-R5,Medical Officer,Funeral,1
KD-016-R5,Medical Officer,Access to Salary,1
KD-016-R5,Nurse/Midwife,Shift,2
KD-016-R5,Nurse/Midwife,Workplace Conflict,1
KD-016-R5,Nurse/Midwife,Dissatisfaction with Job,1
KD-016-R5,Nurse/Midwife,Family Responsibilities,1
KD-016-R5,Nurse/Midwife,Personal Health Issues,1
KD-016-R5,Nurse/Midwife,Long Distance to Workplace,1
KD-016-R5,CHO,Personal Health Issues,1
KD-016-R5,Medical Lab Technician,Workshop and Training,1
KD-016-R6,Medical Officer,Dissatisfaction with Job,1
KD-016-R6,Medical Officer,"Leave (Study, Annual, Maternity, etc.)",1
KD-016-R6,Nurse/Midwife,Personal Health Issues,1
KD-016-R6,CHO,Personal Health Issues,1
KD-016-R6,CHEW,Dissatisfaction with Salary and Benefits,1
KD-016-R6,JCHEW,Dissatisfaction with Salary and Benefits,1
KD-016-R6,Medical Lab Technician,Family Responsibilities,1
KD-016-R6,Medical Records Officer,Funeral,1
KD-017-R1,Nurse/Midwife,Transportation Problems,1
KD-017-R1,CHO,"Leave (Study, Annual, Maternity, etc.)",1
KD-017-R1,CHEW,Personal Health Issues,1
KD-017-R1,Pharmacy Technician,Transportation Problems,1
KD-017-R1,Environmental Health Officer,Transportation Problems,1
KD-017-R2,CHO,Poor Health Facility Infrastructure,1
KD-017-R2,CHO,Meetings,1
KD-017-R2,JCHEW,Funeral,1
KD-017-R2,Medical Lab Technician,Workshop and Training,1
KD-017-R2,Medical Lab Technician,Meetings,1
KD-017-R2,Pharmacy Technician,"Leave (Study, Annual, Maternity, etc.)",1
KD-017-R2,Environmental Health Officer,Long Distance to Workplace,1
KD-017-R3,Nurse/Midwife,Access to Salary,1
KD-017-R3,CHO,Dissatisfaction with Salary and Benefits,1
KD-017-R3,CHEW,"Leave (Study, Annual, Maternity, etc.)",1
KD-017-R3,CHEW,Access to Salary,1
KD-017-R3,JCHEW,Workshop and Training,1
KD-017-R3,Medical Lab Technician,Transportation Problems,1
KD-017-R3,Medical Lab Technician,Long Distance to Workplace,1
KD-017-R3,Medical Lab Technician,"Leave (Study, Annual, Maternity, etc.)",1
KD-017-R3,Medical Lab Technician,Dissatisfaction with Salary and Benefits,1
KD-017-R4,Nurse/Midwife,"Leave (Study, Annual, Maternity, etc.)",1
KD-017-R4,CHO,Workshop and Training,2
KD-017-R4,CHEW,"Leave (Study, Annual, Maternity, etc.)",1
KD-017-R4,JCHEW,Transportation Problems,1
KD-017-R4,JCHEW,Dissatisfaction with Salary and Benefits,1
KD-017-R4,Medical Lab Technician,Access to Salary,1
KD-017-R4,Medical Lab Technician,Transportation Problems,1
KD-017-R4,Medical Lab Technician,Unrest,1
KD-017-R4,Pharmacy Technician,Access to Salary,1
KD-017-R5,CHO,Unrest,1
KD-017-R5,CHEW,Shift,1
KD-017-R5,CHEW,Unrest,1
KD-017-R5,JCHEW,Transportation Problems,2
KD-017-R5,Medical Lab Technician,"Leave (Study, Annual, Maternity, etc.)",1
KD-017-R6,Nurse/Midwife,Personal Health Issues,1
KD-017-R6,CHO,Personal Health Issues,1
KD-017-R6,CHEW,Family Responsibilities,1
KD-017-R6,CHEW,Meetings,1
KD-017-R6,CHEW,Personal Health Issues,1
KD-017-R6,JCHEW,Dissatisfaction with Job,1
KD-017-R6,JCHEW,Access to Salary,1
KD-017-R6,Medical Lab Technician,Workshop and Training,1
KD-017-R6,Medical Records Officer,Long Distance to Workplace,1
KD-018-R1,Nurse/Midwife,Shift,1
KD-018-R1,CHEW,Shift,1
KD-018-R2,Nurse/Midwife,Personal Health Issues,1
KD-018-R2,CHEW,Long Distance to Workplace,1
KD-018-R2,CHEW,Family Responsibilities,1
KD-018-R2,JCHEW,Long Distance to Workplace,1
KD-018-R3,Nurse/Midwife,Personal Health Issues,1
KD-018-R3,Nurse/Midwife,Long Distance to Workplace,1
KD-018-R3,CHEW,Dissatisfaction with Job,1
KD-018-R3,CHEW,Family Responsibilities,1
KD-018-R3,JCHEW,Workshop and Training,1
KD-018-R4,Medical Officer,Transportation Problems,1
KD-018-R4,Nurse/Midwife,Personal Health Issues,1
KD-018-R4,Nurse/Midwife,Shift,1
KD-018-R4,CHEW,Transportation Problems,3
KD-018-R4,CHEW,Access to Salary,1
KD-018-R4,CHEW,"Leave (Study, Annual, Maternity, etc.)",1
KD-018-R4,JCHEW,Funeral,1
KD-018-R4,Medical Lab Technician,Transportation Problems,1
KD-018-R5,Nurse/Midwife,Funeral,1
KD-018-R5,CHEW,Workplace Conflict,1
KD-018-R6,Medical Officer,Long Distance to Workplace,1
KD-018-R6,Nurse/Midwife,Personal Health Issues,1
KD-018-R6,CHEW,Long Distance to Workplace,1
KD-018-R6,CHEW,Meetings,1
KD-019-R1,CHEW,Workshop and Training,1
KD-019-R1,Pharmacy Technician,Shift,1
KD-019-R2,Medical Officer,Workshop and Training,1
KD-019-R2,CHO,Workshop and Training,1
KD-019-R2,CHEW,Funeral,1
KD-019-R2,CHEW,Family Responsibilities,1
KD-019-R2,CHEW,Access to Salary,1
KD-019-R2,CHEW,Workshop and Training,1
KD-019-R3,Nurse/Midwife,Unrest,1
KD-019-R3,CHO,Weddings,1
KD-019-R3,CHEW,Meetings,1
KD-019-R3,CHEW,High Workload and Stress,1
KD-019-R3,CHEW,Access to Salary,1
KD-019-R3,Medical Lab Technician,Shift,1
KD-019-R4,CHEW,Access to Salary,1
KD-019-R4,CHEW,"Leave (Study, Annual, Maternity, etc.)",1
KD-019-R5,Medical Officer,Transportation Problems,1
KD-019-R5,Nurse/Midwife,Dissatisfaction with Job,1
KD-019-R5,Nurse/Midwife,Shift,1
KD-019-R5,CHO,"Leave (Study, Annual, Maternity, etc.)",1
KD-019-R5,CHO,Workshop and Training,1
KD-019-R5,CHO,Access to Salary,1
KD-019-R5,CHEW,Shift,2
KD-019-R5,CHEW,Workplace Conflict,1
KD-019-R5,CHEW,Family Responsibilities,1
KD-019-R5,JCHEW,Workshop and Training,1
KD-019-R5,Medical Lab Technician,Unrest,1
KD-019-R5,Medical Records Officer,Personal Health Issues,1
KD-019-R5,Pharmacy Technician,Workshop and Training,1
KD-019-R5,Environmental Health Officer,Unrest,1
KD-019-R6,Medical Officer,Shift,1
KD-019-R6,CHO,Meetings,1
KD-019-R6,CHEW,Personal Health Issues,2
KD-019-R6,CHEW,Family Responsibilities,1
KD-019-R6,CHEW,Shift,1
KD-019-R6,CHEW,Transportation Problems,1
KD-020-R1,Pharmacy Technician,Dissatisfaction with Job,1
KD-020-R1,Environmental Health Officer,Family Responsibilities,1
KD-020-R2,Environmental Health Officer,Meetings,1
KD-020-R3,Nurse/Midwife,Lack of Professional Development Opportunities,1
KD-020-R3,Pharmacy Technician,Family Responsibilities,1
KD-020-R3,Environmental Health Officer,Family Responsibilities,1
KD-020-R4,Pharmacy Technician,Access to Salary,1
KD-020-R5,CHEW,Family Responsibilities,1
KD-020-R6,CHEW,Meetings,1
KD-020-R6,Environmental Health Officer,Dissatisfaction with Salary and Benefits,1
KD-021-R1,CHEW,Personal Health Issues,1
KD-021-R1,JCHEW,Shift,1
KD-021-R1,JCHEW,Workplace Conflict,1
KD-021-R2,CHEW,Meetings,2
KD-021-R3,CHEW,Policy and Governance Issues,1
KD-021-R3,CHEW,Personal Health Issues,1
KD-021-R3,JCHEW,Meetings,1
KD-021-R3,JCHEW,Shift,1
KD-021-R3,JCHEW,Personal Health Issues,1
KD-021-R5,Medical Officer,Shift,1
KD-021-R5,CHO,Workshop and Training,1
KD-021-R5,CHEW,Family Responsibilities,1
KD-021-R5,JCHEW,"Leave (Study, Annual, Maternity, etc.)",1
KD-021-R5,JCHEW,Transportation Problems,1
KD-021-R6,CHEW,Personal Health Issues,1
KD-021-R6,JCHEW,Shift,1
KD-021-R6,JCHEW,Meetings,1
KD-022-R1,CHO,Workshop and Training,1
KD-022-R1,CHO,Transportation Problems,1
KD-022-R1,JCHEW,Transportation Problems,1
KD-022-R1,Medical Lab Technician,Access to Salary,1
KD-022-R2,Nurse/Midwife,Shift,1
KD-022-R2,JCHEW,"Leave (Study, Annual, Maternity, etc.)",1
KD-022-R2,Medical Lab Technician,Meetings,1
KD-022-R3,CHO,Unrest,1
KD-022-R3,CHEW,High Workload and Stress,1
KD-022-R3,JCHEW,Transportation Problems,1
KD-022-R4,Nurse/Midwife,Personal Health Issues,1
KD-022-R4,CHO,Funeral,1
KD-022-R4,CHO,Shift,1
KD-022-R4,JCHEW,Unrest,1
KD-022-R5,CHEW,Workshop and Training,1
KD-022-R5,JCHEW,Meetings,1
KD-022-R5,Medical Lab Technician,Poor Health Facility Infrastructure,1
KD-022-R6,CHO,"Leave (Study, Annual, Maternity, etc.)",1
KD-022-R6,CHO,Personal Health Issues,1
KD-022-R6,CHEW,Weddings,1
KD-022-R6,JCHEW,Access to Salary,1
KD-023-R1,JCHEW,Personal Health Issues,1
KD-023-R2,CHEW,Shift,1
KD-023-R2,JCHEW,Weddings,1
KD-023-R3,Nurse/Midwife,Family Responsibilities,1
KD-023-R3,CHO,Long Distance to Workplace,1
KD-023-R3,CHEW,Access to Salary,1
KD-023-R4,Nurse/Midwife,Personal Health Issues,1
KD-023-R4,CHO,Shift,1
KD-023-R4,CHEW,"Leave (Study, Annual, Maternity, etc.)",1
KD-023-R4,JCHEW,"Leave (Study, Annual, Maternity, etc.)",1
KD-023-R4,JCHEW,Workshop and Training,1
KD-023-R4,Pharmacy Technician,Shift,1
KD-023-R5,Nurse/Midwife,Access to Salary,1
KD-023-R5,Pharmacy Technician,Transportation Problems,1
KD-023-R6,CHEW,Long Distance to Workplace,1
KD-023-R6,JCHEW,Workshop and Training,1
KD-023-R6,Pharmacy Technician,Transportation Problems,1
KD-024-R1,Medical Officer,Personal Health Issues,1
KD-024-R1,Nurse/Midwife,Access to Salary,1
KD-024-R1,Nurse/Midwife,Workshop and Training,1
KD-024-R1,CHEW,Personal Health Issues,1
KD-024-R1,CHEW,Family Responsibilities,1
KD-024-R1,JCHEW,Transportation Problems,1
KD-024-R2,Medical Officer,Workshop and Training,1
KD-024-R2,Nurse/Midwife,Unrest,1
KD-024-R2,Nurse/Midwife,Family Responsibilities,1
KD-024-R2,CHO,Access to Salary,1
KD-024-R2,CHEW,Workshop and Training,1
KD-024-R2,CHEW,Meetings,1
KD-024-R2,CHEW,Lack of Professional Development Opportunities,1
KD-024-R2,JCHEW,Unrest,1
KD-024-R2,JCHEW,"Leave (Study, Annual, Maternity, etc.)",1
KD-024-R2,JCHEW,Access to Salary,1
KD-024-R2,Medical Lab Technician,Unrest,1
KD-024-R3,CHEW,Workplace Conflict,1
KD-024-R4,Medical Officer,Meetings,1
KD-024-R4,Nurse/Midwife,"Leave (Study, Annual, Maternity, etc.)",1
KD-024-R4,CHO,Workshop and Training,1
KD-024-R4,CHEW,"Leave (Study, Annual, Maternity, etc.)",1
KD-024-R4,Pharmacy Technician,Funeral,1
KD-024-R5,CHEW,Dissatisfaction with Salary and Benefits,1
KD-024-R5,JCHEW,"Leave (Study, Annual, Maternity, etc.)",1
KD-024-R6,Nurse/Midwife,Family Responsibilities,1
KD-024-R6,Nurse/Midwife,Dissatisfaction with Salary and Benefits,1
KD-024-R6,CHEW,Personal Health Issues,2
KD-024-R6,CHEW,Dissatisfaction with Salary and Benefits,1
KD-024-R6,JCHEW,Personal Health Issues,1
KD-024-R6,JCHEW,Funeral,1
KD-025-R1,Medical Officer,Workshop and Training,1
KD-025-R1,Medical Officer,Dissatisfaction with Salary and Benefits,1
KD-025-R1,Medical Officer,Transportation Problems,1
KD-025-R1,Nurse/Midwife,Access to Salary,4
KD-025-R1,Nurse/Midwife,Transportation Problems,2
KD-025-R1,Nurse/Midwife,Weddings,1
KD-025-R1,Nurse/Midwife,Dissatisfaction with Salary and Benefits,1
KD-025-R1,Nurse/Midwife,Personal Health Issues,1
KD-025-R1,Nurse/Midwife,Family Responsibilities,1
KD-025-R1,CHEW,Access to Salary,2
KD-025-R1,JCHEW,Personal Health Issues,1
KD-025-R1,Medical Lab Technician,Family Responsibilities,1
KD-025-R1,Medical Lab Technician,Transportation Problems,1
KD-025-R1,Medical Records Officer,Dissatisfaction with Salary and Benefits,1
KD-025-R1,Medical Records Officer,"Leave (Study, Annual, Maternity, etc.)",1
KD-025-R1,Pharmacy Technician,Access to Salary,2
KD-025-R1,Environmental Health Officer,Dissatisfaction with Salary and Benefits,1
KD-025-R2,Medical Officer,Shift,1
KD-025-R2,Medical Officer,Long Distance to Workplace,1
KD-025-R2,Nurse/Midwife,Shift,1
KD-025-R2,Nurse/Midwife,Unrest,1
KD-025-R2,Nurse/Midwife,Family Responsibilities,1
KD-025-R2,Nurse/Midwife,Long Distance to Workplace,1
KD-025-R2,CHEW,Dissatisfaction with Salary and Benefits,1
KD-025-R2,CHEW,Funeral,1
KD-025-R2,Medical Lab Technician,Personal Health Issues,1
KD-025-R2,Medical Records Officer,Workshop and Training,1
KD-025-R3,Medical Officer,"Leave (Study, Annual, Maternity, etc.)",1
KD-025-R3,Nurse/Midwife,Long Distance to Workplace,2
KD-025-R3,Nurse/Midwife,Transportation Problems,1
KD-025-R3,Nurse/Midwife,Meetings,1
KD-025-R3,Nurse/Midwife,Lack of Professional Development Opportunities,1
KD-025-R3,CHEW,Workshop and Training,1
KD-025-R3,Medical Lab Technician,Family Responsibilities,1
KD-025-R3,Medical Records Officer,Dissatisfaction with Job,1
KD-025-R3,Pharmacy Technician,Long Distance to Workplace,1
KD-025-R4,Medical Officer,Funeral,1
KD-025-R4,Medical Officer,High Workload and Stress,1
KD-025-R4,Medical Officer,Policy and Governance Issues,1
KD-025-R4,Nurse/Midwife,Workshop and Training,3
KD-025-R4,Nurse/Midwife,Personal Health Issues,2
KD-025-R4,Nurse/Midwife,Meetings,2
KD-025-R4,Nurse/Midwife,Family Responsibilities,1
KD-025-R4,Nurse/Midwife,"Leave (Study, Annual, Maternity, etc.)",1
KD-025-R4,Medical Records Officer,"Leave (Study, Annual, Maternity, etc.)",1
KD-025-R4,Medical Records Officer,Family Responsibilities,1
KD-025-R4,Pharmacy Technician,Policy and Governance Issues,1
KD-025-R5,Medical Officer,Dissatisfaction with Salary and Benefits,1
KD-025-R5,Medical Officer,Dissatisfaction with Job,1
KD-025-R5,Nurse/Midwife,Funeral,2
KD-025-R5,Nurse/Midwife,Transportation Problems,1
KD-025-R5,Nurse/Midwife,Poor Health Facility Infrastructure,1
KD-025-R5,Nurse/Midwife,Personal Health Issues,1
KD-025-R5,Nurse/Midwife,Long Distance to Workplace,1
KD-025-R5,Nurse/Midwife,Shift,1
KD-025-R5,Nurse/Midwife,Meetings,1
KD-025-R5,CHO,Personal Health Issues,1
KD-025-R5,CHEW,Dissatisfaction with Job,1
KD-025-R5,CHEW,Long Distance to Workplace,1
KD-025-R5,CHEW,Lack of Professional Development Opportunities,1
KD-025-R5,JCHEW,Workshop and Training,1
KD-025-R5,Medical Lab Technician,Long Distance to Workplace,1
KD-025-R5,Medical Records Officer,Access to Salary,1
KD-025-R5,Medical Records Officer,Workplace Conflict,1
KD-025-R5,Pharmacy Technician,Access to Salary,1
KD-025-R5,Pharmacy Technician,Meetings,1
KD-025-R5,Environmental Health Officer,Access to Salary,1
KD-025-R6,Medical Officer,Family Responsibilities,1
KD-025-R6,Medical Officer,Dissatisfaction with Salary and Benefits,1
KD-025-R6,Nurse/Midwife,Transportation Problems,2
KD-025-R6,Nurse/Midwife,Dissatisfaction with Job,1
KD-025-R6,Nurse/Midwife,Dissatisfaction with Salary and Benefits,1
KD-025-R6,Nurse/Midwife,Workshop and Training,1
KD-025-R6,Nurse/Midwife,Long Distance to Workplace,1
KD-025-R6,Nurse/Midwife,Personal Health Issues,1
KD-025-R6,CHEW,Policy and Governance Issues,1
KD-025-R6,Medical Records Officer,Dissatisfaction with Salary and Benefits,1
KD-025-R6,Pharmacy Technician,Dissatisfaction with Job,1
KD-025-R6,Pharmacy Technician,Transportation Problems,1
KD-025-R6,Pharmacy Technician,Long Distance to Workplace,1
KD-026-R1,CHO,Long Distance to Workplace,1
KD-026-R3,CHO,Dissatisfaction with Salary and Benefits,1
KD-026-R3,CHEW,Weddings,1
KD-026-R3,JCHEW,Workshop and Training,1
KD-026-R4,CHO,Workshop and Training,1
KD-026-R4,CHEW,Access to Salary,1
KD-026-R5,CHO,Dissatisfaction with Salary and Benefits,1
KD-026-R5,JCHEW,Access to Salary,1
KD-026-R6,CHO,Personal Health Issues,1
KD-026-R6,JCHEW,"Leave (Study, Annual, Maternity, etc.)",1
KD-027-R3,CHEW,Workshop and Training,1
KD-027-R3,CHEW,"Leave (Study, Annual, Maternity, etc.)",1
KD-027-R4,CHEW,Family Responsibilities,1
KD-027-R5,CHEW,Access to Salary,1
KD-027-R6,CHEW,Dissatisfaction with Salary and Benefits,1
KD-028-R1,CHEW,Funeral,1
KD-028-R1,CHEW,Long Distance to Workplace,1
KD-028-R1,CHEW,Transportation Problems,1
KD-028-R1,JCHEW,Workshop and Training,2
KD-028-R1,Medical Records Officer,Meetings,1
KD-028-R1,Environmental Health Officer,Meetings,1
KD-028-R2,Nurse/Midwife,High Workload and Stress,1
KD-028-R2,Nurse/Midwife,Funeral,1
KD-028-R2,CHEW,Long Distance to Workplace,1
KD-028-R2,CHEW,Personal Health Issues,1
KD-028-R2,CHEW,Access to Salary,1
KD-028-R2,JCHEW,Dissatisfaction with Job,1
KD-028-R2,Medical Records Officer,Meetings,1
KD-028-R2,Environmental Health Officer,Transportation Problems,1
KD-028-R3,Medical Officer,Weddings,1
KD-028-R3,Nurse/Midwife,Personal Health Issues,1
KD-028-R3,CHEW,Dissatisfaction with Job,1
KD-028-R3,JCHEW,Dissatisfaction with Salary and Benefits,1
KD-028-R3,Medical Records Officer,Workshop and Training,1
KD-028-R4,Medical Officer,Dissatisfaction with Salary and Benefits,1
KD-028-R4,Nurse/Midwife,Meetings,1
KD-028-R4,CHEW,Family Responsibilities,1
KD-028-R4,CHEW,Crime,1
KD-028-R4,CHEW,Long Distance to Workplace,1
KD-028-R4,CHEW,Dissatisfaction with Salary and Benefits,1
KD-028-R4,CHEW,"Leave (Study, Annual, Maternity, etc.)",1
KD-028-R4,JCHEW,Personal Health Issues,2
KD-028-R4,JCHEW,"Leave (Study, Annual, Maternity, etc.)",1
KD-028-R4,Medical Records Officer,Long Distance to Workplace,1
KD-028-R4,Pharmacy Technician,Family Responsibilities,1
KD-028-R5,Medical Officer,Transportation Problems,1
KD-028-R5,Nurse/Midwife,Shift,1
KD-028-R5,Nurse/Midwife,Long Distance to Workplace,1
KD-028-R5,CHO,Long Distance to Workplace,1
KD-028-R5,CHEW,Weddings,1
KD-028-R5,JCHEW,Long Distance to Workplace,1
KD-028-R5,JCHEW,"Leave (Study, Annual, Maternity, etc.)",1
KD-028-R5,Environmental Health Officer,"Leave (Study, Annual, Maternity, etc.)",1
KD-028-R6,Nurse/Midwife,Personal Health Issues,1
KD-028-R6,Nurse/Midwife,Shift,1
KD-028-R6,CHEW,Personal Health Issues,1
KD-028-R6,CHEW,Transportation Problems,1
KD-028-R6,CHEW,Long Distance to Workplace,1
KD-028-R6,CHEW,"Leave (Study, Annual, Maternity, etc.)",1
KD-028-R6,CHEW,Funeral,1
KD-028-R6,JCHEW,Long Distance to Workplace,1
KD-028-R6,JCHEW,Transportation Problems,1
KD-028-R6,Medical Records Officer,"Leave (Study, Annual, Maternity, etc.)",1
KD-028-R6,Pharmacy Technician,Weddings,1
KD-028-R6,Environmental Health Officer,Unrest,1
KD-028-R6,Environmental Health Officer,High Workload and Stress,1
KD-029-R1,Nurse/Midwife,Unrest,1
KD-029-R1,Nurse/Midwife,"Leave (Study, Annual, Maternity, etc.)",1
KD-029-R1,CHO,Transportation Problems,1
KD-029-R1,CHO,Dissatisfaction with Salary and Benefits,1
KD-029-R1,CHEW,Access to Salary,2
KD-029-R1,CHEW,Shift,1
KD-029-R1,CHEW,Funeral,1
KD-029-R1,JCHEW,"Leave (Study, Annual, Maternity, etc.)",1
KD-029-R1,Environmental Health Officer,Family Responsibilities,1
KD-029-R2,Nurse/Midwife,Shift,1
KD-029-R2,CHEW,Dissatisfaction with Salary and Benefits,1
KD-029-R2,JCHEW,Access to Salary,1
KD-029-R3,Nurse/Midwife,Poor Health Facility Infrastructure,1
KD-029-R3,Nurse/Midwife,Family Responsibilities,1
KD-029-R3,CHO,Dissatisfaction with Job,1
KD-029-R3,CHO,Access to Salary,1
KD-029-R3,CHEW,Dissatisfaction with Salary and Benefits,1
KD-029-R3,CHEW,Workplace Conflict,1
KD-029-R3,CHEW,Family Responsibilities,1
KD-029-R3,JCHEW,Personal Health Issues,1
KD-029-R3,JCHEW,Dissatisfaction with Salary and Benefits,1
KD-029-R3,Pharmacy Technician,"Leave (Study, Annual, Maternity, etc.)",1
KD-029-R3,Environmental Health Officer,Dissatisfaction with Salary and Benefits,1
KD-029-R4,Nurse/Midwife,Dissatisfaction with Salary and Benefits,1
KD-029-R4,Nurse/Midwife,Family Responsibilities,1
KD-029-R4,CHO,Access to Salary,1
KD-029-R4,CHEW,Dissatisfaction with Job,1
KD-029-R4,CHEW,Transportation Problems,1
KD-029-R4,CHEW,Family Responsibilities,1
KD-029-R4,CHEW,Workshop and Training,1
KD-029-R4,JCHEW,Access to Salary,2
KD-029-R4,Environmental Health Officer,Dissatisfaction with Salary and Benefits,1
KD-029-R5,Nurse/Midwife,Access to Salary,1
KD-029-R5,Nurse/Midwife,Dissatisfaction with Salary and Benefits,1
KD-029-R5,CHO,Policy and Governance Issues,1
KD-029-R5,CHO,Meetings,1
KD-029-R5,CHEW,Dissatisfaction with Salary and Benefits,1
KD-029-R5,Environmental Health Officer,Shift,1
KD-029-R6,CHEW,Long Distance to Workplace,1
KD-030-R1,Nurse/Midwife,Meetings,1
KD-030-R1,Nurse/Midwife,Long Distance to Workplace,1
KD-030-R1,Nurse/Midwife,Shift,1
KD-030-R1,CHEW,Transportation Problems,1
KD-030-R1,CHEW,"Leave (Study, Annual, Maternity, etc.)",1
KD-030-R1,JCHEW,Long Distance to Workplace,1
KD-030-R2,Medical Officer,"Leave (Study, Annual, Maternity, etc.)",1
KD-030-R2,Nurse/Midwife,Workshop and Training,1
KD-030-R2,CHO,Shift,1
KD-030-R2,CHEW,Personal Health Issues,1
KD-030-R3,Nurse/Midwife,Transportation Problems,2
KD-030-R3,Nurse/Midwife,Family Responsibilities,1
KD-030-R3,CHO,Workshop and Training,1
KD-030-R3,CHEW,Workshop and Training,1
KD-030-R3,CHEW,Dissatisfaction with Salary and Benefits,1
KD-030-R4,Medical Officer,Personal Health Issues,1
KD-030-R4,Nurse/Midwife,Dissatisfaction with Salary and Benefits,1
KD-030-R4,Nurse/Midwife,Family Responsibilities,1
KD-030-R4,Nurse/Midwife,Personal Health Issues,1
KD-030-R4,CHO,Dissatisfaction with Job,1
KD-030-R4,CHEW,Personal Health Issues,1
KD-030-R4,JCHEW,Access to Salary,1
KD-030-R5,Nurse/Midwife,Long Distance to Workplace,1
KD-030-R5,CHO,Policy and Governance Issues,1
KD-030-R5,CHO,"Leave (Study, Annual, Maternity, etc.)",1
KD-030-R5,JCHEW,Workshop and Training,1
KD-030-R6,Medical Officer,Access to Salary,1
KD-030-R6,Nurse/Midwife,Long Distance to Workplace,1
KD-030-R6,CHO,Unrest,1
KD-030-R6,CHEW,"Leave (Study, Annual, Maternity, etc.)",1
KD-030-R6,JCHEW,"Leave (Study, Annual, Maternity, etc.)",1
KD-030-R6,JCHEW,Dissatisfaction with Job,1
KD-031-R1,Nurse/Midwife,Access to Salary,1
KD-031-R1,Environmental Health Officer,Funeral,1
KD-031-R2,CHEW,Meetings,1
KD-031-R2,JCHEW,Access to Salary,1
KD-031-R2,JCHEW,Dissatisfaction with Salary and Benefits,1
KD-031-R2,JCHEW,Workshop and Training,1
KD-031-R2,Medical Lab Technician,Unrest,1
KD-031-R3,JCHEW,Workplace Conflict,1
KD-031-R3,Medical Lab Technician,Personal Health Issues,1
KD-031-R3,Pharmacy Technician,Family Responsibilities,1
KD-031-R4,Nurse/Midwife,"Leave (Study, Annual, Maternity, etc.)",1
KD-031-R4,CHEW,Shift,1
KD-031-R4,JCHEW,Access to Salary,1
KD-031-R4,JCHEW,Meetings,1
KD-031-R4,Pharmacy Technician,Poor Health Facility Infrastructure,1
KD-031-R4,Environmental Health Officer,"Leave (Study, Annual, Maternity, etc.)",1
KD-031-R5,Nurse/Midwife,Personal Health Issues,1
KD-031-R5,CHEW,Access to Salary,1
KD-031-R5,Medical Lab Technician,Access to Salary,1
KD-031-R6,Nurse/Midwife,Funeral,1
KD-031-R6,Nurse/Midwife,Long Distance to Workplace,1
KD-031-R6,JCHEW,Personal Health Issues,1
KD-031-R6,JCHEW,Long Distance to Workplace,1
KD-032-R1,CHEW,Meetings,1
KD-032-R1,JCHEW,"Leave (Study, Annual, Maternity, etc.)",1
KD-032-R2,CHEW,Shift,1
KD-032-R3,Nurse/Midwife,Shift,1
KD-032-R4,Nurse/Midwife,Family Responsibilities,1
KD-032-R5,CHEW,Funeral,1
KD-032-R5,JCHEW,Access to Salary,1
KD-032-R6,Nurse/Midwife,Crime,1
KD-032-R6,CHO,Long Distance to Workplace,1
KD-032-R6,CHEW,Family Responsibilities,1
KD-032-R6,JCHEW,"Leave (Study, Annual, Maternity, etc.)",1
KD-032-R6,JCHEW,Unrest,1
KD-033-R1,CHEW,Poor Health Facility Infrastructure,1
KD-033-R3,CHEW,Personal Health Issues,1
KD-033-R4,CHEW,Access to Salary,1
KD-033-R5,CHEW,Dissatisfaction with Salary and Benefits,1
KD-033-R6,Environmental Health Officer,Meetings,1
KD-034-R1,Nurse/Midwife,Weddings,2
KD-034-R1,CHO,Meetings,1
KD-034-R1,CHEW,Dissatisfaction with Salary and Benefits,1
KD-034-R1,JCHEW,Weddings,1
KD-034-R1,Medical Lab Technician,Long Distance to Workplace,1
KD-034-R2,CHO,Weddings,1
KD-034-R2,JCHEW,Personal Health Issues,1
KD-034-R2,Medical Lab Technician,Lack of Professional Development Opportunities,1
KD-034-R3,CHO,Meetings,1
KD-034-R3,CHEW,Meetings,1
KD-034-R3,CHEW,Access to Salary,1
KD-034-R4,Nurse/Midwife,Access to Salary,1
KD-034-R4,CHO,"Leave (Study, Annual, Maternity, etc.)",1
KD-034-R4,CHEW,High Workload and Stress,1
KD-034-R4,CHEW,Long Distance to Workplace,1
KD-034-R4,CHEW,Meetings,1
KD-034-R4,JCHEW,Meetings,1
KD-034-R5,Nurse/Midwife,Transportation Problems,1
KD-034-R5,CHEW,"Leave (Study, Annual, Maternity, etc.)",1
KD-034-R6,Nurse/Midwife,"Leave (Study, Annual, Maternity, etc.)",1
KD-034-R6,CHEW,Dissatisfaction with Job,1
KD-034-R6,CHEW,Transportation Problems,1
KD-034-R6,CHEW,Personal Health Issues,1
KD-034-R6,JCHEW,Long Distance to Workplace,1
KD-034-R6,Medical Lab Technician,"Leave (Study, Annual, Maternity, etc.)",1
KD-035-R1,CHO,Shift,1
KD-035-R1,JCHEW,Family Responsibilities,1
KD-035-R2,Medical Officer,Family Responsibilities,1
KD-035-R2,CHEW,"Leave (Study, Annual, Maternity, etc.)",1
KD-035-R2,JCHEW,Dissatisfaction with Salary and Benefits,1
KD-035-R2,JCHEW,Personal Health Issues,1
KD-035-R4,CHEW,Dissatisfaction with Salary and Benefits,1
KD-035-R4,JCHEW,Family Responsibilities,1
KD-035-R4,Medical Records Officer,Shift,1
KD-035-R5,JCHEW,Personal Health Issues,1
KD-035-R6,CHO,Workshop and Training,1
KD-035-R6,CHEW,Workshop and Training,1
KD-035-R6,JCHEW,"Leave (Study, Annual, Maternity, etc.)",1
KD-036-R1,JCHEW,"Leave (Study, Annual, Maternity, etc.)",1
KD-036-R1,JCHEW,Transportation Problems,1
KD-036-R2,JCHEW,Shift,1
KD-036-R2,Environmental Health Officer,Shift,1
KD-036-R3,Environmental Health Officer,Access to Salary,1
KD-036-R4,JCHEW,Personal Health Issues,1
KD-036-R4,JCHEW,Workshop and Training,1
KD-036-R5,Nurse/Midwife,"Leave (Study, Annual, Maternity, etc.)",1
KD-036-R5,Environmental Health Officer,"Leave (Study, Annual, Maternity, etc.)",1
KD-036-R6,JCHEW,Policy and Governance Issues,1
KD-036-R6,JCHEW,Shift,1
KD-036-R6,JCHEW,Long Distance to Workplace,1
KD-037-R1,CHEW,"Leave (Study, Annual, Maternity, etc.)",1
KD-037-R1,CHEW,Shift,1
KD-037-R1,CHEW,Long Distance to Workplace,1
KD-037-R1,JCHEW,"Leave (Study, Annual, Maternity, etc.)",1
KD-037-R1,JCHEW,Funeral,1
KD-037-R1,Medical Lab Technician,Personal Health Issues,1
KD-037-R2,Medical Lab Technician,Crime,1
KD-037-R3,CHEW,Shift,1
KD-037-R3,CHEW,Transportation Problems,1
KD-037-R3,Medical Lab Technician,Transportation Problems,1
KD-037-R4,CHEW,Personal Health Issues,1
KD-037-R4,CHEW,Policy and Governance Issues,1
KD-037-R4,JCHEW,Shift,1
KD-037-R4,Medical Lab Technician,Transportation Problems,1
KD-037-R5,JCHEW,Transportation Problems,1
KD-037-R6,CHEW,Workshop and Training,1
KD-037-R6,JCHEW,Personal Health Issues,1
KD-038-R2,JCHEW,Long Distance to Workplace,2
KD-038-R3,CHEW,"Leave (Study, Annual, Maternity, etc.)",1
KD-038-R4,CHEW,Workshop and Training,1
KD-038-R4,JCHEW,Access to Salary,1
KD-038-R5,CHEW,Shift,1
KD-038-R5,CHEW,Workshop and Training,1
KD-038-R5,JCHEW,Dissatisfaction with Job,1
KD-038-R5,JCHEW,Crime,1
KD-038-R6,CHEW,Long Distance to Workplace,1
KD-038-R6,JCHEW,Crime,1
KD-038-R6,JCHEW,Shift,1
KD-039-R1,Medical Officer,Funeral,1
KD-039-R2,CHO,"Leave (Study, Annual, Maternity, etc.)",1
KD-039-R2,CHEW,Policy and Governance Issues,1
KD-039-R2,Environmental Health Officer,"Leave (Study, Annual, Maternity, etc.)",1
KD-039-R3,Nurse/Midwife,"Leave (Study, Annual, Maternity, etc.)",1
KD-039-R3,CHEW,Personal Health Issues,2
KD-039-R3,CHEW,Dissatisfaction with Salary and Benefits,1
KD-039-R3,JCHEW,Dissatisfaction with Job,1
KD-039-R3,Medical Lab Technician,Personal Health Issues,1
KD-039-R4,Nurse/Midwife,Funeral,1
KD-039-R4,CHEW,Personal Health Issues,1
KD-039-R4,CHEW,Weddings,1
KD-039-R5,Nurse/Midwife,Long Distance to Workplace,1
KD-039-R5,Nurse/Midwife,"Leave (Study, Annual, Maternity, etc.)",1
KD-039-R5,CHEW,Shift,1
KD-039-R5,Medical Lab Technician,Shift,1
KD-039-R6,Medical Officer,Lack of Professional Development Opportunities,1
KD-039-R6,Nurse/Midwife,Dissatisfaction with Job,1
KD-039-R6,Nurse/Midwife,Transportation Problems,1
KD-039-R6,CHO,Family Responsibilities,1
KD-039-R6,Medical Lab Technician,Long Distance to Workplace,1
KD-039-R6,Environmental Health Officer,Personal Health Issues,1
KD-040-R1,CHEW,"Leave (Study, Annual, Maternity, etc.)",1
KD-040-R2,CHEW,Dissatisfaction with Salary and Benefits,1
KD-040-R3,CHEW,Funeral,1
KD-040-R3,CHEW,"Leave (Study, Annual, Maternity, etc.)",1
KD-040-R4,CHEW,Access to Salary,1
KD-040-R5,CHEW,Workplace Conflict,1
KD-040-R6,CHEW,Long Distance to Workplace,1
KD-041-R1,Nurse/Midwife,Long Distance to Workplace,1
KD-041-R1,CHEW,"Leave (Study, Annual, Maternity, etc.)",1
KD-041-R1,CHEW,Meetings,1
KD-041-R1,JCHEW,Shift,1
KD-041-R3,Nurse/Midwife,Poor Health Facility Infrastructure,1
KD-041-R3,CHEW,Meetings,1
KD-041-R3,JCHEW,Dissatisfaction with Salary and Benefits,1
KD-041-R4,Nurse/Midwife,Lack of Professional Development Opportunities,1
KD-041-R4,CHEW,High Workload and Stress,1
KD-041-R4,JCHEW,Shift,1
KD-041-R4,JCHEW,Family Responsibilities,1
KD-041-R4,JCHEW,Meetings,1
KD-041-R5,CHEW,Weddings,1
KD-041-R5,JCHEW,Dissatisfaction with Salary and Benefits,1
KD-041-R5,JCHEW,Long Distance to Workplace,1
KD-041-R6,CHEW,Workshop and Training,1
KD-041-R6,CHEW,Dissatisfaction with Job,1
KD-041-R6,JCHEW,High Workload and Stress,1
KD-042-R1,CHEW,"Leave (Study, Annual, Maternity, etc.)",1
KD-042-R1,CHEW,Access to Salary,1
KD-042-R1,JCHEW,Access to Salary,1
KD-042-R2,JCHEW,Family Responsibilities,1
KD-042-R3,CHEW,Shift,1
KD-042-R4,CHEW,Dissatisfaction with Salary and Benefits,1
KD-042-R4,JCHEW,Shift,1
KD-042-R5,JCHEW,Access to Salary,1
KD-042-R6,JCHEW,Weddings,1
KD-043-R1,CHEW,Long Distance to Workplace,1
KD-043-R1,CHEW,Shift,1
KD-043-R1,Pharmacy Technician,Access to Salary,1
KD-043-R2,CHO,Dissatisfaction with Salary and Benefits,1
KD-043-R2,CHEW,Shift,1
KD-043-R2,JCHEW,Transportation Problems,1
KD-043-R2,Pharmacy Technician,Family Responsibilities,1
KD-043-R3,CHO,Transportation Problems,1
KD-043-R3,JCHEW,Access to Salary,1
KD-043-R4,CHO,Transportation Problems,1
KD-043-R4,CHEW,Long Distance to Workplace,1
KD-043-R5,CHO,"Leave (Study, Annual, Maternity, etc.)",1
KD-043-R5,CHEW,Long Distance to Workplace,1
KD-043-R5,JCHEW,Personal Health Issues,1
KD-043-R5,Pharmacy Technician,Long Distance to Workplace,1
KD-044-R1,CHO,Dissatisfaction with Salary and Benefits,1
KD-044-R1,JCHEW,Workshop and Training,1
KD-044-R2,Nurse/Midwife,Workshop and Training,1
KD-044-R2,JCHEW,"Leave (Study, Annual, Maternity, etc.)",1
KD-044-R3,Nurse/Midwife,"Leave (Study, Annual, Maternity, etc.)",1
KD-044-R3,JCHEW,Poor Health Facility Infrastructure,1
KD-044-R4,Nurse/Midwife,Weddings,1
KD-044-R4,CHEW,Long Distance to Workplace,1
KD-044-R4,JCHEW,Policy and Governance Issues,1
KD-044-R5,Nurse/Midwife,Shift,1
KD-044-R5,Nurse/Midwife,Dissatisfaction with Salary and Benefits,1
KD-044-R5,CHEW,Shift,1
KD-044-R5,JCHEW,Personal Health Issues,1
KD-044-R5,Medical Lab Technician,Weddings,1
KD-044-R6,Nurse/Midwife,Meetings,1
KD-044-R6,JCHEW,Dissatisfaction with Salary and Benefits,1
KD-045-R1,CHEW,Workshop and Training,2
KD-045-R3,CHEW,"Leave (Study, Annual, Maternity, etc.)",1
KD-045-R3,CHEW,Access to Salary,1
KD-045-R4,CHEW,"Leave (Study, Annual, Maternity, etc.)",1
KD-045-R4,CHEW,Long Distance to Workplace,1
KD-045-R4,CHEW,Poor Health Facility Infrastructure,1
KD-045-R5,CHEW,Long Distance to Workplace,1
KD-045-R6,CHEW,Transportation Problems,1
KD-045-R6,CHEW,Workshop and Training,1
KD-045-R6,JCHEW,Transportation Problems,1
KD-046-R1,Nurse/Midwife,Shift,1
KD-046-R1,JCHEW,Family Responsibilities,1
KD-046-R1,Medical Records Officer,Long Distance to Workplace,1
KD-046-R1,Pharmacy Technician,"Leave (Study, Annual, Maternity, etc.)",1
KD-046-R2,CHEW,Funeral,1
KD-046-R3,JCHEW,Dissatisfaction with Salary and Benefits,1
KD-046-R3,Medical Records Officer,"Leave (Study, Annual, Maternity, etc.)",1
KD-046-R4,JCHEW,Meetings,1
KD-046-R4,Medical Lab Technician,Access to Salary,1
KD-046-R5,JCHEW,"Leave (Study, Annual, Maternity, etc.)",1
KD-046-R5,Environmental Health Officer,"Leave (Study, Annual, Maternity, etc.)",1
KD-046-R6,Medical Lab Technician,Transportation Problems,1
KD-047-R1,CHEW,"Leave (Study, Annual, Maternity, etc.)",1
KD-047-R1,JCHEW,Shift,1
KD-047-R3,CHEW,Long Distance to Workplace,1
KD-047-R3,JCHEW,Workshop and Training,1
KD-047-R4,JCHEW,Meetings,1
KD-047-R4,JCHEW,Weddings,1
KD-047-R4,Pharmacy Technician,Funeral,1
KD-047-R5,JCHEW,Meetings,1
KD-047-R6,CHEW,Dissatisfaction with Salary and Benefits,1
KD-048-R1,Nurse/Midwife,Shift,1
KD-048-R1,JCHEW,Workshop and Training,1
KD-048-R1,JCHEW,Access to Salary,1
KD-048-R1,Medical Records Officer,Dissatisfaction with Job,1
KD-048-R2,Nurse/Midwife,Family Responsibilities,1
KD-048-R2,Nurse/Midwife,Workshop and Training,1
KD-048-R2,JCHEW,Weddings,1
KD-048-R2,JCHEW,Transportation Problems,1
KD-048-R3,Nurse/Midwife,Access to Salary,1
KD-048-R4,Nurse/Midwife,Personal Health Issues,2
KD-048-R5,Nurse/Midwife,Personal Health Issues,1
KD-048-R5,Nurse/Midwife,Workshop and Training,1
KD-048-R5,JCHEW,Dissatisfaction with Job,1
KD-048-R6,Nurse/Midwife,Dissatisfaction with Salary and Benefits,1
KD-048-R6,JCHEW,Shift,1
KD-048-R6,JCHEW,Dissatisfaction with Salary and Benefits,1
KD-049-R1,Medical Officer,High Workload and Stress,1
KD-049-R1,Nurse/Midwife,Long Distance to Workplace,1
KD-049-R1,CHO,Family Responsibilities,1
KD-049-R1,CHO,Long Distance to Workplace,1
KD-049-R1,CHO,Workshop and Training,1
KD-049-R1,CHEW,Weddings,1
KD-049-R1,Medical Records Officer,Family Responsibilities,1
KD-049-R1,Pharmacy Technician,Shift,1
KD-049-R2,Medical Officer,Transportation Problems,1
KD-049-R2,Nurse/Midwife,Shift,1
KD-049-R2,Nurse/Midwife,Access to Salary,1
KD-049-R2,CHEW,Long Distance to Workplace,1
KD-049-R2,Pharmacy Technician,"Leave (Study, Annual, Maternity, etc.)",1
KD-049-R2,Pharmacy Technician,Shift,1
KD-049-R2,Pharmacy Technician,Family Responsibilities,1
KD-049-R2,Environmental Health Officer,Access to Salary,1
KD-049-R3,Nurse/Midwife,Meetings,1
KD-049-R3,CHO,Transportation Problems,1
KD-049-R3,Medical Lab Technician,Personal Health Issues,1
KD-049-R3,Pharmacy Technician,Long Distance to Workplace,1
KD-049-R3,Pharmacy Technician,Transportation Problems,1
KD-049-R3,Environmental Health Officer,Poor Health Facility Infrastructure,1
KD-049-R4,Medical Officer,Access to Salary,2
KD-049-R4,Nurse/Midwife,Poor Health Facility Infrastructure,1
KD-049-R4,Nurse/Midwife,Transportation Problems,1
KD-049-R4,CHO,Access to Salary,1
KD-049-R4,CHO,Workshop and Training,1
KD-049-R4,CHEW,Transportation Problems,1
KD-049-R4,JCHEW,Workshop and Training,1
KD-049-R4,JCHEW,"Leave (Study, Annual, Maternity, etc.)",1
KD-049-R4,JCHEW,Transportation Problems,1
KD-049-R4,Medical Lab Technician,Transportation Problems,1
KD-049-R4,Medical Records Officer,Crime,1
KD-049-R4,Pharmacy Technician,Transportation Problems,1
KD-049-R4,Pharmacy Technician,Family Responsibilities,1
KD-049-R4,Environmental Health Officer,Meetings,2
KD-049-R5,Nurse/Midwife,Funeral,1
KD-049-R5,Nurse/Midwife,Family Responsibilities,1
KD-049-R5,Nurse/Midwife,"Leave (Study, Annual, Maternity, etc.)",1
KD-049-R5,CHO,Long Distance to Workplace,2
KD-049-R5,CHO,High Workload and Stress,1
KD-049-R5,Medical Records Officer,"Leave (Study, Annual, Maternity, etc.)",2
KD-049-R5,Environmental Health Officer,Long Distance to Workplace,1
KD-049-R6,Nurse/Midwife,"Leave (Study, Annual, Maternity, etc.)",1
KD-049-R6,Nurse/Midwife,Dissatisfaction with Salary and Benefits,1
KD-049-R6,CHO,Personal Health Issues,1
KD-049-R6,JCHEW,Family Responsibilities,1
KD-049-R6,JCHEW,Meetings,1
KD-049-R6,Medical Records Officer,Long Distance to Workplace,1
KD-049-R6,Pharmacy Technician,Personal Health Issues,1
KD-049-R6,Pharmacy Technician,Transportation Problems,1
KD-049-R6,Environmental Health Officer,Shift,1
KD-049-R6,Environmental Health Officer,Transportation Problems,1
KD-050-R1,Nurse/Midwife,Long Distance to Workplace,1
KD-050-R1,Nurse/Midwife,Workshop and Training,1
KD-050-R1,JCHEW,Funeral,1
KD-050-R1,JCHEW,Shift,1
KD-050-R1,Medical Lab Technician,Workshop and Training,1
KD-050-R2,Nurse/Midwife,Access to Salary,1
KD-050-R2,Nurse/Midwife,Long Distance to Workplace,1
KD-050-R2,CHO,Weddings,1
KD-050-R2,CHEW,"Leave (Study, Annual, Maternity, etc.)",1
KD-050-R2,JCHEW,"Leave (Study, Annual, Maternity, etc.)",1
KD-050-R3,Nurse/Midwife,Weddings,1
KD-050-R3,Nurse/Midwife,"Leave (Study, Annual, Maternity, etc.)",1
KD-050-R3,CHO,Workshop and Training,1
KD-050-R3,CHO,Long Distance to Workplace,1
KD-050-R3,CHEW,Long Distance to Workplace,2
KD-050-R3,Pharmacy Technician,Unrest,1
KD-050-R4,CHO,Long Distance to Workplace,1
KD-050-R4,CHEW,Shift,1
KD-050-R4,JCHEW,"Leave (Study, Annual, Maternity, etc.)",1
KD-050-R4,Medical Lab Technician,Family Responsibilities,1
KD-050-R4,Medical Records Officer,Access to Salary,1
KD-050-R5,Nurse/Midwife,Transportation Problems,1
KD-050-R5,CHO,"Leave (Study, Annual, Maternity, etc.)",2
KD-050-R5,CHEW,Transportation Problems,1
KD-050-R5,CHEW,Funeral,1
KD-050-R5,Medical Lab Technician,"Leave (Study, Annual, Maternity, etc.)",1
KD-050-R5,Pharmacy Technician,Funeral,1
KD-050-R6,CHO,Transportation Problems,1
KD-050-R6,CHEW,Workshop and Training,1
KD-050-R6,CHEW,Funeral,1
KD-050-R6,Medical Lab Technician,Long Distance to Workplace,1
KD-050-R6,Pharmacy Technician,Funeral,1
KD-051-R1,CHEW,Funeral,1
KD-051-R1,Medical Records Officer,High Workload and Stress,1
KD-051-R2,CHEW,"Leave (Study, Annual, Maternity, etc.)",1
KD-051-R2,Medical Records Officer,Family Responsibilities,1
KD-051-R3,CHEW,Workshop and Training,1
KD-051-R5,CHO,Workshop and Training,1
KD-051-R5,CHEW,Long Distance to Workplace,1
KD-051-R5,Medical Records Officer,Long Distance to Workplace,1
KD-051-R5,Medical Records Officer,Family Responsibilities,1
KD-051-R6,JCHEW,Family Responsibilities,1
KD-051-R6,Medical Records Officer,Family Responsibilities,1
KD-052-R1,Medical Officer,Workshop and Training,1
KD-052-R1,Medical Officer,Long Distance to Workplace,1
KD-052-R1,Nurse/Midwife,Transportation Problems,2
KD-052-R1,Nurse/Midwife,Meetings,1
KD-052-R1,Nurse/Midwife,Dissatisfaction with Salary and Benefits,1
KD-052-R1,Nurse/Midwife,Access to Salary,1
KD-052-R1,Nurse/Midwife,"Leave (Study, Annual, Maternity, etc.)",1
KD-052-R1,Nurse/Midwife,Long Distance to Workplace,1
KD-052-R1,Nurse/Midwife,Lack of Professional Development Opportunities,1
KD-052-R1,Nurse/Midwife,Workshop and Training,1
KD-052-R1,CHO,Workshop and Training,1
KD-052-R1,CHEW,Family Responsibilities,1
KD-052-R1,CHEW,Dissatisfaction with Salary and Benefits,1
KD-052-R1,Medical Lab Technician,Shift,1
KD-052-R1,Medical Lab Technician,Policy and Governance Issues,1
KD-052-R1,Medical Lab Technician,Workshop and Training,1
KD-052-R1,Pharmacy Technician,"Leave (Study, Annual, Maternity, etc.)",1
KD-052-R1,Pharmacy Technician,Personal Health Issues,1
KD-052-R2,Nurse/Midwife,Weddings,1
KD-052-R2,Nurse/Midwife,Transportation Problems,1
KD-052-R2,Nurse/Midwife,"Leave (Study, Annual, Maternity, etc.)",1
KD-052-R2,Nurse/Midwife,Shift,1
KD-052-R2,CHO,"Leave (Study, Annual, Maternity, etc.)",1
KD-052-R2,CHO,Dissatisfaction with Job,1
KD-052-R2,CHO,Meetings,1
KD-052-R2,CHEW,Long Distance to Workplace,1
KD-052-R2,CHEW,Personal Health Issues,1
KD-052-R2,JCHEW,"Leave (Study, Annual, Maternity, etc.)",1
KD-052-R2,Medical Lab Technician,Personal Health Issues,1
KD-052-R3,Medical Officer,Shift,1
KD-052-R3,Medical Officer,Transportation Problems,1
KD-052-R3,Nurse/Midwife,"Leave (Study, Annual, Maternity, etc.)",2
KD-052-R3,Nurse/Midwife,Weddings,1
KD-052-R3,Nurse/Midwife,Workshop and Training,1
KD-052-R3,CHO,Access to Salary,1
KD-052-R3,CHEW,Long Distance to Workplace,1
KD-052-R3,CHEW,Policy and Governance Issues,1
KD-052-R3,Medical Lab Technician,Personal Health Issues,1
KD-052-R3,Medical Lab Technician,Long Distance to Workplace,1
KD-052-R3,Pharmacy Technician,Workshop and Training,1
KD-052-R3,Environmental Health Officer,Long Distance to Workplace,1
KD-052-R4,Nurse/Midwife,Long Distance to Workplace,2
KD-052-R4,Nurse/Midwife,Access to Salary,2
KD-052-R4,Nurse/Midwife,Poor Health Facility Infrastructure,1
KD-052-R4,Nurse/Midwife,Lack of Professional Development Opportunities,1
KD-052-R4,Nurse/Midwife,Workshop and Training,1
KD-052-R4,Nurse/Midwife,Shift,1
KD-052-R4,Nurse/Midwife,Personal Health Issues,1
KD-052-R4,CHO,Meetings,1
KD-052-R4,CHO,Long Distance to Workplace,1
KD-052-R4,CHEW,Meetings,1
KD-052-R4,CHEW,Funeral,1
KD-052-R4,Medical Lab Technician,Personal Health Issues,1
KD-052-R4,Medical Records Officer,Transportation Problems,1
KD-052-R4,Pharmacy Technician,Personal Health Issues,1
KD-052-R5,Medical Officer,Shift,1
KD-052-R5,Nurse/Midwife,Funeral,2
KD-052-R5,Nurse/Midwife,High Workload and Stress,1
KD-052-R5,Nurse/Midwife,Workshop and Training,1
KD-052-R5,Nurse/Midwife,Transportation Problems,1
KD-052-R5,Nurse/Midwife,Workplace Conflict,1
KD-052-R5,Nurse/Midwife,Access to Salary,1
KD-052-R5,Nurse/Midwife,Dissatisfaction with Salary and Benefits,1
KD-052-R5,Nurse/Midwife,"Leave (Study, Annual, Maternity, etc.)",1
KD-052-R5,CHO,Access to Salary,1
KD-052-R5,CHO,Poor Health Facility Infrastructure,1
KD-052-R5,CHO,Workshop and Training,1
KD-052-R5,CHEW,Funeral,1
KD-052-R5,CHEW,"Leave (Study, Annual, Maternity, etc.)",1
KD-052-R5,Medical Lab Technician,Shift,1
KD-052-R5,Medical Lab Technician,Funeral,1
KD-052-R5,Medical Lab Technician,Personal Health Issues,1
KD-052-R6,Nurse/Midwife,"Leave (Study, Annual, Maternity, etc.)",1
KD-052-R6,Nurse/Midwife,Dissatisfaction with Salary and Benefits,1
KD-052-R6,Nurse/Midwife,Dissatisfaction with Job,1
KD-052-R6,Nurse/Midwife,Personal Health Issues,1
KD-052-R6,Nurse/Midwife,Long Distance to Workplace,1
KD-052-R6,CHO,Long Distance to Workplace,1
KD-052-R6,CHO,Dissatisfaction with Salary and Benefits,1
KD-052-R6,CHO,Transportation Problems,1
KD-052-R6,CHEW,Poor Health Facility Infrastructure,1
KD-052-R6,CHEW,Shift,1
KD-052-R6,JCHEW,Funeral,1
KD-052-R6,Medical Lab Technician,Transportation Problems,2
KD-052-R6,Medical Lab Technician,Meetings,1
KD-053-R1,Nurse/Midwife,Dissatisfaction with Salary and Benefits,1
KD-053-R1,CHO,Shift,1
KD-053-R1,CHEW,Poor Health Facility Infrastructure,1
KD-053-R1,JCHEW,Crime,1
KD-053-R1,Medical Lab Technician,Transportation Problems,1
KD-053-R1,Medical Records Officer,Dissatisfaction with Job,1
KD-053-R2,CHEW,Shift,1
KD-053-R2,JCHEW,"Leave (Study, Annual, Maternity, etc.)",1
KD-053-R3,JCHEW,Dissatisfaction with Salary and Benefits,1
KD-053-R3,Medical Records Officer,Transportation Problems,1
KD-053-R4,CHO,Dissatisfaction with Salary and Benefits,1
KD-053-R4,CHEW,"Leave (Study, Annual, Maternity, etc.)",1
KD-053-R4,JCHEW,Dissatisfaction with Salary and Benefits,1
KD-053-R4,JCHEW,Transportation Problems,1
KD-053-R4,JCHEW,Access to Salary,1
KD-053-R4,Medical Lab Technician,Shift,1
KD-053-R5,JCHEW,Family Responsibilities,2
KD-053-R6,JCHEW,Shift,1
KD-053-R6,Medical Lab Technician,Workshop and Training,1
KD-053-R6,Medical Records Officer,Shift,1
KD-054-R1,Nurse/Midwife,Weddings,1
KD-054-R1,CHEW,Shift,1
KD-054-R1,JCHEW,Workshop and Training,1
KD-054-R2,CHEW,Shift,1
KD-054-R2,JCHEW,Transportation Problems,1
KD-054-R3,CHO,Access to Salary,1
KD-054-R3,CHEW,"Leave (Study, Annual, Maternity, etc.)",1
KD-054-R3,CHEW,Shift,1
KD-054-R3,CHEW,Unrest,1
KD-054-R3,JCHEW,Funeral,1
KD-054-R3,Medical Records Officer,Poor Health Facility Infrastructure,1
KD-054-R3,Medical Records Officer,Personal Health Issues,1
KD-054-R4,Nurse/Midwife,Access to Salary,1
KD-054-R4,CHO,Dissatisfaction with Salary and Benefits,1
KD-054-R4,JCHEW,Access to Salary,1
KD-054-R4,Medical Records Officer,Access to Salary,1
KD-054-R5,Nurse/Midwife,Access to Salary,1
KD-054-R5,CHO,Transportation Problems,1
KD-054-R5,CHO,Unrest,1
KD-054-R5,JCHEW,Access to Salary,1
KD-054-R5,JCHEW,Family Responsibilities,1
KD-054-R6,Nurse/Midwife,Transportation Problems,1
KD-054-R6,CHEW,Personal Health Issues,1
KD-055-R1,CHEW,Dissatisfaction with Salary and Benefits,1
KD-055-R1,JCHEW,Family Responsibilities,1
KD-055-R2,JCHEW,Transportation Problems,1
KD-055-R3,Medical Officer,Transportation Problems,1
KD-055-R3,Medical Officer,Long Distance to Workplace,1
KD-055-R4,Medical Officer,Family Responsibilities,1
KD-055-R4,CHO,Dissatisfaction with Salary and Benefits,1
KD-055-R4,CHO,Shift,1
KD-055-R4,CHEW,"Leave (Study, Annual, Maternity, etc.)",1
KD-055-R4,JCHEW,Access to Salary,1
KD-055-R4,JCHEW,High Workload and Stress,1
KD-055-R5,Medical Officer,Funeral,1
KD-055-R5,Medical Officer,Access to Salary,1
KD-055-R5,CHEW,Weddings,1
KD-055-R5,Medical Lab Technician,Shift,1
KD-055-R6,Medical Officer,Access to Salary,1
KD-055-R6,Medical Officer,Funeral,1
KD-055-R6,CHO,Family Responsibilities,1
KD-055-R6,CHEW,"Leave (Study, Annual, Maternity, etc.)",1
KD-055-R6,CHEW,Unrest,1
KD-055-R6,Medical Records Officer,Family Responsibilities,1
KD-056-R1,Nurse/Midwife,"Leave (Study, Annual, Maternity, etc.)",1
KD-056-R1,CHEW,Dissatisfaction with Salary and Benefits,1
KD-056-R3,CHEW,Unrest,1
KD-056-R6,CHEW,Access to Salary,1
KD-057-R1,JCHEW,Meetings,1
KD-057-R1,Medical Records Officer,"Leave (Study, Annual, Maternity, etc.)",1
KD-057-R2,Nurse/Midwife,Weddings,1
KD-057-R2,CHO,Workshop and Training,1
KD-057-R2,JCHEW,Access to Salary,1
KD-057-R2,JCHEW,Dissatisfaction with Job,1
KD-057-R2,Medical Records Officer,Dissatisfaction with Salary and Benefits,1
KD-057-R3,Nurse/Midwife,Transportation Problems,1
KD-057-R3,CHO,Meetings,1
KD-057-R3,JCHEW,Unrest,1
KD-057-R3,Environmental Health Officer,Personal Health Issues,1
KD-057-R4,CHO,Family Responsibilities,1
KD-057-R4,CHO,Personal Health Issues,1
KD-057-R4,CHEW,Transportation Problems,1
KD-057-R4,JCHEW,Policy and Governance Issues,1
KD-057-R4,Medical Records Officer,Long Distance to Workplace,1
KD-057-R4,Environmental Health Officer,Lack of Professional Development Opportunities,1
KD-057-R6,CHO,"Leave (Study, Annual, Maternity, etc.)",1
KD-057-R6,CHEW,Transportation Problems,1
KD-057-R6,JCHEW,Long Distance to Workplace,1
KD-058-R1,CHEW,Transportation Problems,1
KD-058-R1,CHEW,Workshop and Training,1
KD-058-R1,JCHEW,Long Distance to Workplace,1
KD-058-R1,JCHEW,High Workload and Stress,1
KD-058-R2,Nurse/Midwife,Personal Health Issues,1
KD-058-R2,CHEW,Transportation Problems,1
KD-058-R2,JCHEW,Family Responsibilities,1
KD-058-R3,Nurse/Midwife,Lack of Professional Development Opportunities,1
KD-058-R3,CHEW,Personal Health Issues,1
KD-058-R3,CHEW,Workshop and Training,1
KD-058-R3,JCHEW,Long Distance to Workplace,2
KD-058-R4,Nurse/Midwife,Family Responsibilities,1
KD-058-R4,Nurse/Midwife,Transportation Problems,1
KD-058-R4,Nurse/Midwife,Meetings,1
KD-058-R4,CHEW,High Workload and Stress,1
KD-058-R4,JCHEW,Unrest,1
KD-058-R4,JCHEW,Access to Salary,1
KD-058-R5,Nurse/Midwife,Funeral,1
KD-058-R5,Nurse/Midwife,Transportation Problems,1
KD-058-R5,CHEW,Dissatisfaction with Salary and Benefits,1
KD-058-R5,JCHEW,Family Responsibilities,1
KD-058-R6,CHEW,Workshop and Training,1
KD-059-R1,CHEW,Family Responsibilities,1
KD-059-R2,Medical Officer,Transportation Problems,1
KD-059-R2,CHEW,Dissatisfaction with Salary and Benefits,1
KD-059-R2,Medical Lab Technician,Lack of Professional Development Opportunities,1
KD-059-R2,Medical Records Officer,Poor Health Facility Infrastructure,1
KD-059-R3,Medical Officer,Workshop and Training,1
KD-059-R3,Medical Officer,Transportation Problems,1
KD-059-R3,Nurse/Midwife,"Leave (Study, Annual, Maternity, etc.)",1
KD-059-R3,CHEW,Long Distance to Workplace,1
KD-059-R3,CHEW,Unrest,1
KD-059-R3,JCHEW,"Leave (Study, Annual, Maternity, etc.)",1
KD-059-R3,JCHEW,Workshop and Training,1
KD-059-R4,Medical Officer,Meetings,1
KD-059-R4,CHEW,Workshop and Training,1
KD-059-R4,CHEW,Meetings,1
KD-059-R4,JCHEW,Dissatisfaction with Salary and Benefits,1
KD-059-R5,Medical Officer,Long Distance to Workplace,1
KD-059-R5,Medical Officer,Personal Health Issues,1
KD-059-R5,CHEW,Shift,1
KD-059-R5,JCHEW,Poor Health Facility Infrastructure,1
KD-059-R6,Medical Officer,Unrest,1
KD-059-R6,Nurse/Midwife,"Leave (Study, Annual, Maternity, etc.)",1
KD-059-R6,Nurse/Midwife,Long Distance to Workplace,1
KD-059-R6,JCHEW,Weddings,1
KD-059-R6,Pharmacy Technician,Access to Salary,1
KD-060-R2,CHEW,Transportation Problems,1
KD-060-R2,JCHEW,Shift,1
KD-060-R3,CHEW,"Leave (Study, Annual, Maternity, etc.)",1
KD-060-R3,CHEW,Dissatisfaction with Job,1
KD-060-R3,JCHEW,Dissatisfaction with Salary and Benefits,1
KD-060-R4,Nurse/Midwife,Long Distance to Workplace,1
KD-060-R4,CHEW,Dissatisfaction with Salary and Benefits,1
KD-060-R4,JCHEW,Workshop and Training,1
KD-060-R5,CHEW,Crime,1
KD-060-R5,CHEW,"Leave (Study, Annual, Maternity, etc.)",1
KD-060-R5,JCHEW,Workplace Conflict,1
KD-060-R5,JCHEW,Long Distance to Workplace,1
KD-060-R6,Nurse/Midwife,"Leave (Study, Annual, Maternity, etc.)",1
KD-060-R6,CHEW,"Leave (Study, Annual, Maternity, etc.)",1
KD-061-R2,CHEW,"Leave (Study, Annual, Maternity, etc.)",1
KD-061-R3,Nurse/Midwife,Family Responsibilities,1
KD-061-R3,JCHEW,Workshop and Training,1
KD-061-R3,JCHEW,Meetings,1
KD-061-R4,Medical Officer,Personal Health Issues,1
KD-061-R4,CHO,High Workload and Stress,1
KD-061-R4,JCHEW,Family Responsibilities,1
KD-061-R4,JCHEW,Access to Salary,1
KD-061-R5,Medical Officer,Workplace Conflict,1
KD-061-R5,JCHEW,Workshop and Training,1
KD-061-R6,JCHEW,Workshop and Training,1
KD-062-R1,JCHEW,Policy and Governance Issues,1
KD-062-R2,Nurse/Midwife,Funeral,1
KD-062-R2,CHEW,Family Responsibilities,1
KD-062-R2,CHEW,Poor Health Facility Infrastructure,1
KD-062-R2,JCHEW,Lack of Professional Development Opportunities,1
KD-062-R3,CHEW,"Leave (Study, Annual, Maternity, etc.)",1
KD-062-R3,CHEW,Family Responsibilities,1
KD-062-R3,JCHEW,Access to Salary,1
KD-062-R4,CHEW,Access to Salary,2
KD-062-R5,CHEW,"Leave (Study, Annual, Maternity, etc.)",1
KD-062-R5,JCHEW,"Leave (Study, Annual, Maternity, etc.)",1
KD-062-R6,CHEW,Workshop and Training,1
KD-062-R6,CHEW,Transportation Problems,1
KD-062-R6,JCHEW,Shift,1
KD-063-R1,CHEW,Shift,1
KD-063-R2,CHO,Unrest,1
KD-063-R2,CHO,Long Distance to Workplace,1
KD-063-R2,CHEW,Lack of Professional Development Opportunities,1
KD-063-R2,CHEW,"Leave (Study, Annual, Maternity, etc.)",1
KD-063-R2,CHEW,Weddings,1
KD-063-R2,JCHEW,Dissatisfaction with Salary and Benefits,1
KD-063-R2,JCHEW,Policy and Governance Issues,1
KD-063-R3,CHO,"Leave (Study, Annual, Maternity, etc.)",1
KD-063-R4,CHO,Personal Health Issues,1
KD-063-R4,CHO,Access to Salary,1
KD-063-R4,CHEW,"Leave (Study, Annual, Maternity, etc.)",1
KD-063-R4,CHEW,Access to Salary,1
KD-063-R4,JCHEW,Policy and Governance Issues,1
KD-063-R4,JCHEW,Workshop and Training,1
KD-063-R6,JCHEW,Shift,1
KD-063-R6,JCHEW,Long Distance to Workplace,1
KD-063-R6,JCHEW,Meetings,1
KD-064-R1,CHEW,Poor Health Facility Infrastructure,1
KD-064-R5,CHEW,High Workload and Stress,1
KD-064-R5,Medical Records Officer,Dissatisfaction with Salary and Benefits,1
KD-064-R6,CHEW,Personal Health Issues,1
KD-064-R6,Medical Records Officer,Meetings,1
KD-065-R1,Nurse/Midwife,Meetings,1
KD-065-R1,CHEW,High Workload and Stress,1
KD-065-R2,CHEW,Dissatisfaction with Salary and Benefits,1
KD-065-R2,CHEW,Shift,1
KD-065-R3,Nurse/Midwife,"Leave (Study, Annual, Maternity, etc.)",1
KD-065-R3,Nurse/Midwife,Personal Health Issues,1
KD-065-R3,CHEW,Family Responsibilities,1
KD-065-R3,CHEW,Poor Health Facility Infrastructure,1
KD-065-R4,Nurse/Midwife,"Leave (Study, Annual, Maternity, etc.)",1
KD-065-R4,Nurse/Midwife,Shift,1
KD-065-R4,Nurse/Midwife,Workshop and Training,1
KD-065-R4,CHEW,Funeral,1
KD-065-R4,CHEW,Family Responsibilities,1
KD-065-R5,Nurse/Midwife,"Leave (Study, Annual, Maternity, etc.)",1
KD-065-R5,Nurse/Midwife,Long Distance to Workplace,1
KD-065-R5,Nurse/Midwife,Dissatisfaction with Job,1
KD-065-R5,Nurse/Midwife,Shift,1
KD-065-R6,CHEW,Access to Salary,1
KD-066-R1,Nurse/Midwife,Access to Salary,1
KD-066-R1,Nurse/Midwife,Personal Health Issues,1
KD-066-R1,CHO,Meetings,1
KD-066-R1,CHEW,Access to Salary,1
KD-066-R1,CHEW,Family Responsibilities,1
KD-066-R1,Medical Records Officer,Transportation Problems,1
KD-066-R2,Nurse/Midwife,Shift,1
KD-066-R2,CHO,Long Distance to Workplace,1
KD-066-R2,JCHEW,Funeral,1
KD-066-R2,JCHEW,"Leave (Study, Annual, Maternity, etc.)",1
KD-066-R2,Medical Records Officer,Meetings,1
KD-066-R3,CHEW,Access to Salary,1
KD-066-R3,JCHEW,Shift,1
KD-066-R3,JCHEW,Lack of Professional Development Opportunities,1
KD-066-R4,Nurse/Midwife,Weddings,1
KD-066-R4,Nurse/Midwife,"Leave (Study, Annual, Maternity, etc.)",1
KD-066-R4,CHEW,Workplace Conflict,1
KD-066-R4,Medical Records Officer,Shift,2
KD-066-R5,Nurse/Midwife,Lack of Professional Development Opportunities,1
KD-066-R5,CHEW,Personal Health Issues,1
KD-066-R5,CHEW,Access to Salary,1
KD-066-R5,JCHEW,Dissatisfaction with Salary and Benefits,1
KD-066-R5,Medical Records Officer,High Workload and Stress,1
KD-066-R5,Medical Records Officer,Personal Health Issues,1
KD-066-R6,CHO,Unrest,1
KD-066-R6,CHEW,Access to Salary,1
KD-066-R6,CHEW,Meetings,1
KD-066-R6,JCHEW,Workshop and Training,1
KD-066-R6,JCHEW,Access to Salary,1
KD-066-R6,Medical Records Officer,Meetings,1
KD-067-R1,Medical Officer,Transportation Problems,1
KD-067-R1,Medical Lab Technician,Personal Health Issues,1
KD-067-R1,Pharmacy Technician,Lack of Professional Development Opportunities,1
KD-067-R3,Nurse/Midwife,High Workload and Stress,1
KD-067-R3,Medical Lab Technician,Poor Health Facility Infrastructure,1
KD-067-R4,Nurse/Midwife,Meetings,1
KD-067-R4,CHEW,Long Distance to Workplace,1
KD-067-R4,CHEW,Family Responsibilities,1
KD-067-R4,Medical Records Officer,Funeral,1
KD-067-R5,CHEW,"Leave (Study, Annual, Maternity, etc.)",1
KD-067-R5,Pharmacy Technician,"Leave (Study, Annual, Maternity, etc.)",1
KD-067-R6,CHEW,Workplace Conflict,1
KD-067-R6,CHEW,Access to Salary,1
KD-067-R6,Pharmacy Technician,Transportation Problems,1
KD-068-R1,JCHEW,Meetings,1
KD-068-R2,CHEW,Long Distance to Workplace,1
KD-068-R5,CHEW,"Leave (Study, Annual, Maternity, etc.)",1
KD-068-R5,CHEW,Workshop and Training,1
KD-068-R5,JCHEW,Access to Salary,1
KD-069-R2,CHEW,Poor Health Facility Infrastructure,1
KD-070-R1,CHEW,Crime,1
KD-070-R1,CHEW,Access to Salary,1
KD-070-R2,CHEW,Weddings,1
KD-070-R4,CHEW,Dissatisfaction with Salary and Benefits,1
KD-070-R4,JCHEW,"Leave (Study, Annual, Maternity, etc.)",1
KD-070-R6,JCHEW,"Leave (Study, Annual, Maternity, etc.)",1
KD-071-R1,Nurse/Midwife,"Leave (Study, Annual, Maternity, etc.)",1
KD-071-R2,Nurse/Midwife,Dissatisfaction with Salary and Benefits,1
KD-071-R2,CHEW,Dissatisfaction with Job,1
KD-071-R2,JCHEW,Funeral,1
KD-071-R2,JCHEW,Personal Health Issues,1
KD-071-R3,Nurse/Midwife,Long Distance to Workplace,1
KD-071-R3,CHO,Dissatisfaction with Salary and Benefits,1
KD-071-R3,CHEW,High Workload and Stress,1
KD-071-R3,Medical Lab Technician,Dissatisfaction with Job,1
KD-071-R4,Nurse/Midwife,Family Responsibilities,1
KD-071-R4,JCHEW,Shift,1
KD-071-R5,Nurse/Midwife,Funeral,1
KD-071-R5,CHEW,Lack of Professional Development Opportunities,1
KD-071-R5,JCHEW,Workplace Conflict,1
KD-071-R5,Medical Lab Technician,Dissatisfaction with Salary and Benefits,1
KD-071-R6,Nurse/Midwife,Dissatisfaction with Salary and Benefits,1
KD-071-R6,CHO,"Leave (Study, Annual, Maternity, etc.)",1
KD-071-R6,JCHEW,High Workload and Stress,1
KD-071-R6,Medical Lab Technician,Access to Salary,1
KD-071-R6,Environmental Health Officer,Family Responsibilities,1
KD-072-R1,Medical Officer,Weddings,1
KD-072-R1,Medical Officer,Shift,1
KD-072-R1,Nurse/Midwife,Access to Salary,1
KD-072-R1,Nurse/Midwife,"Leave (Study, Annual, Maternity, etc.)",1
KD-072-R1,Nurse/Midwife,Policy and Governance Issues,1
KD-072-R1,Nurse/Midwife,Workplace Conflict,1
KD-072-R1,Nurse/Midwife,Personal Health Issues,1
KD-072-R1,CHO,High Workload and Stress,1
KD-072-R1,CHEW,"Leave (Study, Annual, Maternity, etc.)",1
KD-072-R1,Medical Lab Technician,Shift,1
KD-072-R1,Medical Records Officer,Dissatisfaction with Job,1
KD-072-R1,Pharmacy Technician,Personal Health Issues,1
KD-072-R1,Pharmacy Technician,"Leave (Study, Annual, Maternity, etc.)",1
KD-072-R1,Pharmacy Technician,Weddings,1
KD-072-R1,Environmental Health Officer,Family Responsibilities,1
KD-072-R1,Environmental Health Officer,Long Distance to Workplace,1
KD-072-R2,Nurse/Midwife,Long Distance to Workplace,2
KD-072-R2,Nurse/Midwife,Poor Health Facility Infrastructure,1
KD-072-R2,Nurse/Midwife,Access to Salary,1
KD-072-R2,Nurse/Midwife,Personal Health Issues,1
KD-072-R2,Nurse/Midwife,Transportation Problems,1
KD-072-R2,CHO,Family Responsibilities,1
KD-072-R2,CHEW,Family Responsibilities,1
KD-072-R2,Medical Lab Technician,Access to Salary,1
KD-072-R2,Pharmacy Technician,Meetings,2
KD-072-R2,Pharmacy Technician,Dissatisfaction with Salary and Benefits,1
KD-072-R2,Pharmacy Technician,Long Distance to Workplace,1
KD-072-R3,Nurse/Midwife,Shift,2
KD-072-R3,Nurse/Midwife,Family Responsibilities,1
KD-072-R3,Nurse/Midwife,Long Distance to Workplace,1
KD-072-R3,Nurse/Midwife,Dissatisfaction with Salary and Benefits,1
KD-072-R3,CHO,"Leave (Study, Annual, Maternity, etc.)",1
KD-072-R3,JCHEW,Shift,1
KD-072-R3,Medical Lab Technician,Shift,1
KD-072-R3,Medical Lab Technician,Meetings,1
KD-072-R3,Medical Records Officer,Access to Salary,1
KD-072-R3,Pharmacy Technician,High Workload and Stress,1
KD-072-R3,Environmental Health Officer,Personal Health Issues,1
KD-072-R4,Medical Officer,Personal Health Issues,1
KD-072-R4,Nurse/Midwife,Access to Salary,1
KD-072-R4,Nurse/Midwife,Workplace Conflict,1
KD-072-R4,Nurse/Midwife,Workshop and Training,1
KD-072-R4,Nurse/Midwife,Family Responsibilities,1
KD-072-R4,Nurse/Midwife,Long Distance to Workplace,1
KD-072-R4,Nurse/Midwife,"Leave (Study, Annual, Maternity, etc.)",1
KD-072-R4,CHO,Poor Health Facility Infrastructure,1
KD-072-R4,CHO,"Leave (Study, Annual, Maternity, etc.)",1
KD-072-R4,CHO,Weddings,1
KD-072-R4,CHEW,Family Responsibilities,1
KD-072-R4,JCHEW,"Leave (Study, Annual, Maternity, etc.)",1
KD-072-R4,Medical Lab Technician,Long Distance to Workplace,1
KD-072-R4,Medical Lab Technician,Poor Health Facility Infrastructure,1
KD-072-R4,Medical Lab Technician,Access to Salary,1
KD-072-R4,Pharmacy Technician,Family Responsibilities,2
KD-072-R4,Pharmacy Technician,Transportation Problems,1
KD-072-R4,Pharmacy Technician,Shift,1
KD-072-R4,Pharmacy Technician,Workplace Conflict,1
KD-072-R5,Nurse/Midwife,"Leave (Study, Annual, Maternity, etc.)",1
KD-072-R5,Nurse/Midwife,Shift,1
KD-072-R5,Nurse/Midwife,Workshop and Training,1
KD-072-R5,Nurse/Midwife,Transportation Problems,1
KD-072-R5,Nurse/Midwife,Family Responsibilities,1
KD-072-R5,Medical Lab Technician,Long Distance to Workplace,1
KD-072-R5,Medical Lab Technician,Workshop and Training,1
KD-072-R5,Medical Records Officer,"Leave (Study, Annual, Maternity, etc.)",1
KD-072-R5,Medical Records Officer,Shift,1
KD-072-R5,Pharmacy Technician,Family Responsibilities,1
KD-072-R5,Pharmacy Technician,Access to Salary,1
KD-072-R6,Medical Officer,Dissatisfaction with Salary and Benefits,1
KD-072-R6,Nurse/Midwife,"Leave (Study, Annual, Maternity, etc.)",2
KD-072-R6,Nurse/Midwife,Access to Salary,2
KD-072-R6,Nurse/Midwife,Meetings,1
KD-072-R6,Nurse/Midwife,Transportation Problems,1
KD-072-R6,Medical Lab Technician,Family Responsibilities,1
KD-072-R6,Medical Lab Technician,Funeral,1
KD-072-R6,Medical Lab Technician,Workshop and Training,1
KD-072-R6,Medical Records Officer,Workplace Conflict,1
KD-072-R6,Medical Records Officer,Transportation Problems,1
KD-072-R6,Pharmacy Technician,Poor Health Facility Infrastructure,1
KD-073-R1,Nurse/Midwife,Family Responsibilities,2
KD-073-R1,CHO,Transportation Problems,1
KD-073-R1,CHEW,"Leave (Study, Annual, Maternity, etc.)",1
KD-073-R1,CHEW,Long Distance to Workplace,1
KD-073-R1,JCHEW,"Leave (Study, Annual, Maternity, etc.)",1
KD-073-R2,CHEW,Personal Health Issues,1
KD-073-R2,Pharmacy Technician,Meetings,1
KD-073-R3,Medical Officer,"Leave (Study, Annual, Maternity, etc.)",1
KD-073-R3,CHO,Shift,1
KD-073-R3,CHO,Transportation Problems,1
KD-073-R3,CHEW,Weddings,1
KD-073-R3,CHEW,Family Responsibilities,1
KD-073-R3,JCHEW,Access to Salary,1
KD-073-R3,Medical Records Officer,Personal Health Issues,1
KD-073-R3,Pharmacy Technician,Personal Health Issues,1
KD-073-R4,Nurse/Midwife,Access to Salary,1
KD-073-R4,CHEW,Access to Salary,1
KD-073-R4,CHEW,Family Responsibilities,1
KD-073-R4,CHEW,Workshop and Training,1
KD-073-R5,CHEW,Shift,1
KD-073-R5,CHEW,Access to Salary,1
KD-073-R5,Pharmacy Technician,Weddings,1
KD-073-R6,Nurse/Midwife,"Leave (Study, Annual, Maternity, etc.)",2
KD-073-R6,CHEW,"Leave (Study, Annual, Maternity, etc.)",1
KD-073-R6,JCHEW,Transportation Problems,1
KD-074-R2,CHEW,Workplace Conflict,1
KD-074-R3,CHEW,Family Responsibilities,1
KD-074-R4,CHEW,Lack of Professional Development Opportunities,1
KD-074-R4,JCHEW,Long Distance to Workplace,1
KD-074-R5,JCHEW,Shift,1
KD-075-R1,Nurse/Midwife,"Leave (Study, Annual, Maternity, etc.)",1
KD-075-R1,CHEW,"Leave (Study, Annual, Maternity, etc.)",1
KD-075-R1,JCHEW,Meetings,1
KD-075-R1,Medical Records Officer,Dissatisfaction with Job,1
KD-075-R2,Nurse/Midwife,Workplace Conflict,1
KD-075-R2,Nurse/Midwife,Personal Health Issues,1
KD-075-R2,CHEW,Workshop and Training,1
KD-075-R2,CHEW,Funeral,1
KD-075-R2,CHEW,Personal Health Issues,1
KD-075-R2,JCHEW,Transportation Problems,1
KD-075-R2,Medical Records Officer,Funeral,1
KD-075-R3,Nurse/Midwife,Workshop and Training,1
KD-075-R3,Nurse/Midwife,Funeral,1
KD-075-R3,Medical Records Officer,Dissatisfaction with Salary and Benefits,1
KD-075-R5,Nurse/Midwife,Personal Health Issues,1
KD-075-R5,Nurse/Midwife,Family Responsibilities,1
KD-075-R5,CHEW,"Leave (Study, Annual, Maternity, etc.)",1
KD-075-R5,JCHEW,Family Responsibilities,1
KD-075-R6,Nurse/Midwife,Personal Health Issues,1
KD-075-R6,Nurse/Midwife,Dissatisfaction with Salary and Benefits,1
KD-075-R6,CHO,Personal Health Issues,1
KD-075-R6,CHEW,Personal Health Issues,1
KD-075-R6,JCHEW,Personal Health Issues,1
KD-076-R1,CHEW,Poor Health Facility Infrastructure,1
KD-076-R1,JCHEW,Access to Salary,1
KD-076-R1,JCHEW,Poor Health Facility Infrastructure,1
KD-076-R2,CHEW,Workshop and Training,1
KD-076-R2,JCHEW,Family Responsibilities,1
KD-076-R3,JCHEW,Dissatisfaction with Salary and Benefits,1
KD-076-R3,JCHEW,Long Distance to Workplace,1
KD-076-R4,Nurse/Midwife,Meetings,1
KD-076-R4,CHEW,Meetings,1
KD-076-R4,CHEW,Dissatisfaction with Salary and Benefits,1
KD-076-R4,CHEW,"Leave (Study, Annual, Maternity, etc.)",1
KD-076-R4,CHEW,Access to Salary,1
KD-076-R5,CHO,"Leave (Study, Annual, Maternity, etc.)",1
KD-076-R5,CHEW,"Leave (Study, Annual, Maternity, etc.)",3
KD-076-R5,CHEW,Dissatisfaction with Salary and Benefits,1
KD-076-R6,CHEW,"Leave (Study, Annual, Maternity, etc.)",1
KD-076-R6,CHEW,Transportation Problems,1
KD-077-R1,CHO,Workshop and Training,1
KD-077-R1,CHEW,"Leave (Study, Annual, Maternity, etc.)",1
KD-077-R1,JCHEW,Workshop and Training,1
KD-077-R1,JCHEW,Meetings,1
KD-077-R1,Pharmacy Technician,Dissatisfaction with Job,1
KD-077-R2,JCHEW,Personal Health Issues,1
KD-077-R2,Pharmacy Technician,Workplace Conflict,1
KD-077-R3,Nurse/Midwife,Family Responsibilities,1
KD-077-R3,CHO,"Leave (Study, Annual, Maternity, etc.)",1
KD-077-R3,JCHEW,Personal Health Issues,1
KD-077-R3,Pharmacy Technician,Meetings,1
KD-077-R4,CHO,Dissatisfaction with Salary and Benefits,1
KD-077-R4,CHO,Meetings,1
KD-077-R4,CHEW,Personal Health Issues,1
KD-077-R5,Nurse/Midwife,Access to Salary,1
KD-077-R5,CHO,Transportation Problems,1
KD-077-R5,CHO,Poor Health Facility Infrastructure,1
KD-077-R5,JCHEW,High Workload and Stress,1
KD-077-R6,CHO,Long Distance to Workplace,1
KD-077-R6,CHO,"Leave (Study, Annual, Maternity, etc.)",1
KD-077-R6,CHEW,"Leave (Study, Annual, Maternity, etc.)",1
KD-078-R1,Nurse/Midwife,Shift,2
KD-078-R1,Nurse/Midwife,Dissatisfaction with Salary and Benefits,1
KD-078-R1,Nurse/Midwife,Workplace Conflict,1
KD-078-R1,JCHEW,Shift,1
KD-078-R1,Medical Lab Technician,Personal Health Issues,1
KD-078-R2,Medical Officer,Long Distance to Workplace,1
KD-078-R2,Nurse/Midwife,"Leave (Study, Annual, Maternity, etc.)",1
KD-078-R2,Nurse/Midwife,Long Distance to Workplace,1
KD-078-R2,CHO,"Leave (Study, Annual, Maternity, etc.)",1
KD-078-R2,Medical Lab Technician,High Workload and Stress,1
KD-078-R2,Medical Lab Technician,Lack of Professional Development Opportunities,1
KD-078-R2,Pharmacy Technician,Access to Salary,1
KD-078-R2,Environmental Health Officer,Lack of Professional Development Opportunities,1
KD-078-R3,Medical Officer,Personal Health Issues,1
KD-078-R3,Medical Officer,Access to Salary,1
KD-078-R3,Medical Officer,Family Responsibilities,1
KD-078-R3,Nurse/Midwife,Weddings,1
KD-078-R3,Nurse/Midwife,Dissatisfaction with Salary and Benefits,1
KD-078-R3,Nurse/Midwife,Long Distance to Workplace,1
KD-078-R3,Nurse/Midwife,Personal Health Issues,1
KD-078-R3,Nurse/Midwife,Access to Salary,1
KD-078-R3,Nurse/Midwife,Meetings,1
KD-078-R3,CHO,"Leave (Study, Annual, Maternity, etc.)",1
KD-078-R3,CHEW,"Leave (Study, Annual, Maternity, etc.)",1
KD-078-R3,JCHEW,Dissatisfaction with Salary and Benefits,1
KD-078-R3,Medical Lab Technician,Transportation Problems,1
KD-078-R3,Medical Lab Technician,Workshop and Training,1
KD-078-R3,Medical Lab Technician,Access to Salary,1
KD-078-R3,Medical Lab Technician,Crime,1
KD-078-R3,Medical Records Officer,Workplace Conflict,1
KD-078-R3,Pharmacy Technician,Personal Health Issues,1
KD-078-R3,Pharmacy Technician,Access to Salary,1
KD-078-R3,Pharmacy Technician,Weddings,1
KD-078-R4,Medical Officer,Shift,1
KD-078-R4,Medical Officer,Personal Health Issues,1
KD-078-R4,Nurse/Midwife,Personal Health Issues,2
KD-078-R4,Nurse/Midwife,Funeral,1
KD-078-R4,Nurse/Midwife,High Workload and Stress,1
KD-078-R4,Nurse/Midwife,Long Distance to Workplace,1
KD-078-R4,Nurse/Midwife,Lack of Professional Development Opportunities,1
KD-078-R4,CHEW,Shift,1
KD-078-R4,JCHEW,High Workload and Stress,1
KD-078-R4,Medical Lab Technician,Weddings,1
KD-078-R4,Medical Lab Technician,"Leave (Study, Annual, Maternity, etc.)",1
KD-078-R4,Medical Lab Technician,Personal Health Issues,1
KD-078-R4,Medical Lab Technician,Access to Salary,1
KD-078-R4,Medical Records Officer,Transportation Problems,1
KD-078-R4,Medical Records Officer,Workshop and Training,1
KD-078-R4,Pharmacy Technician,"Leave (Study, Annual, Maternity, etc.)",1
KD-078-R4,Pharmacy Technician,Workshop and Training,1
KD-078-R4,Pharmacy Technician,Access to Salary,1
KD-078-R5,Medical Officer,"Leave (Study, Annual, Maternity, etc.)",1
KD-078-R5,Nurse/Midwife,High Workload and Stress,1
KD-078-R5,Nurse/Midwife,Shift,1
KD-078-R5,Nurse/Midwife,Family Responsibilities,1
KD-078-R5,Pharmacy Technician,Workshop and Training,1
KD-078-R6,Medical Officer,High Workload and Stress,1
KD-078-R6,Nurse/Midwife,Workshop and Training,2
KD-078-R6,Nurse/Midwife,Weddings,1
KD-078-R6,CHO,Long Distance to Workplace,1
KD-078-R6,JCHEW,Weddings,1
KD-078-R6,JCHEW,Long Distance to Workplace,1
KD-078-R6,Medical Lab Technician,"Leave (Study, Annual, Maternity, etc.)",1
KD-078-R6,Pharmacy Technician,Crime,1
KD-078-R6,Environmental Health Officer,Funeral,1
KD-079-R1,Nurse/Midwife,Funeral,1
KD-079-R1,JCHEW,Meetings,1
KD-079-R2,JCHEW,Transportation Problems,1
KD-079-R2,Medical Records Officer,Access to Salary,1
KD-079-R3,Nurse/Midwife,Dissatisfaction with Job,1
KD-079-R3,JCHEW,Workshop and Training,1
KD-079-R3,JCHEW,Personal Health Issues,1
KD-079-R4,Nurse/Midwife,Meetings,1
KD-079-R4,CHEW,Funeral,1
KD-079-R5,JCHEW,Meetings,1
KD-079-R6,Nurse/Midwife,Transportation Problems,1
KD-080-R2,Nurse/Midwife,Access to Salary,1
KD-080-R2,Medical Lab Technician,Workshop and Training,1
KD-080-R3,Medical Lab Technician,Funeral,1
KD-080-R3,Pharmacy Technician,Dissatisfaction with Job,1
KD-080-R4,Medical Lab Technician,Transportation Problems,1
KD-080-R5,Nurse/Midwife,High Workload and Stress,1
KD-080-R5,Medical Lab Technician,Long Distance to Workplace,1
KD-081-R1,Nurse/Midwife,Workshop and Training,1
KD-081-R1,Nurse/Midwife,Dissatisfaction with Salary and Benefits,1
KD-081-R1,JCHEW,Personal Health Issues,1
KD-081-R1,JCHEW,"Leave (Study, Annual, Maternity, etc.)",1
KD-081-R2,Nurse/Midwife,Shift,1
KD-081-R3,Nurse/Midwife,Workshop and Training,1
KD-081-R4,CHEW,"Leave (Study, Annual, Maternity, etc.)",1
KD-081-R4,JCHEW,Family Responsibilities,1
KD-081-R4,JCHEW,"Leave (Study, Annual, Maternity, etc.)",1
KD-081-R5,Nurse/Midwife,Weddings,1
KD-081-R5,CHEW,Family Responsibilities,1
KD-081-R6,Nurse/Midwife,Long Distance to Workplace,1
KD-081-R6,Nurse/Midwife,Weddings,1
KD-081-R6,Nurse/Midwife,Funeral,1
KD-081-R6,JCHEW,Personal Health Issues,1
KD-082-R1,Nurse/Midwife,Long Distance to Workplace,2
KD-082-R1,Nurse/Midwife,Funeral,1
KD-082-R1,Nurse/Midwife,Meetings,1
KD-082-R1,Nurse/Midwife,Transportation Problems,1
KD-082-R1,Medical Records Officer,Access to Salary,1
KD-082-R1,Pharmacy Technician,"Leave (Study, Annual, Maternity, etc.)",1
KD-082-R1,Environmental Health Officer,Dissatisfaction with Job,1
KD-082-R2,Nurse/Midwife,Shift,1
KD-082-R2,Nurse/Midwife,Lack of Professional Development Opportunities,1
KD-082-R2,Nurse/Midwife,Dissatisfaction with Job,1
KD-082-R2,Nurse/Midwife,Workshop and Training,1
KD-082-R2,CHEW,Transportation Problems,1
KD-082-R2,Medical Lab Technician,Dissatisfaction with Job,1
KD-082-R2,Medical Lab Technician,Transportation Problems,1
KD-082-R2,Medical Records Officer,Long Distance to Workplace,1
KD-082-R3,Medical Officer,Family Responsibilities,1
KD-082-R3,Medical Officer,Transportation Problems,1
KD-082-R3,Nurse/Midwife,Meetings,2
KD-082-R3,Nurse/Midwife,Personal Health Issues,1
KD-082-R3,Nurse/Midwife,Shift,1
KD-082-R3,CHO,Shift,1
KD-082-R3,CHEW,"Leave (Study, Annual, Maternity, etc.)",1
KD-082-R3,JCHEW,Transportation Problems,1
KD-082-R3,JCHEW,Shift,1
KD-082-R3,JCHEW,Personal Health Issues,1
KD-082-R3,Medical Lab Technician,Dissatisfaction with Salary and Benefits,1
KD-082-R3,Medical Lab Technician,Workshop and Training,1
KD-082-R3,Medical Lab Technician,Personal Health Issues,1
KD-082-R3,Pharmacy Technician,Access to Salary,1
KD-082-R3,Pharmacy Technician,Family Responsibilities,1
KD-082-R3,Environmental Health Officer,Access to Salary,1
KD-082-R3,Environmental Health Officer,Workshop and Training,1
KD-082-R4,Nurse/Midwife,Dissatisfaction with Salary and Benefits,2
KD-082-R4,Nurse/Midwife,"Leave (Study, Annual, Maternity, etc.)",1
KD-082-R4,Nurse/Midwife,Personal Health Issues,1
KD-082-R4,Nurse/Midwife,Shift,1
KD-082-R4,Nurse/Midwife,Transportation Problems,1
KD-082-R4,Nurse/Midwife,Poor Health Facility Infrastructure,1
KD-082-R4,CHO,Transportation Problems,1
KD-082-R4,CHEW,Transportation Problems,1
KD-082-R4,Medical Lab Technician,"Leave (Study, Annual, Maternity, etc.)",2
KD-082-R4,Medical Lab Technician,Workplace Conflict,1
KD-082-R4,Medical Lab Technician,Dissatisfaction with Job,1
KD-082-R4,Medical Records Officer,Shift,1
KD-082-R4,Medical Records Officer,Access to Salary,1
KD-082-R4,Environmental Health Officer,Funeral,1
KD-082-R4,Environmental Health Officer,Personal Health Issues,1
KD-082-R4,Environmental Health Officer,Meetings,1
KD-082-R5,Medical Officer,Personal Health Issues,2
KD-082-R5,Nurse/Midwife,Shift,1
KD-082-R5,Nurse/Midwife,Dissatisfaction with Salary and Benefits,1
KD-082-R5,JCHEW,Shift,1
KD-082-R5,Medical Lab Technician,Family Responsibilities,1
KD-082-R5,Medical Lab Technician,Transportation Problems,1
KD-082-R5,Medical Lab Technician,Personal Health Issues,1
KD-082-R5,Medical Records Officer,High Workload and Stress,1
KD-082-R5,Pharmacy Technician,Personal Health Issues,1
KD-082-R6,Medical Officer,Personal Health Issues,1
KD-082-R6,Nurse/Midwife,Meetings,2
KD-082-R6,CHEW,Workshop and Training,1
KD-082-R6,Medical Lab Technician,Meetings,1
KD-082-R6,Medical Records Officer,Family Responsibilities,1
KD-082-R6,Medical Records Officer,Poor Health Facility Infrastructure,1
KD-082-R6,Environmental Health Officer,Workshop and Training,1
KD-082-R6,Environmental Health Officer,High Workload and Stress,1
KD-083-R1,Nurse/Midwife,Shift,1
KD-083-R1,CHO,High Workload and Stress,1
KD-083-R1,CHEW,"Leave (Study, Annual, Maternity, etc.)",1
KD-083-R1,CHEW,Unrest,1
KD-083-R1,JCHEW,Family Responsibilities,1
KD-083-R1,Medical Lab Technician,Personal Health Issues,1
KD-083-R2,CHEW,Personal Health Issues,1
KD-083-R2,JCHEW,"Leave (Study, Annual, Maternity, etc.)",1
KD-083-R2,JCHEW,Personal Health Issues,1
KD-083-R3,Medical Officer,Family Responsibilities,1
KD-083-R3,CHEW,"Leave (Study, Annual, Maternity, etc.)",1
KD-083-R3,Pharmacy Technician,Transportation Problems,1
KD-083-R4,Medical Officer,Workshop and Training,1
KD-083-R4,Nurse/Midwife,Meetings,1
KD-083-R4,Nurse/Midwife,Dissatisfaction with Job,1
KD-083-R4,CHEW,Access to Salary,1
KD-083-R4,JCHEW,Personal Health Issues,1
KD-083-R4,JCHEW,Access to Salary,1
KD-083-R4,Medical Lab Technician,Dissatisfaction with Salary and Benefits,1
KD-083-R5,JCHEW,Family Responsibilities,1
KD-083-R5,JCHEW,"Leave (Study, Annual, Maternity, etc.)",1
KD-083-R6,Nurse/Midwife,Weddings,1
KD-083-R6,Nurse/Midwife,"Leave (Study, Annual, Maternity, etc.)",1
KD-083-R6,Pharmacy Technician,Workshop and Training,1
KD-084-R1,Medical Officer,Meetings,1
KD-084-R1,Medical Officer,Long Distance to Workplace,1
KD-084-R1,Medical Officer,Dissatisfaction with Salary and Benefits,1
KD-084-R1,Nurse/Midwife,Shift,1
KD-084-R1,CHEW,Family Responsibilities,1
KD-084-R2,Medical Officer,Long Distance to Workplace,1
KD-084-R2,Medical Officer,"Leave (Study, Annual, Maternity, etc.)",1
KD-084-R2,Nurse/Midwife,Workshop and Training,2
KD-084-R2,Nurse/Midwife,"Leave (Study, Annual, Maternity, etc.)",2
KD-084-R2,Nurse/Midwife,Dissatisfaction with Salary and Benefits,1
KD-084-R2,Nurse/Midwife,Weddings,1
KD-084-R2,Nurse/Midwife,Access to Salary,1
KD-084-R2,CHO,Shift,1
KD-084-R2,CHEW,Dissatisfaction with Salary and Benefits,2
KD-084-R2,JCHEW,Funeral,1
KD-084-R2,Medical Lab Technician,Access to Salary,1
KD-084-R2,Environmental Health Officer,"Leave (Study, Annual, Maternity, etc.)",1
KD-084-R3,Nurse/Midwife,Lack of Professional Development Opportunities,1
KD-084-R3,Nurse/Midwife,Dissatisfaction with Job,1
KD-084-R3,CHO,Dissatisfaction with Salary and Benefits,1
KD-084-R3,CHEW,Shift,1
KD-084-R3,CHEW,Funeral,1
KD-084-R3,JCHEW,Weddings,1
KD-084-R3,JCHEW,Transportation Problems,1
KD-084-R4,Medical Officer,Shift,1
KD-084-R4,Medical Officer,High Workload and Stress,1
KD-084-R4,Medical Officer,Access to Salary,1
KD-084-R4,Nurse/Midwife,Dissatisfaction with Job,2
KD-084-R4,Nurse/Midwife,Access to Salary,1
KD-084-R4,CHO,High Workload and Stress,2
KD-084-R4,CHEW,Dissatisfaction with Salary and Benefits,1
KD-084-R4,CHEW,Workplace Conflict,1
KD-084-R4,CHEW,Access to Salary,1
KD-084-R4,JCHEW,Access to Salary,1
KD-084-R4,JCHEW,Weddings,1
KD-084-R4,Medical Lab Technician,Personal Health Issues,1
KD-084-R4,Medical Records Officer,Transportation Problems,1
KD-084-R5,Nurse/Midwife,Shift,2
KD-084-R5,Nurse/Midwife,Meetings,1
KD-084-R5,Nurse/Midwife,Funeral,1
KD-084-R5,CHO,Family Responsibilities,1
KD-084-R5,CHEW,Workshop and Training,1
KD-084-R5,Medical Lab Technician,Funeral,1
KD-084-R5,Pharmacy Technician,Transportation Problems,1
KD-084-R5,Pharmacy Technician,Personal Health Issues,1
KD-084-R6,Nurse/Midwife,Meetings,1
KD-084-R6,Nurse/Midwife,Dissatisfaction with Salary and Benefits,1
KD-084-R6,CHO,Transportation Problems,1
KD-084-R6,CHEW,"Leave (Study, Annual, Maternity, etc.)",1
KD-084-R6,JCHEW,Family Responsibilities,1
KD-084-R6,JCHEW,Personal Health Issues,1
KD-084-R6,JCHEW,Policy and Governance Issues,1
KD-084-R6,Medical Lab Technician,Shift,1
KD-084-R6,Medical Lab Technician,Transportation Problems,1
KD-084-R6,Medical Records Officer,Family Responsibilities,1
KD-084-R6,Environmental Health Officer,Funeral,1
KD-085-R1,CHEW,Shift,1
KD-085-R2,Medical Officer,Crime,1
KD-085-R2,Nurse/Midwife,Funeral,1
KD-085-R2,CHEW,Shift,1
KD-085-R3,CHEW,Access to Salary,1
KD-085-R3,CHEW,Personal Health Issues,1
KD-085-R3,JCHEW,Shift,1
KD-085-R4,Medical Officer,"Leave (Study, Annual, Maternity, etc.)",1
KD-085-R4,Medical Officer,Meetings,1
KD-085-R4,Medical Officer,Dissatisfaction with Salary and Benefits,1
KD-085-R4,Nurse/Midwife,Shift,1
KD-085-R4,CHEW,Dissatisfaction with Salary and Benefits,1
KD-085-R4,CHEW,Funeral,1
KD-085-R4,CHEW,Family Responsibilities,1
KD-085-R5,CHEW,Shift,1
KD-085-R5,CHEW,Weddings,1
KD-085-R5,JCHEW,Access to Salary,1
KD-085-R5,Medical Lab Technician,Shift,1
KD-085-R6,Medical Officer,Shift,1
KD-085-R6,Medical Officer,Long Distance to Workplace,1
KD-085-R6,Nurse/Midwife,Transportation Problems,1
KD-085-R6,CHEW,Unrest,1
KD-085-R6,JCHEW,Access to Salary,1
KD-086-R1,Medical Records Officer,Access to Salary,1
KD-086-R3,CHEW,Meetings,1
KD-086-R3,Medical Records Officer,Unrest,1
KD-086-R4,CHEW,Personal Health Issues,1
KD-086-R5,CHEW,Funeral,1
KD-086-R5,Medical Records Officer,Family Responsibilities,1
KD-086-R6,CHEW,Transportation Problems,1
KD-087-R2,Nurse/Midwife,Meetings,1
KD-087-R2,Medical Records Officer,Meetings,1
KD-087-R3,CHEW,Workplace Conflict,1
KD-087-R4,CHEW,Dissatisfaction with Job,1
KD-087-R5,CHEW,Dissatisfaction with Salary and Benefits,1
KD-087-R5,Medical Lab Technician,Meetings,1
KD-087-R6,Nurse/Midwife,Workshop and Training,1
KD-087-R6,Medical Records Officer,Workplace Conflict,1
KD-087-R6,Pharmacy Technician,Long Distance to Workplace,1
KD-088-R1,CHEW,Policy and Governance Issues,1
KD-088-R1,JCHEW,Poor Health Facility Infrastructure,1
KD-088-R2,Nurse/Midwife,Access to Salary,1
KD-088-R2,JCHEW,Workshop and Training,1
KD-088-R3,CHEW,Funeral,1
KD-088-R3,CHEW,Access to Salary,1
KD-088-R3,JCHEW,Transportation Problems,1
KD-088-R3,Medical Lab Technician,Access to Salary,1
KD-088-R3,Medical Lab Technician,Family Responsibilities,1
KD-088-R3,Medical Records Officer,Crime,1
KD-088-R3,Pharmacy Technician,Personal Health Issues,1
KD-088-R4,Nurse/Midwife,Policy and Governance Issues,1
KD-088-R4,Nurse/Midwife,Funeral,1
KD-088-R4,CHEW,Transportation Problems,1
KD-088-R4,Pharmacy Technician,"Leave (Study, Annual, Maternity, etc.)",1
KD-088-R4,Environmental Health Officer,Meetings,1
KD-088-R5,Nurse/Midwife,Funeral,1
KD-088-R5,Nurse/Midwife,High Workload and Stress,1
KD-088-R5,CHEW,Dissatisfaction with Salary and Benefits,1
KD-088-R5,CHEW,Access to Salary,1
KD-088-R5,CHEW,Meetings,1
KD-088-R5,JCHEW,Long Distance to Workplace,1
KD-088-R5,Pharmacy Technician,Transportation Problems,1
KD-088-R5,Environmental Health Officer,Unrest,1
KD-088-R6,Nurse/Midwife,Workshop and Training,1
KD-088-R6,CHEW,Policy and Governance Issues,1
KD-088-R6,CHEW,Family Responsibilities,1
KD-088-R6,JCHEW,Dissatisfaction with Salary and Benefits,1
KD-088-R6,Medical Lab Technician,Meetings,1
KD-088-R6,Pharmacy Technician,Shift,1
KD-088-R6,Environmental Health Officer,Policy and Governance Issues,1
KD-089-R1,CHEW,Shift,1
KD-089-R1,CHEW,Family Responsibilities,1
KD-089-R2,Nurse/Midwife,Unrest,1
KD-089-R2,CHO,Family Responsibilities,1
KD-089-R2,CHEW,Unrest,1
KD-089-R2,CHEW,Shift,1
KD-089-R2,CHEW,Personal Health Issues,1
KD-089-R2,CHEW,Funeral,1
KD-089-R2,CHEW,Family Responsibilities,1
KD-089-R2,JCHEW,"Leave (Study, Annual, Maternity, etc.)",1
KD-089-R3,CHEW,Workshop and Training,1
KD-089-R3,CHEW,Transportation Problems,1
KD-089-R3,JCHEW,Poor Health Facility Infrastructure,1
KD-089-R4,Nurse/Midwife,High Workload and Stress,1
KD-089-R4,CHEW,Shift,1
KD-089-R4,CHEW,Long Distance to Workplace,1
KD-089-R4,CHEW,"Leave (Study, Annual, Maternity, etc.)",1
KD-089-R4,CHEW,Access to Salary,1
KD-089-R4,JCHEW,Personal Health Issues,1
KD-089-R5,Nurse/Midwife,Poor Health Facility Infrastructure,1
KD-089-R5,CHEW,"Leave (Study, Annual, Maternity, etc.)",1
KD-089-R5,CHEW,Workshop and Training,1
KD-090-R1,Nurse/Midwife,Policy and Governance Issues,1
KD-090-R1,Nurse/Midwife,Dissatisfaction with Salary and Benefits,1
KD-090-R1,CHEW,Dissatisfaction with Salary and Benefits,1
KD-090-R1,CHEW,"Leave (Study, Annual, Maternity, etc.)",1
KD-090-R1,JCHEW,Workshop and Training,1
KD-090-R2,Nurse/Midwife,"Leave (Study, Annual, Maternity, etc.)",1
KD-090-R2,Nurse/Midwife,Transportation Problems,1
KD-090-R2,CHEW,Weddings,1
KD-090-R2,CHEW,Lack of Professional Development Opportunities,1
KD-090-R3,Medical Officer,Unrest,1
KD-090-R3,Nurse/Midwife,Family Responsibilities,1
KD-090-R3,Nurse/Midwife,Unrest,1
KD-090-R3,Nurse/Midwife,Personal Health Issues,1
KD-090-R3,CHEW,"Leave (Study, Annual, Maternity, etc.)",1
KD-090-R3,CHEW,Unrest,1
KD-090-R3,CHEW,Weddings,1
KD-090-R3,JCHEW,Personal Health Issues,1
KD-090-R3,Medical Records Officer,"Leave (Study, Annual, Maternity, etc.)",1
KD-090-R3,Pharmacy Technician,Unrest,1
KD-090-R4,Nurse/Midwife,Dissatisfaction with Salary and Benefits,1
KD-090-R4,JCHEW,"Leave (Study, Annual, Maternity, etc.)",1
KD-090-R4,Medical Records Officer,Family Responsibilities,1
KD-090-R4,Pharmacy Technician,Transportation Problems,1
KD-090-R5,Nurse/Midwife,Dissatisfaction with Job,1
KD-090-R5,CHEW,Personal Health Issues,1
KD-090-R6,Nurse/Midwife,Funeral,1
KD-090-R6,Nurse/Midwife,Dissatisfaction with Salary and Benefits,1
KD-090-R6,CHEW,Access to Salary,1
KD-090-R6,CHEW,Funeral,1
KD-090-R6,Medical Records Officer,Access to Salary,1
KD-090-R6,Pharmacy Technician,Dissatisfaction with Job,1
KD-091-R1,Medical Officer,Poor Health Facility Infrastructure,2
KD-091-R1,Medical Officer,Access to Salary,1
KD-091-R1,Nurse/Midwife,Meetings,2
KD-091-R1,Nurse/Midwife,Access to Salary,2
KD-091-R1,Nurse/Midwife,Dissatisfaction with Job,2
KD-091-R1,Nurse/Midwife,Personal Health Issues,1
KD-091-R1,Nurse/Midwife,Dissatisfaction with Salary and Benefits,1
KD-091-R1,Nurse/Midwife,Shift,1
KD-091-R1,Nurse/Midwife,"Leave (Study, Annual, Maternity, etc.)",1
KD-091-R1,Nurse/Midwife,Funeral,1
KD-091-R1,Nurse/Midwife,Long Distance to Workplace,1
KD-091-R1,CHO,Meetings,1
KD-091-R1,CHO,Funeral,1
KD-091-R1,CHO,"Leave (Study, Annual, Maternity, etc.)",1
KD-091-R1,CHEW,Family Responsibilities,1
KD-091-R1,Medical Lab Technician,Access to Salary,1
KD-091-R1,Medical Records Officer,"Leave (Study, Annual, Maternity, etc.)",1
KD-091-R1,Environmental Health Officer,Meetings,1
KD-091-R1,Environmental Health Officer,Shift,1
KD-091-R2,Medical Officer,Shift,1
KD-091-R2,Medical Officer,Dissatisfaction with Salary and Benefits,1
KD-091-R2,Medical Officer,"Leave (Study, Annual, Maternity, etc.)",1
KD-091-R2,Medical Officer,Meetings,1
KD-091-R2,Nurse/Midwife,Dissatisfaction with Salary and Benefits,1
KD-091-R2,Nurse/Midwife,"Leave (Study, Annual, Maternity, etc.)",1
KD-091-R2,CHO,Unrest,1
KD-091-R2,CHEW,"Leave (Study, Annual, Maternity, etc.)",1
KD-091-R2,CHEW,Dissatisfaction with Job,1
KD-091-R2,JCHEW,"Leave (Study, Annual, Maternity, etc.)",1
KD-091-R2,JCHEW,Shift,1
KD-091-R2,Medical Lab Technician,Shift,1
KD-091-R2,Medical Records Officer,Workshop and Training,1
KD-091-R2,Environmental Health Officer,Personal Health Issues,1
KD-091-R3,Medical Officer,"Leave (Study, Annual, Maternity, etc.)",3
KD-091-R3,Medical Officer,Dissatisfaction with Salary and Benefits,1
KD-091-R3,Nurse/Midwife,"Leave (Study, Annual, Maternity, etc.)",2
KD-091-R3,Nurse/Midwife,Long Distance to Workplace,2
KD-091-R3,Nurse/Midwife,Transportation Problems,1
KD-091-R3,Nurse/Midwife,Weddings,1
KD-091-R3,Nurse/Midwife,Shift,1
KD-091-R3,Nurse/Midwife,Dissatisfaction with Salary and Benefits,1
KD-091-R3,CHO,Dissatisfaction with Salary and Benefits,1
KD-091-R3,CHO,Workshop and Training,1
KD-091-R3,CHEW,Access to Salary,1
KD-091-R3,JCHEW,Personal Health Issues,1
KD-091-R3,Medical Lab Technician,Access to Salary,1
KD-091-R3,Medical Lab Technician,Personal Health Issues,1
KD-091-R3,Medical Lab Technician,Dissatisfaction with Job,1
KD-091-R3,Medical Lab Technician,Poor Health Facility Infrastructure,1
KD-091-R3,Medical Lab Technician,"Leave (Study, Annual, Maternity, etc.)",1
KD-091-R3,Medical Records Officer,Weddings,1
KD-091-R3,Medical Records Officer,Transportation Problems,1
KD-091-R3,Medical Records Officer,Funeral,1
KD-091-R3,Pharmacy Technician,Access to Salary,2
KD-091-R3,Pharmacy Technician,Family Responsibilities,1
KD-091-R3,Environmental Health Officer,"Leave (Study, Annual, Maternity, etc.)",1
KD-091-R4,Medical Officer,Funeral,2
KD-091-R4,Medical Officer,High Workload and Stress,1
KD-091-R4,Medical Officer,Family Responsibilities,1
KD-091-R4,Nurse/Midwife,Transportation Problems,3
KD-091-R4,Nurse/Midwife,Dissatisfaction with Salary and Benefits,1
KD-091-R4,Nurse/Midwife,Poor Health Facility Infrastructure,1
KD-091-R4,CHO,Shift,1
KD-091-R4,CHEW,Policy and Governance Issues,1
KD-091-R4,CHEW,Transportation Problems,1
KD-091-R4,JCHEW,Family Responsibilities,1
KD-091-R4,Medical Lab Technician,Meetings,1
KD-091-R4,Medical Lab Technician,Family Responsibilities,1
KD-091-R4,Medical Lab Technician,Workshop and Training,1
KD-091-R4,Medical Records Officer,Shift,1
KD-091-R4,Medical Records Officer,Access to Salary,1
KD-091-R4,Environmental Health Officer,Access to Salary,1
KD-091-R5,Medical Officer,Policy and Governance Issues,1
KD-091-R5,Medical Officer,Weddings,1
KD-091-R5,Nurse/Midwife,Long Distance to Workplace,1
KD-091-R5,Nurse/Midwife,Transportation Problems,1
KD-091-R5,Nurse/Midwife,Meetings,1
KD-091-R5,Nurse/Midwife,"Leave (Study, Annual, Maternity, etc.)",1
KD-091-R5,CHO,Lack of Professional Development Opportunities,1
KD-091-R5,CHO,"Leave (Study, Annual, Maternity, etc.)",1
KD-091-R5,Pharmacy Technician,"Leave (Study, Annual, Maternity, etc.)",2
KD-091-R5,Environmental Health Officer,Dissatisfaction with Job,1
KD-091-R5,Environmental Health Officer,Lack of Professional Development Opportunities,1
KD-091-R6,Medical Officer,Workshop and Training,1
KD-091-R6,Medical Officer,Access to Salary,1
KD-091-R6,Medical Officer,Funeral,1
KD-091-R6,Nurse/Midwife,Shift,1
KD-091-R6,Nurse/Midwife,Transportation Problems,1
KD-091-R6,Nurse/Midwife,Meetings,1
KD-091-R6,Nurse/Midwife,Weddings,1
KD-091-R6,CHO,Dissatisfaction with Job,1
KD-091-R6,CHO,Personal Health Issues,1
KD-091-R6,CHO,Access to Salary,1
KD-091-R6,CHEW,Access to Salary,1
KD-091-R6,JCHEW,Dissatisfaction with Salary and Benefits,1
KD-091-R6,Medical Lab Technician,Personal Health Issues,1
KD-091-R6,Medical Lab Technician,Workshop and Training,1
KD-091-R6,Medical Lab Technician,"Leave (Study, Annual, Maternity, etc.)",1
KD-091-R6,Medical Lab Technician,Access to Salary,1
KD-091-R6,Pharmacy Technician,Family Responsibilities,1
KD-091-R6,Pharmacy Technician,Funeral,1
KD-092-R1,CHEW,Dissatisfaction with Salary and Benefits,1
KD-092-R1,JCHEW,Access to Salary,1
KD-092-R3,JCHEW,Meetings,1
KD-092-R4,CHO,Meetings,1
KD-092-R4,CHEW,Long Distance to Workplace,1
KD-092-R4,JCHEW,Personal Health Issues,1
KD-092-R5,CHO,Meetings,1
KD-094-R1,CHEW,Transportation Problems,1
KD-094-R2,Nurse/Midwife,"Leave (Study, Annual, Maternity, etc.)",1
KD-094-R2,CHEW,Shift,1
KD-094-R2,CHEW,Dissatisfaction with Salary and Benefits,1
KD-094-R2,CHEW,"Leave (Study, Annual, Maternity, etc.)",1
KD-094-R2,JCHEW,Family Responsibilities,1
KD-094-R2,JCHEW,Workplace Conflict,1
KD-094-R2,JCHEW,Dissatisfaction with Job,1
KD-094-R2,Medical Records Officer,Meetings,1
KD-094-R2,Pharmacy Technician,Family Responsibilities,1
KD-094-R3,Medical Officer,Meetings,1
KD-094-R3,Medical Officer,"Leave (Study, Annual, Maternity, etc.)",1
KD-094-R3,Nurse/Midwife,Dissatisfaction with Salary and Benefits,1
KD-094-R3,Nurse/Midwife,Workshop and Training,1
KD-094-R3,CHEW,Dissatisfaction with Job,1
KD-094-R3,CHEW,Lack of Professional Development Opportunities,1
KD-094-R3,JCHEW,"Leave (Study, Annual, Maternity, etc.)",1
KD-094-R4,Nurse/Midwife,"Leave (Study, Annual, Maternity, etc.)",1
KD-094-R4,JCHEW,Transportation Problems,1
KD-094-R4,JCHEW,Long Distance to Workplace,1
KD-094-R4,Medical Records Officer,"Leave (Study, Annual, Maternity, etc.)",1
KD-094-R4,Pharmacy Technician,"Leave (Study, Annual, Maternity, etc.)",1
KD-094-R4,Pharmacy Technician,Meetings,1
KD-094-R5,Nurse/Midwife,Workshop and Training,1
KD-094-R5,Nurse/Midwife,Family Responsibilities,1
KD-094-R5,CHO,High Workload and Stress,1
KD-094-R5,CHEW,Access to Salary,1
KD-094-R5,CHEW,Family Responsibilities,1
KD-094-R5,Pharmacy Technician,Lack of Professional Development Opportunities,1
KD-094-R5,Pharmacy Technician,Workshop and Training,1
KD-094-R6,Nurse/Midwife,Policy and Governance Issues,1
KD-094-R6,CHEW,Poor Health Facility Infrastructure,1
KD-094-R6,CHEW,Funeral,1
KD-094-R6,CHEW,Transportation Problems,1
KD-094-R6,Pharmacy Technician,High Workload and Stress,1
KD-095-R1,CHO,Policy and Governance Issues,1
KD-095-R1,JCHEW,Family Responsibilities,1
KD-095-R1,JCHEW,Shift,1
KD-095-R1,JCHEW,Access to Salary,1
KD-095-R2,CHO,Weddings,1
KD-095-R2,JCHEW,Access to Salary,1
KD-095-R3,JCHEW,Transportation Problems,2
KD-095-R3,JCHEW,Long Distance to Workplace,1
KD-095-R4,JCHEW,Access to Salary,1
KD-095-R4,JCHEW,Long Distance to Workplace,1
KD-095-R6,JCHEW,Family Responsibilities,1
KD-095-R6,JCHEW,Workshop and Training,1
KD-096-R1,CHEW,Workshop and Training,1
KD-096-R1,JCHEW,Funeral,1
KD-096-R1,Medical Records Officer,Shift,1
KD-096-R2,CHEW,Personal Health Issues,1
KD-096-R4,CHEW,Access to Salary,1
KD-096-R4,JCHEW,Family Responsibilities,1
KD-096-R4,Medical Records Officer,Long Distance to Workplace,1
KD-096-R5,CHEW,Shift,1
KD-096-R5,JCHEW,Long Distance to Workplace,1
KD-096-R5,Medical Records Officer,Meetings,1
KD-096-R6,CHEW,"Leave (Study, Annual, Maternity, etc.)",1
KD-096-R6,Medical Records Officer,Workplace Conflict,1
KD-097-R1,JCHEW,Dissatisfaction with Salary and Benefits,1
KD-097-R1,JCHEW,Long Distance to Workplace,1
KD-097-R2,JCHEW,Personal Health Issues,1
KD-097-R2,Pharmacy Technician,Meetings,1
KD-097-R4,JCHEW,Poor Health Facility Infrastructure,1
KD-097-R4,JCHEW,"Leave (Study, Annual, Maternity, etc.)",1
KD-097-R4,JCHEW,Access to Salary,1
KD-097-R4,Pharmacy Technician,"Leave (Study, Annual, Maternity, etc.)",1
KD-097-R6,JCHEW,Shift,1
KD-097-R6,JCHEW,Transportation Problems,1
KD-098-R1,CHEW,Family Responsibilities,1
KD-098-R1,CHEW,Personal Health Issues,1
KD-098-R1,CHEW,Dissatisfaction with Job,1
KD-098-R1,JCHEW,Workshop and Training,1
KD-098-R2,CHEW,Transportation Problems,1
KD-098-R2,CHEW,Family Responsibilities,1
KD-098-R3,JCHEW,Dissatisfaction with Salary and Benefits,1
KD-098-R4,Environmental Health Officer,Long Distance to Workplace,1
KD-098-R5,CHEW,Dissatisfaction with Job,1
KD-098-R5,JCHEW,Workshop and Training,1
KD-098-R5,JCHEW,Dissatisfaction with Salary and Benefits,1
KD-098-R6,Nurse/Midwife,Shift,1
KD-098-R6,Nurse/Midwife,Long Distance to Workplace,1
KD-098-R6,CHEW,Funeral,1
KD-098-R6,JCHEW,Family Responsibilities,1
KD-099-R1,Nurse/Midwife,Dissatisfaction with Job,1
KD-099-R1,JCHEW,Meetings,1
KD-099-R1,JCHEW,Family Responsibilities,1
KD-099-R2,CHEW,Personal Health Issues,1
KD-099-R2,CHEW,High Workload and Stress,1
KD-099-R2,JCHEW,Personal Health Issues,1
KD-099-R4,Medical Officer,"Leave (Study, Annual, Maternity, etc.)",1
KD-099-R4,Nurse/Midwife,Dissatisfaction with Salary and Benefits,1
KD-099-R4,Nurse/Midwife,Shift,1
KD-099-R4,JCHEW,"Leave (Study, Annual, Maternity, etc.)",1
KD-099-R4,Medical Lab Technician,Funeral,1
KD-099-R4,Medical Records Officer,Access to Salary,1
KD-099-R5,Nurse/Midwife,Workshop and Training,1
KD-099-R5,CHEW,Shift,1
KD-099-R5,JCHEW,Dissatisfaction with Job,1
KD-099-R5,JCHEW,Family Responsibilities,1
KD-099-R5,Medical Records Officer,Dissatisfaction with Job,1
KD-099-R6,Nurse/Midwife,"Leave (Study, Annual, Maternity, etc.)",1
KD-099-R6,Nurse/Midwife,Transportation Problems,1
KD-099-R6,CHO,Meetings,1
KD-099-R6,CHEW,High Workload and Stress,1
KD-099-R6,JCHEW,Access to Salary,1
KD-100-R1,CHEW,"Leave (Study, Annual, Maternity, etc.)",1
KD-100-R1,CHEW,Shift,1
KD-101-R1,JCHEW,Long Distance to Workplace,1
KD-101-R2,Nurse/Midwife,"Leave (Study, Annual, Maternity, etc.)",1
KD-101-R2,JCHEW,Poor Health Facility Infrastructure,1
KD-101-R3,CHEW,Shift,1
KD-101-R3,CHEW,Transportation Problems,1
KD-101-R3,Medical Records Officer,Long Distance to Workplace,1
KD-101-R3,Medical Records Officer,Access to Salary,1
KD-101-R4,CHEW,Lack of Professional Development Opportunities,1
KD-101-R4,JCHEW,Meetings,1
KD-101-R4,Medical Records Officer,Weddings,1
KD-101-R5,JCHEW,Workshop and Training,1
KD-101-R5,Medical Records Officer,Workshop and Training,2
KD-101-R5,Medical Records Officer,Family Responsibilities,1
KD-101-R6,CHEW,Workshop and Training,1
KD-101-R6,Medical Lab Technician,Shift,1
KD-101-R6,Medical Records Officer,Long Distance to Workplace,1
KD-101-R6,Pharmacy Technician,Transportation Problems,1
KD-102-R1,Nurse/Midwife,Shift,1
KD-102-R1,CHEW,Workplace Conflict,1
KD-102-R1,JCHEW,Dissatisfaction with Job,1
KD-102-R1,Medical Lab Technician,"Leave (Study, Annual, Maternity, etc.)",1
KD-102-R1,Pharmacy Technician,Access to Salary,1
KD-102-R2,CHEW,Long Distance to Workplace,1
KD-102-R2,JCHEW,Transportation Problems,1
KD-102-R2,JCHEW,Long Distance to Workplace,1
KD-102-R2,JCHEW,Meetings,1
KD-102-R2,JCHEW,Personal Health Issues,1
KD-102-R3,Medical Records Officer,Access to Salary,1
KD-102-R4,JCHEW,Transportation Problems,1
KD-102-R4,JCHEW,Meetings,1
KD-102-R5,Nurse/Midwife,"Leave (Study, Annual, Maternity, etc.)",1
KD-102-R5,CHO,Long Distance to Workplace,1
KD-102-R5,CHEW,Shift,2
KD-102-R5,Medical Lab Technician,High Workload and Stress,1
KD-102-R5,Environmental Health Officer,Transportation Problems,1
KD-102-R6,JCHEW,Lack of Professional Development Opportunities,1
KD-102-R6,JCHEW,Shift,1
KD-102-R6,JCHEW,Long Distance to Workplace,1
KD-102-R6,Medical Lab Technician,"Leave (Study, Annual, Maternity, etc.)",1
KD-102-R6,Environmental Health Officer,Workshop and Training,1
KD-103-R1,JCHEW,Transportation Problems,1
KD-103-R1,Medical Lab Technician,Personal Health Issues,1
KD-103-R2,Nurse/Midwife,Dissatisfaction with Salary and Benefits,1
KD-103-R3,Medical Lab Technician,Dissatisfaction with Job,1
KD-103-R4,Medical Officer,"Leave (Study, Annual, Maternity, etc.)",1
KD-103-R5,Nurse/Midwife,Funeral,1
KD-103-R5,Medical Lab Technician,Workshop and Training,1
KD-103-R6,Nurse/Midwife,Funeral,1
KD-104-R1,CHEW,Weddings,1
KD-104-R2,CHEW,Weddings,1
KD-104-R2,JCHEW,Weddings,1
KD-104-R3,Nurse/Midwife,Access to Salary,1
KD-104-R3,CHEW,Workshop and Training,1
KD-104-R4,Nurse/Midwife,Workshop and Training,1
KD-104-R4,Nurse/Midwife,Access to Salary,1
KD-104-R4,JCHEW,High Workload and Stress,1
KD-104-R5,CHEW,Transportation Problems,1
KD-104-R6,Nurse/Midwife,Workshop and Training,1
KD-105-R1,CHEW,Access to Salary,1
KD-105-R1,CHEW,"Leave (Study, Annual, Maternity, etc.)",1
KD-105-R3,Medical Records Officer,Transportation Problems,1
KD-105-R4,Medical Records Officer,Family Responsibilities,1
KD-105-R6,CHEW,Shift,1
KD-106-R1,Nurse/Midwife,"Leave (Study, Annual, Maternity, etc.)",1
KD-106-R1,Nurse/Midwife,Dissatisfaction with Salary and Benefits,1
KD-106-R1,Medical Lab Technician,Dissatisfaction with Job,1
KD-106-R2,Nurse/Midwife,Workshop and Training,1
KD-106-R2,Nurse/Midwife,Transportation Problems,1
KD-106-R2,CHO,Long Distance to Workplace,1
KD-106-R2,CHEW,Dissatisfaction with Job,1
KD-106-R2,JCHEW,Dissatisfaction with Salary and Benefits,1
KD-106-R2,Medical Lab Technician,Dissatisfaction with Salary and Benefits,1
KD-106-R3,Nurse/Midwife,Access to Salary,1
KD-106-R3,Nurse/Midwife,Poor Health Facility Infrastructure,1
KD-106-R3,CHEW,Access to Salary,1
KD-106-R3,JCHEW,Dissatisfaction with Salary and Benefits,2
KD-106-R4,Nurse/Midwife,Dissatisfaction with Salary and Benefits,1
KD-106-R4,CHEW,Family Responsibilities,1
KD-106-R4,CHEW,Shift,1
KD-106-R4,CHEW,"Leave (Study, Annual, Maternity, etc.)",1
KD-106-R4,JCHEW,Transportation Problems,1
KD-106-R4,JCHEW,"Leave (Study, Annual, Maternity, etc.)",1
KD-106-R5,Medical Officer,Family Responsibilities,1
KD-106-R5,CHO,Funeral,1
KD-106-R5,JCHEW,Transportation Problems,1
KD-106-R6,Nurse/Midwife,Weddings,1
KD-106-R6,CHO,Personal Health Issues,1
KD-106-R6,CHO,Lack of Professional Development Opportunities,1
KD-106-R6,CHEW,Personal Health Issues,1
KD-106-R6,CHEW,Dissatisfaction with Salary and Benefits,1
KD-106-R6,CHEW,High Workload and Stress,1
KD-106-R6,JCHEW,Poor Health Facility Infrastructure,1
KD-106-R6,Medical Records Officer,Shift,1
KD-106-R6,Medical Records Officer,"Leave (Study, Annual, Maternity, etc.)",1
KD-107-R1,CHEW,Access to Salary,2
KD-107-R1,CHEW,"Leave (Study, Annual, Maternity, etc.)",1
KD-107-R1,CHEW,Family Responsibilities,1
KD-107-R2,Nurse/Midwife,"Leave (Study, Annual, Maternity, etc.)",1
KD-107-R2,CHEW,Transportation Problems,1
KD-107-R2,CHEW,Family Responsibilities,1
KD-107-R2,CHEW,Shift,1
KD-107-R2,CHEW,Policy and Governance Issues,1
KD-107-R2,Pharmacy Technician,High Workload and Stress,1
KD-107-R3,Nurse/Midwife,Personal Health Issues,1
KD-107-R3,CHEW,Unrest,1
KD-107-R3,CHEW,Long Distance to Workplace,1
KD-107-R3,CHEW,Family Responsibilities,1
KD-107-R3,Pharmacy Technician,Dissatisfaction with Salary and Benefits,1
KD-107-R4,Nurse/Midwife,Long Distance to Workplace,1
KD-107-R4,Nurse/Midwife,Transportation Problems,1
KD-107-R4,CHO,Workshop and Training,1
KD-107-R4,CHEW,Access to Salary,1
KD-107-R4,CHEW,Lack of Professional Development Opportunities,1
KD-107-R5,Nurse/Midwife,"Leave (Study, Annual, Maternity, etc.)",1
KD-107-R5,CHEW,Shift,1
KD-107-R5,CHEW,Long Distance to Workplace,1
KD-107-R6,CHO,Crime,1
KD-107-R6,CHEW,Personal Health Issues,1
KD-107-R6,CHEW,Family Responsibilities,1
KD-107-R6,CHEW,Transportation Problems,1
KD-107-R6,Pharmacy Technician,Transportation Problems,1
KD-108-R1,Nurse/Midwife,Personal Health Issues,1
KD-108-R1,Nurse/Midwife,Funeral,1
KD-108-R1,Nurse/Midwife,Family Responsibilities,1
KD-108-R1,CHO,Dissatisfaction with Job,1
KD-108-R1,CHO,Poor Health Facility Infrastructure,1
KD-108-R1,CHEW,Weddings,1
KD-108-R1,Medical Records Officer,Personal Health Issues,1
KD-108-R2,Nurse/Midwife,Poor Health Facility Infrastructure,1
KD-108-R2,Nurse/Midwife,Policy and Governance Issues,1
KD-108-R2,Nurse/Midwife,Workshop and Training,1
KD-108-R2,Medical Records Officer,Personal Health Issues,1
KD-108-R2,Pharmacy Technician,Access to Salary,1
KD-108-R3,Nurse/Midwife,Dissatisfaction with Salary and Benefits,2
KD-108-R3,Nurse/Midwife,Policy and Governance Issues,1
KD-108-R3,CHO,Shift,1
KD-108-R3,CHEW,Family Responsibilities,1
KD-108-R3,JCHEW,Workshop and Training,1
KD-108-R3,Medical Lab Technician,Personal Health Issues,1
KD-108-R3,Medical Records Officer,Personal Health Issues,2
KD-108-R4,Nurse/Midwife,Family Responsibilities,1
KD-108-R4,Nurse/Midwife,Unrest,1
KD-108-R4,Nurse/Midwife,Personal Health Issues,1
KD-108-R4,Nurse/Midwife,"Leave (Study, Annual, Maternity, etc.)",1
KD-108-R4,CHO,Crime,1
KD-108-R4,CHEW,High Workload and Stress,1
KD-108-R4,JCHEW,Dissatisfaction with Salary and Benefits,1
KD-108-R4,Medical Lab Technician,Lack of Professional Development Opportunities,1
KD-108-R4,Pharmacy Technician,Shift,1
KD-108-R5,Medical Officer,Shift,1
KD-108-R5,Nurse/Midwife,Personal Health Issues,1
KD-108-R5,Nurse/Midwife,Long Distance to Workplace,1
KD-108-R5,Nurse/Midwife,Family Responsibilities,1
KD-108-R5,CHEW,"Leave (Study, Annual, Maternity, etc.)",1
KD-108-R5,JCHEW,Workshop and Training,2
KD-108-R5,Medical Records Officer,Policy and Governance Issues,1
KD-108-R5,Medical Records Officer,Long Distance to Workplace,1
KD-108-R5,Pharmacy Technician,Funeral,1
KD-108-R6,Nurse/Midwife,Long Distance to Workplace,1
KD-108-R6,CHEW,Shift,1
KD-108-R6,JCHEW,Funeral,1
KD-108-R6,Medical Lab Technician,Personal Health Issues,1
KD-108-R6,Medical Records Officer,Meetings,1
KD-109-R1,Nurse/Midwife,Shift,1
KD-109-R1,CHEW,Shift,1
KD-109-R2,Nurse/Midwife,Workshop and Training,1
KD-109-R2,Nurse/Midwife,Personal Health Issues,1
KD-109-R2,CHEW,Family Responsibilities,1
KD-109-R3,Medical Officer,Dissatisfaction with Salary and Benefits,1
KD-109-R3,Nurse/Midwife,Access to Salary,1
KD-109-R3,CHEW,Family Responsibilities,1
KD-109-R3,CHEW,Dissatisfaction with Salary and Benefits,1
KD-109-R3,CHEW,"Leave (Study, Annual, Maternity, etc.)",1
KD-109-R3,CHEW,Long Distance to Workplace,1
KD-109-R3,Pharmacy Technician,Dissatisfaction with Salary and Benefits,1
KD-109-R4,Nurse/Midwife,Access to Salary,1
KD-109-R4,Nurse/Midwife,Long Distance to Workplace,1
KD-109-R4,Nurse/Midwife,"Leave (Study, Annual, Maternity, etc.)",1
KD-109-R4,CHO,Family Responsibilities,1
KD-109-R4,CHEW,Transportation Problems,1
KD-109-R4,CHEW,Meetings,1
KD-109-R4,Pharmacy Technician,Weddings,1
KD-109-R5,Medical Officer,Long Distance to Workplace,1
KD-109-R5,CHO,High Workload and Stress,1
KD-109-R5,CHEW,Family Responsibilities,1
KD-109-R5,Pharmacy Technician,High Workload and Stress,1
KD-109-R6,Medical Officer,Funeral,1
KD-109-R6,Nurse/Midwife,Transportation Problems,1
KD-109-R6,Nurse/Midwife,Dissatisfaction with Job,1
KD-109-R6,CHEW,Dissatisfaction with Salary and Benefits,1
KD-109-R6,CHEW,"Leave (Study, Annual, Maternity, etc.)",1
KD-110-R1,CHO,Crime,1
KD-110-R1,CHO,Dissatisfaction with Salary and Benefits,1
KD-110-R1,CHEW,Workshop and Training,1
KD-110-R1,CHEW,Policy and Governance Issues,1
KD-110-R1,JCHEW,Access to Salary,1
KD-110-R2,CHO,Funeral,1
KD-110-R2,CHEW,Access to Salary,1
KD-110-R2,JCHEW,Long Distance to Workplace,1
KD-110-R2,Medical Records Officer,Long Distance to Workplace,1
KD-110-R2,Pharmacy Technician,Crime,1
KD-110-R3,CHO,Long Distance to Workplace,1
KD-110-R3,CHEW,Shift,1
KD-110-R3,Medical Lab Technician,"Leave (Study, Annual, Maternity, etc.)",1
KD-110-R4,Nurse/Midwife,Personal Health Issues,1
KD-110-R4,CHO,"Leave (Study, Annual, Maternity, etc.)",1
KD-110-R4,CHO,Funeral,1
KD-110-R4,CHEW,Access to Salary,1
KD-110-R4,CHEW,Lack of Professional Development Opportunities,1
KD-110-R4,JCHEW,Workshop and Training,1
KD-110-R4,Medical Records Officer,Long Distance to Workplace,1
KD-110-R5,Nurse/Midwife,Long Distance to Workplace,1
KD-110-R5,CHO,"Leave (Study, Annual, Maternity, etc.)",1
KD-110-R5,CHO,Personal Health Issues,1
KD-110-R5,CHEW,Long Distance to Workplace,1
KD-110-R5,CHEW,Dissatisfaction with Salary and Benefits,1
KD-110-R5,CHEW,Personal Health Issues,1
KD-110-R5,Pharmacy Technician,Workshop and Training,1
KD-110-R6,Nurse/Midwife,"Leave (Study, Annual, Maternity, etc.)",1
KD-110-R6,CHEW,"Leave (Study, Annual, Maternity, etc.)",1
KD-110-R6,CHEW,Dissatisfaction with Job,1
KD-110-R6,JCHEW,Transportation Problems,1
KD-110-R6,Medical Records Officer,Personal Health Issues,1
KD-111-R1,CHEW,Personal Health Issues,2
KD-111-R3,CHEW,Personal Health Issues,1
KD-111-R3,CHEW,Policy and Governance Issues,1
KD-111-R5,CHO,Unrest,1
KD-111-R5,CHEW,High Workload and Stress,1
KD-111-R6,CHEW,Dissatisfaction with Salary and Benefits,1
KD-112-R1,Nurse/Midwife,Weddings,1
KD-112-R2,CHEW,Family Responsibilities,1
KD-112-R2,JCHEW,Funeral,1
KD-112-R3,Nurse/Midwife,Family Responsibilities,1
KD-112-R4,Nurse/Midwife,Dissatisfaction with Salary and Benefits,1
KD-112-R4,CHEW,Dissatisfaction with Salary and Benefits,1
KD-112-R4,CHEW,Meetings,1
KD-112-R4,CHEW,Access to Salary,1
KD-112-R4,Environmental Health Officer,Personal Health Issues,1
KD-112-R5,Nurse/Midwife,Workshop and Training,1
KD-112-R5,CHEW,Access to Salary,1
KD-112-R6,Nurse/Midwife,Meetings,1
KD-112-R6,CHEW,Meetings,1
KD-113-R1,Nurse/Midwife,Meetings,1
KD-113-R1,CHO,Shift,1
KD-113-R1,JCHEW,Unrest,1
KD-113-R2,Nurse/Midwife,Access to Salary,1
KD-113-R2,CHO,"Leave (Study, Annual, Maternity, etc.)",1
KD-113-R2,CHEW,Shift,1
KD-113-R2,CHEW,Unrest,1
KD-113-R3,Nurse/Midwife,Shift,1
KD-113-R3,CHEW,"Leave (Study, Annual, Maternity, etc.)",2
KD-113-R3,CHEW,Family Responsibilities,1
KD-113-R4,Nurse/Midwife,Policy and Governance Issues,1
KD-113-R4,CHEW,Dissatisfaction with Salary and Benefits,1
KD-113-R4,CHEW,Unrest,1
KD-113-R4,CHEW,Funeral,1
KD-113-R5,CHEW,Shift,1
KD-113-R6,CHO,Transportation Problems,1
KD-113-R6,CHEW,Shift,1
KD-113-R6,CHEW,Family Responsibilities,1
KD-113-R6,JCHEW,Funeral,1
KD-114-R1,Nurse/Midwife,Funeral,1
KD-114-R1,CHO,"Leave (Study, Annual, Maternity, etc.)",1
KD-114-R1,JCHEW,Meetings,1
KD-114-R1,JCHEW,Family Responsibilities,1
KD-114-R1,Medical Lab Technician,Workshop and Training,1
KD-114-R1,Environmental Health Officer,Personal Health Issues,1
KD-114-R2,Nurse/Midwife,Meetings,1
KD-114-R2,Pharmacy Technician,Access to Salary,1
KD-114-R2,Environmental Health Officer,Transportation Problems,1
KD-114-R3,Nurse/Midwife,"Leave (Study, Annual, Maternity, etc.)",1
KD-114-R3,CHEW,Shift,1
KD-114-R3,CHEW,"Leave (Study, Annual, Maternity, etc.)",1
KD-114-R3,JCHEW,"Leave (Study, Annual, Maternity, etc.)",1
KD-114-R3,Medical Lab Technician,"Leave (Study, Annual, Maternity, etc.)",1
KD-114-R4,Medical Officer,Dissatisfaction with Salary and Benefits,1
KD-114-R4,Nurse/Midwife,Long Distance to Workplace,1
KD-114-R4,Nurse/Midwife,Dissatisfaction with Salary and Benefits,1
KD-114-R4,CHEW,"Leave (Study, Annual, Maternity, etc.)",1
KD-114-R4,CHEW,High Workload and Stress,1
KD-114-R4,JCHEW,Crime,1
KD-114-R4,JCHEW,Transportation Problems,1
KD-114-R4,Environmental Health Officer,Access to Salary,1
KD-114-R5,Medical Officer,Access to Salary,1
KD-114-R5,Nurse/Midwife,Policy and Governance Issues,1
KD-114-R5,Nurse/Midwife,Transportation Problems,1
KD-114-R5,CHEW,Shift,1
KD-114-R5,CHEW,Personal Health Issues,1
KD-114-R5,JCHEW,Dissatisfaction with Salary and Benefits,1
KD-114-R5,JCHEW,Funeral,1
KD-114-R5,JCHEW,Long Distance to Workplace,1
KD-114-R6,Medical Officer,Funeral,1
KD-114-R6,Nurse/Midwife,Access to Salary,1
KD-114-R6,CHO,Dissatisfaction with Job,1
KD-114-R6,Medical Lab Technician,Transportation Problems,1
KD-115-R1,Medical Officer,Funeral,1
KD-115-R1,Medical Officer,Shift,1
KD-115-R1,Medical Officer,Dissatisfaction with Salary and Benefits,1
KD-115-R1,Nurse/Midwife,"Leave (Study, Annual, Maternity, etc.)",3
KD-115-R1,Nurse/Midwife,High Workload and Stress,2
KD-115-R1,Nurse/Midwife,Access to Salary,1
KD-115-R1,Nurse/Midwife,Dissatisfaction with Salary and Benefits,1
KD-115-R1,JCHEW,"Leave (Study, Annual, Maternity, etc.)",1
KD-115-R1,Medical Lab Technician,Personal Health Issues,1
KD-115-R1,Pharmacy Technician,Shift,1
KD-115-R2,Medical Officer,High Workload and Stress,1
KD-115-R2,Medical Officer,Long Distance to Workplace,1
KD-115-R2,Medical Officer,Meetings,1
KD-115-R2,Medical Officer,Shift,1
KD-115-R2,Medical Officer,Personal Health Issues,1
KD-115-R2,Nurse/Midwife,Dissatisfaction with Salary and Benefits,1
KD-115-R2,Nurse/Midwife,Workshop and Training,1
KD-115-R2,Nurse/Midwife,Dissatisfaction with Job,1
KD-115-R2,Nurse/Midwife,Meetings,1
KD-115-R2,CHO,Family Responsibilities,1
KD-115-R2,JCHEW,"Leave (Study, Annual, Maternity, etc.)",1
KD-115-R2,JCHEW,Shift,1
KD-115-R2,Pharmacy Technician,Shift,1
KD-115-R3,Medical Officer,Workshop and Training,1
KD-115-R3,Medical Officer,Family Responsibilities,1
KD-115-R3,Medical Officer,Shift,1
KD-115-R3,Nurse/Midwife,Long Distance to Workplace,1
KD-115-R3,Nurse/Midwife,Dissatisfaction with Salary and Benefits,1
KD-115-R3,Nurse/Midwife,Dissatisfaction with Job,1
KD-115-R3,Nurse/Midwife,Personal Health Issues,1
KD-115-R3,CHO,High Workload and Stress,1
KD-115-R3,CHEW,Workshop and Training,1
KD-115-R3,JCHEW,Dissatisfaction with Job,1
KD-115-R3,Medical Lab Technician,Shift,1
KD-115-R3,Medical Records Officer,Unrest,1
KD-115-R3,Medical Records Officer,Long Distance to Workplace,1
KD-115-R4,Medical Officer,"Leave (Study, Annual, Maternity, etc.)",1
KD-115-R4,Medical Officer,Personal Health Issues,1
KD-115-R4,Medical Officer,Long Distance to Workplace,1
KD-115-R4,Nurse/Midwife,"Leave (Study, Annual, Maternity, etc.)",1
KD-115-R4,Nurse/Midwife,Workshop and Training,1
KD-115-R4,Nurse/Midwife,Transportation Problems,1
KD-115-R4,Nurse/Midwife,Funeral,1
KD-115-R4,Nurse/Midwife,Policy and Governance Issues,1
KD-115-R4,Nurse/Midwife,Personal Health Issues,1
KD-115-R4,Nurse/Midwife,High Workload and Stress,1
KD-115-R4,Nurse/Midwife,Family Responsibilities,1
KD-115-R4,Nurse/Midwife,Long Distance to Workplace,1
KD-115-R4,CHO,Meetings,1
KD-115-R4,JCHEW,Shift,1
KD-115-R4,JCHEW,"Leave (Study, Annual, Maternity, etc.)",1
KD-115-R4,JCHEW,Funeral,1
KD-115-R4,Medical Lab Technician,Dissatisfaction with Salary and Benefits,1
KD-115-R4,Medical Lab Technician,Access to Salary,1
KD-115-R4,Medical Lab Technician,Dissatisfaction with Job,1
KD-115-R4,Medical Records Officer,Family Responsibilities,1
KD-115-R5,Medical Officer,Dissatisfaction with Job,1
KD-115-R5,Medical Officer,Personal Health Issues,1
KD-115-R5,Nurse/Midwife,Meetings,1
KD-115-R5,Nurse/Midwife,Funeral,1
KD-115-R5,Nurse/Midwife,"Leave (Study, Annual, Maternity, etc.)",1
KD-115-R5,Nurse/Midwife,Lack of Professional Development Opportunities,1
KD-115-R5,Nurse/Midwife,Shift,1
KD-115-R5,CHO,Transportation Problems,1
KD-115-R5,CHO,Weddings,1
KD-115-R5,JCHEW,Meetings,1
KD-115-R5,JCHEW,Access to Salary,1
KD-115-R5,JCHEW,Long Distance to Workplace,1
KD-115-R5,Medical Lab Technician,Shift,1
KD-115-R5,Pharmacy Technician,Meetings,1
KD-115-R5,Pharmacy Technician,Personal Health Issues,1
KD-115-R5,Pharmacy Technician,"Leave (Study, Annual, Maternity, etc.)",1
KD-115-R6,Medical Officer,"Leave (Study, Annual, Maternity, etc.)",2
KD-115-R6,Medical Officer,Meetings,2
KD-115-R6,Medical Officer,Workshop and Training,1
KD-115-R6,Medical Officer,Access to Salary,1
KD-115-R6,Nurse/Midwife,Transportation Problems,2
KD-115-R6,Nurse/Midwife,Long Distance to Workplace,1
KD-115-R6,Nurse/Midwife,Weddings,1
KD-115-R6,Nurse/Midwife,Crime,1
KD-115-R6,Nurse/Midwife,Family Responsibilities,1
KD-115-R6,CHO,Shift,1
KD-115-R6,JCHEW,Access to Salary,1
KD-115-R6,JCHEW,Personal Health Issues,1
KD-115-R6,Medical Lab Technician,Access to Salary,1
KD-115-R6,Pharmacy Technician,Access to Salary,2
KD-115-R6,Pharmacy Technician,Meetings,1
KD-116-R1,Nurse/Midwife,Weddings,1
KD-116-R1,CHEW,Workshop and Training,1
KD-116-R1,Medical Lab Technician,Meetings,1
KD-116-R2,Nurse/Midwife,Long Distance to Workplace,1
KD-116-R2,CHEW,Access to Salary,1
KD-116-R2,CHEW,Transportation Problems,1
KD-116-R2,JCHEW,Personal Health Issues,1
KD-116-R2,JCHEW,"Leave (Study, Annual, Maternity, etc.)",1
KD-116-R3,Nurse/Midwife,Workshop and Training,1
KD-116-R3,CHEW,Family Responsibilities,1
KD-116-R3,JCHEW,Dissatisfaction with Salary and Benefits,1
KD-116-R3,JCHEW,Transportation Problems,1
KD-116-R3,Medical Lab Technician,Transportation Problems,1
KD-116-R4,CHEW,Personal Health Issues,1
KD-116-R4,CHEW,Workshop and Training,1
KD-116-R4,CHEW,Transportation Problems,1
KD-116-R4,JCHEW,Dissatisfaction with Job,1
KD-116-R4,JCHEW,Personal Health Issues,1
KD-116-R4,Medical Lab Technician,Dissatisfaction with Salary and Benefits,1
KD-116-R4,Medical Lab Technician,Workshop and Training,1
KD-116-R5,CHEW,Access to Salary,1
KD-116-R6,CHEW,Workshop and Training,1
KD-117-R1,Medical Officer,Unrest,1
KD-117-R1,CHEW,Transportation Problems,1
KD-117-R1,JCHEW,Long Distance to Workplace,2
KD-117-R1,JCHEW,Transportation Problems,1
KD-117-R2,Nurse/Midwife,"Leave (Study, Annual, Maternity, etc.)",1
KD-117-R2,Nurse/Midwife,Shift,1
KD-117-R2,CHO,Access to Salary,1
KD-117-R2,JCHEW,"Leave (Study, Annual, Maternity, etc.)",1
KD-117-R2,JCHEW,Family Responsibilities,1
KD-117-R3,CHO,"Leave (Study, Annual, Maternity, etc.)",1
KD-117-R3,CHEW,High Workload and Stress,1
KD-117-R3,JCHEW,"Leave (Study, Annual, Maternity, etc.)",1
KD-117-R3,JCHEW,Personal Health Issues,1
KD-117-R3,JCHEW,Long Distance to Workplace,1
KD-117-R4,Medical Officer,Funeral,1
KD-117-R4,Medical Officer,Long Distance to Workplace,1
KD-117-R4,Nurse/Midwife,Long Distance to Workplace,1
KD-117-R4,Nurse/Midwife,Poor Health Facility Infrastructure,1
KD-117-R4,CHEW,Meetings,2
KD-117-R4,CHEW,Workshop and Training,1
KD-117-R4,JCHEW,Access to Salary,1
KD-117-R4,JCHEW,High Workload and Stress,1
KD-117-R5,CHO,Long Distance to Workplace,1
KD-117-R5,CHEW,Access to Salary,1
KD-117-R6,Nurse/Midwife,Personal Health Issues,1
KD-117-R6,CHO,Shift,1
KD-117-R6,CHEW,Dissatisfaction with Salary and Benefits,1
KD-117-R6,CHEW,Shift,1
KD-117-R6,JCHEW,"Leave (Study, Annual, Maternity, etc.)",1
KD-117-R6,JCHEW,Funeral,1
KD-117-R6,JCHEW,Transportation Problems,1
KD-118-R1,CHEW,Access to Salary,1
KD-118-R1,CHEW,Dissatisfaction with Salary and Benefits,1
KD-118-R1,JCHEW,"Leave (Study, Annual, Maternity, etc.)",1
KD-118-R2,Nurse/Midwife,Weddings,1
KD-118-R2,CHEW,Dissatisfaction with Salary and Benefits,1
KD-118-R2,CHEW,Policy and Governance Issues,1
KD-118-R2,CHEW,Long Distance to Workplace,1
KD-118-R2,JCHEW,Long Distance to Workplace,1
KD-118-R2,JCHEW,Shift,1
KD-118-R3,Nurse/Midwife,Transportation Problems,2
KD-118-R3,Nurse/Midwife,Workshop and Training,1
KD-118-R3,CHEW,Meetings,1
KD-118-R3,CHEW,Long Distance to Workplace,1
KD-118-R3,JCHEW,Access to Salary,2
KD-118-R3,JCHEW,Personal Health Issues,1
KD-118-R3,JCHEW,Dissatisfaction with Salary and Benefits,1
KD-118-R4,Nurse/Midwife,Access to Salary,1
KD-118-R4,CHEW,Personal Health Issues,1
KD-118-R4,CHEW,Workshop and Training,1
KD-118-R4,CHEW,Access to Salary,1
KD-118-R4,JCHEW,Weddings,1
KD-118-R5,Nurse/Midwife,Weddings,2
KD-118-R5,Nurse/Midwife,Transportation Problems,1
KD-118-R5,JCHEW,Dissatisfaction with Job,1
KD-118-R6,Nurse/Midwife,Workshop and Training,1
KD-118-R6,Nurse/Midwife,Shift,1
KD-118-R6,CHEW,Meetings,1
KD-118-R6,CHEW,Access to Salary,1
KD-118-R6,JCHEW,Long Distance to Workplace,1
KD-119-R1,CHO,Transportation Problems,1
KD-119-R2,Nurse/Midwife,Funeral,1
KD-119-R2,JCHEW,Family Responsibilities,1
KD-119-R2,JCHEW,Poor Health Facility Infrastructure,1
KD-119-R2,Medical Records Officer,Family Responsibilities,1
KD-119-R2,Medical Records Officer,Dissatisfaction with Job,1
KD-119-R3,CHO,Family Responsibilities,1
KD-119-R3,CHO,"Leave (Study, Annual, Maternity, etc.)",1
KD-119-R3,Environmental Health Officer,Poor Health Facility Infrastructure,1
KD-119-R4,Nurse/Midwife,Weddings,1
KD-119-R4,CHO,Transportation Problems,1
KD-119-R4,Medical Records Officer,Funeral,1
KD-119-R5,JCHEW,Poor Health Facility Infrastructure,1
KD-119-R6,CHO,Family Responsibilities,1
KD-119-R6,Medical Records Officer,Transportation Problems,2
KD-120-R1,CHEW,Long Distance to Workplace,1
KD-120-R3,CHEW,Transportation Problems,1
KD-120-R3,CHEW,Family Responsibilities,1
KD-120-R4,CHEW,Family Responsibilities,1
KD-120-R4,CHEW,Transportation Problems,1
KD-120-R4,CHEW,"Leave (Study, Annual, Maternity, etc.)",1
KD-120-R5,CHEW,Shift,1
KD-121-R1,CHO,Transportation Problems,1
KD-121-R1,CHEW,Access to Salary,1
KD-121-R1,Medical Lab Technician,Family Responsibilities,1
KD-121-R1,Pharmacy Technician,Weddings,1
KD-121-R2,CHEW,Workshop and Training,1
KD-121-R3,Nurse/Midwife,"Leave (Study, Annual, Maternity, etc.)",1
KD-121-R3,CHO,Family Responsibilities,1
KD-121-R3,CHO,Personal Health Issues,1
KD-121-R3,Medical Lab Technician,Workshop and Training,1
KD-121-R4,Nurse/Midwife,Family Responsibilities,1
KD-121-R4,CHO,Personal Health Issues,1
KD-121-R4,JCHEW,"Leave (Study, Annual, Maternity, etc.)",1
KD-121-R4,JCHEW,Transportation Problems,1
KD-121-R4,Pharmacy Technician,Access to Salary,1
KD-121-R5,Nurse/Midwife,"Leave (Study, Annual, Maternity, etc.)",1
KD-121-R5,Nurse/Midwife,Meetings,1
KD-121-R5,CHO,Shift,1
KD-121-R5,CHEW,Policy and Governance Issues,1
KD-121-R6,Nurse/Midwife,Personal Health Issues,1
KD-121-R6,Nurse/Midwife,Funeral,1
KD-121-R6,CHEW,Personal Health Issues,1
KD-122-R1,Medical Officer,Unrest,1
KD-122-R1,Nurse/Midwife,Dissatisfaction with Salary and Benefits,1
KD-122-R1,CHEW,Shift,1
KD-122-R1,CHEW,Dissatisfaction with Salary and Benefits,1
KD-122-R1,CHEW,Weddings,1
KD-122-R1,JCHEW,Shift,1
KD-122-R1,JCHEW,Workshop and Training,1
KD-122-R1,JCHEW,"Leave (Study, Annual, Maternity, etc.)",1
KD-122-R1,JCHEW,High Workload and Stress,1
KD-122-R1,JCHEW,Weddings,1
KD-122-R2,Nurse/Midwife,Dissatisfaction with Job,1
KD-122-R2,JCHEW,Poor Health Facility Infrastructure,1
KD-122-R2,JCHEW,Dissatisfaction with Salary and Benefits,1
KD-122-R2,JCHEW,Access to Salary,1
KD-122-R2,Environmental Health Officer,Personal Health Issues,1
KD-122-R3,Nurse/Midwife,Long Distance to Workplace,1
KD-122-R3,CHEW,Access to Salary,1
KD-122-R3,JCHEW,Family Responsibilities,1
KD-122-R3,Medical Records Officer,High Workload and Stress,1
KD-122-R3,Medical Records Officer,Workshop and Training,1
KD-122-R4,Medical Officer,Personal Health Issues,1
KD-122-R4,JCHEW,Transportation Problems,1
KD-122-R4,JCHEW,Access to Salary,1
KD-122-R5,CHEW,Long Distance to Workplace,1
KD-122-R5,Medical Records Officer,Lack of Professional Development Opportunities,1
KD-122-R6,JCHEW,Access to Salary,1
KD-123-R1,CHO,Personal Health Issues,1
KD-123-R1,CHO,Family Responsibilities,1
KD-123-R1,Medical Lab Technician,Personal Health Issues,1
KD-123-R2,Medical Officer,Poor Health Facility Infrastructure,1
KD-123-R2,CHO,Long Distance to Workplace,1
KD-123-R2,JCHEW,Family Responsibilities,1
KD-123-R2,JCHEW,Shift,1
KD-123-R2,Medical Records Officer,"Leave (Study, Annual, Maternity, etc.)",1
KD-123-R2,Medical Records Officer,Funeral,1
KD-123-R3,Medical Records Officer,Shift,1
KD-123-R3,Pharmacy Technician,Family Responsibilities,1
KD-123-R4,CHO,Lack of Professional Development Opportunities,1
KD-123-R4,CHO,Access to Salary,1
KD-123-R4,CHEW,Long Distance to Workplace,1
KD-123-R4,CHEW,Shift,1
KD-123-R4,JCHEW,Family Responsibilities,1
KD-123-R4,JCHEW,Dissatisfaction with Salary and Benefits,1
KD-123-R4,JCHEW,Shift,1
KD-123-R4,Pharmacy Technician,Meetings,1
KD-123-R5,Medical Officer,Crime,1
KD-123-R5,JCHEW,Funeral,1
KD-123-R5,Medical Records Officer,Long Distance to Workplace,1
KD-123-R6,JCHEW,Access to Salary,1
KD-123-R6,Medical Lab Technician,High Workload and Stress,1
KD-124-R1,Nurse/Midwife,Family Responsibilities,1
KD-124-R1,JCHEW,Crime,1
KD-124-R3,Nurse/Midwife,Workshop and Training,1
KD-124-R3,CHEW,Weddings,1
KD-124-R3,JCHEW,Funeral,1
KD-124-R4,CHEW,Access to Salary,1
KD-124-R4,JCHEW,Long Distance to Workplace,1
KD-124-R4,Environmental Health Officer,Workshop and Training,1
KD-124-R5,CHEW,Personal Health Issues,1
KD-124-R5,CHEW,Long Distance to Workplace,1
KD-124-R5,JCHEW,"Leave (Study, Annual, Maternity, etc.)",1
KD-124-R5,JCHEW,Long Distance to Workplace,1
KD-124-R6,Nurse/Midwife,"Leave (Study, Annual, Maternity, etc.)",1
KD-124-R6,JCHEW,Shift,1
KD-124-R6,JCHEW,Lack of Professional Development Opportunities,1
KD-125-R1,JCHEW,Transportation Problems,1
KD-125-R4,JCHEW,"Leave (Study, Annual, Maternity, etc.)",1
KD-126-R1,Medical Officer,"Leave (Study, Annual, Maternity, etc.)",1
KD-126-R1,Nurse/Midwife,Personal Health Issues,1
KD-126-R1,Nurse/Midwife,Policy and Governance Issues,1
KD-126-R1,Nurse/Midwife,Funeral,1
KD-126-R1,Nurse/Midwife,"Leave (Study, Annual, Maternity, etc.)",1
KD-126-R1,Nurse/Midwife,Workshop and Training,1
KD-126-R1,CHEW,Funeral,1
KD-126-R1,CHEW,High Workload and Stress,1
KD-126-R1,JCHEW,Dissatisfaction with Salary and Benefits,1
KD-126-R1,Medical Lab Technician,"Leave (Study, Annual, Maternity, etc.)",1
KD-126-R2,Medical Officer,Unrest,1
KD-126-R2,Medical Officer,"Leave (Study, Annual, Maternity, etc.)",1
KD-126-R2,Nurse/Midwife,"Leave (Study, Annual, Maternity, etc.)",2
KD-126-R2,Nurse/Midwife,Access to Salary,1
KD-126-R2,Nurse/Midwife,Family Responsibilities,1
KD-126-R2,Nurse/Midwife,Funeral,1
KD-126-R2,Nurse/Midwife,High Workload and Stress,1
KD-126-R2,CHO,Meetings,1
KD-126-R2,CHEW,Personal Health Issues,1
KD-126-R2,CHEW,Weddings,1
KD-126-R2,JCHEW,Family Responsibilities,1
KD-126-R2,Medical Lab Technician,Long Distance to Workplace,1
KD-126-R2,Medical Lab Technician,"Leave (Study, Annual, Maternity, etc.)",1
KD-126-R3,Medical Officer,Workplace Conflict,1
KD-126-R3,Medical Officer,Policy and Governance Issues,1
KD-126-R3,Medical Officer,Shift,1
KD-126-R3,Nurse/Midwife,Access to Salary,1
KD-126-R3,Nurse/Midwife,Dissatisfaction with Job,1
KD-126-R3,Nurse/Midwife,Transportation Problems,1
KD-126-R3,Nurse/Midwife,Workshop and Training,1
KD-126-R3,Nurse/Midwife,Family Responsibilities,1
KD-126-R3,Nurse/Midwife,Long Distance to Workplace,1
KD-126-R3,CHO,Dissatisfaction with Job,2
KD-126-R3,CHO,Long Distance to Workplace,2
KD-126-R3,CHO,Family Responsibilities,1
KD-126-R3,CHO,Funeral,1
KD-126-R3,CHEW,Workshop and Training,1
KD-126-R3,CHEW,Personal Health Issues,1
KD-126-R3,JCHEW,Personal Health Issues,1
KD-126-R3,Medical Lab Technician,Lack of Professional Development Opportunities,1
KD-126-R3,Medical Lab Technician,Shift,1
KD-126-R3,Medical Records Officer,Dissatisfaction with Job,1
KD-126-R3,Environmental Health Officer,Transportation Problems,1
KD-126-R4,Medical Officer,Weddings,1
KD-126-R4,Medical Officer,"Leave (Study, Annual, Maternity, etc.)",1
KD-126-R4,Medical Officer,Dissatisfaction with Salary and Benefits,1
KD-126-R4,Nurse/Midwife,Access to Salary,5
KD-126-R4,Nurse/Midwife,Meetings,2
KD-126-R4,Nurse/Midwife,"Leave (Study, Annual, Maternity, etc.)",2
KD-126-R4,Nurse/Midwife,Workplace Conflict,1
KD-126-R4,Nurse/Midwife,Personal Health Issues,1
KD-126-R4,CHO,Personal Health Issues,1
KD-126-R4,CHO,Family Responsibilities,1
KD-126-R4,CHEW,Weddings,1
KD-126-R4,CHEW,"Leave (Study, Annual, Maternity, etc.)",1
KD-126-R4,CHEW,Dissatisfaction with Salary and Benefits,1
KD-126-R4,CHEW,Access to Salary,1
KD-126-R4,CHEW,Transportation Problems,1
KD-126-R4,JCHEW,Family Responsibilities,1
KD-126-R4,Medical Lab Technician,Access to Salary,1
KD-126-R4,Medical Records Officer,Family Responsibilities,1
KD-126-R4,Environmental Health Officer,Personal Health Issues,1
KD-126-R5,Medical Officer,Personal Health Issues,1
KD-126-R5,Nurse/Midwife,Shift,1
KD-126-R5,Nurse/Midwife,Access to Salary,1
KD-126-R5,Nurse/Midwife,Workshop and Training,1
KD-126-R5,Nurse/Midwife,Transportation Problems,1
KD-126-R5,Nurse/Midwife,Weddings,1
KD-126-R5,Nurse/Midwife,Dissatisfaction with Salary and Benefits,1
KD-126-R5,CHO,Shift,1
KD-126-R5,CHO,Family Responsibilities,1
KD-126-R5,CHEW,Personal Health Issues,1
KD-126-R5,JCHEW,High Workload and Stress,1
KD-126-R5,JCHEW,Workshop and Training,1
KD-126-R5,Medical Lab Technician,"Leave (Study, Annual, Maternity, etc.)",1
KD-126-R5,Medical Records Officer,Personal Health Issues,1
KD-126-R5,Medical Records Officer,Weddings,1
KD-126-R5,Medical Records Officer,Funeral,1
KD-126-R6,Medical Officer,Meetings,1
KD-126-R6,Nurse/Midwife,Workshop and Training,1
KD-126-R6,Nurse/Midwife,Long Distance to Workplace,1
KD-126-R6,Nurse/Midwife,Shift,1
KD-126-R6,Nurse/Midwife,"Leave (Study, Annual, Maternity, etc.)",1
KD-126-R6,Nurse/Midwife,Meetings,1
KD-126-R6,CHO,Transportation Problems,1
KD-126-R6,JCHEW,Dissatisfaction with Job,1
KD-126-R6,Medical Lab Technician,Personal Health Issues,1
KD-126-R6,Medical Records Officer,Funeral,1
KD-127-R1,Nurse/Midwife,Shift,1
KD-127-R1,Nurse/Midwife,Long Distance to Workplace,1
KD-127-R1,CHEW,"Leave (Study, Annual, Maternity, etc.)",1
KD-127-R1,JCHEW,Personal Health Issues,1
KD-127-R1,Medical Lab Technician,Long Distance to Workplace,1
KD-127-R1,Medical Records Officer,Access to Salary,1
KD-127-R2,CHO,Shift,1
KD-127-R2,CHEW,Workplace Conflict,1
KD-127-R2,JCHEW,"Leave (Study, Annual, Maternity, etc.)",1
KD-127-R2,Medical Lab Technician,Family Responsibilities,1
KD-127-R3,CHEW,Long Distance to Workplace,1
KD-127-R3,JCHEW,Workshop and Training,1
KD-127-R3,JCHEW,Shift,1
KD-127-R4,Medical Officer,Dissatisfaction with Salary and Benefits,1
KD-127-R4,Nurse/Midwife,"Leave (Study, Annual, Maternity, etc.)",2
KD-127-R4,CHO,Family Responsibilities,1
KD-127-R4,Medical Lab Technician,Workshop and Training,1
KD-127-R5,CHO,Workshop and Training,1
KD-127-R5,CHEW,Workshop and Training,1
KD-127-R6,CHO,Shift,1
KD-127-R6,CHEW,Workshop and Training,1
KD-127-R6,JCHEW,Personal Health Issues,1
KD-127-R6,Medical Lab Technician,Dissatisfaction with Job,1
KD-128-R2,JCHEW,Long Distance to Workplace,1
KD-128-R3,CHEW,Funeral,1
KD-128-R4,CHEW,Access to Salary,1
KD-128-R4,JCHEW,Workshop and Training,1
KD-128-R5,CHEW,Meetings,1
KD-129-R1,Pharmacy Technician,"Leave (Study, Annual, Maternity, etc.)",1
KD-129-R2,CHEW,Dissatisfaction with Job,1
KD-129-R2,Medical Lab Technician,Shift,1
KD-129-R3,Nurse/Midwife,High Workload and Stress,1
KD-129-R3,CHEW,Poor Health Facility Infrastructure,1
KD-129-R3,Pharmacy Technician,Family Responsibilities,1
KD-129-R4,Medical Lab Technician,Funeral,1
KD-129-R4,Pharmacy Technician,Dissatisfaction with Salary and Benefits,1
KD-129-R5,Pharmacy Technician,Poor Health Facility Infrastructure,1
KD-129-R6,CHEW,Meetings,1
KD-130-R1,CHO,Dissatisfaction with Job,1
KD-130-R1,CHO,Family Responsibilities,1
KD-130-R1,CHEW,Dissatisfaction with Salary and Benefits,1
KD-130-R1,JCHEW,Transportation Problems,2
KD-130-R1,JCHEW,Family Responsibilities,1
KD-130-R1,Environmental Health Officer,Workplace Conflict,1
KD-130-R2,Nurse/Midwife,Meetings,2
KD-130-R2,Nurse/Midwife,Dissatisfaction with Salary and Benefits,1
KD-130-R2,CHO,Policy and Governance Issues,1
KD-130-R2,CHEW,Access to Salary,1
KD-130-R2,JCHEW,"Leave (Study, Annual, Maternity, etc.)",1
KD-130-R2,JCHEW,Personal Health Issues,1
KD-130-R2,Medical Lab Technician,Access to Salary,1
KD-130-R2,Environmental Health Officer,Access to Salary,1
KD-130-R3,Nurse/Midwife,Shift,1
KD-130-R3,JCHEW,Transportation Problems,1
KD-130-R4,Nurse/Midwife,Personal Health Issues,1
KD-130-R4,CHO,"Leave (Study, Annual, Maternity, etc.)",1
KD-130-R4,CHEW,Funeral,1
KD-130-R4,JCHEW,Workplace Conflict,1
KD-130-R4,JCHEW,Workshop and Training,1
KD-130-R4,Medical Lab Technician,Meetings,1
KD-130-R4,Environmental Health Officer,High Workload and Stress,1
KD-130-R5,CHEW,"Leave (Study, Annual, Maternity, etc.)",1
KD-130-R5,CHEW,Long Distance to Workplace,1
KD-130-R5,JCHEW,Lack of Professional Development Opportunities,1
KD-130-R6,CHO,Transportation Problems,1
KD-130-R6,CHEW,Workshop and Training,1
KD-130-R6,JCHEW,Transportation Problems,1
KD-131-R1,CHO,Funeral,1
KD-131-R1,CHEW,Dissatisfaction with Salary and Benefits,1
KD-131-R1,Pharmacy Technician,Access to Salary,1
KD-131-R2,Nurse/Midwife,Workshop and Training,1
KD-131-R2,CHEW,Access to Salary,1
KD-131-R3,Nurse/Midwife,Access to Salary,1
KD-131-R3,CHEW,Workshop and Training,1
KD-131-R3,CHEW,Funeral,1
KD-131-R3,CHEW,"Leave (Study, Annual, Maternity, etc.)",1
KD-131-R3,CHEW,Dissatisfaction with Job,1
KD-131-R3,Medical Records Officer,"Leave (Study, Annual, Maternity, etc.)",1
KD-131-R3,Environmental Health Officer,"Leave (Study, Annual, Maternity, etc.)",1
KD-131-R4,CHEW,Access to Salary,2
KD-131-R4,CHEW,Meetings,1
KD-131-R4,CHEW,Dissatisfaction with Salary and Benefits,1
KD-131-R5,Nurse/Midwife,Dissatisfaction with Job,1
KD-131-R5,Nurse/Midwife,Family Responsibilities,1
KD-131-R6,JCHEW,Weddings,1
KD-131-R6,Medical Lab Technician,Meetings,1
KD-132-R1,CHEW,Long Distance to Workplace,1
KD-132-R1,JCHEW,Shift,1
KD-132-R1,JCHEW,Access to Salary,1
KD-132-R1,Pharmacy Technician,Personal Health Issues,1
KD-132-R1,Environmental Health Officer,Access to Salary,1
KD-132-R2,Nurse/Midwife,"Leave (Study, Annual, Maternity, etc.)",2
KD-132-R2,Nurse/Midwife,Meetings,1
KD-132-R2,CHEW,Shift,1
KD-132-R2,CHEW,Workshop and Training,1
KD-132-R2,JCHEW,Transportation Problems,1
KD-132-R3,Nurse/Midwife,Long Distance to Workplace,1
KD-132-R3,Nurse/Midwife,"Leave (Study, Annual, Maternity, etc.)",1
KD-132-R3,Nurse/Midwife,Family Responsibilities,1
KD-132-R3,CHEW,Meetings,1
KD-132-R3,JCHEW,Family Responsibilities,1
KD-132-R3,JCHEW,Dissatisfaction with Salary and Benefits,1
KD-132-R4,Nurse/Midwife,Family Responsibilities,1
KD-132-R4,Nurse/Midwife,Shift,1
KD-132-R4,CHO,Workshop and Training,1
KD-132-R4,CHO,Poor Health Facility Infrastructure,1
KD-132-R4,CHEW,Personal Health Issues,1
KD-132-R4,JCHEW,Dissatisfaction with Salary and Benefits,1
KD-132-R4,Environmental Health Officer,Weddings,1
KD-132-R5,JCHEW,Family Responsibilities,1
KD-132-R5,Pharmacy Technician,Meetings,1
KD-132-R6,CHO,Workshop and Training,1
KD-132-R6,CHEW,Meetings,1
KD-132-R6,JCHEW,Policy and Governance Issues,1
KD-132-R6,JCHEW,Shift,1
KD-132-R6,Pharmacy Technician,Weddings,1
KD-133-R1,JCHEW,Shift,1
KD-133-R2,CHEW,"Leave (Study, Annual, Maternity, etc.)",1
KD-133-R2,JCHEW,Poor Health Facility Infrastructure,1
KD-133-R4,CHEW,Workshop and Training,1
KD-133-R4,JCHEW,Long Distance to Workplace,1
KD-133-R6,JCHEW,Transportation Problems,1
KD-134-R1,Nurse/Midwife,Meetings,1
KD-134-R1,CHO,Personal Health Issues,1
KD-134-R1,CHEW,"Leave (Study, Annual, Maternity, etc.)",2
KD-134-R1,CHEW,Shift,1
KD-134-R1,CHEW,Personal Health Issues,1
KD-134-R1,Medical Lab Technician,Meetings,1
KD-134-R2,Nurse/Midwife,Transportation Problems,1
KD-134-R2,CHEW,Workshop and Training,1
KD-134-R2,JCHEW,High Workload and Stress,1
KD-134-R2,Medical Lab Technician,Personal Health Issues,1
KD-134-R3,CHEW,Transportation Problems,1
KD-134-R3,CHEW,Funeral,1
KD-134-R3,JCHEW,Workshop and Training,1
KD-134-R3,JCHEW,"Leave (Study, Annual, Maternity, etc.)",1
KD-134-R3,Medical Lab Technician,Workshop and Training,1
KD-134-R4,Nurse/Midwife,Family Responsibilities,2
KD-134-R4,Nurse/Midwife,Personal Health Issues,1
KD-134-R4,Nurse/Midwife,Weddings,1
KD-134-R4,CHO,Access to Salary,1
KD-134-R4,CHO,Workshop and Training,1
KD-134-R4,CHEW,"Leave (Study, Annual, Maternity, etc.)",1
KD-134-R4,CHEW,High Workload and Stress,1
KD-134-R4,JCHEW,Dissatisfaction with Salary and Benefits,2
KD-134-R5,Nurse/Midwife,Long Distance to Workplace,1
KD-134-R5,CHEW,Shift,1
KD-134-R5,JCHEW,Personal Health Issues,1
KD-134-R6,Nurse/Midwife,Family Responsibilities,1
KD-134-R6,Nurse/Midwife,Transportation Problems,1
KD-134-R6,JCHEW,"Leave (Study, Annual, Maternity, etc.)",1
KD-135-R1,Nurse/Midwife,Long Distance to Workplace,1
KD-135-R1,Nurse/Midwife,High Workload and Stress,1
KD-135-R1,CHO,"Leave (Study, Annual, Maternity, etc.)",1
KD-135-R1,CHEW,Long Distance to Workplace,1
KD-135-R1,JCHEW,Access to Salary,1
KD-135-R1,Medical Lab Technician,Shift,1
KD-135-R1,Pharmacy Technician,Access to Salary,1
KD-135-R3,Nurse/Midwife,Meetings,1
KD-135-R3,CHEW,Personal Health Issues,1
KD-135-R3,CHEW,Dissatisfaction with Salary and Benefits,1
KD-135-R4,Nurse/Midwife,"Leave (Study, Annual, Maternity, etc.)",1
KD-135-R4,CHO,Funeral,1
KD-135-R4,CHO,Access to Salary,1
KD-135-R5,Nurse/Midwife,Personal Health Issues,1
KD-135-R5,CHO,Workshop and Training,1
KD-135-R5,Medical Lab Technician,Workshop and Training,1
KD-135-R6,Nurse/Midwife,Funeral,1
KD-135-R6,CHO,Shift,1
KD-135-R6,CHEW,Unrest,1
KD-135-R6,CHEW,Shift,1
KD-135-R6,Medical Lab Technician,Weddings,1
KD-136-R1,Nurse/Midwife,"Leave (Study, Annual, Maternity, etc.)",1
KD-136-R1,CHO,"Leave (Study, Annual, Maternity, etc.)",1
KD-136-R1,JCHEW,Personal Health Issues,1
KD-136-R1,JCHEW,Shift,1
KD-136-R4,CHO,Workplace Conflict,1
KD-136-R4,JCHEW,Long Distance to Workplace,1
KD-136-R4,JCHEW,Workshop and Training,1
KD-136-R4,Medical Records Officer,Meetings,1
KD-136-R5,Nurse/Midwife,Funeral,1
KD-137-R1,Medical Officer,"Leave (Study, Annual, Maternity, etc.)",1
KD-137-R1,Nurse/Midwife,Family Responsibilities,1
KD-137-R1,CHEW,Long Distance to Workplace,1
KD-137-R1,Pharmacy Technician,Shift,1
KD-137-R2,Nurse/Midwife,Poor Health Facility Infrastructure,1
KD-137-R2,CHEW,"Leave (Study, Annual, Maternity, etc.)",1
KD-137-R2,CHEW,Transportation Problems,1
KD-137-R2,CHEW,Family Responsibilities,1
KD-137-R2,Environmental Health Officer,Lack of Professional Development Opportunities,1
KD-137-R2,Environmental Health Officer,Transportation Problems,1
KD-137-R3,Medical Records Officer,Workplace Conflict,1
KD-137-R3,Environmental Health Officer,Shift,1
KD-137-R4,Nurse/Midwife,Workshop and Training,1
KD-137-R4,CHO,Personal Health Issues,1
KD-137-R4,CHEW,Funeral,1
KD-137-R4,CHEW,Shift,1
KD-137-R4,Medical Records Officer,Personal Health Issues,1
KD-137-R4,Pharmacy Technician,Dissatisfaction with Salary and Benefits,1
KD-137-R5,Medical Officer,Long Distance to Workplace,1
KD-137-R5,Nurse/Midwife,Personal Health Issues,1
KD-137-R5,CHO,Personal Health Issues,1
KD-137-R5,CHEW,Shift,1
KD-137-R5,CHEW,Family Responsibilities,1
KD-137-R5,CHEW,Lack of Professional Development Opportunities,1
KD-137-R5,Medical Records Officer,Funeral,1
KD-137-R5,Environmental Health Officer,Shift,1
KD-137-R6,CHEW,Personal Health Issues,1
KD-138-R2,Nurse/Midwife,Dissatisfaction with Job,1
KD-138-R2,Medical Lab Technician,Long Distance to Workplace,1
KD-138-R3,Nurse/Midwife,Policy and Governance Issues,1
KD-138-R3,Nurse/Midwife,Dissatisfaction with Salary and Benefits,1
KD-138-R3,CHEW,Family Responsibilities,1
KD-138-R3,JCHEW,Shift,1
KD-138-R4,CHEW,"Leave (Study, Annual, Maternity, etc.)",2
KD-138-R4,CHEW,Access to Salary,1
KD-138-R4,JCHEW,Personal Health Issues,1
KD-138-R4,Medical Lab Technician,Shift,1
KD-138-R6,Nurse/Midwife,Workshop and Training,1
KD-138-R6,Nurse/Midwife,Access to Salary,1
KD-138-R6,Pharmacy Technician,Shift,1
KD-139-R2,CHEW,Shift,1
KD-139-R2,CHEW,Transportation Problems,1
KD-139-R4,CHEW,Weddings,1
KD-139-R5,CHEW,Access to Salary,1
KD-140-R2,CHEW,Meetings,1
KD-140-R2,CHEW,Weddings,1
KD-140-R2,JCHEW,Crime,1
KD-140-R3,CHEW,Family Responsibilities,1
KD-140-R3,JCHEW,Funeral,1
KD-140-R4,Nurse/Midwife,Dissatisfaction with Salary and Benefits,1
KD-140-R4,CHEW,Access to Salary,2
KD-140-R4,CHEW,Workshop and Training,1
KD-140-R4,JCHEW,Unrest,1
KD-140-R4,Pharmacy Technician,"Leave (Study, Annual, Maternity, etc.)",1
KD-140-R5,CHO,Lack of Professional Development Opportunities,1
KD-140-R5,CHEW,Family Responsibilities,2
KD-140-R6,CHO,Meetings,1
KD-140-R6,CHEW,"Leave (Study, Annual, Maternity, etc.)",1
KD-141-R2,CHEW,Workshop and Training,1
KD-141-R3,Nurse/Midwife,Long Distance to Workplace,1
KD-141-R3,CHEW,Funeral,1
KD-141-R4,Nurse/Midwife,Access to Salary,1
KD-141-R4,CHEW,Personal Health Issues,1
KD-141-R4,CHEW,Workshop and Training,1
KD-141-R5,Nurse/Midwife,Long Distance to Workplace,1
KD-141-R6,Nurse/Midwife,Long Distance to Workplace,1
KD-142-R1,Nurse/Midwife,Unrest,1
KD-142-R1,CHO,Funeral,1
KD-142-R1,Medical Records Officer,Transportation Problems,1
KD-142-R1,Environmental Health Officer,Family Responsibilities,1
KD-142-R1,Environmental Health Officer,Crime,1
KD-142-R2,Nurse/Midwife,Long Distance to Workplace,1
KD-142-R2,CHO,"Leave (Study, Annual, Maternity, etc.)",1
KD-142-R2,CHO,Meetings,1
KD-142-R2,Pharmacy Technician,Workshop and Training,1
KD-142-R2,Environmental Health Officer,Meetings,1
KD-142-R3,Nurse/Midwife,Transportation Problems,1
KD-142-R3,Nurse/Midwife,Funeral,1
KD-142-R3,CHO,Funeral,1
KD-142-R3,CHEW,Family Responsibilities,1
KD-142-R3,CHEW,Access to Salary,1
KD-142-R3,Medical Records Officer,Personal Health Issues,1
KD-142-R3,Environmental Health Officer,Family Responsibilities,1
KD-142-R4,Nurse/Midwife,Workshop and Training,1
KD-142-R4,Nurse/Midwife,Personal Health Issues,1
KD-142-R4,CHO,Workplace Conflict,2
KD-142-R4,CHO,Workshop and Training,1
KD-142-R4,CHEW,Dissatisfaction with Salary and Benefits,1
KD-142-R4,CHEW,"Leave (Study, Annual, Maternity, etc.)",1
KD-142-R4,JCHEW,Shift,1
KD-142-R4,Medical Records Officer,Access to Salary,1
KD-142-R4,Pharmacy Technician,"Leave (Study, Annual, Maternity, etc.)",1
KD-142-R4,Environmental Health Officer,Long Distance to Workplace,1
KD-142-R4,Environmental Health Officer,"Leave (Study, Annual, Maternity, etc.)",1
KD-142-R5,CHO,Shift,1
KD-142-R5,CHEW,"Leave (Study, Annual, Maternity, etc.)",1
KD-142-R5,CHEW,Long Distance to Workplace,1
KD-142-R5,JCHEW,Transportation Problems,2
KD-142-R5,Medical Lab Technician,"Leave (Study, Annual, Maternity, etc.)",1
KD-142-R5,Environmental Health Officer,Access to Salary,1
KD-142-R5,Environmental Health Officer,"Leave (Study, Annual, Maternity, etc.)",1
KD-142-R6,Nurse/Midwife,Family Responsibilities,1
KD-142-R6,CHO,Access to Salary,1
KD-142-R6,CHO,Funeral,1
KD-142-R6,CHO,Long Distance to Workplace,1
KD-142-R6,CHEW,Access to Salary,1
KD-142-R6,JCHEW,Access to Salary,1
KD-142-R6,JCHEW,Shift,1
KD-142-R6,Medical Records Officer,Transportation Problems,1
KD-142-R6,Environmental Health Officer,Weddings,1
KD-142-R6,Environmental Health Officer,Personal Health Issues,1
KD-142-R6,Environmental Health Officer,Transportation Problems,1
KD-143-R1,Nurse/Midwife,Unrest,1
KD-143-R1,JCHEW,Personal Health Issues,1
KD-143-R1,JCHEW,Access to Salary,1
KD-143-R2,Nurse/Midwife,Meetings,1
KD-143-R3,Nurse/Midwife,Workshop and Training,1
KD-143-R4,Nurse/Midwife,Dissatisfaction with Job,1
KD-143-R4,CHEW,Dissatisfaction with Salary and Benefits,1
KD-143-R4,JCHEW,Meetings,1
KD-143-R5,JCHEW,Personal Health Issues,1
KD-143-R6,Nurse/Midwife,Transportation Problems,1
KD-143-R6,CHO,Workshop and Training,1
KD-143-R6,CHEW,Access to Salary,1
KD-143-R6,JCHEW,Access to Salary,1
KD-143-R6,JCHEW,Long Distance to Workplace,1
KD-144-R1,Nurse/Midwife,Access to Salary,1
KD-144-R1,CHO,"Leave (Study, Annual, Maternity, etc.)",2
KD-144-R1,CHEW,"Leave (Study, Annual, Maternity, etc.)",1
KD-144-R2,CHO,Transportation Problems,1
KD-144-R3,CHO,Family Responsibilities,1
KD-144-R3,CHO,Shift,1
KD-144-R3,CHO,"Leave (Study, Annual, Maternity, etc.)",1
KD-144-R3,CHEW,Family Responsibilities,1
KD-144-R3,CHEW,"Leave (Study, Annual, Maternity, etc.)",1
KD-144-R3,JCHEW,Workplace Conflict,1
KD-144-R4,Nurse/Midwife,Access to Salary,1
KD-144-R4,CHO,Workshop and Training,1
KD-144-R4,CHO,Dissatisfaction with Salary and Benefits,1
KD-144-R4,CHEW,Shift,1
KD-144-R4,CHEW,Dissatisfaction with Job,1
KD-144-R4,CHEW,Dissatisfaction with Salary and Benefits,1
KD-144-R4,JCHEW,Workshop and Training,1
KD-144-R4,Pharmacy Technician,Long Distance to Workplace,1
KD-144-R5,Nurse/Midwife,Access to Salary,1
KD-144-R5,CHO,High Workload and Stress,1
KD-144-R5,CHO,Shift,1
KD-144-R5,CHEW,Personal Health Issues,1
KD-144-R5,CHEW,Family Responsibilities,1
KD-144-R6,CHO,"Leave (Study, Annual, Maternity, etc.)",1
KD-144-R6,CHEW,Long Distance to Workplace,1
KD-144-R6,CHEW,Shift,1
KD-145-R3,Nurse/Midwife,Long Distance to Workplace,1
KD-145-R3,Nurse/Midwife,Family Responsibilities,1
KD-145-R4,Nurse/Midwife,Crime,1
KD-145-R4,CHEW,Long Distance to Workplace,1
KD-145-R6,Medical Officer,Long Distance to Workplace,1
KD-145-R6,Nurse/Midwife,"Leave (Study, Annual, Maternity, etc.)",1
KD-145-R6,CHEW,Shift,1
KD-145-R6,Pharmacy Technician,Access to Salary,1
KD-145-R6,Environmental Health Officer,Unrest,1
KD-146-R1,CHEW,Personal Health Issues,1
KD-146-R1,CHEW,Access to Salary,1
KD-146-R1,JCHEW,"Leave (Study, Annual, Maternity, etc.)",1
KD-146-R2,Nurse/Midwife,Dissatisfaction with Salary and Benefits,1
KD-146-R3,Nurse/Midwife,Unrest,1
KD-146-R3,CHO,"Leave (Study, Annual, Maternity, etc.)",1
KD-146-R3,CHEW,Access to Salary,1
KD-146-R3,JCHEW,"Leave (Study, Annual, Maternity, etc.)",1
KD-146-R4,CHO,Shift,1
KD-146-R4,CHEW,Funeral,1
KD-146-R4,JCHEW,Unrest,1
KD-146-R5,Nurse/Midwife,High Workload and Stress,1
KD-146-R5,CHO,Family Responsibilities,1
KD-146-R5,CHEW,Personal Health Issues,1
KD-146-R6,Nurse/Midwife,Meetings,1
KD-146-R6,Medical Lab Technician,Dissatisfaction with Job,1
KD-147-R1,Medical Officer,Shift,1
KD-147-R1,Medical Officer,Policy and Governance Issues,1
KD-147-R1,Medical Officer,"Leave (Study, Annual, Maternity, etc.)",1
KD-147-R1,Nurse/Midwife,Transportation Problems,2
KD-147-R1,Nurse/Midwife,Meetings,2
KD-147-R1,Nurse/Midwife,Dissatisfaction with Salary and Benefits,1
KD-147-R1,Nurse/Midwife,Family Responsibilities,1
KD-147-R1,Nurse/Midwife,Personal Health Issues,1
KD-147-R1,Nurse/Midwife,Policy and Governance Issues,1
KD-147-R1,CHO,Workplace Conflict,1
KD-147-R1,CHEW,Transportation Problems,2
KD-147-R1,CHEW,Family Responsibilities,1
KD-147-R1,CHEW,Long Distance to Workplace,1
KD-147-R1,CHEW,Dissatisfaction with Job,1
KD-147-R1,JCHEW,Weddings,2
KD-147-R1,JCHEW,Transportation Problems,1
KD-147-R1,Medical Lab Technician,"Leave (Study, Annual, Maternity, etc.)",1
KD-147-R1,Medical Lab Technician,Dissatisfaction with Salary and Benefits,1
KD-147-R1,Medical Records Officer,Personal Health Issues,1
KD-147-R2,Medical Officer,Policy and Governance Issues,1
KD-147-R2,Medical Officer,Shift,1
KD-147-R2,Nurse/Midwife,Access to Salary,1
KD-147-R2,JCHEW,Workshop and Training,1
KD-147-R2,Medical Lab Technician,Meetings,1
KD-147-R2,Medical Lab Technician,Policy and Governance Issues,1
KD-147-R2,Medical Records Officer,Dissatisfaction with Salary and Benefits,1
KD-147-R2,Medical Records Officer,Crime,1
KD-147-R3,Medical Officer,Workshop and Training,1
KD-147-R3,Nurse/Midwife,Workplace Conflict,1
KD-147-R3,Nurse/Midwife,Workshop and Training,1
KD-147-R3,Nurse/Midwife,"Leave (Study, Annual, Maternity, etc.)",1
KD-147-R3,Nurse/Midwife,High Workload and Stress,1
KD-147-R3,CHO,Meetings,1
KD-147-R3,CHEW,Transportation Problems,1
KD-147-R3,JCHEW,Transportation Problems,1
KD-147-R3,Medical Lab Technician,"Leave (Study, Annual, Maternity, etc.)",1
KD-147-R3,Medical Lab Technician,Transportation Problems,1
KD-147-R3,Medical Records Officer,Meetings,1
KD-147-R4,Medical Officer,Funeral,1
KD-147-R4,Medical Officer,Shift,1
KD-147-R4,Nurse/Midwife,Meetings,2
KD-147-R4,Nurse/Midwife,Funeral,1
KD-147-R4,Nurse/Midwife,Family Responsibilities,1
KD-147-R4,Nurse/Midwife,Poor Health Facility Infrastructure,1
KD-147-R4,Nurse/Midwife,Shift,1
KD-147-R4,Nurse/Midwife,Workshop and Training,1
KD-147-R4,Nurse/Midwife,Personal Health Issues,1
KD-147-R4,Nurse/Midwife,Long Distance to Workplace,1
KD-147-R4,CHEW,Dissatisfaction with Job,1
KD-147-R4,CHEW,Poor Health Facility Infrastructure,1
KD-147-R4,CHEW,Workplace Conflict,1
KD-147-R4,Medical Lab Technician,Access to Salary,1
KD-147-R4,Medical Lab Technician,Dissatisfaction with Job,1
KD-147-R4,Medical Lab Technician,Long Distance to Workplace,1
KD-147-R4,Medical Records Officer,Workshop and Training,1
KD-147-R4,Medical Records Officer,Personal Health Issues,1
KD-147-R4,Pharmacy Technician,"Leave (Study, Annual, Maternity, etc.)",1
KD-147-R5,Nurse/Midwife,Personal Health Issues,2
KD-147-R5,Nurse/Midwife,Family Responsibilities,1
KD-147-R5,Nurse/Midwife,Shift,1
KD-147-R5,Nurse/Midwife,Long Distance to Workplace,1
KD-147-R5,CHEW,"Leave (Study, Annual, Maternity, etc.)",1
KD-147-R5,Medical Lab Technician,Personal Health Issues,1
KD-147-R5,Pharmacy Technician,Access to Salary,1
KD-147-R6,Medical Officer,Family Responsibilities,1
KD-147-R6,Nurse/Midwife,Family Responsibilities,1
KD-147-R6,Nurse/Midwife,Dissatisfaction with Salary and Benefits,1
KD-147-R6,Nurse/Midwife,Meetings,1
KD-147-R6,JCHEW,"Leave (Study, Annual, Maternity, etc.)",1
KD-147-R6,Medical Lab Technician,Shift,1
KD-147-R6,Medical Lab Technician,Dissatisfaction with Job,1
KD-147-R6,Medical Records Officer,Dissatisfaction with Salary and Benefits,1
KD-147-R6,Medical Records Officer,Meetings,1
KD-148-R1,CHEW,Shift,1
KD-148-R1,Environmental Health Officer,Meetings,1
KD-148-R2,CHEW,"Leave (Study, Annual, Maternity, etc.)",1
KD-148-R2,CHEW,Workshop and Training,1
KD-148-R2,Medical Records Officer,Funeral,1
KD-148-R3,CHEW,Access to Salary,1
KD-148-R3,JCHEW,Meetings,1
KD-148-R3,Medical Records Officer,Dissatisfaction with Salary and Benefits,1
KD-148-R4,CHEW,Meetings,1
KD-148-R4,CHEW,Family Responsibilities,1
KD-148-R4,Medical Records Officer,Transportation Problems,1
KD-148-R4,Pharmacy Technician,Family Responsibilities,1
KD-148-R5,CHEW,Access to Salary,2
KD-148-R5,CHEW,Dissatisfaction with Salary and Benefits,1
KD-148-R5,Medical Records Officer,Workplace Conflict,1
KD-148-R5,Medical Records Officer,Meetings,1
KD-148-R5,Environmental Health Officer,Access to Salary,1
KD-148-R6,JCHEW,Workshop and Training,1
KD-148-R6,Pharmacy Technician,Workshop and Training,1
KD-149-R1,Nurse/Midwife,Weddings,1
KD-149-R1,JCHEW,Personal Health Issues,1
KD-149-R1,Pharmacy Technician,Shift,1
KD-149-R2,CHO,"Leave (Study, Annual, Maternity, etc.)",1
KD-149-R3,JCHEW,Dissatisfaction with Job,2
KD-149-R4,JCHEW,Weddings,1
KD-149-R4,Environmental Health Officer,"Leave (Study, Annual, Maternity, etc.)",1
KD-149-R5,CHEW,Meetings,1
KD-149-R5,JCHEW,"Leave (Study, Annual, Maternity, etc.)",1
KD-149-R6,Medical Officer,"Leave (Study, Annual, Maternity, etc.)",1
KD-149-R6,Nurse/Midwife,Unrest,1
KD-149-R6,Nurse/Midwife,Personal Health Issues,1
KD-149-R6,JCHEW,Long Distance to Workplace,1
KD-150-R1,Medical Officer,Personal Health Issues,1
KD-150-R1,Nurse/Midwife,Shift,1
KD-150-R1,Nurse/Midwife,Personal Health Issues,1
KD-150-R1,CHEW,Long Distance to Workplace,1
KD-150-R2,CHEW,Long Distance to Workplace,1
KD-150-R3,CHEW,Shift,1
KD-150-R4,Nurse/Midwife,Access to Salary,1
KD-150-R5,CHEW,"Leave (Study, Annual, Maternity, etc.)",2
KD-150-R6,Nurse/Midwife,Workshop and Training,1
KD-150-R6,CHEW,Unrest,1
KD-151-R1,CHEW,Meetings,1
KD-151-R2,JCHEW,High Workload and Stress,1
KD-151-R6,JCHEW,Long Distance to Workplace,1
KD-151-R6,JCHEW,Shift,1
KD-152-R1,JCHEW,Workshop and Training,1
KD-152-R1,JCHEW,Personal Health Issues,1
KD-152-R2,CHO,High Workload and Stress,1
KD-152-R2,CHEW,Long Distance to Workplace,1
KD-152-R2,Pharmacy Technician,Funeral,1
KD-152-R3,Medical Officer,Funeral,1
KD-152-R3,Medical Lab Technician,Access to Salary,1
KD-152-R4,CHO,Access to Salary,1
KD-152-R4,CHEW,"Leave (Study, Annual, Maternity, etc.)",1
KD-152-R5,Medical Lab Technician,Family Responsibilities,1
KD-152-R6,Nurse/Midwife,Dissatisfaction with Salary and Benefits,1
KD-152-R6,Nurse/Midwife,Crime,1
KD-152-R6,CHEW,"Leave (Study, Annual, Maternity, etc.)",1
KD-152-R6,CHEW,Meetings,1
KD-152-R6,JCHEW,Dissatisfaction with Job,1
KD-153-R1,Medical Officer,High Workload and Stress,1
KD-153-R1,Medical Officer,Lack of Professional Development Opportunities,1
KD-153-R1,Medical Officer,Weddings,1
KD-153-R1,Nurse/Midwife,Lack of Professional Development Opportunities,1
KD-153-R1,CHO,Meetings,1
KD-153-R1,CHEW,Transportation Problems,1
KD-153-R1,Medical Lab Technician,Transportation Problems,1
KD-153-R1,Medical Lab Technician,Meetings,1
KD-153-R1,Pharmacy Technician,High Workload and Stress,1
KD-153-R2,Nurse/Midwife,Meetings,2
KD-153-R2,Nurse/Midwife,"Leave (Study, Annual, Maternity, etc.)",1
KD-153-R2,Nurse/Midwife,Workshop and Training,1
KD-153-R2,Nurse/Midwife,Long Distance to Workplace,1
KD-153-R2,Nurse/Midwife,Poor Health Facility Infrastructure,1
KD-153-R2,CHO,Meetings,1
KD-153-R2,CHEW,Family Responsibilities,1
KD-153-R2,Medical Lab Technician,High Workload and Stress,1
KD-153-R2,Medical Lab Technician,Meetings,1
KD-153-R2,Medical Records Officer,Access to Salary,1
KD-153-R3,Medical Officer,Long Distance to Workplace,1
KD-153-R3,Medical Officer,Personal Health Issues,1
KD-153-R3,Nurse/Midwife,Workshop and Training,2
KD-153-R3,Nurse/Midwife,Transportation Problems,1
KD-153-R3,Nurse/Midwife,Lack of Professional Development Opportunities,1
KD-153-R3,CHO,Dissatisfaction with Job,1
KD-153-R3,Medical Records Officer,Workshop and Training,1
KD-153-R4,Medical Officer,Long Distance to Workplace,1
KD-153-R4,Medical Officer,Access to Salary,1
KD-153-R4,Medical Officer,Workplace Conflict,1
KD-153-R4,Nurse/Midwife,Access to Salary,3
KD-153-R4,Nurse/Midwife,Weddings,1
KD-153-R4,Nurse/Midwife,High Workload and Stress,1
KD-153-R4,Nurse/Midwife,Dissatisfaction with Salary and Benefits,1
KD-153-R4,Nurse/Midwife,Policy and Governance Issues,1
KD-153-R4,Nurse/Midwife,Meetings,1
KD-153-R4,CHO,Dissatisfaction with Job,1
KD-153-R4,CHO,Access to Salary,1
KD-153-R4,CHEW,"Leave (Study, Annual, Maternity, etc.)",1
KD-153-R4,CHEW,Transportation Problems,1
KD-153-R4,JCHEW,Dissatisfaction with Salary and Benefits,1
KD-153-R4,JCHEW,Personal Health Issues,1
KD-153-R4,Medical Lab Technician,High Workload and Stress,1
KD-153-R4,Medical Lab Technician,Shift,1
KD-153-R4,Medical Lab Technician,Workshop and Training,1
KD-153-R4,Pharmacy Technician,Long Distance to Workplace,1
KD-153-R4,Pharmacy Technician,Access to Salary,1
KD-153-R5,Nurse/Midwife,"Leave (Study, Annual, Maternity, etc.)",2
KD-153-R5,Nurse/Midwife,Funeral,1
KD-153-R5,CHEW,Weddings,1
KD-153-R6,Medical Officer,"Leave (Study, Annual, Maternity, etc.)",1
KD-153-R6,Medical Officer,Meetings,1
KD-153-R6,Nurse/Midwife,Access to Salary,1
KD-153-R6,Nurse/Midwife,Personal Health Issues,1
KD-153-R6,Nurse/Midwife,Weddings,1
KD-153-R6,Nurse/Midwife,Family Responsibilities,1
KD-153-R6,CHO,Access to Salary,1
KD-153-R6,Medical Lab Technician,Unrest,1
KD-153-R6,Medical Lab Technician,Transportation Problems,1
KD-153-R6,Medical Records Officer,Personal Health Issues,1
KD-153-R6,Pharmacy Technician,Workshop and Training,1
KD-154-R1,Nurse/Midwife,Shift,1
KD-154-R1,CHEW,Transportation Problems,1
KD-154-R1,CHEW,"Leave (Study, Annual, Maternity, etc.)",1
KD-154-R2,Nurse/Midwife,Transportation Problems,1
KD-154-R2,Nurse/Midwife,"Leave (Study, Annual, Maternity, etc.)",1
KD-154-R2,JCHEW,Dissatisfaction with Salary and Benefits,1
KD-154-R3,Nurse/Midwife,Dissatisfaction with Salary and Benefits,1
KD-154-R3,CHEW,Long Distance to Workplace,1
KD-154-R3,CHEW,Workshop and Training,1
KD-154-R4,Nurse/Midwife,Personal Health Issues,2
KD-154-R4,CHEW,Dissatisfaction with Salary and Benefits,1
KD-154-R4,CHEW,Workshop and Training,1
KD-154-R4,JCHEW,Crime,1
KD-154-R6,JCHEW,Shift,2
KD-154-R6,JCHEW,Long Distance to Workplace,1
KD-155-R1,CHEW,Funeral,1
KD-155-R1,CHEW,Workshop and Training,1
KD-155-R2,CHO,Transportation Problems,1
KD-155-R2,CHEW,Transportation Problems,1
KD-155-R2,CHEW,Workshop and Training,1
KD-155-R2,Medical Lab Technician,Shift,1
KD-155-R2,Pharmacy Technician,Policy and Governance Issues,1
KD-155-R3,Nurse/Midwife,Dissatisfaction with Salary and Benefits,1
KD-155-R3,CHEW,Unrest,1
KD-155-R3,CHEW,Long Distance to Workplace,1
KD-155-R3,CHEW,Family Responsibilities,1
KD-155-R3,CHEW,Personal Health Issues,1
KD-155-R3,JCHEW,Long Distance to Workplace,1
KD-155-R3,JCHEW,Policy and Governance Issues,1
KD-155-R3,Medical Lab Technician,Access to Salary,1
KD-155-R3,Medical Lab Technician,Family Responsibilities,1
KD-155-R3,Pharmacy Technician,"Leave (Study, Annual, Maternity, etc.)",1
KD-155-R4,Medical Officer,Workshop and Training,1
KD-155-R4,Medical Officer,Shift,1
KD-155-R4,Nurse/Midwife,"Leave (Study, Annual, Maternity, etc.)",1
KD-155-R4,CHO,Transportation Problems,1
KD-155-R4,CHEW,Workplace Conflict,1
KD-155-R4,CHEW,Shift,1
KD-155-R4,CHEW,Family Responsibilities,1
KD-155-R4,CHEW,Transportation Problems,1
KD-155-R4,CHEW,Meetings,1
KD-155-R4,CHEW,Access to Salary,1
KD-155-R4,CHEW,Lack of Professional Development Opportunities,1
KD-155-R4,JCHEW,Family Responsibilities,1
KD-155-R4,Pharmacy Technician,Workshop and Training,1
KD-155-R5,Medical Officer,"Leave (Study, Annual, Maternity, etc.)",1
KD-155-R5,CHO,"Leave (Study, Annual, Maternity, etc.)",1
KD-155-R5,CHEW,Dissatisfaction with Salary and Benefits,2
KD-155-R5,CHEW,Long Distance to Workplace,1
KD-155-R5,CHEW,Transportation Problems,1
KD-155-R5,CHEW,Dissatisfaction with Job,1
KD-155-R5,JCHEW,"Leave (Study, Annual, Maternity, etc.)",1
KD-155-R5,Medical Records Officer,Weddings,1
KD-155-R5,Pharmacy Technician,"Leave (Study, Annual, Maternity, etc.)",1
KD-155-R5,Pharmacy Technician,Poor Health Facility Infrastructure,1
KD-155-R6,CHEW,Workshop and Training,1
KD-155-R6,CHEW,Dissatisfaction with Job,1
KD-155-R6,CHEW,Access to Salary,1
KD-155-R6,CHEW,Transportation Problems,1
KD-155-R6,JCHEW,Crime,1
KD-155-R6,Medical Lab Technician,Meetings,1
KD-155-R6,Pharmacy Technician,Long Distance to Workplace,1
KD-156-R1,Nurse/Midwife,Personal Health Issues,3
KD-156-R1,Nurse/Midwife,Policy and Governance Issues,1
KD-156-R1,Nurse/Midwife,Workshop and Training,1
KD-156-R1,CHO,Weddings,1
KD-156-R1,Medical Records Officer,High Workload and Stress,1
KD-156-R1,Medical Records Officer,Long Distance to Workplace,1
KD-156-R1,Pharmacy Technician,Transportation Problems,1
KD-156-R1,Environmental Health Officer,Transportation Problems,1
KD-156-R2,Nurse/Midwife,Personal Health Issues,1
KD-156-R2,Nurse/Midwife,"Leave (Study, Annual, Maternity, etc.)",1
KD-156-R2,Nurse/Midwife,High Workload and Stress,1
KD-156-R2,Medical Lab Technician,"Leave (Study, Annual, Maternity, etc.)",1
KD-156-R2,Pharmacy Technician,Transportation Problems,1
KD-156-R2,Environmental Health Officer,Transportation Problems,1
KD-156-R2,Environmental Health Officer,"Leave (Study, Annual, Maternity, etc.)",1
KD-156-R3,Nurse/Midwife,Personal Health Issues,1
KD-156-R3,CHEW,Shift,1
KD-156-R3,CHEW,"Leave (Study, Annual, Maternity, etc.)",1
KD-156-R3,Pharmacy Technician,Family Responsibilities,1
KD-156-R3,Environmental Health Officer,Long Distance to Workplace,1
KD-156-R4,Medical Officer,"Leave (Study, Annual, Maternity, etc.)",1
KD-156-R4,Medical Officer,Access to Salary,1
KD-156-R4,Nurse/Midwife,Access to Salary,1
KD-156-R4,Nurse/Midwife,Shift,1
KD-156-R4,Nurse/Midwife,Long Distance to Workplace,1
KD-156-R4,Nurse/Midwife,High Workload and Stress,1
KD-156-R4,CHEW,Meetings,1
KD-156-R4,CHEW,Shift,1
KD-156-R4,Medical Lab Technician,Access to Salary,1
KD-156-R4,Medical Lab Technician,Meetings,1
KD-156-R4,Medical Lab Technician,Transportation Problems,1
KD-156-R4,Medical Lab Technician,Dissatisfaction with Salary and Benefits,1
KD-156-R4,Medical Records Officer,Access to Salary,1
KD-156-R4,Environmental Health Officer,Dissatisfaction with Job,1
KD-156-R5,Medical Officer,Personal Health Issues,1
KD-156-R5,Nurse/Midwife,"Leave (Study, Annual, Maternity, etc.)",2
KD-156-R5,Nurse/Midwife,Family Responsibilities,1
KD-156-R5,Nurse/Midwife,Long Distance to Workplace,1
KD-156-R5,CHEW,Transportation Problems,1
KD-156-R5,CHEW,High Workload and Stress,1
KD-156-R5,Medical Lab Technician,Transportation Problems,1
KD-156-R5,Medical Records Officer,Workplace Conflict,1
KD-156-R6,Medical Officer,Transportation Problems,1
KD-156-R6,Medical Officer,High Workload and Stress,1
KD-156-R6,Nurse/Midwife,Long Distance to Workplace,2
KD-156-R6,Nurse/Midwife,High Workload and Stress,1
KD-156-R6,Nurse/Midwife,Shift,1
KD-156-R6,Nurse/Midwife,Dissatisfaction with Job,1
KD-156-R6,CHEW,Family Responsibilities,2
KD-156-R6,CHEW,"Leave (Study, Annual, Maternity, etc.)",1
KD-156-R6,CHEW,Dissatisfaction with Salary and Benefits,1
KD-156-R6,Medical Lab Technician,Dissatisfaction with Salary and Benefits,1
KD-156-R6,Medical Records Officer,Workplace Conflict,1
KD-156-R6,Pharmacy Technician,Policy and Governance Issues,1
KD-156-R6,Pharmacy Technician,Funeral,1
KD-157-R1,Nurse/Midwife,Long Distance to Workplace,1
KD-157-R1,Medical Lab Technician,Meetings,1
KD-157-R2,CHEW,Family Responsibilities,1
KD-157-R3,Nurse/Midwife,Dissatisfaction with Salary and Benefits,1
KD-157-R3,Nurse/Midwife,Access to Salary,1
KD-157-R3,Environmental Health Officer,Access to Salary,1
KD-157-R4,CHO,Dissatisfaction with Salary and Benefits,1
KD-157-R4,CHEW,Shift,2
KD-157-R4,CHEW,Access to Salary,1
KD-157-R4,Medical Lab Technician,Workshop and Training,1
KD-157-R5,Medical Lab Technician,Personal Health Issues,1
KD-157-R6,CHEW,Personal Health Issues,1
KD-157-R6,CHEW,Long Distance to Workplace,1
KD-157-R6,Medical Lab Technician,"Leave (Study, Annual, Maternity, etc.)",1
KD-157-R6,Pharmacy Technician,"Leave (Study, Annual, Maternity, etc.)",1
KD-157-R6,Pharmacy Technician,Long Distance to Workplace,1
KD-158-R1,CHO,Shift,1
KD-158-R1,Medical Lab Technician,Workplace Conflict,1
KD-158-R1,Environmental Health Officer,Dissatisfaction with Salary and Benefits,1
KD-158-R2,CHO,"Leave (Study, Annual, Maternity, etc.)",1
KD-158-R2,Environmental Health Officer,"Leave (Study, Annual, Maternity, etc.)",1
KD-158-R3,CHO,"Leave (Study, Annual, Maternity, etc.)",1
KD-158-R3,Medical Lab Technician,Personal Health Issues,1
KD-158-R4,CHEW,High Workload and Stress,1
KD-158-R4,Medical Lab Technician,Unrest,1
KD-158-R4,Environmental Health Officer,Access to Salary,1
KD-158-R5,CHO,Workshop and Training,1
KD-158-R5,CHEW,Dissatisfaction with Salary and Benefits,1
KD-158-R5,JCHEW,Workshop and Training,1
KD-158-R5,Medical Lab Technician,Family Responsibilities,1
KD-158-R5,Medical Records Officer,Personal Health Issues,1
KD-158-R6,CHO,Dissatisfaction with Job,1
KD-158-R6,CHO,Transportation Problems,1
KD-159-R1,Nurse/Midwife,Transportation Problems,1
KD-159-R1,CHO,Personal Health Issues,1
KD-159-R2,Nurse/Midwife,Dissatisfaction with Salary and Benefits,1
KD-159-R2,Nurse/Midwife,Workshop and Training,1
KD-159-R2,Nurse/Midwife,Funeral,1
KD-159-R2,Nurse/Midwife,"Leave (Study, Annual, Maternity, etc.)",1
KD-159-R2,CHO,Transportation Problems,2
KD-159-R2,CHO,Dissatisfaction with Salary and Benefits,1
KD-159-R2,JCHEW,Long Distance to Workplace,1
KD-159-R2,Medical Lab Technician,Transportation Problems,1
KD-159-R2,Medical Lab Technician,Access to Salary,1
KD-159-R2,Medical Lab Technician,Dissatisfaction with Salary and Benefits,1
KD-159-R2,Environmental Health Officer,Long Distance to Workplace,1
KD-159-R2,Environmental Health Officer,Family Responsibilities,1
KD-159-R3,Medical Officer,Long Distance to Workplace,1
KD-159-R3,Medical Officer,Dissatisfaction with Salary and Benefits,1
KD-159-R3,Nurse/Midwife,Family Responsibilities,2
KD-159-R3,Nurse/Midwife,Dissatisfaction with Salary and Benefits,1
KD-159-R3,Nurse/Midwife,Meetings,1
KD-159-R3,Nurse/Midwife,Transportation Problems,1
KD-159-R3,Nurse/Midwife,Workshop and Training,1
KD-159-R3,Nurse/Midwife,Personal Health Issues,1
KD-159-R3,Nurse/Midwife,Long Distance to Workplace,1
KD-159-R3,JCHEW,Access to Salary,1
KD-159-R3,Medical Lab Technician,Access to Salary,1
KD-159-R3,Medical Records Officer,Transportation Problems,1
KD-159-R3,Pharmacy Technician,Shift,1
KD-159-R4,Medical Officer,Dissatisfaction with Job,1
KD-159-R4,Nurse/Midwife,Shift,2
KD-159-R4,Nurse/Midwife,"Leave (Study, Annual, Maternity, etc.)",1
KD-159-R4,Nurse/Midwife,Family Responsibilities,1
KD-159-R4,CHO,Access to Salary,1
KD-159-R4,CHO,Long Distance to Workplace,1
KD-159-R4,JCHEW,Dissatisfaction with Salary and Benefits,1
KD-159-R4,JCHEW,"Leave (Study, Annual, Maternity, etc.)",1
KD-159-R4,Medical Lab Technician,Shift,2
KD-159-R4,Medical Lab Technician,Family Responsibilities,1
KD-159-R4,Medical Lab Technician,Meetings,1
KD-159-R4,Medical Lab Technician,Workplace Conflict,1
KD-159-R4,Medical Records Officer,"Leave (Study, Annual, Maternity, etc.)",2
KD-159-R4,Pharmacy Technician,Workshop and Training,1
KD-159-R4,Pharmacy Technician,Transportation Problems,1
KD-159-R5,Medical Officer,"Leave (Study, Annual, Maternity, etc.)",1
KD-159-R5,Nurse/Midwife,Transportation Problems,1
KD-159-R5,Nurse/Midwife,Personal Health Issues,1
KD-159-R5,CHO,Personal Health Issues,1
KD-159-R5,Medical Lab Technician,Family Responsibilities,1
KD-159-R6,Medical Officer,Long Distance to Workplace,1
KD-159-R6,Nurse/Midwife,Family Responsibilities,2
KD-159-R6,Nurse/Midwife,Workshop and Training,1
KD-159-R6,Nurse/Midwife,Personal Health Issues,1
KD-159-R6,Medical Lab Technician,Shift,1
KD-159-R6,Environmental Health Officer,Personal Health Issues,1
KD-160-R1,CHO,Dissatisfaction with Salary and Benefits,1
KD-160-R1,JCHEW,"Leave (Study, Annual, Maternity, etc.)",1
KD-160-R2,Medical Officer,"Leave (Study, Annual, Maternity, etc.)",1
KD-160-R2,Nurse/Midwife,Dissatisfaction with Job,1
KD-160-R2,JCHEW,Lack of Professional Development Opportunities,1
KD-160-R3,Nurse/Midwife,Meetings,1
KD-160-R3,Nurse/Midwife,Unrest,1
KD-160-R3,CHO,Family Responsibilities,1
KD-160-R3,CHEW,"Leave (Study, Annual, Maternity, etc.)",1
KD-160-R3,CHEW,Shift,1
KD-160-R3,JCHEW,Personal Health Issues,1
KD-160-R4,CHO,Workshop and Training,1
KD-160-R4,CHEW,Workshop and Training,1
KD-160-R4,JCHEW,Access to Salary,1
KD-160-R4,Medical Lab Technician,Family Responsibilities,1
KD-160-R4,Medical Records Officer,Family Responsibilities,1
KD-160-R5,CHO,"Leave (Study, Annual, Maternity, etc.)",1
KD-160-R5,CHEW,Transportation Problems,1
KD-160-R5,JCHEW,Dissatisfaction with Salary and Benefits,1
KD-160-R6,CHEW,"Leave (Study, Annual, Maternity, etc.)",1
KD-161-R1,Medical Officer,Long Distance to Workplace,1
KD-161-R1,Nurse/Midwife,"Leave (Study, Annual, Maternity, etc.)",1
KD-161-R2,CHEW,Long Distance to Workplace,1
KD-161-R3,Nurse/Midwife,Access to Salary,1
KD-161-R3,CHEW,Weddings,1
KD-161-R4,Medical Officer,"Leave (Study, Annual, Maternity, etc.)",1
KD-161-R4,Medical Lab Technician,Funeral,1
KD-161-R4,Pharmacy Technician,Shift,1
KD-161-R5,JCHEW,Dissatisfaction with Job,1
KD-161-R5,JCHEW,Dissatisfaction with Salary and Benefits,1
KD-161-R5,Pharmacy Technician,Dissatisfaction with Salary and Benefits,1
KD-161-R6,CHEW,Personal Health Issues,1
KD-161-R6,JCHEW,High Workload and Stress,1
KD-162-R2,CHEW,Shift,1
KD-162-R2,CHEW,"Leave (Study, Annual, Maternity, etc.)",1
KD-162-R2,Medical Lab Technician,Workshop and Training,1
KD-162-R3,CHEW,Access to Salary,1
KD-162-R3,CHEW,Personal Health Issues,1
KD-162-R3,CHEW,Transportation Problems,1
KD-162-R3,Medical Lab Technician,Access to Salary,1
KD-162-R4,CHO,Transportation Problems,1
KD-162-R4,CHEW,Personal Health Issues,1
KD-162-R4,CHEW,Transportation Problems,1
KD-162-R5,CHEW,Shift,2
KD-162-R6,CHEW,Workshop and Training,1
KD-163-R1,Medical Officer,Policy and Governance Issues,1
KD-163-R1,Medical Officer,Dissatisfaction with Job,1
KD-163-R1,Nurse/Midwife,Workshop and Training,1
KD-163-R1,Nurse/Midwife,"Leave (Study, Annual, Maternity, etc.)",1
KD-163-R1,CHEW,Personal Health Issues,1
KD-163-R1,Medical Lab Technician,Access to Salary,1
KD-163-R1,Pharmacy Technician,Long Distance to Workplace,1
KD-163-R2,Medical Records Officer,Long Distance to Workplace,1
KD-163-R3,Medical Officer,Meetings,1
KD-163-R3,Medical Officer,Weddings,1
KD-163-R3,Nurse/Midwife,Weddings,1
KD-163-R3,CHO,Personal Health Issues,1
KD-163-R3,Medical Lab Technician,"Leave (Study, Annual, Maternity, etc.)",1
KD-163-R4,Nurse/Midwife,Transportation Problems,1
KD-163-R4,CHO,Access to Salary,1
KD-163-R4,CHEW,Access to Salary,1
KD-163-R4,Medical Lab Technician,Long Distance to Workplace,1
KD-163-R4,Medical Lab Technician,Workplace Conflict,1
KD-163-R4,Pharmacy Technician,Dissatisfaction with Salary and Benefits,1
KD-163-R5,Nurse/Midwife,Workshop and Training,1
KD-163-R5,CHEW,Shift,1
KD-163-R6,CHEW,Family Responsibilities,1
KD-163-R6,CHEW,Personal Health Issues,1
KD-163-R6,Pharmacy Technician,Unrest,1
KD-164-R1,Medical Lab Technician,Personal Health Issues,1
KD-164-R3,CHEW,Long Distance to Workplace,1
KD-164-R3,JCHEW,Lack of Professional Development Opportunities,1
KD-164-R3,Medical Lab Technician,Workshop and Training,1
KD-164-R4,CHEW,Weddings,1
KD-164-R4,JCHEW,Transportation Problems,1
KD-164-R5,JCHEW,Dissatisfaction with Salary and Benefits,1
KD-164-R6,CHEW,Dissatisfaction with Job,1
KD-165-R1,Nurse/Midwife,Policy and Governance Issues,1
KD-165-R1,Medical Records Officer,Workshop and Training,1
KD-165-R2,Nurse/Midwife,Dissatisfaction with Job,1
KD-165-R2,CHEW,Family Responsibilities,1
KD-165-R2,Medical Lab Technician,Workshop and Training,1
KD-165-R3,Medical Officer,Personal Health Issues,1
KD-165-R3,Nurse/Midwife,Long Distance to Workplace,1
KD-165-R3,Nurse/Midwife,Transportation Problems,1
KD-165-R3,CHEW,Personal Health Issues,1
KD-165-R4,Nurse/Midwife,Long Distance to Workplace,1
KD-165-R4,Nurse/Midwife,Personal Health Issues,1
KD-165-R4,Nurse/Midwife,Dissatisfaction with Salary and Benefits,1
KD-165-R4,CHEW,Workshop and Training,3
KD-165-R4,JCHEW,Family Responsibilities,1
KD-165-R4,JCHEW,"Leave (Study, Annual, Maternity, etc.)",1
KD-165-R4,JCHEW,Access to Salary,1
KD-165-R4,JCHEW,Workshop and Training,1
KD-165-R4,Medical Lab Technician,"Leave (Study, Annual, Maternity, etc.)",1
KD-165-R4,Medical Records Officer,Dissatisfaction with Salary and Benefits,1
KD-165-R4,Pharmacy Technician,Meetings,1
KD-165-R5,Nurse/Midwife,Meetings,1
KD-165-R5,Nurse/Midwife,"Leave (Study, Annual, Maternity, etc.)",1
KD-165-R5,Nurse/Midwife,Transportation Problems,1
KD-165-R5,CHEW,Access to Salary,2
KD-165-R5,JCHEW,Weddings,2
KD-165-R5,JCHEW,Long Distance to Workplace,1
KD-165-R5,Pharmacy Technician,Shift,1
KD-165-R6,Nurse/Midwife,Transportation Problems,1
KD-165-R6,CHEW,Access to Salary,1
KD-165-R6,CHEW,Personal Health Issues,1
KD-165-R6,CHEW,"Leave (Study, Annual, Maternity, etc.)",1
KD-165-R6,CHEW,Meetings,1
KD-165-R6,JCHEW,Shift,1
KD-165-R6,JCHEW,Access to Salary,1
KD-165-R6,Pharmacy Technician,Shift,1
KD-166-R1,Medical Officer,Shift,1
KD-166-R1,CHEW,Access to Salary,1
KD-166-R1,CHEW,Lack of Professional Development Opportunities,1
KD-166-R1,CHEW,Dissatisfaction with Job,1
KD-166-R1,CHEW,Family Responsibilities,1
KD-166-R1,Medical Lab Technician,Transportation Problems,1
KD-166-R1,Pharmacy Technician,Access to Salary,1
KD-166-R3,CHEW,Access to Salary,1
KD-166-R3,Medical Lab Technician,Personal Health Issues,1
KD-166-R3,Pharmacy Technician,Weddings,1
KD-166-R4,CHEW,"Leave (Study, Annual, Maternity, etc.)",1
KD-166-R4,CHEW,Meetings,1
KD-166-R4,CHEW,Workshop and Training,1
KD-166-R4,Medical Lab Technician,Access to Salary,1
KD-166-R4,Medical Lab Technician,Unrest,1
KD-166-R4,Pharmacy Technician,Shift,1
KD-166-R5,Nurse/Midwife,Funeral,1
KD-166-R5,JCHEW,Family Responsibilities,1
KD-166-R6,Medical Officer,Shift,1
KD-166-R6,CHEW,"Leave (Study, Annual, Maternity, etc.)",1
KD-167-R1,CHEW,"Leave (Study, Annual, Maternity, etc.)",1
KD-167-R1,JCHEW,Family Responsibilities,1
KD-167-R1,JCHEW,Dissatisfaction with Job,1
KD-167-R1,JCHEW,Workshop and Training,1
KD-167-R2,CHEW,Personal Health Issues,1
KD-167-R2,JCHEW,Meetings,1
KD-167-R3,CHEW,"Leave (Study, Annual, Maternity, etc.)",1
KD-167-R3,JCHEW,Dissatisfaction with Salary and Benefits,1
KD-167-R3,Medical Records Officer,Shift,1
KD-167-R6,CHEW,"Leave (Study, Annual, Maternity, etc.)",1
KD-167-R6,JCHEW,Dissatisfaction with Salary and Benefits,1
KD-168-R1,Nurse/Midwife,Meetings,1
KD-168-R1,Nurse/Midwife,"Leave (Study, Annual, Maternity, etc.)",1
KD-168-R1,JCHEW,Family Responsibilities,1
KD-168-R1,Environmental Health Officer,Shift,1
KD-168-R2,Nurse/Midwife,Long Distance to Workplace,1
KD-168-R2,CHO,Shift,1
KD-168-R2,CHEW,Weddings,1
KD-168-R3,Nurse/Midwife,"Leave (Study, Annual, Maternity, etc.)",1
KD-168-R3,Nurse/Midwife,Access to Salary,1
KD-168-R3,CHEW,Crime,1
KD-168-R4,Nurse/Midwife,Shift,1
KD-168-R4,CHO,Transportation Problems,1
KD-168-R4,Medical Lab Technician,Personal Health Issues,1
KD-168-R4,Medical Records Officer,Transportation Problems,1
KD-168-R4,Environmental Health Officer,Family Responsibilities,1
KD-168-R5,Nurse/Midwife,Personal Health Issues,1
KD-168-R5,Nurse/Midwife,Weddings,1
KD-168-R5,Nurse/Midwife,Workshop and Training,1
KD-168-R5,CHEW,High Workload and Stress,1
KD-168-R5,Environmental Health Officer,"Leave (Study, Annual, Maternity, etc.)",1
KD-168-R6,JCHEW,Family Responsibilities,1
KD-169-R1,Nurse/Midwife,Dissatisfaction with Salary and Benefits,1
KD-169-R1,CHEW,Funeral,1
KD-169-R1,CHEW,Shift,1
KD-169-R1,CHEW,Access to Salary,1
KD-169-R1,CHEW,Long Distance to Workplace,1
KD-169-R1,JCHEW,Transportation Problems,1
KD-169-R1,JCHEW,Access to Salary,1
KD-169-R2,CHEW,Workplace Conflict,1
KD-169-R2,CHEW,Access to Salary,1
KD-169-R2,JCHEW,High Workload and Stress,1
KD-169-R2,Medical Records Officer,Transportation Problems,1
KD-169-R2,Pharmacy Technician,High Workload and Stress,1
KD-169-R3,Nurse/Midwife,Access to Salary,1
KD-169-R3,CHEW,Shift,1
KD-169-R3,Medical Lab Technician,Funeral,1
KD-169-R4,JCHEW,Personal Health Issues,1
KD-169-R4,JCHEW,Meetings,1
KD-169-R5,Nurse/Midwife,Family Responsibilities,1
KD-169-R5,CHEW,Dissatisfaction with Job,1
KD-169-R5,CHEW,Lack of Professional Development Opportunities,1
KD-169-R5,JCHEW,Shift,1
KD-169-R6,CHEW,Dissatisfaction with Job,1
KD-169-R6,CHEW,Access to Salary,1
KD-170-R2,Nurse/Midwife,Personal Health Issues,1
KD-170-R2,Medical Lab Technician,Personal Health Issues,1
KD-170-R3,JCHEW,"Leave (Study, Annual, Maternity, etc.)",1
KD-170-R4,CHO,Shift,1
KD-170-R4,JCHEW,Access to Salary,1
KD-170-R4,JCHEW,Workshop and Training,1
KD-170-R5,Nurse/Midwife,Long Distance to Workplace,1
KD-170-R5,CHO,Dissatisfaction with Salary and Benefits,1
KD-170-R6,Nurse/Midwife,Workshop and Training,1
KD-170-R6,Nurse/Midwife,Shift,1
KD-170-R6,JCHEW,Dissatisfaction with Job,1
KD-170-R6,Medical Lab Technician,Dissatisfaction with Job,1
KD-171-R1,JCHEW,Long Distance to Workplace,1
KD-171-R1,JCHEW,Meetings,1
KD-171-R2,Nurse/Midwife,Shift,1
KD-171-R2,JCHEW,Policy and Governance Issues,1
KD-171-R2,Pharmacy Technician,Transportation Problems,1
KD-171-R3,Nurse/Midwife,Shift,1
KD-171-R3,CHEW,Policy and Governance Issues,1
KD-171-R3,Medical Lab Technician,Dissatisfaction with Salary and Benefits,1
KD-171-R4,CHEW,Weddings,1
KD-171-R4,JCHEW,Poor Health Facility Infrastructure,1
KD-171-R4,JCHEW,Personal Health Issues,1
KD-171-R4,Medical Lab Technician,Dissatisfaction with Salary and Benefits,1
KD-171-R4,Pharmacy Technician,Long Distance to Workplace,1
KD-171-R5,Nurse/Midwife,Dissatisfaction with Salary and Benefits,1
KD-171-R5,Nurse/Midwife,Long Distance to Workplace,1
KD-171-R5,JCHEW,Personal Health Issues,1
KD-171-R5,JCHEW,Lack of Professional Development Opportunities,1
KD-171-R6,Nurse/Midwife,Funeral,1
KD-171-R6,Medical Lab Technician,Workshop and Training,1
KD-172-R1,CHEW,Personal Health Issues,1
KD-172-R2,CHEW,Shift,1
KD-172-R4,JCHEW,High Workload and Stress,1
KD-172-R5,JCHEW,Meetings,1
KD-172-R6,CHEW,Shift,1
KD-173-R1,Medical Records Officer,Dissatisfaction with Salary and Benefits,1
KD-173-R1,Pharmacy Technician,Access to Salary,1
KD-173-R2,CHEW,Long Distance to Workplace,1
KD-173-R3,JCHEW,Funeral,1
KD-173-R3,Medical Lab Technician,Dissatisfaction with Job,1
KD-173-R3,Medical Records Officer,Transportation Problems,1
KD-173-R3,Pharmacy Technician,"Leave (Study, Annual, Maternity, etc.)",1
KD-173-R4,Medical Officer,Family Responsibilities,1
KD-173-R4,Nurse/Midwife,Access to Salary,1
KD-173-R4,Nurse/Midwife,High Workload and Stress,1
KD-173-R4,CHO,Personal Health Issues,1
KD-173-R4,CHEW,Access to Salary,1
KD-173-R4,CHEW,Workshop and Training,1
KD-173-R4,JCHEW,Long Distance to Workplace,1
KD-173-R4,JCHEW,Access to Salary,1
KD-173-R4,Pharmacy Technician,Access to Salary,1
KD-173-R5,CHO,Personal Health Issues,1
KD-173-R5,Medical Records Officer,Shift,1
KD-173-R6,Nurse/Midwife,Access to Salary,1
KD-173-R6,JCHEW,Access to Salary,2
KD-173-R6,Medical Records Officer,Access to Salary,1
KD-173-R6,Pharmacy Technician,Shift,1
KD-173-R6,Pharmacy Technician,Dissatisfaction with Salary and Benefits,1
KD-174-R4,CHEW,Workshop and Training,1
KD-175-R1,Medical Officer,Access to Salary,1
KD-175-R1,JCHEW,Dissatisfaction with Job,1
KD-175-R1,JCHEW,"Leave (Study, Annual, Maternity, etc.)",1
KD-175-R2,CHEW,Dissatisfaction with Salary and Benefits,1
KD-175-R2,JCHEW,Dissatisfaction with Job,1
KD-175-R2,JCHEW,Access to Salary,1
KD-175-R2,JCHEW,Unrest,1
KD-175-R2,Medical Records Officer,Meetings,1
KD-175-R3,Medical Officer,Funeral,1
KD-175-R3,CHEW,Dissatisfaction with Salary and Benefits,1
KD-175-R3,JCHEW,Shift,1
KD-175-R3,JCHEW,Workshop and Training,1
KD-175-R3,Medical Records Officer,Long Distance to Workplace,1
KD-175-R4,CHEW,High Workload and Stress,1
KD-175-R4,JCHEW,Meetings,1
KD-175-R4,JCHEW,Shift,1
KD-175-R5,Medical Officer,Dissatisfaction with Salary and Benefits,1
KD-175-R5,JCHEW,Workshop and Training,1
KD-175-R6,Medical Records Officer,Crime,1
KD-176-R1,JCHEW,Access to Salary,1
KD-176-R2,CHEW,High Workload and Stress,1
KD-176-R2,Medical Lab Technician,Personal Health Issues,1
KD-176-R3,JCHEW,"Leave (Study, Annual, Maternity, etc.)",1
KD-176-R4,CHEW,Personal Health Issues,1
KD-176-R4,Medical Lab Technician,Funeral,1
KD-176-R5,JCHEW,Shift,1
KD-176-R5,Medical Records Officer,Shift,1
KD-176-R6,JCHEW,Lack of Professional Development Opportunities,1
KD-176-R6,Pharmacy Technician,Transportation Problems,1
KD-176-R6,Environmental Health Officer,Shift,1
KD-177-R1,JCHEW,Family Responsibilities,1
KD-177-R2,CHEW,Shift,1
KD-177-R3,CHEW,Lack of Professional Development Opportunities,1
KD-177-R3,JCHEW,Shift,1
KD-177-R4,CHEW,"Leave (Study, Annual, Maternity, etc.)",1
KD-177-R5,CHEW,Personal Health Issues,1
KD-177-R5,JCHEW,Workshop and Training,1
KD-178-R1,CHEW,Meetings,1
KD-178-R1,CHEW,Workshop and Training,1
KD-178-R1,CHEW,Personal Health Issues,1
KD-178-R1,Pharmacy Technician,"Leave (Study, Annual, Maternity, etc.)",1
KD-178-R2,Nurse/Midwife,Long Distance to Workplace,1
KD-178-R2,Nurse/Midwife,Access to Salary,1
KD-178-R2,CHEW,Transportation Problems,1
KD-178-R3,CHEW,Meetings,1
KD-178-R3,CHEW,Personal Health Issues,1
KD-178-R3,CHEW,Funeral,1
KD-178-R4,Nurse/Midwife,"Leave (Study, Annual, Maternity, etc.)",1
KD-178-R4,Nurse/Midwife,Unrest,1
KD-178-R4,CHEW,Policy and Governance Issues,1
KD-178-R4,CHEW,Access to Salary,1
KD-178-R4,CHEW,Personal Health Issues,1
KD-178-R5,Nurse/Midwife,Family Responsibilities,1
KD-178-R5,CHEW,Meetings,1
KD-178-R5,CHEW,Personal Health Issues,1
KD-178-R5,JCHEW,Personal Health Issues,1
KD-178-R5,JCHEW,Funeral,1
KD-178-R5,Medical Lab Technician,Dissatisfaction with Job,1
KD-178-R6,CHEW,Dissatisfaction with Salary and Benefits,1
KD-178-R6,CHEW,Transportation Problems,1
KD-178-R6,Medical Lab Technician,Long Distance to Workplace,1
KD-178-R6,Pharmacy Technician,Unrest,1
KD-179-R1,Medical Officer,Dissatisfaction with Salary and Benefits,1
KD-179-R1,JCHEW,Family Responsibilities,1
KD-179-R1,Medical Lab Technician,Family Responsibilities,1
KD-179-R1,Medical Records Officer,"Leave (Study, Annual, Maternity, etc.)",1
KD-179-R2,CHEW,Family Responsibilities,1
KD-179-R3,CHO,Funeral,1
KD-179-R4,Medical Officer,Dissatisfaction with Salary and Benefits,1
KD-179-R4,Nurse/Midwife,Access to Salary,1
KD-179-R4,CHEW,"Leave (Study, Annual, Maternity, etc.)",1
KD-179-R4,CHEW,Workshop and Training,1
KD-179-R4,Medical Lab Technician,Family Responsibilities,1
KD-179-R5,CHEW,Shift,1
KD-180-R1,CHEW,Access to Salary,1
KD-180-R1,JCHEW,Access to Salary,1
KD-180-R1,JCHEW,High Workload and Stress,1
KD-180-R3,CHEW,Shift,1
KD-180-R4,Nurse/Midwife,"Leave (Study, Annual, Maternity, etc.)",1
KD-180-R4,CHEW,Dissatisfaction with Salary and Benefits,1
KD-180-R4,CHEW,"Leave (Study, Annual, Maternity, etc.)",1
KD-180-R4,JCHEW,Dissatisfaction with Salary and Benefits,1
KD-180-R5,CHEW,"Leave (Study, Annual, Maternity, etc.)",1
KD-180-R5,JCHEW,Dissatisfaction with Salary and Benefits,1
KD-180-R6,Nurse/Midwife,Transportation Problems,1
KD-180-R6,CHEW,Personal Health Issues,1
KD-180-R6,CHEW,Transportation Problems,1
KD-181-R1,Nurse/Midwife,Shift,1
KD-181-R1,Nurse/Midwife,Crime,1
KD-181-R1,CHO,Meetings,1
KD-181-R1,CHEW,"Leave (Study, Annual, Maternity, etc.)",1
KD-181-R2,Medical Officer,Long Distance to Workplace,1
KD-181-R2,Nurse/Midwife,Dissatisfaction with Salary and Benefits,1
KD-181-R2,Nurse/Midwife,Funeral,1
KD-181-R2,Pharmacy Technician,Workshop and Training,1
KD-181-R4,Medical Officer,Workplace Conflict,1
KD-181-R4,Nurse/Midwife,Family Responsibilities,1
KD-181-R4,CHO,Personal Health Issues,1
KD-181-R4,CHEW,Poor Health Facility Infrastructure,1
KD-181-R4,CHEW,Access to Salary,1
KD-181-R5,CHEW,"Leave (Study, Annual, Maternity, etc.)",1
KD-181-R5,CHEW,High Workload and Stress,1
KD-181-R6,CHO,Dissatisfaction with Job,1
KD-181-R6,CHEW,Crime,1
KD-181-R6,JCHEW,Funeral,1
KD-181-R6,Medical Records Officer,"Leave (Study, Annual, Maternity, etc.)",1
KD-182-R1,JCHEW,Personal Health Issues,1
KD-182-R3,CHEW,Personal Health Issues,1
KD-182-R3,JCHEW,Family Responsibilities,1
KD-182-R6,CHEW,Long Distance to Workplace,1
KD-183-R1,Nurse/Midwife,Meetings,1
KD-183-R1,CHO,Long Distance to Workplace,1
KD-183-R1,JCHEW,Meetings,1
KD-183-R1,JCHEW,Access to Salary,1
KD-183-R1,Medical Lab Technician,Shift,1
KD-183-R2,Nurse/Midwife,High Workload and Stress,1
KD-183-R2,Nurse/Midwife,"Leave (Study, Annual, Maternity, etc.)",1
KD-183-R2,JCHEW,Personal Health Issues,1
KD-183-R2,Medical Records Officer,Shift,1
KD-183-R4,Nurse/Midwife,Shift,1
KD-183-R4,CHO,Shift,1
KD-183-R4,JCHEW,Dissatisfaction with Salary and Benefits,1
KD-183-R4,Medical Records Officer,Personal Health Issues,1
KD-183-R5,JCHEW,Meetings,1
KD-183-R5,JCHEW,Shift,1
KD-183-R5,Medical Lab Technician,Transportation Problems,1
KD-183-R6,Nurse/Midwife,Shift,1
KD-183-R6,Nurse/Midwife,Access to Salary,1
KD-183-R6,CHO,Funeral,1
KD-183-R6,JCHEW,Access to Salary,2
KD-183-R6,Medical Records Officer,Workshop and Training,1
KD-183-R6,Medical Records Officer,Long Distance to Workplace,1
KD-184-R1,CHO,"Leave (Study, Annual, Maternity, etc.)",1
KD-184-R1,JCHEW,Dissatisfaction with Salary and Benefits,1
KD-184-R2,CHEW,Shift,1
KD-184-R2,Medical Records Officer,Funeral,1
KD-184-R3,JCHEW,Family Responsibilities,1
KD-184-R3,Medical Records Officer,Family Responsibilities,1
KD-184-R4,CHEW,Weddings,1
KD-184-R4,JCHEW,Dissatisfaction with Salary and Benefits,2
KD-184-R4,JCHEW,Transportation Problems,1
KD-184-R5,JCHEW,Poor Health Facility Infrastructure,1
KD-184-R5,Medical Records Officer,Personal Health Issues,1
