visit_id,cce_type,available,functional
KD-001-R1,Solar Refrigerators and Freezers,No,
KD-001-R1,Refrigerators,No,
KD-001-R1,Temperature Monitoring Devices,Yes,Yes
KD-001-R1,Cold Boxes (6L),Yes,Yes
KD-001-R1,GioStyle (4L),Yes,Yes
KD-001-R1,Rush (3L),No,
KD-001-R1,Ice Packs,Yes,Yes
KD-001-R2,Solar Refrigerators and Freezers,No,
KD-001-R2,Refrigerators,No,
KD-001-R2,Temperature Monitoring Devices,Yes,Yes
KD-001-R2,Cold Boxes (6L),Yes,Yes
KD-001-R2,GioStyle (4L),Yes,Yes
KD-001-R2,Rush (3L),No,
KD-001-R2,Ice Packs,Yes,Yes
KD-001-R3,Solar Refrigerators and Freezers,No,
KD-001-R3,Refrigerators,No,
KD-001-R3,Temperature Monitoring Devices,Yes,Yes
KD-001-R3,Cold Boxes (6L),Yes,Yes
KD-001-R3,GioStyle (4L),Yes,Yes
KD-001-R3,Rush (3L),No,
KD-001-R3,Ice Packs,Yes,No
KD-001-R4,Solar Refrigerators and Freezers,No,
KD-001-R4,Refrigerators,No,
KD-001-R4,Temperature Monitoring Devices,Yes,Yes
KD-001-R4,Cold Boxes (6L),Yes,No
KD-001-R4,GioStyle (4L),Yes,Yes
KD-001-R4,Rush (3L),No,
KD-001-R4,Ice Packs,Yes,Yes
KD-001-R5,Solar Refrigerators and Freezers,No,
KD-001-R5,Refrigerators,No,
KD-001-R5,Temperature Monitoring Devices,Yes,No
KD-001-R5,Cold Boxes (6L),Yes,Yes
KD-001-R5,GioStyle (4L),Yes,Yes
KD-001-R5,Rush (3L),No,
KD-001-R5,Ice Packs,Yes,Yes
KD-001-R6,Solar Refrigerators and Freezers,No,
KD-001-R6,Refrigerators,No,
KD-001-R6,Temperature Monitoring Devices,Yes,No
KD-001-R6,Cold Boxes (6L),Yes,Yes
KD-001-R6,GioStyle (4L),Yes,Yes
KD-001-R6,Rush (3L),No,
KD-001-R6,Ice Packs,Yes,Yes
KD-002-R1,Solar Refrigerators and Freezers,Yes,Yes
KD-002-R1,Refrigerators,Yes,No
KD-002-R1,Temperature Monitoring Devices,Yes,Yes
KD-002-R1,Cold Boxes (6L),Yes,Yes
KD-002-R1,GioStyle (4L),No,
KD-002-R1,Rush (3L),No,
KD-002-R1,Ice Packs,Yes,No
KD-002-R2,Solar Refrigerators and Freezers,Yes,No
KD-002-R2,Refrigerators,Yes,Yes
KD-002-R2,Temperature Monitoring Devices,Yes,No
KD-002-R2,Cold Boxes (6L),Yes,No
KD-002-R2,GioStyle (4L),No,
KD-002-R2,Rush (3L),No,
KD-002-R2,Ice Packs,Yes,Yes
KD-002-R3,Solar Refrigerators and Freezers,Yes,Yes
KD-002-R3,Refrigerators,Yes,Yes
KD-002-R3,Temperature Monitoring Devices,Yes,Yes
KD-002-R3,Cold Boxes (6L),Yes,Yes
KD-002-R3,GioStyle (4L),No,
KD-002-R3,Rush (3L),No,
KD-002-R3,Ice Packs,Yes,Yes
KD-002-R4,Solar Refrigerators and Freezers,Yes,Yes
KD-002-R4,Refrigerators,Yes,Yes
KD-002-R4,Temperature Monitoring Devices,Yes,Yes
KD-002-R4,Cold Boxes (6L),Yes,Yes
KD-002-R4,GioStyle (4L),No,
KD-002-R4,Rush (3L),No,
KD-002-R4,Ice Packs,Yes,Yes
KD-002-R5,Solar Refrigerators and Freezers,Yes,Yes
KD-002-R5,Refrigerators,Yes,Yes
KD-002-R5,Temperature Monitoring Devices,Yes,Yes
KD-002-R5,Cold Boxes (6L),Yes,Yes
KD-002-R5,GioStyle (4L),No,
KD-002-R5,Rush (3L),No,
KD-002-R5,Ice Packs,Yes,Yes
KD-002-R6,Solar Refrigerators and Freezers,Yes,Yes
KD-002-R6,Refrigerators,Yes,Yes
KD-002-R6,Temperature Monitoring Devices,Yes,Yes
KD-002-R6,Cold Boxes (6L),Yes,No
KD-002-R6,GioStyle (4L),No,
KD-002-R6,Rush (3L),No,
KD-002-R6,Ice Packs,Yes,Yes
KD-003-R1,Solar Refrigerators and Freezers,Yes,Yes
KD-003-R1,Refrigerators,No,
KD-003-R1,Temperature Monitoring Devices,Yes,Yes
KD-003-R1,Cold Boxes (6L),Yes,No
KD-003-R1,GioStyle (4L),Yes,Yes
KD-003-R1,Rush (3L),No,
KD-003-R1,Ice Packs,Yes,Yes
KD-003-R2,Solar Refrigerators and Freezers,Yes,Yes
KD-003-R2,Refrigerators,No,
KD-003-R2,Temperature Monitoring Devices,Yes,No
KD-003-R2,Cold Boxes (6L),Yes,Yes
KD-003-R2,GioStyle (4L),Yes,No
KD-003-R2,Rush (3L),No,
KD-003-R2,Ice Packs,Yes,Yes
KD-003-R3,Solar Refrigerators and Freezers,Yes,No
KD-003-R3,Refrigerators,No,
KD-003-R3,Temperature Monitoring Devices,Yes,No
KD-003-R3,Cold Boxes (6L),Yes,Yes
KD-003-R3,GioStyle (4L),Yes,Yes
KD-003-R3,Rush (3L),No,
KD-003-R3,Ice Packs,Yes,Yes
KD-003-R4,Solar Refrigerators and Freezers,Yes,Yes
KD-003-R4,Refrigerators,No,
KD-003-R4,Temperature Monitoring Devices,Yes,Yes
KD-003-R4,Cold Boxes (6L),Yes,Yes
KD-003-R4,GioStyle (4L),Yes,Yes
KD-003-R4,Rush (3L),No,
KD-003-R4,Ice Packs,Yes,Yes
KD-003-R5,Solar Refrigerators and Freezers,Yes,Yes
KD-003-R5,Refrigerators,No,
KD-003-R5,Temperature Monitoring Devices,Yes,Yes
KD-003-R5,Cold Boxes (6L),Yes,Yes
KD-003-R5,GioStyle (4L),Yes,Yes
KD-003-R5,Rush (3L),No,
KD-003-R5,Ice Packs,Yes,No
KD-003-R6,Solar Refrigerators and Freezers,Yes,Yes
KD-003-R6,Refrigerators,No,
KD-003-R6,Temperature Monitoring Devices,Yes,Yes
KD-003-R6,Cold Boxes (6L),Yes,No
KD-003-R6,GioStyle (4L),Yes,Yes
KD-003-R6,Rush (3L),No,
KD-003-R6,Ice Packs,Yes,Yes
KD-004-R1,Solar Refrigerators and Freezers,Yes,Yes
KD-004-R1,Refrigerators,No,
KD-004-R1,Temperature Monitoring Devices,Yes,No
KD-004-R1,Cold Boxes (6L),Yes,Yes
KD-004-R1,GioStyle (4L),No,
KD-004-R1,Rush (3L),Yes,Yes
KD-004-R1,Ice Packs,Yes,Yes
KD-004-R2,Solar Refrigerators and Freezers,Yes,Yes
KD-004-R2,Refrigerators,No,
KD-004-R2,Temperature Monitoring Devices,Yes,Yes
KD-004-R2,Cold Boxes (6L),Yes,Yes
KD-004-R2,GioStyle (4L),No,
KD-004-R2,Rush (3L),Yes,Yes
KD-004-R2,Ice Packs,Yes,Yes
KD-004-R3,Solar Refrigerators and Freezers,Yes,Yes
KD-004-R3,Refrigerators,No,
KD-004-R3,Temperature Monitoring Devices,Yes,Yes
KD-004-R3,Cold Boxes (6L),Yes,Yes
KD-004-R3,GioStyle (4L),No,
KD-004-R3,Rush (3L),Yes,Yes
KD-004-R3,Ice Packs,Yes,Yes
KD-004-R4,Solar Refrigerators and Freezers,Yes,Yes
KD-004-R4,Refrigerators,No,
KD-004-R4,Temperature Monitoring Devices,Yes,Yes
KD-004-R4,Cold Boxes (6L),Yes,Yes
KD-004-R4,GioStyle (4L),No,
KD-004-R4,Rush (3L),Yes,Yes
KD-004-R4,Ice Packs,Yes,Yes
KD-004-R5,Solar Refrigerators and Freezers,Yes,No
KD-004-R5,Refrigerators,No,
KD-004-R5,Temperature Monitoring Devices,Yes,Yes
KD-004-R5,Cold Boxes (6L),Yes,Yes
KD-004-R5,GioStyle (4L),No,
KD-004-R5,Rush (3L),Yes,Yes
KD-004-R5,Ice Packs,Yes,Yes
KD-004-R6,Solar Refrigerators and Freezers,Yes,Yes
KD-004-R6,Refrigerators,No,
KD-004-R6,Temperature Monitoring Devices,Yes,Yes
KD-004-R6,Cold Boxes (6L),Yes,Yes
KD-004-R6,GioStyle (4L),No,
KD-004-R6,Rush (3L),Yes,Yes
KD-004-R6,Ice Packs,Yes,Yes
KD-005-R1,Solar Refrigerators and Freezers,No,
KD-005-R1,Refrigerators,Yes,Yes
KD-005-R1,Temperature Monitoring Devices,Yes,Yes
KD-005-R1,Cold Boxes (6L),Yes,Yes
KD-005-R1,GioStyle (4L),Yes,Yes
KD-005-R1,Rush (3L),No,
KD-005-R1,Ice Packs,Yes,Yes
KD-005-R2,Solar Refrigerators and Freezers,No,
KD-005-R2,Refrigerators,Yes,Yes
KD-005-R2,Temperature Monitoring Devices,Yes,Yes
KD-005-R2,Cold Boxes (6L),Yes,Yes
KD-005-R2,GioStyle (4L),Yes,No
KD-005-R2,Rush (3L),No,
KD-005-R2,Ice Packs,Yes,Yes
KD-005-R3,Solar Refrigerators and Freezers,No,
KD-005-R3,Refrigerators,Yes,Yes
KD-005-R3,Temperature Monitoring Devices,Yes,Yes
KD-005-R3,Cold Boxes (6L),Yes,Yes
KD-005-R3,GioStyle (4L),Yes,Yes
KD-005-R3,Rush (3L),No,
KD-005-R3,Ice Packs,Yes,Yes
KD-005-R4,Solar Refrigerators and Freezers,No,
KD-005-R4,Refrigerators,Yes,No
KD-005-R4,Temperature Monitoring Devices,Yes,Yes
KD-005-R4,Cold Boxes (6L),Yes,No
KD-005-R4,GioStyle (4L),Yes,Yes
KD-005-R4,Rush (3L),No,
KD-005-R4,Ice Packs,Yes,Yes
KD-005-R5,Solar Refrigerators and Freezers,No,
KD-005-R5,Refrigerators,Yes,Yes
KD-005-R5,Temperature Monitoring Devices,Yes,Yes
KD-005-R5,Cold Boxes (6L),Yes,Yes
KD-005-R5,GioStyle (4L),Yes,Yes
KD-005-R5,Rush (3L),No,
KD-005-R5,Ice Packs,Yes,Yes
KD-005-R6,Solar Refrigerators and Freezers,No,
KD-005-R6,Refrigerators,Yes,No
KD-005-R6,Temperature Monitoring Devices,Yes,Yes
KD-005-R6,Cold Boxes (6L),Yes,Yes
KD-005-R6,GioStyle (4L),Yes,Yes
KD-005-R6,Rush (3L),No,
KD-005-R6,Ice Packs,Yes,Yes
KD-006-R1,Solar Refrigerators and Freezers,No,
KD-006-R1,Refrigerators,No,
KD-006-R1,Temperature Monitoring Devices,No,
KD-006-R1,Cold Boxes (6L),No,
KD-006-R1,GioStyle (4L),No,
KD-006-R1,Rush (3L),No,
KD-006-R1,Ice Packs,No,
KD-006-R2,Solar Refrigerators and Freezers,No,
KD-006-R2,Refrigerators,No,
KD-006-R2,Temperature Monitoring Devices,No,
KD-006-R2,Cold Boxes (6L),No,
KD-006-R2,GioStyle (4L),No,
KD-006-R2,Rush (3L),No,
KD-006-R2,Ice Packs,No,
KD-006-R3,Solar Refrigerators and Freezers,No,
KD-006-R3,Refrigerators,No,
KD-006-R3,Temperature Monitoring Devices,No,
KD-006-R3,Cold Boxes (6L),No,
KD-006-R3,GioStyle (4L),No,
KD-006-R3,Rush (3L),No,
KD-006-R3,Ice Packs,No,
KD-006-R4,Solar Refrigerators and Freezers,No,
KD-006-R4,Refrigerators,No,
KD-006-R4,Temperature Monitoring Devices,No,
KD-006-R4,Cold Boxes (6L),No,
KD-006-R4,GioStyle (4L),No,
KD-006-R4,Rush (3L),No,
KD-006-R4,Ice Packs,No,
KD-006-R5,Solar Refrigerators and Freezers,No,
KD-006-R5,Refrigerators,No,
KD-006-R5,Temperature Monitoring Devices,No,
KD-006-R5,Cold Boxes (6L),No,
KD-006-R5,GioStyle (4L),No,
KD-006-R5,Rush (3L),No,
KD-006-R5,Ice Packs,No,
KD-006-R6,Solar Refrigerators and Freezers,No,
KD-006-R6,Refrigerators,No,
KD-006-R6,Temperature Monitoring Devices,No,
KD-006-R6,Cold Boxes (6L),No,
KD-006-R6,GioStyle (4L),No,
KD-006-R6,Rush (3L),No,
KD-006-R6,Ice Packs,No,
KD-007-R1,Solar Refrigerators and Freezers,Yes,Yes
KD-007-R1,Refrigerators,No,
KD-007-R1,Temperature Monitoring Devices,Yes,Yes
KD-007-R1,Cold Boxes (6L),No,
KD-007-R1,GioStyle (4L),Yes,Yes
KD-007-R1,Rush (3L),No,
KD-007-R1,Ice Packs,Yes,Yes
KD-007-R2,Solar Refrigerators and Freezers,Yes,Yes
KD-007-R2,Refrigerators,No,
KD-007-R2,Temperature Monitoring Devices,Yes,Yes
KD-007-R2,Cold Boxes (6L),No,
KD-007-R2,GioStyle (4L),Yes,Yes
KD-007-R2,Rush (3L),No,
KD-007-R2,Ice Packs,Yes,Yes
KD-007-R3,Solar Refrigerators and Freezers,Yes,Yes
KD-007-R3,Refrigerators,No,
KD-007-R3,Temperature Monitoring Devices,Yes,Yes
KD-007-R3,Cold Boxes (6L),No,
KD-007-R3,GioStyle (4L),Yes,Yes
KD-007-R3,Rush (3L),No,
KD-007-R3,Ice Packs,Yes,Yes
KD-007-R4,Solar Refrigerators and Freezers,Yes,Yes
KD-007-R4,Refrigerators,No,
KD-007-R4,Temperature Monitoring Devices,Yes,Yes
KD-007-R4,Cold Boxes (6L),No,
KD-007-R4,GioStyle (4L),Yes,Yes
KD-007-R4,Rush (3L),No,
KD-007-R4,Ice Packs,Yes,Yes
KD-007-R5,Solar Refrigerators and Freezers,Yes,Yes
KD-007-R5,Refrigerators,No,
KD-007-R5,Temperature Monitoring Devices,Yes,Yes
KD-007-R5,Cold Boxes (6L),No,
KD-007-R5,GioStyle (4L),Yes,Yes
KD-007-R5,Rush (3L),No,
KD-007-R5,Ice Packs,Yes,Yes
KD-007-R6,Solar Refrigerators and Freezers,Yes,Yes
KD-007-R6,Refrigerators,No,
KD-007-R6,Temperature Monitoring Devices,Yes,Yes
KD-007-R6,Cold Boxes (6L),No,
KD-007-R6,GioStyle (4L),Yes,Yes
KD-007-R6,Rush (3L),No,
KD-007-R6,Ice Packs,Yes,Yes
KD-008-R1,Solar Refrigerators and Freezers,Yes,Yes
KD-008-R1,Refrigerators,No,
KD-008-R1,Temperature Monitoring Devices,Yes,Yes
KD-008-R1,Cold Boxes (6L),No,
KD-008-R1,GioStyle (4L),No,
KD-008-R1,Rush (3L),Yes,Yes
KD-008-R1,Ice Packs,No,
KD-008-R2,Solar Refrigerators and Freezers,Yes,No
KD-008-R2,Refrigerators,No,
KD-008-R2,Temperature Monitoring Devices,Yes,Yes
KD-008-R2,Cold Boxes (6L),No,
KD-008-R2,GioStyle (4L),No,
KD-008-R2,Rush (3L),Yes,Yes
KD-008-R2,Ice Packs,No,
KD-008-R3,Solar Refrigerators and Freezers,Yes,No
KD-008-R3,Refrigerators,No,
KD-008-R3,Temperature Monitoring Devices,Yes,Yes
KD-008-R3,Cold Boxes (6L),No,
KD-008-R3,GioStyle (4L),No,
KD-008-R3,Rush (3L),Yes,Yes
KD-008-R3,Ice Packs,No,
KD-008-R4,Solar Refrigerators and Freezers,Yes,Yes
KD-008-R4,Refrigerators,No,
KD-008-R4,Temperature Monitoring Devices,Yes,Yes
KD-008-R4,Cold Boxes (6L),No,
KD-008-R4,GioStyle (4L),No,
KD-008-R4,Rush (3L),Yes,Yes
KD-008-R4,Ice Packs,No,
KD-008-R5,Solar Refrigerators and Freezers,Yes,Yes
KD-008-R5,Refrigerators,No,
KD-008-R5,Temperature Monitoring Devices,Yes,Yes
KD-008-R5,Cold Boxes (6L),No,
KD-008-R5,GioStyle (4L),No,
KD-008-R5,Rush (3L),Yes,Yes
KD-008-R5,Ice Packs,No,
KD-008-R6,Solar Refrigerators and Freezers,Yes,Yes
KD-008-R6,Refrigerators,No,
KD-008-R6,Temperature Monitoring Devices,Yes,Yes
KD-008-R6,Cold Boxes (6L),No,
KD-008-R6,GioStyle (4L),No,
KD-008-R6,Rush (3L),Yes,Yes
KD-008-R6,Ice Packs,No,
KD-009-R1,Solar Refrigerators and Freezers,No,
KD-009-R1,Refrigerators,No,
KD-009-R1,Temperature Monitoring Devices,No,
KD-009-R1,Cold Boxes (6L),No,
KD-009-R1,GioStyle (4L),No,
KD-009-R1,Rush (3L),No,
KD-009-R1,Ice Packs,No,
KD-009-R2,Solar Refrigerators and Freezers,No,
KD-009-R2,Refrigerators,No,
KD-009-R2,Temperature Monitoring Devices,No,
KD-009-R2,Cold Boxes (6L),No,
KD-009-R2,GioStyle (4L),No,
KD-009-R2,Rush (3L),No,
KD-009-R2,Ice Packs,No,
KD-009-R3,Solar Refrigerators and Freezers,No,
KD-009-R3,Refrigerators,No,
KD-009-R3,Temperature Monitoring Devices,No,
KD-009-R3,Cold Boxes (6L),No,
KD-009-R3,GioStyle (4L),No,
KD-009-R3,Rush (3L),No,
KD-009-R3,Ice Packs,No,
KD-009-R4,Solar Refrigerators and Freezers,No,
KD-009-R4,Refrigerators,No,
KD-009-R4,Temperature Monitoring Devices,No,
KD-009-R4,Cold Boxes (6L),No,
KD-009-R4,GioStyle (4L),No,
KD-009-R4,Rush (3L),No,
KD-009-R4,Ice Packs,No,
KD-009-R5,Solar Refrigerators and Freezers,No,
KD-009-R5,Refrigerators,No,
KD-009-R5,Temperature Monitoring Devices,No,
KD-009-R5,Cold Boxes (6L),No,
KD-009-R5,GioStyle (4L),No,
KD-009-R5,Rush (3L),No,
KD-009-R5,Ice Packs,No,
KD-009-R6,Solar Refrigerators and Freezers,No,
KD-009-R6,Refrigerators,No,
KD-009-R6,Temperature Monitoring Devices,No,
KD-009-R6,Cold Boxes (6L),No,
KD-009-R6,GioStyle (4L),No,
KD-009-R6,Rush (3L),No,
KD-009-R6,Ice Packs,No,
KD-010-R1,Solar Refrigerators and Freezers,No,
KD-010-R1,Refrigerators,No,
KD-010-R1,Temperature Monitoring Devices,No,
KD-010-R1,Cold Boxes (6L),No,
KD-010-R1,GioStyle (4L),No,
KD-010-R1,Rush (3L),No,
KD-010-R1,Ice Packs,No,
KD-010-R2,Solar Refrigerators and Freezers,No,
KD-010-R2,Refrigerators,No,
KD-010-R2,Temperature Monitoring Devices,No,
KD-010-R2,Cold Boxes (6L),No,
KD-010-R2,GioStyle (4L),No,
KD-010-R2,Rush (3L),No,
KD-010-R2,Ice Packs,No,
KD-010-R3,Solar Refrigerators and Freezers,No,
KD-010-R3,Refrigerators,No,
KD-010-R3,Temperature Monitoring Devices,No,
KD-010-R3,Cold Boxes (6L),No,
KD-010-R3,GioStyle (4L),No,
KD-010-R3,Rush (3L),No,
KD-010-R3,Ice Packs,No,
KD-010-R4,Solar Refrigerators and Freezers,No,
KD-010-R4,Refrigerators,No,
KD-010-R4,Temperature Monitoring Devices,No,
KD-010-R4,Cold Boxes (6L),No,
KD-010-R4,GioStyle (4L),No,
KD-010-R4,Rush (3L),No,
KD-010-R4,Ice Packs,No,
KD-010-R5,Solar Refrigerators and Freezers,No,
KD-010-R5,Refrigerators,No,
KD-010-R5,Temperature Monitoring Devices,No,
KD-010-R5,Cold Boxes (6L),No,
KD-010-R5,GioStyle (4L),No,
KD-010-R5,Rush (3L),No,
KD-010-R5,Ice Packs,No,
KD-010-R6,Solar Refrigerators and Freezers,No,
KD-010-R6,Refrigerators,No,
KD-010-R6,Temperature Monitoring Devices,No,
KD-010-R6,Cold Boxes (6L),No,
KD-010-R6,GioStyle (4L),No,
KD-010-R6,Rush (3L),No,
KD-010-R6,Ice Packs,No,
KD-011-R1,Solar Refrigerators and Freezers,No,
KD-011-R1,Refrigerators,No,
KD-011-R1,Temperature Monitoring Devices,Yes,Yes
KD-011-R1,Cold Boxes (6L),Yes,Yes
KD-011-R1,GioStyle (4L),Yes,No
KD-011-R1,Rush (3L),No,
KD-011-R1,Ice Packs,Yes,Yes
KD-011-R2,Solar Refrigerators and Freezers,No,
KD-011-R2,Refrigerators,No,
KD-011-R2,Temperature Monitoring Devices,Yes,No
KD-011-R2,Cold Boxes (6L),Yes,Yes
KD-011-R2,GioStyle (4L),Yes,Yes
KD-011-R2,Rush (3L),No,
KD-011-R2,Ice Packs,Yes,Yes
KD-011-R3,Solar Refrigerators and Freezers,No,
KD-011-R3,Refrigerators,No,
KD-011-R3,Temperature Monitoring Devices,Yes,Yes
KD-011-R3,Cold Boxes (6L),Yes,Yes
KD-011-R3,GioStyle (4L),Yes,Yes
KD-011-R3,Rush (3L),No,
KD-011-R3,Ice Packs,Yes,Yes
KD-011-R4,Solar Refrigerators and Freezers,No,
KD-011-R4,Refrigerators,No,
KD-011-R4,Temperature Monitoring Devices,Yes,Yes
KD-011-R4,Cold Boxes (6L),Yes,Yes
KD-011-R4,GioStyle (4L),Yes,Yes
KD-011-R4,Rush (3L),No,
KD-011-R4,Ice Packs,Yes,Yes
KD-011-R5,Solar Refrigerators and Freezers,No,
KD-011-R5,Refrigerators,No,
KD-011-R5,Temperature Monitoring Devices,Yes,No
KD-011-R5,Cold Boxes (6L),Yes,Yes
KD-011-R5,GioStyle (4L),Yes,Yes
KD-011-R5,Rush (3L),No,
KD-011-R5,Ice Packs,Yes,Yes
KD-011-R6,Solar Refrigerators and Freezers,No,
KD-011-R6,Refrigerators,No,
KD-011-R6,Temperature Monitoring Devices,Yes,Yes
KD-011-R6,Cold Boxes (6L),Yes,No
KD-011-R6,GioStyle (4L),Yes,Yes
KD-011-R6,Rush (3L),No,
KD-011-R6,Ice Packs,Yes,Yes
KD-012-R1,Solar Refrigerators and Freezers,Yes,Yes
KD-012-R1,Refrigerators,No,
KD-012-R1,Temperature Monitoring Devices,Yes,Yes
KD-012-R1,Cold Boxes (6L),Yes,Yes
KD-012-R1,GioStyle (4L),Yes,Yes
KD-012-R1,Rush (3L),No,
KD-012-R1,Ice Packs,Yes,Yes
KD-012-R2,Solar Refrigerators and Freezers,Yes,Yes
KD-012-R2,Refrigerators,No,
KD-012-R2,Temperature Monitoring Devices,Yes,Yes
KD-012-R2,Cold Boxes (6L),Yes,Yes
KD-012-R2,GioStyle (4L),Yes,Yes
KD-012-R2,Rush (3L),No,
KD-012-R2,Ice Packs,Yes,Yes
KD-012-R3,Solar Refrigerators and Freezers,Yes,No
KD-012-R3,Refrigerators,No,
KD-012-R3,Temperature Monitoring Devices,Yes,No
KD-012-R3,Cold Boxes (6L),Yes,Yes
KD-012-R3,GioStyle (4L),Yes,Yes
KD-012-R3,Rush (3L),No,
KD-012-R3,Ice Packs,Yes,Yes
KD-012-R4,Solar Refrigerators and Freezers,Yes,Yes
KD-012-R4,Refrigerators,No,
KD-012-R4,Temperature Monitoring Devices,Yes,Yes
KD-012-R4,Cold Boxes (6L),Yes,Yes
KD-012-R4,GioStyle (4L),Yes,Yes
KD-012-R4,Rush (3L),No,
KD-012-R4,Ice Packs,Yes,Yes
KD-012-R5,Solar Refrigerators and Freezers,Yes,Yes
KD-012-R5,Refrigerators,No,
KD-012-R5,Temperature Monitoring Devices,Yes,No
KD-012-R5,Cold Boxes (6L),Yes,Yes
KD-012-R5,GioStyle (4L),Yes,Yes
KD-012-R5,Rush (3L),No,
KD-012-R5,Ice Packs,Yes,No
KD-012-R6,Solar Refrigerators and Freezers,Yes,Yes
KD-012-R6,Refrigerators,No,
KD-012-R6,Temperature Monitoring Devices,Yes,Yes
KD-012-R6,Cold Boxes (6L),Yes,Yes
KD-012-R6,GioStyle (4L),Yes,Yes
KD-012-R6,Rush (3L),No,
KD-012-R6,Ice Packs,Yes,No
KD-013-R1,Solar Refrigerators and Freezers,No,
KD-013-R1,Refrigerators,No,
KD-013-R1,Temperature Monitoring Devices,No,
KD-013-R1,Cold Boxes (6L),No,
KD-013-R1,GioStyle (4L),No,
KD-013-R1,Rush (3L),No,
KD-013-R1,Ice Packs,No,
KD-013-R2,Solar Refrigerators and Freezers,No,
KD-013-R2,Refrigerators,No,
KD-013-R2,Temperature Monitoring Devices,No,
KD-013-R2,Cold Boxes (6L),No,
KD-013-R2,GioStyle (4L),No,
KD-013-R2,Rush (3L),No,
KD-013-R2,Ice Packs,No,
KD-013-R3,Solar Refrigerators and Freezers,No,
KD-013-R3,Refrigerators,No,
KD-013-R3,Temperature Monitoring Devices,No,
KD-013-R3,Cold Boxes (6L),No,
KD-013-R3,GioStyle (4L),No,
KD-013-R3,Rush (3L),No,
KD-013-R3,Ice Packs,No,
KD-013-R4,Solar Refrigerators and Freezers,No,
KD-013-R4,Refrigerators,No,
KD-013-R4,Temperature Monitoring Devices,No,
KD-013-R4,Cold Boxes (6L),No,
KD-013-R4,GioStyle (4L),No,
KD-013-R4,Rush (3L),No,
KD-013-R4,Ice Packs,No,
KD-013-R5,Solar Refrigerators and Freezers,No,
KD-013-R5,Refrigerators,No,
KD-013-R5,Temperature Monitoring Devices,No,
KD-013-R5,Cold Boxes (6L),No,
KD-013-R5,GioStyle (4L),No,
KD-013-R5,Rush (3L),No,
KD-013-R5,Ice Packs,No,
KD-013-R6,Solar Refrigerators and Freezers,No,
KD-013-R6,Refrigerators,No,
KD-013-R6,Temperature Monitoring Devices,No,
KD-013-R6,Cold Boxes (6L),No,
KD-013-R6,GioStyle (4L),No,
KD-013-R6,Rush (3L),No,
KD-013-R6,Ice Packs,No,
KD-014-R1,Solar Refrigerators and Freezers,No,
KD-014-R1,Refrigerators,No,
KD-014-R1,Temperature Monitoring Devices,Yes,Yes
KD-014-R1,Cold Boxes (6L),Yes,Yes
KD-014-R1,GioStyle (4L),Yes,Yes
KD-014-R1,Rush (3L),No,
KD-014-R1,Ice Packs,Yes,Yes
KD-014-R2,Solar Refrigerators and Freezers,No,
KD-014-R2,Refrigerators,No,
KD-014-R2,Temperature Monitoring Devices,Yes,Yes
KD-014-R2,Cold Boxes (6L),Yes,Yes
KD-014-R2,GioStyle (4L),Yes,No
KD-014-R2,Rush (3L),No,
KD-014-R2,Ice Packs,Yes,Yes
KD-014-R3,Solar Refrigerators and Freezers,No,
KD-014-R3,Refrigerators,No,
KD-014-R3,Temperature Monitoring Devices,Yes,Yes
KD-014-R3,Cold Boxes (6L),Yes,Yes
KD-014-R3,GioStyle (4L),Yes,No
KD-014-R3,Rush (3L),No,
KD-014-R3,Ice Packs,Yes,Yes
KD-014-R4,Solar Refrigerators and Freezers,No,
KD-014-R4,Refrigerators,No,
KD-014-R4,Temperature Monitoring Devices,Yes,Yes
KD-014-R4,Cold Boxes (6L),Yes,Yes
KD-014-R4,GioStyle (4L),Yes,No
KD-014-R4,Rush (3L),No,
KD-014-R4,Ice Packs,Yes,Yes
KD-014-R5,Solar Refrigerators and Freezers,No,
KD-014-R5,Refrigerators,No,
KD-014-R5,Temperature Monitoring Devices,Yes,Yes
KD-014-R5,Cold Boxes (6L),Yes,No
KD-014-R5,GioStyle (4L),Yes,Yes
KD-014-R5,Rush (3L),No,
KD-014-R5,Ice Packs,Yes,Yes
KD-014-R6,Solar Refrigerators and Freezers,No,
KD-014-R6,Refrigerators,No,
KD-014-R6,Temperature Monitoring Devices,Yes,Yes
KD-014-R6,Cold Boxes (6L),Yes,Yes
KD-014-R6,GioStyle (4L),Yes,No
KD-014-R6,Rush (3L),No,
KD-014-R6,Ice Packs,Yes,Yes
KD-015-R1,Solar Refrigerators and Freezers,Yes,No
KD-015-R1,Refrigerators,No,
KD-015-R1,Temperature Monitoring Devices,Yes,Yes
KD-015-R1,Cold Boxes (6L),Yes,Yes
KD-015-R1,GioStyle (4L),Yes,Yes
KD-015-R1,Rush (3L),Yes,Yes
KD-015-R1,Ice Packs,Yes,Yes
KD-015-R2,Solar Refrigerators and Freezers,Yes,Yes
KD-015-R2,Refrigerators,No,
KD-015-R2,Temperature Monitoring Devices,Yes,Yes
KD-015-R2,Cold Boxes (6L),Yes,No
KD-015-R2,GioStyle (4L),Yes,No
KD-015-R2,Rush (3L),Yes,Yes
KD-015-R2,Ice Packs,Yes,Yes
KD-015-R3,Solar Refrigerators and Freezers,Yes,Yes
KD-015-R3,Refrigerators,No,
KD-015-R3,Temperature Monitoring Devices,Yes,Yes
KD-015-R3,Cold Boxes (6L),Yes,Yes
KD-015-R3,GioStyle (4L),Yes,No
KD-015-R3,Rush (3L),Yes,Yes
KD-015-R3,Ice Packs,Yes,No
KD-015-R4,Solar Refrigerators and Freezers,Yes,Yes
KD-015-R4,Refrigerators,No,
KD-015-R4,Temperature Monitoring Devices,Yes,Yes
KD-015-R4,Cold Boxes (6L),Yes,Yes
KD-015-R4,GioStyle (4L),Yes,Yes
KD-015-R4,Rush (3L),Yes,No
KD-015-R4,Ice Packs,Yes,Yes
KD-015-R5,Solar Refrigerators and Freezers,Yes,Yes
KD-015-R5,Refrigerators,No,
KD-015-R5,Temperature Monitoring Devices,Yes,No
KD-015-R5,Cold Boxes (6L),Yes,Yes
KD-015-R5,GioStyle (4L),Yes,Yes
KD-015-R5,Rush (3L),Yes,Yes
KD-015-R5,Ice Packs,Yes,Yes
KD-015-R6,Solar Refrigerators and Freezers,Yes,Yes
KD-015-R6,Refrigerators,No,
KD-015-R6,Temperature Monitoring Devices,Yes,Yes
KD-015-R6,Cold Boxes (6L),Yes,No
KD-015-R6,GioStyle (4L),Yes,Yes
KD-015-R6,Rush (3L),Yes,No
KD-015-R6,Ice Packs,Yes,Yes
KD-016-R1,Solar Refrigerators and Freezers,Yes,Yes
KD-016-R1,Refrigerators,No,
KD-016-R1,Temperature Monitoring Devices,Yes,Yes
KD-016-R1,Cold Boxes (6L),Yes,Yes
KD-016-R1,GioStyle (4L),Yes,No
KD-016-R1,Rush (3L),Yes,Yes
KD-016-R1,Ice Packs,Yes,Yes
KD-016-R2,Solar Refrigerators and Freezers,Yes,Yes
KD-016-R2,Refrigerators,No,
KD-016-R2,Temperature Monitoring Devices,Yes,Yes
KD-016-R2,Cold Boxes (6L),Yes,Yes
KD-016-R2,GioStyle (4L),Yes,Yes
KD-016-R2,Rush (3L),Yes,Yes
KD-016-R2,Ice Packs,Yes,Yes
KD-016-R3,Solar Refrigerators and Freezers,Yes,Yes
KD-016-R3,Refrigerators,No,
KD-016-R3,Temperature Monitoring Devices,Yes,Yes
KD-016-R3,Cold Boxes (6L),Yes,Yes
KD-016-R3,GioStyle (4L),Yes,Yes
KD-016-R3,Rush (3L),Yes,Yes
KD-016-R3,Ice Packs,Yes,Yes
KD-016-R4,Solar Refrigerators and Freezers,Yes,Yes
KD-016-R4,Refrigerators,No,
KD-016-R4,Temperature Monitoring Devices,Yes,Yes
KD-016-R4,Cold Boxes (6L),Yes,Yes
KD-016-R4,GioStyle (4L),Yes,Yes
KD-016-R4,Rush (3L),Yes,Yes
KD-016-R4,Ice Packs,Yes,Yes
KD-016-R5,Solar Refrigerators and Freezers,Yes,No
KD-016-R5,Refrigerators,No,
KD-016-R5,Temperature Monitoring Devices,Yes,Yes
KD-016-R5,Cold Boxes (6L),Yes,Yes
KD-016-R5,GioStyle (4L),Yes,Yes
KD-016-R5,Rush (3L),Yes,Yes
KD-016-R5,Ice Packs,Yes,Yes
KD-016-R6,Solar Refrigerators and Freezers,Yes,No
KD-016-R6,Refrigerators,No,
KD-016-R6,Temperature Monitoring Devices,Yes,Yes
KD-016-R6,Cold Boxes (6L),Yes,Yes
KD-016-R6,GioStyle (4L),Yes,Yes
KD-016-R6,Rush (3L),Yes,No
KD-016-R6,Ice Packs,Yes,Yes
KD-017-R1,Solar Refrigerators and Freezers,No,
KD-017-R1,Refrigerators,No,
KD-017-R1,Temperature Monitoring Devices,No,
KD-017-R1,Cold Boxes (6L),No,
KD-017-R1,GioStyle (4L),No,
KD-017-R1,Rush (3L),No,
KD-017-R1,Ice Packs,No,
KD-017-R2,Solar Refrigerators and Freezers,No,
KD-017-R2,Refrigerators,No,
KD-017-R2,Temperature Monitoring Devices,No,
KD-017-R2,Cold Boxes (6L),No,
KD-017-R2,GioStyle (4L),No,
KD-017-R2,Rush (3L),No,
KD-017-R2,Ice Packs,No,
KD-017-R3,Solar Refrigerators and Freezers,No,
KD-017-R3,Refrigerators,No,
KD-017-R3,Temperature Monitoring Devices,No,
KD-017-R3,Cold Boxes (6L),No,
KD-017-R3,GioStyle (4L),No,
KD-017-R3,Rush (3L),No,
KD-017-R3,Ice Packs,No,
KD-017-R4,Solar Refrigerators and Freezers,No,
KD-017-R4,Refrigerators,No,
KD-017-R4,Temperature Monitoring Devices,No,
KD-017-R4,Cold Boxes (6L),No,
KD-017-R4,GioStyle (4L),No,
KD-017-R4,Rush (3L),No,
KD-017-R4,Ice Packs,No,
KD-017-R5,Solar Refrigerators and Freezers,No,
KD-017-R5,Refrigerators,No,
KD-017-R5,Temperature Monitoring Devices,No,
KD-017-R5,Cold Boxes (6L),No,
KD-017-R5,GioStyle (4L),No,
KD-017-R5,Rush (3L),No,
KD-017-R5,Ice Packs,No,
KD-017-R6,Solar Refrigerators and Freezers,No,
KD-017-R6,Refrigerators,No,
KD-017-R6,Temperature Monitoring Devices,No,
KD-017-R6,Cold Boxes (6L),No,
KD-017-R6,GioStyle (4L),No,
KD-017-R6,Rush (3L),No,
KD-017-R6,Ice Packs,No,
KD-018-R1,Solar Refrigerators and Freezers,No,
KD-018-R1,Refrigerators,Yes,No
KD-018-R1,Temperature Monitoring Devices,Yes,Yes
KD-018-R1,Cold Boxes (6L),Yes,Yes
KD-018-R1,GioStyle (4L),No,
KD-018-R1,Rush (3L),Yes,Yes
KD-018-R1,Ice Packs,Yes,Yes
KD-018-R2,Solar Refrigerators and Freezers,No,
KD-018-R2,Refrigerators,Yes,Yes
KD-018-R2,Temperature Monitoring Devices,Yes,No
KD-018-R2,Cold Boxes (6L),Yes,Yes
KD-018-R2,GioStyle (4L),No,
KD-018-R2,Rush (3L),Yes,Yes
KD-018-R2,Ice Packs,Yes,No
KD-018-R3,Solar Refrigerators and Freezers,No,
KD-018-R3,Refrigerators,Yes,No
KD-018-R3,Temperature Monitoring Devices,Yes,No
KD-018-R3,Cold Boxes (6L),Yes,Yes
KD-018-R3,GioStyle (4L),No,
KD-018-R3,Rush (3L),Yes,Yes
KD-018-R3,Ice Packs,Yes,Yes
KD-018-R4,Solar Refrigerators and Freezers,No,
KD-018-R4,Refrigerators,Yes,No
KD-018-R4,Temperature Monitoring Devices,Yes,Yes
KD-018-R4,Cold Boxes (6L),Yes,Yes
KD-018-R4,GioStyle (4L),No,
KD-018-R4,Rush (3L),Yes,Yes
KD-018-R4,Ice Packs,Yes,Yes
KD-018-R5,Solar Refrigerators and Freezers,No,
KD-018-R5,Refrigerators,Yes,Yes
KD-018-R5,Temperature Monitoring Devices,Yes,Yes
KD-018-R5,Cold Boxes (6L),Yes,No
KD-018-R5,GioStyle (4L),No,
KD-018-R5,Rush (3L),Yes,Yes
KD-018-R5,Ice Packs,Yes,Yes
KD-018-R6,Solar Refrigerators and Freezers,No,
KD-018-R6,Refrigerators,Yes,Yes
KD-018-R6,Temperature Monitoring Devices,Yes,Yes
KD-018-R6,Cold Boxes (6L),Yes,No
KD-018-R6,GioStyle (4L),No,
KD-018-R6,Rush (3L),Yes,Yes
KD-018-R6,Ice Packs,Yes,Yes
KD-019-R1,Solar Refrigerators and Freezers,Yes,Yes
KD-019-R1,Refrigerators,No,
KD-019-R1,Temperature Monitoring Devices,No,
KD-019-R1,Cold Boxes (6L),Yes,Yes
KD-019-R1,GioStyle (4L),Yes,Yes
KD-019-R1,Rush (3L),Yes,Yes
KD-019-R1,Ice Packs,Yes,Yes
KD-019-R2,Solar Refrigerators and Freezers,Yes,Yes
KD-019-R2,Refrigerators,No,
KD-019-R2,Temperature Monitoring Devices,No,
KD-019-R2,Cold Boxes (6L),Yes,Yes
KD-019-R2,GioStyle (4L),Yes,Yes
KD-019-R2,Rush (3L),Yes,Yes
KD-019-R2,Ice Packs,Yes,Yes
KD-019-R3,Solar Refrigerators and Freezers,Yes,Yes
KD-019-R3,Refrigerators,No,
KD-019-R3,Temperature Monitoring Devices,No,
KD-019-R3,Cold Boxes (6L),Yes,Yes
KD-019-R3,GioStyle (4L),Yes,Yes
KD-019-R3,Rush (3L),Yes,Yes
KD-019-R3,Ice Packs,Yes,Yes
KD-019-R4,Solar Refrigerators and Freezers,Yes,Yes
KD-019-R4,Refrigerators,No,
KD-019-R4,Temperature Monitoring Devices,No,
KD-019-R4,Cold Boxes (6L),Yes,Yes
KD-019-R4,GioStyle (4L),Yes,Yes
KD-019-R4,Rush (3L),Yes,Yes
KD-019-R4,Ice Packs,Yes,Yes
KD-019-R5,Solar Refrigerators and Freezers,Yes,Yes
KD-019-R5,Refrigerators,No,
KD-019-R5,Temperature Monitoring Devices,No,
KD-019-R5,Cold Boxes (6L),Yes,Yes
KD-019-R5,GioStyle (4L),Yes,Yes
KD-019-R5,Rush (3L),Yes,Yes
KD-019-R5,Ice Packs,Yes,Yes
KD-019-R6,Solar Refrigerators and Freezers,Yes,Yes
KD-019-R6,Refrigerators,No,
KD-019-R6,Temperature Monitoring Devices,No,
KD-019-R6,Cold Boxes (6L),Yes,Yes
KD-019-R6,GioStyle (4L),Yes,Yes
KD-019-R6,Rush (3L),Yes,Yes
KD-019-R6,Ice Packs,Yes,No
KD-020-R1,Solar Refrigerators and Freezers,No,
KD-020-R1,Refrigerators,No,
KD-020-R1,Temperature Monitoring Devices,No,
KD-020-R1,Cold Boxes (6L),No,
KD-020-R1,GioStyle (4L),No,
KD-020-R1,Rush (3L),No,
KD-020-R1,Ice Packs,No,
KD-020-R2,Solar Refrigerators and Freezers,No,
KD-020-R2,Refrigerators,No,
KD-020-R2,Temperature Monitoring Devices,No,
KD-020-R2,Cold Boxes (6L),No,
KD-020-R2,GioStyle (4L),No,
KD-020-R2,Rush (3L),No,
KD-020-R2,Ice Packs,No,
KD-020-R3,Solar Refrigerators and Freezers,No,
KD-020-R3,Refrigerators,No,
KD-020-R3,Temperature Monitoring Devices,No,
KD-020-R3,Cold Boxes (6L),No,
KD-020-R3,GioStyle (4L),No,
KD-020-R3,Rush (3L),No,
KD-020-R3,Ice Packs,No,
KD-020-R4,Solar Refrigerators and Freezers,No,
KD-020-R4,Refrigerators,No,
KD-020-R4,Temperature Monitoring Devices,No,
KD-020-R4,Cold Boxes (6L),No,
KD-020-R4,GioStyle (4L),No,
KD-020-R4,Rush (3L),No,
KD-020-R4,Ice Packs,No,
KD-020-R5,Solar Refrigerators and Freezers,No,
KD-020-R5,Refrigerators,No,
KD-020-R5,Temperature Monitoring Devices,No,
KD-020-R5,Cold Boxes (6L),No,
KD-020-R5,GioStyle (4L),No,
KD-020-R5,Rush (3L),No,
KD-020-R5,Ice Packs,No,
KD-020-R6,Solar Refrigerators and Freezers,No,
KD-020-R6,Refrigerators,No,
KD-020-R6,Temperature Monitoring Devices,No,
KD-020-R6,Cold Boxes (6L),No,
KD-020-R6,GioStyle (4L),No,
KD-020-R6,Rush (3L),No,
KD-020-R6,Ice Packs,No,
KD-021-R1,Solar Refrigerators and Freezers,Yes,Yes
KD-021-R1,Refrigerators,Yes,Yes
KD-021-R1,Temperature Monitoring Devices,Yes,Yes
KD-021-R1,Cold Boxes (6L),No,
KD-021-R1,GioStyle (4L),Yes,Yes
KD-021-R1,Rush (3L),No,
KD-021-R1,Ice Packs,Yes,Yes
KD-021-R2,Solar Refrigerators and Freezers,Yes,Yes
KD-021-R2,Refrigerators,Yes,No
KD-021-R2,Temperature Monitoring Devices,Yes,Yes
KD-021-R2,Cold Boxes (6L),No,
KD-021-R2,GioStyle (4L),Yes,No
KD-021-R2,Rush (3L),No,
KD-021-R2,Ice Packs,Yes,Yes
KD-021-R3,Solar Refrigerators and Freezers,Yes,Yes
KD-021-R3,Refrigerators,Yes,Yes
KD-021-R3,Temperature Monitoring Devices,Yes,Yes
KD-021-R3,Cold Boxes (6L),No,
KD-021-R3,GioStyle (4L),Yes,Yes
KD-021-R3,Rush (3L),No,
KD-021-R3,Ice Packs,Yes,No
KD-021-R4,Solar Refrigerators and Freezers,Yes,No
KD-021-R4,Refrigerators,Yes,Yes
KD-021-R4,Temperature Monitoring Devices,Yes,Yes
KD-021-R4,Cold Boxes (6L),No,
KD-021-R4,GioStyle (4L),Yes,Yes
KD-021-R4,Rush (3L),No,
KD-021-R4,Ice Packs,Yes,Yes
KD-021-R5,Solar Refrigerators and Freezers,Yes,Yes
KD-021-R5,Refrigerators,Yes,Yes
KD-021-R5,Temperature Monitoring Devices,Yes,Yes
KD-021-R5,Cold Boxes (6L),No,
KD-021-R5,GioStyle (4L),Yes,No
KD-021-R5,Rush (3L),No,
KD-021-R5,Ice Packs,Yes,No
KD-021-R6,Solar Refrigerators and Freezers,Yes,Yes
KD-021-R6,Refrigerators,Yes,Yes
KD-021-R6,Temperature Monitoring Devices,Yes,Yes
KD-021-R6,Cold Boxes (6L),No,
KD-021-R6,GioStyle (4L),Yes,Yes
KD-021-R6,Rush (3L),No,
KD-021-R6,Ice Packs,Yes,Yes
KD-022-R1,Solar Refrigerators and Freezers,Yes,Yes
KD-022-R1,Refrigerators,Yes,Yes
KD-022-R1,Temperature Monitoring Devices,Yes,Yes
KD-022-R1,Cold Boxes (6L),Yes,Yes
KD-022-R1,GioStyle (4L),Yes,Yes
KD-022-R1,Rush (3L),No,
KD-022-R1,Ice Packs,Yes,Yes
KD-022-R2,Solar Refrigerators and Freezers,Yes,Yes
KD-022-R2,Refrigerators,Yes,Yes
KD-022-R2,Temperature Monitoring Devices,Yes,No
KD-022-R2,Cold Boxes (6L),Yes,No
KD-022-R2,GioStyle (4L),Yes,No
KD-022-R2,Rush (3L),No,
KD-022-R2,Ice Packs,Yes,Yes
KD-022-R3,Solar Refrigerators and Freezers,Yes,Yes
KD-022-R3,Refrigerators,Yes,Yes
KD-022-R3,Temperature Monitoring Devices,Yes,Yes
KD-022-R3,Cold Boxes (6L),Yes,Yes
KD-022-R3,GioStyle (4L),Yes,No
KD-022-R3,Rush (3L),No,
KD-022-R3,Ice Packs,Yes,No
KD-022-R4,Solar Refrigerators and Freezers,Yes,No
KD-022-R4,Refrigerators,Yes,Yes
KD-022-R4,Temperature Monitoring Devices,Yes,Yes
KD-022-R4,Cold Boxes (6L),Yes,No
KD-022-R4,GioStyle (4L),Yes,No
KD-022-R4,Rush (3L),No,
KD-022-R4,Ice Packs,Yes,Yes
KD-022-R5,Solar Refrigerators and Freezers,Yes,No
KD-022-R5,Refrigerators,Yes,Yes
KD-022-R5,Temperature Monitoring Devices,Yes,Yes
KD-022-R5,Cold Boxes (6L),Yes,Yes
KD-022-R5,GioStyle (4L),Yes,Yes
KD-022-R5,Rush (3L),No,
KD-022-R5,Ice Packs,Yes,Yes
KD-022-R6,Solar Refrigerators and Freezers,Yes,Yes
KD-022-R6,Refrigerators,Yes,Yes
KD-022-R6,Temperature Monitoring Devices,Yes,Yes
KD-022-R6,Cold Boxes (6L),Yes,Yes
KD-022-R6,GioStyle (4L),Yes,No
KD-022-R6,Rush (3L),No,
KD-022-R6,Ice Packs,Yes,Yes
KD-023-R1,Solar Refrigerators and Freezers,Yes,No
KD-023-R1,Refrigerators,Yes,Yes
KD-023-R1,Temperature Monitoring Devices,Yes,No
KD-023-R1,Cold Boxes (6L),No,
KD-023-R1,GioStyle (4L),Yes,Yes
KD-023-R1,Rush (3L),Yes,Yes
KD-023-R1,Ice Packs,Yes,Yes
KD-023-R2,Solar Refrigerators and Freezers,Yes,Yes
KD-023-R2,Refrigerators,Yes,Yes
KD-023-R2,Temperature Monitoring Devices,Yes,Yes
KD-023-R2,Cold Boxes (6L),No,
KD-023-R2,GioStyle (4L),Yes,Yes
KD-023-R2,Rush (3L),Yes,No
KD-023-R2,Ice Packs,Yes,Yes
KD-023-R3,Solar Refrigerators and Freezers,Yes,Yes
KD-023-R3,Refrigerators,Yes,No
KD-023-R3,Temperature Monitoring Devices,Yes,Yes
KD-023-R3,Cold Boxes (6L),No,
KD-023-R3,GioStyle (4L),Yes,Yes
KD-023-R3,Rush (3L),Yes,No
KD-023-R3,Ice Packs,Yes,Yes
KD-023-R4,Solar Refrigerators and Freezers,Yes,Yes
KD-023-R4,Refrigerators,Yes,Yes
KD-023-R4,Temperature Monitoring Devices,Yes,Yes
KD-023-R4,Cold Boxes (6L),No,
KD-023-R4,GioStyle (4L),Yes,Yes
KD-023-R4,Rush (3L),Yes,No
KD-023-R4,Ice Packs,Yes,No
KD-023-R5,Solar Refrigerators and Freezers,Yes,No
KD-023-R5,Refrigerators,Yes,No
KD-023-R5,Temperature Monitoring Devices,Yes,No
KD-023-R5,Cold Boxes (6L),No,
KD-023-R5,GioStyle (4L),Yes,Yes
KD-023-R5,Rush (3L),Yes,No
KD-023-R5,Ice Packs,Yes,No
KD-023-R6,Solar Refrigerators and Freezers,Yes,Yes
KD-023-R6,Refrigerators,Yes,Yes
KD-023-R6,Temperature Monitoring Devices,Yes,Yes
KD-023-R6,Cold Boxes (6L),No,
KD-023-R6,GioStyle (4L),Yes,Yes
KD-023-R6,Rush (3L),Yes,No
KD-023-R6,Ice Packs,Yes,Yes
KD-024-R1,Solar Refrigerators and Freezers,No,
KD-024-R1,Refrigerators,No,
KD-024-R1,Temperature Monitoring Devices,No,
KD-024-R1,Cold Boxes (6L),No,
KD-024-R1,GioStyle (4L),No,
KD-024-R1,Rush (3L),No,
KD-024-R1,Ice Packs,No,
KD-024-R2,Solar Refrigerators and Freezers,No,
KD-024-R2,Refrigerators,No,
KD-024-R2,Temperature Monitoring Devices,No,
KD-024-R2,Cold Boxes (6L),No,
KD-024-R2,GioStyle (4L),No,
KD-024-R2,Rush (3L),No,
KD-024-R2,Ice Packs,No,
KD-024-R3,Solar Refrigerators and Freezers,No,
KD-024-R3,Refrigerators,No,
KD-024-R3,Temperature Monitoring Devices,No,
KD-024-R3,Cold Boxes (6L),No,
KD-024-R3,GioStyle (4L),No,
KD-024-R3,Rush (3L),No,
KD-024-R3,Ice Packs,No,
KD-024-R4,Solar Refrigerators and Freezers,No,
KD-024-R4,Refrigerators,No,
KD-024-R4,Temperature Monitoring Devices,No,
KD-024-R4,Cold Boxes (6L),No,
KD-024-R4,GioStyle (4L),No,
KD-024-R4,Rush (3L),No,
KD-024-R4,Ice Packs,No,
KD-024-R5,Solar Refrigerators and Freezers,No,
KD-024-R5,Refrigerators,No,
KD-024-R5,Temperature Monitoring Devices,No,
KD-024-R5,Cold Boxes (6L),No,
KD-024-R5,GioStyle (4L),No,
KD-024-R5,Rush (3L),No,
KD-024-R5,Ice Packs,No,
KD-024-R6,Solar Refrigerators and Freezers,No,
KD-024-R6,Refrigerators,No,
KD-024-R6,Temperature Monitoring Devices,No,
KD-024-R6,Cold Boxes (6L),No,
KD-024-R6,GioStyle (4L),No,
KD-024-R6,Rush (3L),No,
KD-024-R6,Ice Packs,No,
KD-025-R1,Solar Refrigerators and Freezers,No,
KD-025-R1,Refrigerators,No,
KD-025-R1,Temperature Monitoring Devices,Yes,Yes
KD-025-R1,Cold Boxes (6L),Yes,Yes
KD-025-R1,GioStyle (4L),Yes,Yes
KD-025-R1,Rush (3L),Yes,Yes
KD-025-R1,Ice Packs,Yes,Yes
KD-025-R2,Solar Refrigerators and Freezers,No,
KD-025-R2,Refrigerators,No,
KD-025-R2,Temperature Monitoring Devices,Yes,Yes
KD-025-R2,Cold Boxes (6L),Yes,Yes
KD-025-R2,GioStyle (4L),Yes,Yes
KD-025-R2,Rush (3L),Yes,Yes
KD-025-R2,Ice Packs,Yes,Yes
KD-025-R3,Solar Refrigerators and Freezers,No,
KD-025-R3,Refrigerators,No,
KD-025-R3,Temperature Monitoring Devices,Yes,Yes
KD-025-R3,Cold Boxes (6L),Yes,No
KD-025-R3,GioStyle (4L),Yes,Yes
KD-025-R3,Rush (3L),Yes,Yes
KD-025-R3,Ice Packs,Yes,Yes
KD-025-R4,Solar Refrigerators and Freezers,No,
KD-025-R4,Refrigerators,No,
KD-025-R4,Temperature Monitoring Devices,Yes,No
KD-025-R4,Cold Boxes (6L),Yes,Yes
KD-025-R4,GioStyle (4L),Yes,No
KD-025-R4,Rush (3L),Yes,Yes
KD-025-R4,Ice Packs,Yes,Yes
KD-025-R5,Solar Refrigerators and Freezers,No,
KD-025-R5,Refrigerators,No,
KD-025-R5,Temperature Monitoring Devices,Yes,Yes
KD-025-R5,Cold Boxes (6L),Yes,Yes
KD-025-R5,GioStyle (4L),Yes,Yes
KD-025-R5,Rush (3L),Yes,No
KD-025-R5,Ice Packs,Yes,Yes
KD-025-R6,Solar Refrigerators and Freezers,No,
KD-025-R6,Refrigerators,No,
KD-025-R6,Temperature Monitoring Devices,Yes,Yes
KD-025-R6,Cold Boxes (6L),Yes,Yes
KD-025-R6,GioStyle (4L),Yes,Yes
KD-025-R6,Rush (3L),Yes,Yes
KD-025-R6,Ice Packs,Yes,Yes
KD-026-R1,Solar Refrigerators and Freezers,No,
KD-026-R1,Refrigerators,No,
KD-026-R1,Temperature Monitoring Devices,Yes,Yes
KD-026-R1,Cold Boxes (6L),Yes,No
KD-026-R1,GioStyle (4L),No,
KD-026-R1,Rush (3L),No,
KD-026-R1,Ice Packs,Yes,Yes
KD-026-R2,Solar Refrigerators and Freezers,No,
KD-026-R2,Refrigerators,No,
KD-026-R2,Temperature Monitoring Devices,Yes,Yes
KD-026-R2,Cold Boxes (6L),Yes,No
KD-026-R2,GioStyle (4L),No,
KD-026-R2,Rush (3L),No,
KD-026-R2,Ice Packs,Yes,No
KD-026-R3,Solar Refrigerators and Freezers,No,
KD-026-R3,Refrigerators,No,
KD-026-R3,Temperature Monitoring Devices,Yes,Yes
KD-026-R3,Cold Boxes (6L),Yes,Yes
KD-026-R3,GioStyle (4L),No,
KD-026-R3,Rush (3L),No,
KD-026-R3,Ice Packs,Yes,Yes
KD-026-R4,Solar Refrigerators and Freezers,No,
KD-026-R4,Refrigerators,No,
KD-026-R4,Temperature Monitoring Devices,Yes,Yes
KD-026-R4,Cold Boxes (6L),Yes,Yes
KD-026-R4,GioStyle (4L),No,
KD-026-R4,Rush (3L),No,
KD-026-R4,Ice Packs,Yes,No
KD-026-R5,Solar Refrigerators and Freezers,No,
KD-026-R5,Refrigerators,No,
KD-026-R5,Temperature Monitoring Devices,Yes,Yes
KD-026-R5,Cold Boxes (6L),Yes,No
KD-026-R5,GioStyle (4L),No,
KD-026-R5,Rush (3L),No,
KD-026-R5,Ice Packs,Yes,Yes
KD-026-R6,Solar Refrigerators and Freezers,No,
KD-026-R6,Refrigerators,No,
KD-026-R6,Temperature Monitoring Devices,Yes,No
KD-026-R6,Cold Boxes (6L),Yes,Yes
KD-026-R6,GioStyle (4L),No,
KD-026-R6,Rush (3L),No,
KD-026-R6,Ice Packs,Yes,Yes
KD-027-R1,Solar Refrigerators and Freezers,No,
KD-027-R1,Refrigerators,No,
KD-027-R1,Temperature Monitoring Devices,No,
KD-027-R1,Cold Boxes (6L),No,
KD-027-R1,GioStyle (4L),No,
KD-027-R1,Rush (3L),No,
KD-027-R1,Ice Packs,No,
KD-027-R2,Solar Refrigerators and Freezers,No,
KD-027-R2,Refrigerators,No,
KD-027-R2,Temperature Monitoring Devices,No,
KD-027-R2,Cold Boxes (6L),No,
KD-027-R2,GioStyle (4L),No,
KD-027-R2,Rush (3L),No,
KD-027-R2,Ice Packs,No,
KD-027-R3,Solar Refrigerators and Freezers,No,
KD-027-R3,Refrigerators,No,
KD-027-R3,Temperature Monitoring Devices,No,
KD-027-R3,Cold Boxes (6L),No,
KD-027-R3,GioStyle (4L),No,
KD-027-R3,Rush (3L),No,
KD-027-R3,Ice Packs,No,
KD-027-R4,Solar Refrigerators and Freezers,No,
KD-027-R4,Refrigerators,No,
KD-027-R4,Temperature Monitoring Devices,No,
KD-027-R4,Cold Boxes (6L),No,
KD-027-R4,GioStyle (4L),No,
KD-027-R4,Rush (3L),No,
KD-027-R4,Ice Packs,No,
KD-027-R5,Solar Refrigerators and Freezers,No,
KD-027-R5,Refrigerators,No,
KD-027-R5,Temperature Monitoring Devices,No,
KD-027-R5,Cold Boxes (6L),No,
KD-027-R5,GioStyle (4L),No,
KD-027-R5,Rush (3L),No,
KD-027-R5,Ice Packs,No,
KD-027-R6,Solar Refrigerators and Freezers,No,
KD-027-R6,Refrigerators,No,
KD-027-R6,Temperature Monitoring Devices,No,
KD-027-R6,Cold Boxes (6L),No,
KD-027-R6,GioStyle (4L),No,
KD-027-R6,Rush (3L),No,
KD-027-R6,Ice Packs,No,
KD-028-R1,Solar Refrigerators and Freezers,Yes,Yes
KD-028-R1,Refrigerators,No,
KD-028-R1,Temperature Monitoring Devices,Yes,No
KD-028-R1,Cold Boxes (6L),Yes,Yes
KD-028-R1,GioStyle (4L),Yes,No
KD-028-R1,Rush (3L),No,
KD-028-R1,Ice Packs,Yes,Yes
KD-028-R2,Solar Refrigerators and Freezers,Yes,Yes
KD-028-R2,Refrigerators,No,
KD-028-R2,Temperature Monitoring Devices,Yes,No
KD-028-R2,Cold Boxes (6L),Yes,No
KD-028-R2,GioStyle (4L),Yes,No
KD-028-R2,Rush (3L),No,
KD-028-R2,Ice Packs,Yes,Yes
KD-028-R3,Solar Refrigerators and Freezers,Yes,No
KD-028-R3,Refrigerators,No,
KD-028-R3,Temperature Monitoring Devices,Yes,No
KD-028-R3,Cold Boxes (6L),Yes,Yes
KD-028-R3,GioStyle (4L),Yes,Yes
KD-028-R3,Rush (3L),No,
KD-028-R3,Ice Packs,Yes,Yes
KD-028-R4,Solar Refrigerators and Freezers,Yes,Yes
KD-028-R4,Refrigerators,No,
KD-028-R4,Temperature Monitoring Devices,Yes,Yes
KD-028-R4,Cold Boxes (6L),Yes,Yes
KD-028-R4,GioStyle (4L),Yes,No
KD-028-R4,Rush (3L),No,
KD-028-R4,Ice Packs,Yes,Yes
KD-028-R5,Solar Refrigerators and Freezers,Yes,Yes
KD-028-R5,Refrigerators,No,
KD-028-R5,Temperature Monitoring Devices,Yes,Yes
KD-028-R5,Cold Boxes (6L),Yes,Yes
KD-028-R5,GioStyle (4L),Yes,No
KD-028-R5,Rush (3L),No,
KD-028-R5,Ice Packs,Yes,No
KD-028-R6,Solar Refrigerators and Freezers,Yes,Yes
KD-028-R6,Refrigerators,No,
KD-028-R6,Temperature Monitoring Devices,Yes,Yes
KD-028-R6,Cold Boxes (6L),Yes,No
KD-028-R6,GioStyle (4L),Yes,Yes
KD-028-R6,Rush (3L),No,
KD-028-R6,Ice Packs,Yes,Yes
KD-029-R1,Solar Refrigerators and Freezers,Yes,No
KD-029-R1,Refrigerators,Yes,Yes
KD-029-R1,Temperature Monitoring Devices,Yes,No
KD-029-R1,Cold Boxes (6L),No,
KD-029-R1,GioStyle (4L),Yes,No
KD-029-R1,Rush (3L),No,
KD-029-R1,Ice Packs,Yes,Yes
KD-029-R2,Solar Refrigerators and Freezers,Yes,Yes
KD-029-R2,Refrigerators,Yes,Yes
KD-029-R2,Temperature Monitoring Devices,Yes,No
KD-029-R2,Cold Boxes (6L),No,
KD-029-R2,GioStyle (4L),Yes,Yes
KD-029-R2,Rush (3L),No,
KD-029-R2,Ice Packs,Yes,No
KD-029-R3,Solar Refrigerators and Freezers,Yes,Yes
KD-029-R3,Refrigerators,Yes,Yes
KD-029-R3,Temperature Monitoring Devices,Yes,No
KD-029-R3,Cold Boxes (6L),No,
KD-029-R3,GioStyle (4L),Yes,Yes
KD-029-R3,Rush (3L),No,
KD-029-R3,Ice Packs,Yes,Yes
KD-029-R4,Solar Refrigerators and Freezers,Yes,No
KD-029-R4,Refrigerators,Yes,Yes
KD-029-R4,Temperature Monitoring Devices,Yes,Yes
KD-029-R4,Cold Boxes (6L),No,
KD-029-R4,GioStyle (4L),Yes,Yes
KD-029-R4,Rush (3L),No,
KD-029-R4,Ice Packs,Yes,Yes
KD-029-R5,Solar Refrigerators and Freezers,Yes,No
KD-029-R5,Refrigerators,Yes,Yes
KD-029-R5,Temperature Monitoring Devices,Yes,Yes
KD-029-R5,Cold Boxes (6L),No,
KD-029-R5,GioStyle (4L),Yes,Yes
KD-029-R5,Rush (3L),No,
KD-029-R5,Ice Packs,Yes,No
KD-029-R6,Solar Refrigerators and Freezers,Yes,Yes
KD-029-R6,Refrigerators,Yes,Yes
KD-029-R6,Temperature Monitoring Devices,Yes,Yes
KD-029-R6,Cold Boxes (6L),No,
KD-029-R6,GioStyle (4L),Yes,No
KD-029-R6,Rush (3L),No,
KD-029-R6,Ice Packs,Yes,Yes
KD-030-R1,Solar Refrigerators and Freezers,Yes,No
KD-030-R1,Refrigerators,No,
KD-030-R1,Temperature Monitoring Devices,Yes,No
KD-030-R1,Cold Boxes (6L),Yes,Yes
KD-030-R1,GioStyle (4L),Yes,Yes
KD-030-R1,Rush (3L),No,
KD-030-R1,Ice Packs,Yes,Yes
KD-030-R2,Solar Refrigerators and Freezers,Yes,Yes
KD-030-R2,Refrigerators,No,
KD-030-R2,Temperature Monitoring Devices,Yes,Yes
KD-030-R2,Cold Boxes (6L),Yes,Yes
KD-030-R2,GioStyle (4L),Yes,No
KD-030-R2,Rush (3L),No,
KD-030-R2,Ice Packs,Yes,Yes
KD-030-R3,Solar Refrigerators and Freezers,Yes,Yes
KD-030-R3,Refrigerators,No,
KD-030-R3,Temperature Monitoring Devices,Yes,Yes
KD-030-R3,Cold Boxes (6L),Yes,Yes
KD-030-R3,GioStyle (4L),Yes,Yes
KD-030-R3,Rush (3L),No,
KD-030-R3,Ice Packs,Yes,Yes
KD-030-R4,Solar Refrigerators and Freezers,Yes,Yes
KD-030-R4,Refrigerators,No,
KD-030-R4,Temperature Monitoring Devices,Yes,No
KD-030-R4,Cold Boxes (6L),Yes,Yes
KD-030-R4,GioStyle (4L),Yes,No
KD-030-R4,Rush (3L),No,
KD-030-R4,Ice Packs,Yes,Yes
KD-030-R5,Solar Refrigerators and Freezers,Yes,Yes
KD-030-R5,Refrigerators,No,
KD-030-R5,Temperature Monitoring Devices,Yes,Yes
KD-030-R5,Cold Boxes (6L),Yes,No
KD-030-R5,GioStyle (4L),Yes,Yes
KD-030-R5,Rush (3L),No,
KD-030-R5,Ice Packs,Yes,Yes
KD-030-R6,Solar Refrigerators and Freezers,Yes,No
KD-030-R6,Refrigerators,No,
KD-030-R6,Temperature Monitoring Devices,Yes,No
KD-030-R6,Cold Boxes (6L),Yes,No
KD-030-R6,GioStyle (4L),Yes,Yes
KD-030-R6,Rush (3L),No,
KD-030-R6,Ice Packs,Yes,Yes
KD-031-R1,Solar Refrigerators and Freezers,Yes,Yes
KD-031-R1,Refrigerators,No,
KD-031-R1,Temperature Monitoring Devices,Yes,Yes
KD-031-R1,Cold Boxes (6L),No,
KD-031-R1,GioStyle (4L),Yes,Yes
KD-031-R1,Rush (3L),Yes,Yes
KD-031-R1,Ice Packs,Yes,Yes
KD-031-R2,Solar Refrigerators and Freezers,Yes,Yes
KD-031-R2,Refrigerators,No,
KD-031-R2,Temperature Monitoring Devices,Yes,Yes
KD-031-R2,Cold Boxes (6L),No,
KD-031-R2,GioStyle (4L),Yes,No
KD-031-R2,Rush (3L),Yes,Yes
KD-031-R2,Ice Packs,Yes,Yes
KD-031-R3,Solar Refrigerators and Freezers,Yes,Yes
KD-031-R3,Refrigerators,No,
KD-031-R3,Temperature Monitoring Devices,Yes,Yes
KD-031-R3,Cold Boxes (6L),No,
KD-031-R3,GioStyle (4L),Yes,Yes
KD-031-R3,Rush (3L),Yes,No
KD-031-R3,Ice Packs,Yes,Yes
KD-031-R4,Solar Refrigerators and Freezers,Yes,No
KD-031-R4,Refrigerators,No,
KD-031-R4,Temperature Monitoring Devices,Yes,Yes
KD-031-R4,Cold Boxes (6L),No,
KD-031-R4,GioStyle (4L),Yes,No
KD-031-R4,Rush (3L),Yes,Yes
KD-031-R4,Ice Packs,Yes,Yes
KD-031-R5,Solar Refrigerators and Freezers,Yes,No
KD-031-R5,Refrigerators,No,
KD-031-R5,Temperature Monitoring Devices,Yes,Yes
KD-031-R5,Cold Boxes (6L),No,
KD-031-R5,GioStyle (4L),Yes,Yes
KD-031-R5,Rush (3L),Yes,Yes
KD-031-R5,Ice Packs,Yes,Yes
KD-031-R6,Solar Refrigerators and Freezers,Yes,Yes
KD-031-R6,Refrigerators,No,
KD-031-R6,Temperature Monitoring Devices,Yes,No
KD-031-R6,Cold Boxes (6L),No,
KD-031-R6,GioStyle (4L),Yes,Yes
KD-031-R6,Rush (3L),Yes,No
KD-031-R6,Ice Packs,Yes,Yes
KD-032-R1,Solar Refrigerators and Freezers,No,
KD-032-R1,Refrigerators,No,
KD-032-R1,Temperature Monitoring Devices,No,
KD-032-R1,Cold Boxes (6L),No,
KD-032-R1,GioStyle (4L),No,
KD-032-R1,Rush (3L),No,
KD-032-R1,Ice Packs,No,
KD-032-R2,Solar Refrigerators and Freezers,No,
KD-032-R2,Refrigerators,No,
KD-032-R2,Temperature Monitoring Devices,No,
KD-032-R2,Cold Boxes (6L),No,
KD-032-R2,GioStyle (4L),No,
KD-032-R2,Rush (3L),No,
KD-032-R2,Ice Packs,No,
KD-032-R3,Solar Refrigerators and Freezers,No,
KD-032-R3,Refrigerators,No,
KD-032-R3,Temperature Monitoring Devices,No,
KD-032-R3,Cold Boxes (6L),No,
KD-032-R3,GioStyle (4L),No,
KD-032-R3,Rush (3L),No,
KD-032-R3,Ice Packs,No,
KD-032-R4,Solar Refrigerators and Freezers,No,
KD-032-R4,Refrigerators,No,
KD-032-R4,Temperature Monitoring Devices,No,
KD-032-R4,Cold Boxes (6L),No,
KD-032-R4,GioStyle (4L),No,
KD-032-R4,Rush (3L),No,
KD-032-R4,Ice Packs,No,
KD-032-R5,Solar Refrigerators and Freezers,No,
KD-032-R5,Refrigerators,No,
KD-032-R5,Temperature Monitoring Devices,No,
KD-032-R5,Cold Boxes (6L),No,
KD-032-R5,GioStyle (4L),No,
KD-032-R5,Rush (3L),No,
KD-032-R5,Ice Packs,No,
KD-032-R6,Solar Refrigerators and Freezers,No,
KD-032-R6,Refrigerators,No,
KD-032-R6,Temperature Monitoring Devices,No,
KD-032-R6,Cold Boxes (6L),No,
KD-032-R6,GioStyle (4L),No,
KD-032-R6,Rush (3L),No,
KD-032-R6,Ice Packs,No,
KD-033-R1,Solar Refrigerators and Freezers,Yes,Yes
KD-033-R1,Refrigerators,Yes,No
KD-033-R1,Temperature Monitoring Devices,Yes,Yes
KD-033-R1,Cold Boxes (6L),No,
KD-033-R1,GioStyle (4L),No,
KD-033-R1,Rush (3L),Yes,Yes
KD-033-R1,Ice Packs,Yes,No
KD-033-R2,Solar Refrigerators and Freezers,Yes,Yes
KD-033-R2,Refrigerators,Yes,Yes
KD-033-R2,Temperature Monitoring Devices,Yes,Yes
KD-033-R2,Cold Boxes (6L),No,
KD-033-R2,GioStyle (4L),No,
KD-033-R2,Rush (3L),Yes,Yes
KD-033-R2,Ice Packs,Yes,Yes
KD-033-R3,Solar Refrigerators and Freezers,Yes,Yes
KD-033-R3,Refrigerators,Yes,Yes
KD-033-R3,Temperature Monitoring Devices,Yes,Yes
KD-033-R3,Cold Boxes (6L),No,
KD-033-R3,GioStyle (4L),No,
KD-033-R3,Rush (3L),Yes,Yes
KD-033-R3,Ice Packs,Yes,No
KD-033-R4,Solar Refrigerators and Freezers,Yes,Yes
KD-033-R4,Refrigerators,Yes,No
KD-033-R4,Temperature Monitoring Devices,Yes,Yes
KD-033-R4,Cold Boxes (6L),No,
KD-033-R4,GioStyle (4L),No,
KD-033-R4,Rush (3L),Yes,Yes
KD-033-R4,Ice Packs,Yes,No
KD-033-R5,Solar Refrigerators and Freezers,Yes,Yes
KD-033-R5,Refrigerators,Yes,Yes
KD-033-R5,Temperature Monitoring Devices,Yes,Yes
KD-033-R5,Cold Boxes (6L),No,
KD-033-R5,GioStyle (4L),No,
KD-033-R5,Rush (3L),Yes,No
KD-033-R5,Ice Packs,Yes,No
KD-033-R6,Solar Refrigerators and Freezers,Yes,Yes
KD-033-R6,Refrigerators,Yes,Yes
KD-033-R6,Temperature Monitoring Devices,Yes,Yes
KD-033-R6,Cold Boxes (6L),No,
KD-033-R6,GioStyle (4L),No,
KD-033-R6,Rush (3L),Yes,Yes
KD-033-R6,Ice Packs,Yes,Yes
KD-034-R1,Solar Refrigerators and Freezers,No,
KD-034-R1,Refrigerators,No,
KD-034-R1,Temperature Monitoring Devices,Yes,Yes
KD-034-R1,Cold Boxes (6L),Yes,Yes
KD-034-R1,GioStyle (4L),No,
KD-034-R1,Rush (3L),No,
KD-034-R1,Ice Packs,Yes,Yes
KD-034-R2,Solar Refrigerators and Freezers,No,
KD-034-R2,Refrigerators,No,
KD-034-R2,Temperature Monitoring Devices,Yes,Yes
KD-034-R2,Cold Boxes (6L),Yes,Yes
KD-034-R2,GioStyle (4L),No,
KD-034-R2,Rush (3L),No,
KD-034-R2,Ice Packs,Yes,Yes
KD-034-R3,Solar Refrigerators and Freezers,No,
KD-034-R3,Refrigerators,No,
KD-034-R3,Temperature Monitoring Devices,Yes,Yes
KD-034-R3,Cold Boxes (6L),Yes,Yes
KD-034-R3,GioStyle (4L),No,
KD-034-R3,Rush (3L),No,
KD-034-R3,Ice Packs,Yes,Yes
KD-034-R4,Solar Refrigerators and Freezers,No,
KD-034-R4,Refrigerators,No,
KD-034-R4,Temperature Monitoring Devices,Yes,Yes
KD-034-R4,Cold Boxes (6L),Yes,Yes
KD-034-R4,GioStyle (4L),No,
KD-034-R4,Rush (3L),No,
KD-034-R4,Ice Packs,Yes,No
KD-034-R5,Solar Refrigerators and Freezers,No,
KD-034-R5,Refrigerators,No,
KD-034-R5,Temperature Monitoring Devices,Yes,Yes
KD-034-R5,Cold Boxes (6L),Yes,Yes
KD-034-R5,GioStyle (4L),No,
KD-034-R5,Rush (3L),No,
KD-034-R5,Ice Packs,Yes,Yes
KD-034-R6,Solar Refrigerators and Freezers,No,
KD-034-R6,Refrigerators,No,
KD-034-R6,Temperature Monitoring Devices,Yes,Yes
KD-034-R6,Cold Boxes (6L),Yes,Yes
KD-034-R6,GioStyle (4L),No,
KD-034-R6,Rush (3L),No,
KD-034-R6,Ice Packs,Yes,Yes
KD-035-R1,Solar Refrigerators and Freezers,Yes,Yes
KD-035-R1,Refrigerators,No,
KD-035-R1,Temperature Monitoring Devices,No,
KD-035-R1,Cold Boxes (6L),Yes,Yes
KD-035-R1,GioStyle (4L),No,
KD-035-R1,Rush (3L),Yes,Yes
KD-035-R1,Ice Packs,Yes,Yes
KD-035-R2,Solar Refrigerators and Freezers,Yes,Yes
KD-035-R2,Refrigerators,No,
KD-035-R2,Temperature Monitoring Devices,No,
KD-035-R2,Cold Boxes (6L),Yes,Yes
KD-035-R2,GioStyle (4L),No,
KD-035-R2,Rush (3L),Yes,Yes
KD-035-R2,Ice Packs,Yes,Yes
KD-035-R3,Solar Refrigerators and Freezers,Yes,Yes
KD-035-R3,Refrigerators,No,
KD-035-R3,Temperature Monitoring Devices,No,
KD-035-R3,Cold Boxes (6L),Yes,Yes
KD-035-R3,GioStyle (4L),No,
KD-035-R3,Rush (3L),Yes,Yes
KD-035-R3,Ice Packs,Yes,Yes
KD-035-R4,Solar Refrigerators and Freezers,Yes,Yes
KD-035-R4,Refrigerators,No,
KD-035-R4,Temperature Monitoring Devices,No,
KD-035-R4,Cold Boxes (6L),Yes,Yes
KD-035-R4,GioStyle (4L),No,
KD-035-R4,Rush (3L),Yes,Yes
KD-035-R4,Ice Packs,Yes,Yes
KD-035-R5,Solar Refrigerators and Freezers,Yes,Yes
KD-035-R5,Refrigerators,No,
KD-035-R5,Temperature Monitoring Devices,No,
KD-035-R5,Cold Boxes (6L),Yes,Yes
KD-035-R5,GioStyle (4L),No,
KD-035-R5,Rush (3L),Yes,Yes
KD-035-R5,Ice Packs,Yes,Yes
KD-035-R6,Solar Refrigerators and Freezers,Yes,Yes
KD-035-R6,Refrigerators,No,
KD-035-R6,Temperature Monitoring Devices,No,
KD-035-R6,Cold Boxes (6L),Yes,Yes
KD-035-R6,GioStyle (4L),No,
KD-035-R6,Rush (3L),Yes,Yes
KD-035-R6,Ice Packs,Yes,Yes
KD-036-R1,Solar Refrigerators and Freezers,No,
KD-036-R1,Refrigerators,No,
KD-036-R1,Temperature Monitoring Devices,No,
KD-036-R1,Cold Boxes (6L),No,
KD-036-R1,GioStyle (4L),No,
KD-036-R1,Rush (3L),No,
KD-036-R1,Ice Packs,No,
KD-036-R2,Solar Refrigerators and Freezers,No,
KD-036-R2,Refrigerators,No,
KD-036-R2,Temperature Monitoring Devices,No,
KD-036-R2,Cold Boxes (6L),No,
KD-036-R2,GioStyle (4L),No,
KD-036-R2,Rush (3L),No,
KD-036-R2,Ice Packs,No,
KD-036-R3,Solar Refrigerators and Freezers,No,
KD-036-R3,Refrigerators,No,
KD-036-R3,Temperature Monitoring Devices,No,
KD-036-R3,Cold Boxes (6L),No,
KD-036-R3,GioStyle (4L),No,
KD-036-R3,Rush (3L),No,
KD-036-R3,Ice Packs,No,
KD-036-R4,Solar Refrigerators and Freezers,No,
KD-036-R4,Refrigerators,No,
KD-036-R4,Temperature Monitoring Devices,No,
KD-036-R4,Cold Boxes (6L),No,
KD-036-R4,GioStyle (4L),No,
KD-036-R4,Rush (3L),No,
KD-036-R4,Ice Packs,No,
KD-036-R5,Solar Refrigerators and Freezers,No,
KD-036-R5,Refrigerators,No,
KD-036-R5,Temperature Monitoring Devices,No,
KD-036-R5,Cold Boxes (6L),No,
KD-036-R5,GioStyle (4L),No,
KD-036-R5,Rush (3L),No,
KD-036-R5,Ice Packs,No,
KD-036-R6,Solar Refrigerators and Freezers,No,
KD-036-R6,Refrigerators,No,
KD-036-R6,Temperature Monitoring Devices,No,
KD-036-R6,Cold Boxes (6L),No,
KD-036-R6,GioStyle (4L),No,
KD-036-R6,Rush (3L),No,
KD-036-R6,Ice Packs,No,
KD-037-R1,Solar Refrigerators and Freezers,No,
KD-037-R1,Refrigerators,No,
KD-037-R1,Temperature Monitoring Devices,Yes,Yes
KD-037-R1,Cold Boxes (6L),Yes,Yes
KD-037-R1,GioStyle (4L),No,
KD-037-R1,Rush (3L),Yes,Yes
KD-037-R1,Ice Packs,Yes,Yes
KD-037-R2,Solar Refrigerators and Freezers,No,
KD-037-R2,Refrigerators,No,
KD-037-R2,Temperature Monitoring Devices,Yes,Yes
KD-037-R2,Cold Boxes (6L),Yes,Yes
KD-037-R2,GioStyle (4L),No,
KD-037-R2,Rush (3L),Yes,Yes
KD-037-R2,Ice Packs,Yes,No
KD-037-R3,Solar Refrigerators and Freezers,No,
KD-037-R3,Refrigerators,No,
KD-037-R3,Temperature Monitoring Devices,Yes,Yes
KD-037-R3,Cold Boxes (6L),Yes,No
KD-037-R3,GioStyle (4L),No,
KD-037-R3,Rush (3L),Yes,Yes
KD-037-R3,Ice Packs,Yes,No
KD-037-R4,Solar Refrigerators and Freezers,No,
KD-037-R4,Refrigerators,No,
KD-037-R4,Temperature Monitoring Devices,Yes,No
KD-037-R4,Cold Boxes (6L),Yes,No
KD-037-R4,GioStyle (4L),No,
KD-037-R4,Rush (3L),Yes,Yes
KD-037-R4,Ice Packs,Yes,Yes
KD-037-R5,Solar Refrigerators and Freezers,No,
KD-037-R5,Refrigerators,No,
KD-037-R5,Temperature Monitoring Devices,Yes,Yes
KD-037-R5,Cold Boxes (6L),Yes,No
KD-037-R5,GioStyle (4L),No,
KD-037-R5,Rush (3L),Yes,Yes
KD-037-R5,Ice Packs,Yes,Yes
KD-037-R6,Solar Refrigerators and Freezers,No,
KD-037-R6,Refrigerators,No,
KD-037-R6,Temperature Monitoring Devices,Yes,No
KD-037-R6,Cold Boxes (6L),Yes,Yes
KD-037-R6,GioStyle (4L),No,
KD-037-R6,Rush (3L),Yes,No
KD-037-R6,Ice Packs,Yes,Yes
KD-038-R1,Solar Refrigerators and Freezers,Yes,Yes
KD-038-R1,Refrigerators,No,
KD-038-R1,Temperature Monitoring Devices,Yes,Yes
KD-038-R1,Cold Boxes (6L),Yes,Yes
KD-038-R1,GioStyle (4L),No,
KD-038-R1,Rush (3L),No,
KD-038-R1,Ice Packs,Yes,Yes
KD-038-R2,Solar Refrigerators and Freezers,Yes,Yes
KD-038-R2,Refrigerators,No,
KD-038-R2,Temperature Monitoring Devices,Yes,Yes
KD-038-R2,Cold Boxes (6L),Yes,Yes
KD-038-R2,GioStyle (4L),No,
KD-038-R2,Rush (3L),No,
KD-038-R2,Ice Packs,Yes,Yes
KD-038-R3,Solar Refrigerators and Freezers,Yes,Yes
KD-038-R3,Refrigerators,No,
KD-038-R3,Temperature Monitoring Devices,Yes,Yes
KD-038-R3,Cold Boxes (6L),Yes,Yes
KD-038-R3,GioStyle (4L),No,
KD-038-R3,Rush (3L),No,
KD-038-R3,Ice Packs,Yes,Yes
KD-038-R4,Solar Refrigerators and Freezers,Yes,Yes
KD-038-R4,Refrigerators,No,
KD-038-R4,Temperature Monitoring Devices,Yes,Yes
KD-038-R4,Cold Boxes (6L),Yes,No
KD-038-R4,GioStyle (4L),No,
KD-038-R4,Rush (3L),No,
KD-038-R4,Ice Packs,Yes,Yes
KD-038-R5,Solar Refrigerators and Freezers,Yes,No
KD-038-R5,Refrigerators,No,
KD-038-R5,Temperature Monitoring Devices,Yes,Yes
KD-038-R5,Cold Boxes (6L),Yes,Yes
KD-038-R5,GioStyle (4L),No,
KD-038-R5,Rush (3L),No,
KD-038-R5,Ice Packs,Yes,Yes
KD-038-R6,Solar Refrigerators and Freezers,Yes,No
KD-038-R6,Refrigerators,No,
KD-038-R6,Temperature Monitoring Devices,Yes,No
KD-038-R6,Cold Boxes (6L),Yes,Yes
KD-038-R6,GioStyle (4L),No,
KD-038-R6,Rush (3L),No,
KD-038-R6,Ice Packs,Yes,Yes
KD-039-R1,Solar Refrigerators and Freezers,Yes,Yes
KD-039-R1,Refrigerators,No,
KD-039-R1,Temperature Monitoring Devices,Yes,Yes
KD-039-R1,Cold Boxes (6L),Yes,No
KD-039-R1,GioStyle (4L),Yes,Yes
KD-039-R1,Rush (3L),Yes,Yes
KD-039-R1,Ice Packs,Yes,No
KD-039-R2,Solar Refrigerators and Freezers,Yes,Yes
KD-039-R2,Refrigerators,No,
KD-039-R2,Temperature Monitoring Devices,Yes,Yes
KD-039-R2,Cold Boxes (6L),Yes,Yes
KD-039-R2,GioStyle (4L),Yes,No
KD-039-R2,Rush (3L),Yes,Yes
KD-039-R2,Ice Packs,Yes,Yes
KD-039-R3,Solar Refrigerators and Freezers,Yes,No
KD-039-R3,Refrigerators,No,
KD-039-R3,Temperature Monitoring Devices,Yes,Yes
KD-039-R3,Cold Boxes (6L),Yes,Yes
KD-039-R3,GioStyle (4L),Yes,Yes
KD-039-R3,Rush (3L),Yes,Yes
KD-039-R3,Ice Packs,Yes,Yes
KD-039-R4,Solar Refrigerators and Freezers,Yes,Yes
KD-039-R4,Refrigerators,No,
KD-039-R4,Temperature Monitoring Devices,Yes,Yes
KD-039-R4,Cold Boxes (6L),Yes,Yes
KD-039-R4,GioStyle (4L),Yes,Yes
KD-039-R4,Rush (3L),Yes,Yes
KD-039-R4,Ice Packs,Yes,No
KD-039-R5,Solar Refrigerators and Freezers,Yes,No
KD-039-R5,Refrigerators,No,
KD-039-R5,Temperature Monitoring Devices,Yes,Yes
KD-039-R5,Cold Boxes (6L),Yes,No
KD-039-R5,GioStyle (4L),Yes,Yes
KD-039-R5,Rush (3L),Yes,Yes
KD-039-R5,Ice Packs,Yes,No
KD-039-R6,Solar Refrigerators and Freezers,Yes,Yes
KD-039-R6,Refrigerators,No,
KD-039-R6,Temperature Monitoring Devices,Yes,Yes
KD-039-R6,Cold Boxes (6L),Yes,Yes
KD-039-R6,GioStyle (4L),Yes,Yes
KD-039-R6,Rush (3L),Yes,Yes
KD-039-R6,Ice Packs,Yes,Yes
KD-040-R1,Solar Refrigerators and Freezers,No,
KD-040-R1,Refrigerators,No,
KD-040-R1,Temperature Monitoring Devices,Yes,Yes
KD-040-R1,Cold Boxes (6L),Yes,Yes
KD-040-R1,GioStyle (4L),No,
KD-040-R1,Rush (3L),No,
KD-040-R1,Ice Packs,Yes,Yes
KD-040-R2,Solar Refrigerators and Freezers,No,
KD-040-R2,Refrigerators,No,
KD-040-R2,Temperature Monitoring Devices,Yes,No
KD-040-R2,Cold Boxes (6L),Yes,Yes
KD-040-R2,GioStyle (4L),No,
KD-040-R2,Rush (3L),No,
KD-040-R2,Ice Packs,Yes,No
KD-040-R3,Solar Refrigerators and Freezers,No,
KD-040-R3,Refrigerators,No,
KD-040-R3,Temperature Monitoring Devices,Yes,Yes
KD-040-R3,Cold Boxes (6L),Yes,Yes
KD-040-R3,GioStyle (4L),No,
KD-040-R3,Rush (3L),No,
KD-040-R3,Ice Packs,Yes,Yes
KD-040-R4,Solar Refrigerators and Freezers,No,
KD-040-R4,Refrigerators,No,
KD-040-R4,Temperature Monitoring Devices,Yes,Yes
KD-040-R4,Cold Boxes (6L),Yes,Yes
KD-040-R4,GioStyle (4L),No,
KD-040-R4,Rush (3L),No,
KD-040-R4,Ice Packs,Yes,Yes
KD-040-R5,Solar Refrigerators and Freezers,No,
KD-040-R5,Refrigerators,No,
KD-040-R5,Temperature Monitoring Devices,Yes,Yes
KD-040-R5,Cold Boxes (6L),Yes,Yes
KD-040-R5,GioStyle (4L),No,
KD-040-R5,Rush (3L),No,
KD-040-R5,Ice Packs,Yes,No
KD-040-R6,Solar Refrigerators and Freezers,No,
KD-040-R6,Refrigerators,No,
KD-040-R6,Temperature Monitoring Devices,Yes,No
KD-040-R6,Cold Boxes (6L),Yes,Yes
KD-040-R6,GioStyle (4L),No,
KD-040-R6,Rush (3L),No,
KD-040-R6,Ice Packs,Yes,Yes
KD-041-R1,Solar Refrigerators and Freezers,Yes,No
KD-041-R1,Refrigerators,No,
KD-041-R1,Temperature Monitoring Devices,Yes,No
KD-041-R1,Cold Boxes (6L),Yes,Yes
KD-041-R1,GioStyle (4L),Yes,Yes
KD-041-R1,Rush (3L),No,
KD-041-R1,Ice Packs,Yes,Yes
KD-041-R2,Solar Refrigerators and Freezers,Yes,Yes
KD-041-R2,Refrigerators,No,
KD-041-R2,Temperature Monitoring Devices,Yes,No
KD-041-R2,Cold Boxes (6L),Yes,Yes
KD-041-R2,GioStyle (4L),Yes,No
KD-041-R2,Rush (3L),No,
KD-041-R2,Ice Packs,Yes,Yes
KD-041-R3,Solar Refrigerators and Freezers,Yes,Yes
KD-041-R3,Refrigerators,No,
KD-041-R3,Temperature Monitoring Devices,Yes,Yes
KD-041-R3,Cold Boxes (6L),Yes,Yes
KD-041-R3,GioStyle (4L),Yes,Yes
KD-041-R3,Rush (3L),No,
KD-041-R3,Ice Packs,Yes,Yes
KD-041-R4,Solar Refrigerators and Freezers,Yes,No
KD-041-R4,Refrigerators,No,
KD-041-R4,Temperature Monitoring Devices,Yes,No
KD-041-R4,Cold Boxes (6L),Yes,Yes
KD-041-R4,GioStyle (4L),Yes,Yes
KD-041-R4,Rush (3L),No,
KD-041-R4,Ice Packs,Yes,Yes
KD-041-R5,Solar Refrigerators and Freezers,Yes,Yes
KD-041-R5,Refrigerators,No,
KD-041-R5,Temperature Monitoring Devices,Yes,Yes
KD-041-R5,Cold Boxes (6L),Yes,Yes
KD-041-R5,GioStyle (4L),Yes,Yes
KD-041-R5,Rush (3L),No,
KD-041-R5,Ice Packs,Yes,Yes
KD-041-R6,Solar Refrigerators and Freezers,Yes,Yes
KD-041-R6,Refrigerators,No,
KD-041-R6,Temperature Monitoring Devices,Yes,Yes
KD-041-R6,Cold Boxes (6L),Yes,No
KD-041-R6,GioStyle (4L),Yes,Yes
KD-041-R6,Rush (3L),No,
KD-041-R6,Ice Packs,Yes,Yes
KD-042-R1,Solar Refrigerators and Freezers,Yes,No
KD-042-R1,Refrigerators,No,
KD-042-R1,Temperature Monitoring Devices,Yes,Yes
KD-042-R1,Cold Boxes (6L),Yes,No
KD-042-R1,GioStyle (4L),No,
KD-042-R1,Rush (3L),Yes,Yes
KD-042-R1,Ice Packs,Yes,Yes
KD-042-R2,Solar Refrigerators and Freezers,Yes,Yes
KD-042-R2,Refrigerators,No,
KD-042-R2,Temperature Monitoring Devices,Yes,Yes
KD-042-R2,Cold Boxes (6L),Yes,No
KD-042-R2,GioStyle (4L),No,
KD-042-R2,Rush (3L),Yes,No
KD-042-R2,Ice Packs,Yes,Yes
KD-042-R3,Solar Refrigerators and Freezers,Yes,No
KD-042-R3,Refrigerators,No,
KD-042-R3,Temperature Monitoring Devices,Yes,No
KD-042-R3,Cold Boxes (6L),Yes,Yes
KD-042-R3,GioStyle (4L),No,
KD-042-R3,Rush (3L),Yes,Yes
KD-042-R3,Ice Packs,Yes,Yes
KD-042-R4,Solar Refrigerators and Freezers,Yes,Yes
KD-042-R4,Refrigerators,No,
KD-042-R4,Temperature Monitoring Devices,Yes,Yes
KD-042-R4,Cold Boxes (6L),Yes,Yes
KD-042-R4,GioStyle (4L),No,
KD-042-R4,Rush (3L),Yes,Yes
KD-042-R4,Ice Packs,Yes,Yes
KD-042-R5,Solar Refrigerators and Freezers,Yes,No
KD-042-R5,Refrigerators,No,
KD-042-R5,Temperature Monitoring Devices,Yes,Yes
KD-042-R5,Cold Boxes (6L),Yes,No
KD-042-R5,GioStyle (4L),No,
KD-042-R5,Rush (3L),Yes,Yes
KD-042-R5,Ice Packs,Yes,No
KD-042-R6,Solar Refrigerators and Freezers,Yes,Yes
KD-042-R6,Refrigerators,No,
KD-042-R6,Temperature Monitoring Devices,Yes,Yes
KD-042-R6,Cold Boxes (6L),Yes,Yes
KD-042-R6,GioStyle (4L),No,
KD-042-R6,Rush (3L),Yes,No
KD-042-R6,Ice Packs,Yes,Yes
KD-043-R1,Solar Refrigerators and Freezers,No,
KD-043-R1,Refrigerators,No,
KD-043-R1,Temperature Monitoring Devices,No,
KD-043-R1,Cold Boxes (6L),No,
KD-043-R1,GioStyle (4L),No,
KD-043-R1,Rush (3L),No,
KD-043-R1,Ice Packs,No,
KD-043-R2,Solar Refrigerators and Freezers,No,
KD-043-R2,Refrigerators,No,
KD-043-R2,Temperature Monitoring Devices,No,
KD-043-R2,Cold Boxes (6L),No,
KD-043-R2,GioStyle (4L),No,
KD-043-R2,Rush (3L),No,
KD-043-R2,Ice Packs,No,
KD-043-R3,Solar Refrigerators and Freezers,No,
KD-043-R3,Refrigerators,No,
KD-043-R3,Temperature Monitoring Devices,No,
KD-043-R3,Cold Boxes (6L),No,
KD-043-R3,GioStyle (4L),No,
KD-043-R3,Rush (3L),No,
KD-043-R3,Ice Packs,No,
KD-043-R4,Solar Refrigerators and Freezers,No,
KD-043-R4,Refrigerators,No,
KD-043-R4,Temperature Monitoring Devices,No,
KD-043-R4,Cold Boxes (6L),No,
KD-043-R4,GioStyle (4L),No,
KD-043-R4,Rush (3L),No,
KD-043-R4,Ice Packs,No,
KD-043-R5,Solar Refrigerators and Freezers,No,
KD-043-R5,Refrigerators,No,
KD-043-R5,Temperature Monitoring Devices,No,
KD-043-R5,Cold Boxes (6L),No,
KD-043-R5,GioStyle (4L),No,
KD-043-R5,Rush (3L),No,
KD-043-R5,Ice Packs,No,
KD-043-R6,Solar Refrigerators and Freezers,No,
KD-043-R6,Refrigerators,No,
KD-043-R6,Temperature Monitoring Devices,No,
KD-043-R6,Cold Boxes (6L),No,
KD-043-R6,GioStyle (4L),No,
KD-043-R6,Rush (3L),No,
KD-043-R6,Ice Packs,No,
KD-044-R1,Solar Refrigerators and Freezers,Yes,Yes
KD-044-R1,Refrigerators,No,
KD-044-R1,Temperature Monitoring Devices,Yes,No
KD-044-R1,Cold Boxes (6L),No,
KD-044-R1,GioStyle (4L),No,
KD-044-R1,Rush (3L),No,
KD-044-R1,Ice Packs,Yes,Yes
KD-044-R2,Solar Refrigerators and Freezers,Yes,Yes
KD-044-R2,Refrigerators,No,
KD-044-R2,Temperature Monitoring Devices,Yes,Yes
KD-044-R2,Cold Boxes (6L),No,
KD-044-R2,GioStyle (4L),No,
KD-044-R2,Rush (3L),No,
KD-044-R2,Ice Packs,Yes,Yes
KD-044-R3,Solar Refrigerators and Freezers,Yes,Yes
KD-044-R3,Refrigerators,No,
KD-044-R3,Temperature Monitoring Devices,Yes,Yes
KD-044-R3,Cold Boxes (6L),No,
KD-044-R3,GioStyle (4L),No,
KD-044-R3,Rush (3L),No,
KD-044-R3,Ice Packs,Yes,Yes
KD-044-R4,Solar Refrigerators and Freezers,Yes,Yes
KD-044-R4,Refrigerators,No,
KD-044-R4,Temperature Monitoring Devices,Yes,Yes
KD-044-R4,Cold Boxes (6L),No,
KD-044-R4,GioStyle (4L),No,
KD-044-R4,Rush (3L),No,
KD-044-R4,Ice Packs,Yes,Yes
KD-044-R5,Solar Refrigerators and Freezers,Yes,Yes
KD-044-R5,Refrigerators,No,
KD-044-R5,Temperature Monitoring Devices,Yes,Yes
KD-044-R5,Cold Boxes (6L),No,
KD-044-R5,GioStyle (4L),No,
KD-044-R5,Rush (3L),No,
KD-044-R5,Ice Packs,Yes,Yes
KD-044-R6,Solar Refrigerators and Freezers,Yes,Yes
KD-044-R6,Refrigerators,No,
KD-044-R6,Temperature Monitoring Devices,Yes,Yes
KD-044-R6,Cold Boxes (6L),No,
KD-044-R6,GioStyle (4L),No,
KD-044-R6,Rush (3L),No,
KD-044-R6,Ice Packs,Yes,Yes
KD-045-R1,Solar Refrigerators and Freezers,No,
KD-045-R1,Refrigerators,No,
KD-045-R1,Temperature Monitoring Devices,No,
KD-045-R1,Cold Boxes (6L),No,
KD-045-R1,GioStyle (4L),No,
KD-045-R1,Rush (3L),No,
KD-045-R1,Ice Packs,No,
KD-045-R2,Solar Refrigerators and Freezers,No,
KD-045-R2,Refrigerators,No,
KD-045-R2,Temperature Monitoring Devices,No,
KD-045-R2,Cold Boxes (6L),No,
KD-045-R2,GioStyle (4L),No,
KD-045-R2,Rush (3L),No,
KD-045-R2,Ice Packs,No,
KD-045-R3,Solar Refrigerators and Freezers,No,
KD-045-R3,Refrigerators,No,
KD-045-R3,Temperature Monitoring Devices,No,
KD-045-R3,Cold Boxes (6L),No,
KD-045-R3,GioStyle (4L),No,
KD-045-R3,Rush (3L),No,
KD-045-R3,Ice Packs,No,
KD-045-R4,Solar Refrigerators and Freezers,No,
KD-045-R4,Refrigerators,No,
KD-045-R4,Temperature Monitoring Devices,No,
KD-045-R4,Cold Boxes (6L),No,
KD-045-R4,GioStyle (4L),No,
KD-045-R4,Rush (3L),No,
KD-045-R4,Ice Packs,No,
KD-045-R5,Solar Refrigerators and Freezers,No,
KD-045-R5,Refrigerators,No,
KD-045-R5,Temperature Monitoring Devices,No,
KD-045-R5,Cold Boxes (6L),No,
KD-045-R5,GioStyle (4L),No,
KD-045-R5,Rush (3L),No,
KD-045-R5,Ice Packs,No,
KD-045-R6,Solar Refrigerators and Freezers,No,
KD-045-R6,Refrigerators,No,
KD-045-R6,Temperature Monitoring Devices,No,
KD-045-R6,Cold Boxes (6L),No,
KD-045-R6,GioStyle (4L),No,
KD-045-R6,Rush (3L),No,
KD-045-R6,Ice Packs,No,
KD-046-R1,Solar Refrigerators and Freezers,No,
KD-046-R1,Refrigerators,No,
KD-046-R1,Temperature Monitoring Devices,No,
KD-046-R1,Cold Boxes (6L),No,
KD-046-R1,GioStyle (4L),No,
KD-046-R1,Rush (3L),No,
KD-046-R1,Ice Packs,No,
KD-046-R2,Solar Refrigerators and Freezers,No,
KD-046-R2,Refrigerators,No,
KD-046-R2,Temperature Monitoring Devices,No,
KD-046-R2,Cold Boxes (6L),No,
KD-046-R2,GioStyle (4L),No,
KD-046-R2,Rush (3L),No,
KD-046-R2,Ice Packs,No,
KD-046-R3,Solar Refrigerators and Freezers,No,
KD-046-R3,Refrigerators,No,
KD-046-R3,Temperature Monitoring Devices,No,
KD-046-R3,Cold Boxes (6L),No,
KD-046-R3,GioStyle (4L),No,
KD-046-R3,Rush (3L),No,
KD-046-R3,Ice Packs,No,
KD-046-R4,Solar Refrigerators and Freezers,No,
KD-046-R4,Refrigerators,No,
KD-046-R4,Temperature Monitoring Devices,No,
KD-046-R4,Cold Boxes (6L),No,
KD-046-R4,GioStyle (4L),No,
KD-046-R4,Rush (3L),No,
KD-046-R4,Ice Packs,No,
KD-046-R5,Solar Refrigerators and Freezers,No,
KD-046-R5,Refrigerators,No,
KD-046-R5,Temperature Monitoring Devices,No,
KD-046-R5,Cold Boxes (6L),No,
KD-046-R5,GioStyle (4L),No,
KD-046-R5,Rush (3L),No,
KD-046-R5,Ice Packs,No,
KD-046-R6,Solar Refrigerators and Freezers,No,
KD-046-R6,Refrigerators,No,
KD-046-R6,Temperature Monitoring Devices,No,
KD-046-R6,Cold Boxes (6L),No,
KD-046-R6,GioStyle (4L),No,
KD-046-R6,Rush (3L),No,
KD-046-R6,Ice Packs,No,
KD-047-R1,Solar Refrigerators and Freezers,Yes,Yes
KD-047-R1,Refrigerators,Yes,Yes
KD-047-R1,Temperature Monitoring Devices,No,
KD-047-R1,Cold Boxes (6L),Yes,Yes
KD-047-R1,GioStyle (4L),Yes,Yes
KD-047-R1,Rush (3L),Yes,Yes
KD-047-R1,Ice Packs,Yes,Yes
KD-047-R2,Solar Refrigerators and Freezers,Yes,Yes
KD-047-R2,Refrigerators,Yes,Yes
KD-047-R2,Temperature Monitoring Devices,No,
KD-047-R2,Cold Boxes (6L),Yes,No
KD-047-R2,GioStyle (4L),Yes,Yes
KD-047-R2,Rush (3L),Yes,No
KD-047-R2,Ice Packs,Yes,Yes
KD-047-R3,Solar Refrigerators and Freezers,Yes,Yes
KD-047-R3,Refrigerators,Yes,Yes
KD-047-R3,Temperature Monitoring Devices,No,
KD-047-R3,Cold Boxes (6L),Yes,Yes
KD-047-R3,GioStyle (4L),Yes,Yes
KD-047-R3,Rush (3L),Yes,Yes
KD-047-R3,Ice Packs,Yes,Yes
KD-047-R4,Solar Refrigerators and Freezers,Yes,Yes
KD-047-R4,Refrigerators,Yes,Yes
KD-047-R4,Temperature Monitoring Devices,No,
KD-047-R4,Cold Boxes (6L),Yes,No
KD-047-R4,GioStyle (4L),Yes,Yes
KD-047-R4,Rush (3L),Yes,Yes
KD-047-R4,Ice Packs,Yes,Yes
KD-047-R5,Solar Refrigerators and Freezers,Yes,Yes
KD-047-R5,Refrigerators,Yes,Yes
KD-047-R5,Temperature Monitoring Devices,No,
KD-047-R5,Cold Boxes (6L),Yes,No
KD-047-R5,GioStyle (4L),Yes,Yes
KD-047-R5,Rush (3L),Yes,Yes
KD-047-R5,Ice Packs,Yes,Yes
KD-047-R6,Solar Refrigerators and Freezers,Yes,Yes
KD-047-R6,Refrigerators,Yes,Yes
KD-047-R6,Temperature Monitoring Devices,No,
KD-047-R6,Cold Boxes (6L),Yes,No
KD-047-R6,GioStyle (4L),Yes,No
KD-047-R6,Rush (3L),Yes,Yes
KD-047-R6,Ice Packs,Yes,Yes
KD-048-R1,Solar Refrigerators and Freezers,Yes,Yes
KD-048-R1,Refrigerators,No,
KD-048-R1,Temperature Monitoring Devices,Yes,Yes
KD-048-R1,Cold Boxes (6L),Yes,Yes
KD-048-R1,GioStyle (4L),Yes,Yes
KD-048-R1,Rush (3L),No,
KD-048-R1,Ice Packs,Yes,No
KD-048-R2,Solar Refrigerators and Freezers,Yes,No
KD-048-R2,Refrigerators,No,
KD-048-R2,Temperature Monitoring Devices,Yes,Yes
KD-048-R2,Cold Boxes (6L),Yes,Yes
KD-048-R2,GioStyle (4L),Yes,Yes
KD-048-R2,Rush (3L),No,
KD-048-R2,Ice Packs,Yes,No
KD-048-R3,Solar Refrigerators and Freezers,Yes,Yes
KD-048-R3,Refrigerators,No,
KD-048-R3,Temperature Monitoring Devices,Yes,Yes
KD-048-R3,Cold Boxes (6L),Yes,Yes
KD-048-R3,GioStyle (4L),Yes,Yes
KD-048-R3,Rush (3L),No,
KD-048-R3,Ice Packs,Yes,No
KD-048-R4,Solar Refrigerators and Freezers,Yes,Yes
KD-048-R4,Refrigerators,No,
KD-048-R4,Temperature Monitoring Devices,Yes,Yes
KD-048-R4,Cold Boxes (6L),Yes,Yes
KD-048-R4,GioStyle (4L),Yes,Yes
KD-048-R4,Rush (3L),No,
KD-048-R4,Ice Packs,Yes,Yes
KD-048-R5,Solar Refrigerators and Freezers,Yes,Yes
KD-048-R5,Refrigerators,No,
KD-048-R5,Temperature Monitoring Devices,Yes,No
KD-048-R5,Cold Boxes (6L),Yes,No
KD-048-R5,GioStyle (4L),Yes,Yes
KD-048-R5,Rush (3L),No,
KD-048-R5,Ice Packs,Yes,No
KD-048-R6,Solar Refrigerators and Freezers,Yes,Yes
KD-048-R6,Refrigerators,No,
KD-048-R6,Temperature Monitoring Devices,Yes,Yes
KD-048-R6,Cold Boxes (6L),Yes,No
KD-048-R6,GioStyle (4L),Yes,Yes
KD-048-R6,Rush (3L),No,
KD-048-R6,Ice Packs,Yes,No
KD-049-R1,Solar Refrigerators and Freezers,Yes,Yes
KD-049-R1,Refrigerators,No,
KD-049-R1,Temperature Monitoring Devices,Yes,Yes
KD-049-R1,Cold Boxes (6L),Yes,Yes
KD-049-R1,GioStyle (4L),Yes,No
KD-049-R1,Rush (3L),No,
KD-049-R1,Ice Packs,Yes,Yes
KD-049-R2,Solar Refrigerators and Freezers,Yes,Yes
KD-049-R2,Refrigerators,No,
KD-049-R2,Temperature Monitoring Devices,Yes,Yes
KD-049-R2,Cold Boxes (6L),Yes,Yes
KD-049-R2,GioStyle (4L),Yes,Yes
KD-049-R2,Rush (3L),No,
KD-049-R2,Ice Packs,Yes,Yes
KD-049-R3,Solar Refrigerators and Freezers,Yes,No
KD-049-R3,Refrigerators,No,
KD-049-R3,Temperature Monitoring Devices,Yes,Yes
KD-049-R3,Cold Boxes (6L),Yes,Yes
KD-049-R3,GioStyle (4L),Yes,Yes
KD-049-R3,Rush (3L),No,
KD-049-R3,Ice Packs,Yes,Yes
KD-049-R4,Solar Refrigerators and Freezers,Yes,Yes
KD-049-R4,Refrigerators,No,
KD-049-R4,Temperature Monitoring Devices,Yes,No
KD-049-R4,Cold Boxes (6L),Yes,Yes
KD-049-R4,GioStyle (4L),Yes,Yes
KD-049-R4,Rush (3L),No,
KD-049-R4,Ice Packs,Yes,Yes
KD-049-R5,Solar Refrigerators and Freezers,Yes,Yes
KD-049-R5,Refrigerators,No,
KD-049-R5,Temperature Monitoring Devices,Yes,Yes
KD-049-R5,Cold Boxes (6L),Yes,No
KD-049-R5,GioStyle (4L),Yes,Yes
KD-049-R5,Rush (3L),No,
KD-049-R5,Ice Packs,Yes,No
KD-049-R6,Solar Refrigerators and Freezers,Yes,Yes
KD-049-R6,Refrigerators,No,
KD-049-R6,Temperature Monitoring Devices,Yes,Yes
KD-049-R6,Cold Boxes (6L),Yes,Yes
KD-049-R6,GioStyle (4L),Yes,Yes
KD-049-R6,Rush (3L),No,
KD-049-R6,Ice Packs,Yes,Yes
KD-050-R1,Solar Refrigerators and Freezers,Yes,No
KD-050-R1,Refrigerators,No,
KD-050-R1,Temperature Monitoring Devices,Yes,Yes
KD-050-R1,Cold Boxes (6L),Yes,Yes
KD-050-R1,GioStyle (4L),No,
KD-050-R1,Rush (3L),No,
KD-050-R1,Ice Packs,Yes,Yes
KD-050-R2,Solar Refrigerators and Freezers,Yes,No
KD-050-R2,Refrigerators,No,
KD-050-R2,Temperature Monitoring Devices,Yes,Yes
KD-050-R2,Cold Boxes (6L),Yes,Yes
KD-050-R2,GioStyle (4L),No,
KD-050-R2,Rush (3L),No,
KD-050-R2,Ice Packs,Yes,Yes
KD-050-R3,Solar Refrigerators and Freezers,Yes,Yes
KD-050-R3,Refrigerators,No,
KD-050-R3,Temperature Monitoring Devices,Yes,Yes
KD-050-R3,Cold Boxes (6L),Yes,Yes
KD-050-R3,GioStyle (4L),No,
KD-050-R3,Rush (3L),No,
KD-050-R3,Ice Packs,Yes,Yes
KD-050-R4,Solar Refrigerators and Freezers,Yes,No
KD-050-R4,Refrigerators,No,
KD-050-R4,Temperature Monitoring Devices,Yes,Yes
KD-050-R4,Cold Boxes (6L),Yes,Yes
KD-050-R4,GioStyle (4L),No,
KD-050-R4,Rush (3L),No,
KD-050-R4,Ice Packs,Yes,Yes
KD-050-R5,Solar Refrigerators and Freezers,Yes,Yes
KD-050-R5,Refrigerators,No,
KD-050-R5,Temperature Monitoring Devices,Yes,Yes
KD-050-R5,Cold Boxes (6L),Yes,Yes
KD-050-R5,GioStyle (4L),No,
KD-050-R5,Rush (3L),No,
KD-050-R5,Ice Packs,Yes,Yes
KD-050-R6,Solar Refrigerators and Freezers,Yes,Yes
KD-050-R6,Refrigerators,No,
KD-050-R6,Temperature Monitoring Devices,Yes,Yes
KD-050-R6,Cold Boxes (6L),Yes,Yes
KD-050-R6,GioStyle (4L),No,
KD-050-R6,Rush (3L),No,
KD-050-R6,Ice Packs,Yes,Yes
KD-051-R1,Solar Refrigerators and Freezers,No,
KD-051-R1,Refrigerators,No,
KD-051-R1,Temperature Monitoring Devices,No,
KD-051-R1,Cold Boxes (6L),No,
KD-051-R1,GioStyle (4L),No,
KD-051-R1,Rush (3L),No,
KD-051-R1,Ice Packs,No,
KD-051-R2,Solar Refrigerators and Freezers,No,
KD-051-R2,Refrigerators,No,
KD-051-R2,Temperature Monitoring Devices,No,
KD-051-R2,Cold Boxes (6L),No,
KD-051-R2,GioStyle (4L),No,
KD-051-R2,Rush (3L),No,
KD-051-R2,Ice Packs,No,
KD-051-R3,Solar Refrigerators and Freezers,No,
KD-051-R3,Refrigerators,No,
KD-051-R3,Temperature Monitoring Devices,No,
KD-051-R3,Cold Boxes (6L),No,
KD-051-R3,GioStyle (4L),No,
KD-051-R3,Rush (3L),No,
KD-051-R3,Ice Packs,No,
KD-051-R4,Solar Refrigerators and Freezers,No,
KD-051-R4,Refrigerators,No,
KD-051-R4,Temperature Monitoring Devices,No,
KD-051-R4,Cold Boxes (6L),No,
KD-051-R4,GioStyle (4L),No,
KD-051-R4,Rush (3L),No,
KD-051-R4,Ice Packs,No,
KD-051-R5,Solar Refrigerators and Freezers,No,
KD-051-R5,Refrigerators,No,
KD-051-R5,Temperature Monitoring Devices,No,
KD-051-R5,Cold Boxes (6L),No,
KD-051-R5,GioStyle (4L),No,
KD-051-R5,Rush (3L),No,
KD-051-R5,Ice Packs,No,
KD-051-R6,Solar Refrigerators and Freezers,No,
KD-051-R6,Refrigerators,No,
KD-051-R6,Temperature Monitoring Devices,No,
KD-051-R6,Cold Boxes (6L),No,
KD-051-R6,GioStyle (4L),No,
KD-051-R6,Rush (3L),No,
KD-051-R6,Ice Packs,No,
KD-052-R1,Solar Refrigerators and Freezers,No,
KD-052-R1,Refrigerators,Yes,Yes
KD-052-R1,Temperature Monitoring Devices,No,
KD-052-R1,Cold Boxes (6L),Yes,Yes
KD-052-R1,GioStyle (4L),Yes,No
KD-052-R1,Rush (3L),No,
KD-052-R1,Ice Packs,Yes,Yes
KD-052-R2,Solar Refrigerators and Freezers,No,
KD-052-R2,Refrigerators,Yes,Yes
KD-052-R2,Temperature Monitoring Devices,No,
KD-052-R2,Cold Boxes (6L),Yes,Yes
KD-052-R2,GioStyle (4L),Yes,Yes
KD-052-R2,Rush (3L),No,
KD-052-R2,Ice Packs,Yes,Yes
KD-052-R3,Solar Refrigerators and Freezers,No,
KD-052-R3,Refrigerators,Yes,Yes
KD-052-R3,Temperature Monitoring Devices,No,
KD-052-R3,Cold Boxes (6L),Yes,Yes
KD-052-R3,GioStyle (4L),Yes,Yes
KD-052-R3,Rush (3L),No,
KD-052-R3,Ice Packs,Yes,No
KD-052-R4,Solar Refrigerators and Freezers,No,
KD-052-R4,Refrigerators,Yes,Yes
KD-052-R4,Temperature Monitoring Devices,No,
KD-052-R4,Cold Boxes (6L),Yes,Yes
KD-052-R4,GioStyle (4L),Yes,Yes
KD-052-R4,Rush (3L),No,
KD-052-R4,Ice Packs,Yes,Yes
KD-052-R5,Solar Refrigerators and Freezers,No,
KD-052-R5,Refrigerators,Yes,Yes
KD-052-R5,Temperature Monitoring Devices,No,
KD-052-R5,Cold Boxes (6L),Yes,Yes
KD-052-R5,GioStyle (4L),Yes,Yes
KD-052-R5,Rush (3L),No,
KD-052-R5,Ice Packs,Yes,Yes
KD-052-R6,Solar Refrigerators and Freezers,No,
KD-052-R6,Refrigerators,Yes,Yes
KD-052-R6,Temperature Monitoring Devices,No,
KD-052-R6,Cold Boxes (6L),Yes,No
KD-052-R6,GioStyle (4L),Yes,Yes
KD-052-R6,Rush (3L),No,
KD-052-R6,Ice Packs,Yes,Yes
KD-053-R1,Solar Refrigerators and Freezers,Yes,No
KD-053-R1,Refrigerators,No,
KD-053-R1,Temperature Monitoring Devices,No,
KD-053-R1,Cold Boxes (6L),Yes,Yes
KD-053-R1,GioStyle (4L),No,
KD-053-R1,Rush (3L),Yes,Yes
KD-053-R1,Ice Packs,Yes,Yes
KD-053-R2,Solar Refrigerators and Freezers,Yes,No
KD-053-R2,Refrigerators,No,
KD-053-R2,Temperature Monitoring Devices,No,
KD-053-R2,Cold Boxes (6L),Yes,Yes
KD-053-R2,GioStyle (4L),No,
KD-053-R2,Rush (3L),Yes,Yes
KD-053-R2,Ice Packs,Yes,Yes
KD-053-R3,Solar Refrigerators and Freezers,Yes,Yes
KD-053-R3,Refrigerators,No,
KD-053-R3,Temperature Monitoring Devices,No,
KD-053-R3,Cold Boxes (6L),Yes,No
KD-053-R3,GioStyle (4L),No,
KD-053-R3,Rush (3L),Yes,Yes
KD-053-R3,Ice Packs,Yes,Yes
KD-053-R4,Solar Refrigerators and Freezers,Yes,Yes
KD-053-R4,Refrigerators,No,
KD-053-R4,Temperature Monitoring Devices,No,
KD-053-R4,Cold Boxes (6L),Yes,Yes
KD-053-R4,GioStyle (4L),No,
KD-053-R4,Rush (3L),Yes,Yes
KD-053-R4,Ice Packs,Yes,Yes
KD-053-R5,Solar Refrigerators and Freezers,Yes,Yes
KD-053-R5,Refrigerators,No,
KD-053-R5,Temperature Monitoring Devices,No,
KD-053-R5,Cold Boxes (6L),Yes,Yes
KD-053-R5,GioStyle (4L),No,
KD-053-R5,Rush (3L),Yes,No
KD-053-R5,Ice Packs,Yes,Yes
KD-053-R6,Solar Refrigerators and Freezers,Yes,Yes
KD-053-R6,Refrigerators,No,
KD-053-R6,Temperature Monitoring Devices,No,
KD-053-R6,Cold Boxes (6L),Yes,Yes
KD-053-R6,GioStyle (4L),No,
KD-053-R6,Rush (3L),Yes,Yes
KD-053-R6,Ice Packs,Yes,Yes
KD-054-R1,Solar Refrigerators and Freezers,Yes,Yes
KD-054-R1,Refrigerators,Yes,No
KD-054-R1,Temperature Monitoring Devices,Yes,No
KD-054-R1,Cold Boxes (6L),Yes,No
KD-054-R1,GioStyle (4L),Yes,Yes
KD-054-R1,Rush (3L),Yes,Yes
KD-054-R1,Ice Packs,Yes,Yes
KD-054-R2,Solar Refrigerators and Freezers,Yes,Yes
KD-054-R2,Refrigerators,Yes,No
KD-054-R2,Temperature Monitoring Devices,Yes,Yes
KD-054-R2,Cold Boxes (6L),Yes,Yes
KD-054-R2,GioStyle (4L),Yes,No
KD-054-R2,Rush (3L),Yes,No
KD-054-R2,Ice Packs,Yes,Yes
KD-054-R3,Solar Refrigerators and Freezers,Yes,No
KD-054-R3,Refrigerators,Yes,Yes
KD-054-R3,Temperature Monitoring Devices,Yes,Yes
KD-054-R3,Cold Boxes (6L),Yes,Yes
KD-054-R3,GioStyle (4L),Yes,Yes
KD-054-R3,Rush (3L),Yes,Yes
KD-054-R3,Ice Packs,Yes,No
KD-054-R4,Solar Refrigerators and Freezers,Yes,Yes
KD-054-R4,Refrigerators,Yes,Yes
KD-054-R4,Temperature Monitoring Devices,Yes,Yes
KD-054-R4,Cold Boxes (6L),Yes,No
KD-054-R4,GioStyle (4L),Yes,Yes
KD-054-R4,Rush (3L),Yes,Yes
KD-054-R4,Ice Packs,Yes,Yes
KD-054-R5,Solar Refrigerators and Freezers,Yes,No
KD-054-R5,Refrigerators,Yes,Yes
KD-054-R5,Temperature Monitoring Devices,Yes,Yes
KD-054-R5,Cold Boxes (6L),Yes,No
KD-054-R5,GioStyle (4L),Yes,Yes
KD-054-R5,Rush (3L),Yes,No
KD-054-R5,Ice Packs,Yes,No
KD-054-R6,Solar Refrigerators and Freezers,Yes,No
KD-054-R6,Refrigerators,Yes,No
KD-054-R6,Temperature Monitoring Devices,Yes,Yes
KD-054-R6,Cold Boxes (6L),Yes,Yes
KD-054-R6,GioStyle (4L),Yes,Yes
KD-054-R6,Rush (3L),Yes,No
KD-054-R6,Ice Packs,Yes,No
KD-055-R1,Solar Refrigerators and Freezers,No,
KD-055-R1,Refrigerators,No,
KD-055-R1,Temperature Monitoring Devices,Yes,Yes
KD-055-R1,Cold Boxes (6L),Yes,Yes
KD-055-R1,GioStyle (4L),Yes,Yes
KD-055-R1,Rush (3L),Yes,No
KD-055-R1,Ice Packs,Yes,Yes
KD-055-R2,Solar Refrigerators and Freezers,No,
KD-055-R2,Refrigerators,No,
KD-055-R2,Temperature Monitoring Devices,Yes,Yes
KD-055-R2,Cold Boxes (6L),Yes,Yes
KD-055-R2,GioStyle (4L),Yes,No
KD-055-R2,Rush (3L),Yes,Yes
KD-055-R2,Ice Packs,Yes,Yes
KD-055-R3,Solar Refrigerators and Freezers,No,
KD-055-R3,Refrigerators,No,
KD-055-R3,Temperature Monitoring Devices,Yes,Yes
KD-055-R3,Cold Boxes (6L),Yes,Yes
KD-055-R3,GioStyle (4L),Yes,Yes
KD-055-R3,Rush (3L),Yes,Yes
KD-055-R3,Ice Packs,Yes,Yes
KD-055-R4,Solar Refrigerators and Freezers,No,
KD-055-R4,Refrigerators,No,
KD-055-R4,Temperature Monitoring Devices,Yes,Yes
KD-055-R4,Cold Boxes (6L),Yes,Yes
KD-055-R4,GioStyle (4L),Yes,Yes
KD-055-R4,Rush (3L),Yes,Yes
KD-055-R4,Ice Packs,Yes,Yes
KD-055-R5,Solar Refrigerators and Freezers,No,
KD-055-R5,Refrigerators,No,
KD-055-R5,Temperature Monitoring Devices,Yes,Yes
KD-055-R5,Cold Boxes (6L),Yes,Yes
KD-055-R5,GioStyle (4L),Yes,Yes
KD-055-R5,Rush (3L),Yes,Yes
KD-055-R5,Ice Packs,Yes,Yes
KD-055-R6,Solar Refrigerators and Freezers,No,
KD-055-R6,Refrigerators,No,
KD-055-R6,Temperature Monitoring Devices,Yes,Yes
KD-055-R6,Cold Boxes (6L),Yes,Yes
KD-055-R6,GioStyle (4L),Yes,Yes
KD-055-R6,Rush (3L),Yes,Yes
KD-055-R6,Ice Packs,Yes,Yes
KD-056-R1,Solar Refrigerators and Freezers,Yes,No
KD-056-R1,Refrigerators,No,
KD-056-R1,Temperature Monitoring Devices,Yes,Yes
KD-056-R1,Cold Boxes (6L),Yes,No
KD-056-R1,GioStyle (4L),Yes,Yes
KD-056-R1,Rush (3L),No,
KD-056-R1,Ice Packs,Yes,Yes
KD-056-R2,Solar Refrigerators and Freezers,Yes,Yes
KD-056-R2,Refrigerators,No,
KD-056-R2,Temperature Monitoring Devices,Yes,No
KD-056-R2,Cold Boxes (6L),Yes,No
KD-056-R2,GioStyle (4L),Yes,Yes
KD-056-R2,Rush (3L),No,
KD-056-R2,Ice Packs,Yes,No
KD-056-R3,Solar Refrigerators and Freezers,Yes,Yes
KD-056-R3,Refrigerators,No,
KD-056-R3,Temperature Monitoring Devices,Yes,Yes
KD-056-R3,Cold Boxes (6L),Yes,Yes
KD-056-R3,GioStyle (4L),Yes,Yes
KD-056-R3,Rush (3L),No,
KD-056-R3,Ice Packs,Yes,No
KD-056-R4,Solar Refrigerators and Freezers,Yes,Yes
KD-056-R4,Refrigerators,No,
KD-056-R4,Temperature Monitoring Devices,Yes,No
KD-056-R4,Cold Boxes (6L),Yes,Yes
KD-056-R4,GioStyle (4L),Yes,Yes
KD-056-R4,Rush (3L),No,
KD-056-R4,Ice Packs,Yes,Yes
KD-056-R5,Solar Refrigerators and Freezers,Yes,Yes
KD-056-R5,Refrigerators,No,
KD-056-R5,Temperature Monitoring Devices,Yes,Yes
KD-056-R5,Cold Boxes (6L),Yes,Yes
KD-056-R5,GioStyle (4L),Yes,Yes
KD-056-R5,Rush (3L),No,
KD-056-R5,Ice Packs,Yes,No
KD-056-R6,Solar Refrigerators and Freezers,Yes,Yes
KD-056-R6,Refrigerators,No,
KD-056-R6,Temperature Monitoring Devices,Yes,Yes
KD-056-R6,Cold Boxes (6L),Yes,Yes
KD-056-R6,GioStyle (4L),Yes,Yes
KD-056-R6,Rush (3L),No,
KD-056-R6,Ice Packs,Yes,Yes
KD-057-R1,Solar Refrigerators and Freezers,Yes,Yes
KD-057-R1,Refrigerators,No,
KD-057-R1,Temperature Monitoring Devices,Yes,Yes
KD-057-R1,Cold Boxes (6L),Yes,Yes
KD-057-R1,GioStyle (4L),No,
KD-057-R1,Rush (3L),No,
KD-057-R1,Ice Packs,Yes,No
KD-057-R2,Solar Refrigerators and Freezers,Yes,No
KD-057-R2,Refrigerators,No,
KD-057-R2,Temperature Monitoring Devices,Yes,Yes
KD-057-R2,Cold Boxes (6L),Yes,Yes
KD-057-R2,GioStyle (4L),No,
KD-057-R2,Rush (3L),No,
KD-057-R2,Ice Packs,Yes,Yes
KD-057-R3,Solar Refrigerators and Freezers,Yes,Yes
KD-057-R3,Refrigerators,No,
KD-057-R3,Temperature Monitoring Devices,Yes,No
KD-057-R3,Cold Boxes (6L),Yes,Yes
KD-057-R3,GioStyle (4L),No,
KD-057-R3,Rush (3L),No,
KD-057-R3,Ice Packs,Yes,Yes
KD-057-R4,Solar Refrigerators and Freezers,Yes,No
KD-057-R4,Refrigerators,No,
KD-057-R4,Temperature Monitoring Devices,Yes,No
KD-057-R4,Cold Boxes (6L),Yes,Yes
KD-057-R4,GioStyle (4L),No,
KD-057-R4,Rush (3L),No,
KD-057-R4,Ice Packs,Yes,Yes
KD-057-R5,Solar Refrigerators and Freezers,Yes,Yes
KD-057-R5,Refrigerators,No,
KD-057-R5,Temperature Monitoring Devices,Yes,Yes
KD-057-R5,Cold Boxes (6L),Yes,Yes
KD-057-R5,GioStyle (4L),No,
KD-057-R5,Rush (3L),No,
KD-057-R5,Ice Packs,Yes,Yes
KD-057-R6,Solar Refrigerators and Freezers,Yes,Yes
KD-057-R6,Refrigerators,No,
KD-057-R6,Temperature Monitoring Devices,Yes,Yes
KD-057-R6,Cold Boxes (6L),Yes,Yes
KD-057-R6,GioStyle (4L),No,
KD-057-R6,Rush (3L),No,
KD-057-R6,Ice Packs,Yes,Yes
KD-058-R1,Solar Refrigerators and Freezers,Yes,Yes
KD-058-R1,Refrigerators,No,
KD-058-R1,Temperature Monitoring Devices,Yes,Yes
KD-058-R1,Cold Boxes (6L),Yes,Yes
KD-058-R1,GioStyle (4L),No,
KD-058-R1,Rush (3L),No,
KD-058-R1,Ice Packs,Yes,Yes
KD-058-R2,Solar Refrigerators and Freezers,Yes,Yes
KD-058-R2,Refrigerators,No,
KD-058-R2,Temperature Monitoring Devices,Yes,Yes
KD-058-R2,Cold Boxes (6L),Yes,Yes
KD-058-R2,GioStyle (4L),No,
KD-058-R2,Rush (3L),No,
KD-058-R2,Ice Packs,Yes,Yes
KD-058-R3,Solar Refrigerators and Freezers,Yes,Yes
KD-058-R3,Refrigerators,No,
KD-058-R3,Temperature Monitoring Devices,Yes,Yes
KD-058-R3,Cold Boxes (6L),Yes,No
KD-058-R3,GioStyle (4L),No,
KD-058-R3,Rush (3L),No,
KD-058-R3,Ice Packs,Yes,Yes
KD-058-R4,Solar Refrigerators and Freezers,Yes,Yes
KD-058-R4,Refrigerators,No,
KD-058-R4,Temperature Monitoring Devices,Yes,Yes
KD-058-R4,Cold Boxes (6L),Yes,Yes
KD-058-R4,GioStyle (4L),No,
KD-058-R4,Rush (3L),No,
KD-058-R4,Ice Packs,Yes,Yes
KD-058-R5,Solar Refrigerators and Freezers,Yes,No
KD-058-R5,Refrigerators,No,
KD-058-R5,Temperature Monitoring Devices,Yes,Yes
KD-058-R5,Cold Boxes (6L),Yes,No
KD-058-R5,GioStyle (4L),No,
KD-058-R5,Rush (3L),No,
KD-058-R5,Ice Packs,Yes,Yes
KD-058-R6,Solar Refrigerators and Freezers,Yes,Yes
KD-058-R6,Refrigerators,No,
KD-058-R6,Temperature Monitoring Devices,Yes,Yes
KD-058-R6,Cold Boxes (6L),Yes,Yes
KD-058-R6,GioStyle (4L),No,
KD-058-R6,Rush (3L),No,
KD-058-R6,Ice Packs,Yes,No
KD-059-R1,Solar Refrigerators and Freezers,Yes,Yes
KD-059-R1,Refrigerators,No,
KD-059-R1,Temperature Monitoring Devices,No,
KD-059-R1,Cold Boxes (6L),Yes,Yes
KD-059-R1,GioStyle (4L),Yes,Yes
KD-059-R1,Rush (3L),Yes,No
KD-059-R1,Ice Packs,Yes,Yes
KD-059-R2,Solar Refrigerators and Freezers,Yes,Yes
KD-059-R2,Refrigerators,No,
KD-059-R2,Temperature Monitoring Devices,No,
KD-059-R2,Cold Boxes (6L),Yes,Yes
KD-059-R2,GioStyle (4L),Yes,Yes
KD-059-R2,Rush (3L),Yes,Yes
KD-059-R2,Ice Packs,Yes,Yes
KD-059-R3,Solar Refrigerators and Freezers,Yes,Yes
KD-059-R3,Refrigerators,No,
KD-059-R3,Temperature Monitoring Devices,No,
KD-059-R3,Cold Boxes (6L),Yes,Yes
KD-059-R3,GioStyle (4L),Yes,Yes
KD-059-R3,Rush (3L),Yes,Yes
KD-059-R3,Ice Packs,Yes,Yes
KD-059-R4,Solar Refrigerators and Freezers,Yes,Yes
KD-059-R4,Refrigerators,No,
KD-059-R4,Temperature Monitoring Devices,No,
KD-059-R4,Cold Boxes (6L),Yes,No
KD-059-R4,GioStyle (4L),Yes,Yes
KD-059-R4,Rush (3L),Yes,Yes
KD-059-R4,Ice Packs,Yes,No
KD-059-R5,Solar Refrigerators and Freezers,Yes,Yes
KD-059-R5,Refrigerators,No,
KD-059-R5,Temperature Monitoring Devices,No,
KD-059-R5,Cold Boxes (6L),Yes,Yes
KD-059-R5,GioStyle (4L),Yes,Yes
KD-059-R5,Rush (3L),Yes,Yes
KD-059-R5,Ice Packs,Yes,Yes
KD-059-R6,Solar Refrigerators and Freezers,Yes,No
KD-059-R6,Refrigerators,No,
KD-059-R6,Temperature Monitoring Devices,No,
KD-059-R6,Cold Boxes (6L),Yes,Yes
KD-059-R6,GioStyle (4L),Yes,No
KD-059-R6,Rush (3L),Yes,Yes
KD-059-R6,Ice Packs,Yes,Yes
KD-060-R1,Solar Refrigerators and Freezers,Yes,Yes
KD-060-R1,Refrigerators,No,
KD-060-R1,Temperature Monitoring Devices,No,
KD-060-R1,Cold Boxes (6L),No,
KD-060-R1,GioStyle (4L),Yes,Yes
KD-060-R1,Rush (3L),No,
KD-060-R1,Ice Packs,No,
KD-060-R2,Solar Refrigerators and Freezers,Yes,Yes
KD-060-R2,Refrigerators,No,
KD-060-R2,Temperature Monitoring Devices,No,
KD-060-R2,Cold Boxes (6L),No,
KD-060-R2,GioStyle (4L),Yes,Yes
KD-060-R2,Rush (3L),No,
KD-060-R2,Ice Packs,No,
KD-060-R3,Solar Refrigerators and Freezers,Yes,Yes
KD-060-R3,Refrigerators,No,
KD-060-R3,Temperature Monitoring Devices,No,
KD-060-R3,Cold Boxes (6L),No,
KD-060-R3,GioStyle (4L),Yes,Yes
KD-060-R3,Rush (3L),No,
KD-060-R3,Ice Packs,No,
KD-060-R4,Solar Refrigerators and Freezers,Yes,No
KD-060-R4,Refrigerators,No,
KD-060-R4,Temperature Monitoring Devices,No,
KD-060-R4,Cold Boxes (6L),No,
KD-060-R4,GioStyle (4L),Yes,Yes
KD-060-R4,Rush (3L),No,
KD-060-R4,Ice Packs,No,
KD-060-R5,Solar Refrigerators and Freezers,Yes,No
KD-060-R5,Refrigerators,No,
KD-060-R5,Temperature Monitoring Devices,No,
KD-060-R5,Cold Boxes (6L),No,
KD-060-R5,GioStyle (4L),Yes,Yes
KD-060-R5,Rush (3L),No,
KD-060-R5,Ice Packs,No,
KD-060-R6,Solar Refrigerators and Freezers,Yes,Yes
KD-060-R6,Refrigerators,No,
KD-060-R6,Temperature Monitoring Devices,No,
KD-060-R6,Cold Boxes (6L),No,
KD-060-R6,GioStyle (4L),Yes,Yes
KD-060-R6,Rush (3L),No,
KD-060-R6,Ice Packs,No,
KD-061-R1,Solar Refrigerators and Freezers,No,
KD-061-R1,Refrigerators,No,
KD-061-R1,Temperature Monitoring Devices,Yes,Yes
KD-061-R1,Cold Boxes (6L),Yes,No
KD-061-R1,GioStyle (4L),No,
KD-061-R1,Rush (3L),No,
KD-061-R1,Ice Packs,Yes,Yes
KD-061-R2,Solar Refrigerators and Freezers,No,
KD-061-R2,Refrigerators,No,
KD-061-R2,Temperature Monitoring Devices,Yes,Yes
KD-061-R2,Cold Boxes (6L),Yes,Yes
KD-061-R2,GioStyle (4L),No,
KD-061-R2,Rush (3L),No,
KD-061-R2,Ice Packs,Yes,Yes
KD-061-R3,Solar Refrigerators and Freezers,No,
KD-061-R3,Refrigerators,No,
KD-061-R3,Temperature Monitoring Devices,Yes,No
KD-061-R3,Cold Boxes (6L),Yes,Yes
KD-061-R3,GioStyle (4L),No,
KD-061-R3,Rush (3L),No,
KD-061-R3,Ice Packs,Yes,Yes
KD-061-R4,Solar Refrigerators and Freezers,No,
KD-061-R4,Refrigerators,No,
KD-061-R4,Temperature Monitoring Devices,Yes,Yes
KD-061-R4,Cold Boxes (6L),Yes,Yes
KD-061-R4,GioStyle (4L),No,
KD-061-R4,Rush (3L),No,
KD-061-R4,Ice Packs,Yes,Yes
KD-061-R5,Solar Refrigerators and Freezers,No,
KD-061-R5,Refrigerators,No,
KD-061-R5,Temperature Monitoring Devices,Yes,Yes
KD-061-R5,Cold Boxes (6L),Yes,Yes
KD-061-R5,GioStyle (4L),No,
KD-061-R5,Rush (3L),No,
KD-061-R5,Ice Packs,Yes,Yes
KD-061-R6,Solar Refrigerators and Freezers,No,
KD-061-R6,Refrigerators,No,
KD-061-R6,Temperature Monitoring Devices,Yes,No
KD-061-R6,Cold Boxes (6L),Yes,Yes
KD-061-R6,GioStyle (4L),No,
KD-061-R6,Rush (3L),No,
KD-061-R6,Ice Packs,Yes,Yes
KD-062-R1,Solar Refrigerators and Freezers,No,
KD-062-R1,Refrigerators,No,
KD-062-R1,Temperature Monitoring Devices,No,
KD-062-R1,Cold Boxes (6L),No,
KD-062-R1,GioStyle (4L),No,
KD-062-R1,Rush (3L),No,
KD-062-R1,Ice Packs,No,
KD-062-R2,Solar Refrigerators and Freezers,No,
KD-062-R2,Refrigerators,No,
KD-062-R2,Temperature Monitoring Devices,No,
KD-062-R2,Cold Boxes (6L),No,
KD-062-R2,GioStyle (4L),No,
KD-062-R2,Rush (3L),No,
KD-062-R2,Ice Packs,No,
KD-062-R3,Solar Refrigerators and Freezers,No,
KD-062-R3,Refrigerators,No,
KD-062-R3,Temperature Monitoring Devices,No,
KD-062-R3,Cold Boxes (6L),No,
KD-062-R3,GioStyle (4L),No,
KD-062-R3,Rush (3L),No,
KD-062-R3,Ice Packs,No,
KD-062-R4,Solar Refrigerators and Freezers,No,
KD-062-R4,Refrigerators,No,
KD-062-R4,Temperature Monitoring Devices,No,
KD-062-R4,Cold Boxes (6L),No,
KD-062-R4,GioStyle (4L),No,
KD-062-R4,Rush (3L),No,
KD-062-R4,Ice Packs,No,
KD-062-R5,Solar Refrigerators and Freezers,No,
KD-062-R5,Refrigerators,No,
KD-062-R5,Temperature Monitoring Devices,No,
KD-062-R5,Cold Boxes (6L),No,
KD-062-R5,GioStyle (4L),No,
KD-062-R5,Rush (3L),No,
KD-062-R5,Ice Packs,No,
KD-062-R6,Solar Refrigerators and Freezers,No,
KD-062-R6,Refrigerators,No,
KD-062-R6,Temperature Monitoring Devices,No,
KD-062-R6,Cold Boxes (6L),No,
KD-062-R6,GioStyle (4L),No,
KD-062-R6,Rush (3L),No,
KD-062-R6,Ice Packs,No,
KD-063-R1,Solar Refrigerators and Freezers,Yes,No
KD-063-R1,Refrigerators,No,
KD-063-R1,Temperature Monitoring Devices,Yes,Yes
KD-063-R1,Cold Boxes (6L),No,
KD-063-R1,GioStyle (4L),Yes,Yes
KD-063-R1,Rush (3L),No,
KD-063-R1,Ice Packs,Yes,Yes
KD-063-R2,Solar Refrigerators and Freezers,Yes,Yes
KD-063-R2,Refrigerators,No,
KD-063-R2,Temperature Monitoring Devices,Yes,No
KD-063-R2,Cold Boxes (6L),No,
KD-063-R2,GioStyle (4L),Yes,Yes
KD-063-R2,Rush (3L),No,
KD-063-R2,Ice Packs,Yes,Yes
KD-063-R3,Solar Refrigerators and Freezers,Yes,No
KD-063-R3,Refrigerators,No,
KD-063-R3,Temperature Monitoring Devices,Yes,Yes
KD-063-R3,Cold Boxes (6L),No,
KD-063-R3,GioStyle (4L),Yes,Yes
KD-063-R3,Rush (3L),No,
KD-063-R3,Ice Packs,Yes,Yes
KD-063-R4,Solar Refrigerators and Freezers,Yes,Yes
KD-063-R4,Refrigerators,No,
KD-063-R4,Temperature Monitoring Devices,Yes,Yes
KD-063-R4,Cold Boxes (6L),No,
KD-063-R4,GioStyle (4L),Yes,Yes
KD-063-R4,Rush (3L),No,
KD-063-R4,Ice Packs,Yes,Yes
KD-063-R5,Solar Refrigerators and Freezers,Yes,No
KD-063-R5,Refrigerators,No,
KD-063-R5,Temperature Monitoring Devices,Yes,Yes
KD-063-R5,Cold Boxes (6L),No,
KD-063-R5,GioStyle (4L),Yes,Yes
KD-063-R5,Rush (3L),No,
KD-063-R5,Ice Packs,Yes,Yes
KD-063-R6,Solar Refrigerators and Freezers,Yes,Yes
KD-063-R6,Refrigerators,No,
KD-063-R6,Temperature Monitoring Devices,Yes,No
KD-063-R6,Cold Boxes (6L),No,
KD-063-R6,GioStyle (4L),Yes,Yes
KD-063-R6,Rush (3L),No,
KD-063-R6,Ice Packs,Yes,Yes
KD-064-R1,Solar Refrigerators and Freezers,Yes,Yes
KD-064-R1,Refrigerators,No,
KD-064-R1,Temperature Monitoring Devices,Yes,Yes
KD-064-R1,Cold Boxes (6L),Yes,Yes
KD-064-R1,GioStyle (4L),Yes,Yes
KD-064-R1,Rush (3L),No,
KD-064-R1,Ice Packs,Yes,Yes
KD-064-R2,Solar Refrigerators and Freezers,Yes,Yes
KD-064-R2,Refrigerators,No,
KD-064-R2,Temperature Monitoring Devices,Yes,Yes
KD-064-R2,Cold Boxes (6L),Yes,Yes
KD-064-R2,GioStyle (4L),Yes,Yes
KD-064-R2,Rush (3L),No,
KD-064-R2,Ice Packs,Yes,Yes
KD-064-R3,Solar Refrigerators and Freezers,Yes,Yes
KD-064-R3,Refrigerators,No,
KD-064-R3,Temperature Monitoring Devices,Yes,No
KD-064-R3,Cold Boxes (6L),Yes,No
KD-064-R3,GioStyle (4L),Yes,No
KD-064-R3,Rush (3L),No,
KD-064-R3,Ice Packs,Yes,No
KD-064-R4,Solar Refrigerators and Freezers,Yes,Yes
KD-064-R4,Refrigerators,No,
KD-064-R4,Temperature Monitoring Devices,Yes,Yes
KD-064-R4,Cold Boxes (6L),Yes,Yes
KD-064-R4,GioStyle (4L),Yes,Yes
KD-064-R4,Rush (3L),No,
KD-064-R4,Ice Packs,Yes,Yes
KD-064-R5,Solar Refrigerators and Freezers,Yes,Yes
KD-064-R5,Refrigerators,No,
KD-064-R5,Temperature Monitoring Devices,Yes,Yes
KD-064-R5,Cold Boxes (6L),Yes,Yes
KD-064-R5,GioStyle (4L),Yes,Yes
KD-064-R5,Rush (3L),No,
KD-064-R5,Ice Packs,Yes,No
KD-064-R6,Solar Refrigerators and Freezers,Yes,No
KD-064-R6,Refrigerators,No,
KD-064-R6,Temperature Monitoring Devices,Yes,No
KD-064-R6,Cold Boxes (6L),Yes,Yes
KD-064-R6,GioStyle (4L),Yes,Yes
KD-064-R6,Rush (3L),No,
KD-064-R6,Ice Packs,Yes,Yes
KD-065-R1,Solar Refrigerators and Freezers,No,
KD-065-R1,Refrigerators,No,
KD-065-R1,Temperature Monitoring Devices,No,
KD-065-R1,Cold Boxes (6L),No,
KD-065-R1,GioStyle (4L),No,
KD-065-R1,Rush (3L),No,
KD-065-R1,Ice Packs,No,
KD-065-R2,Solar Refrigerators and Freezers,No,
KD-065-R2,Refrigerators,No,
KD-065-R2,Temperature Monitoring Devices,No,
KD-065-R2,Cold Boxes (6L),No,
KD-065-R2,GioStyle (4L),No,
KD-065-R2,Rush (3L),No,
KD-065-R2,Ice Packs,No,
KD-065-R3,Solar Refrigerators and Freezers,No,
KD-065-R3,Refrigerators,No,
KD-065-R3,Temperature Monitoring Devices,No,
KD-065-R3,Cold Boxes (6L),No,
KD-065-R3,GioStyle (4L),No,
KD-065-R3,Rush (3L),No,
KD-065-R3,Ice Packs,No,
KD-065-R4,Solar Refrigerators and Freezers,No,
KD-065-R4,Refrigerators,No,
KD-065-R4,Temperature Monitoring Devices,No,
KD-065-R4,Cold Boxes (6L),No,
KD-065-R4,GioStyle (4L),No,
KD-065-R4,Rush (3L),No,
KD-065-R4,Ice Packs,No,
KD-065-R5,Solar Refrigerators and Freezers,No,
KD-065-R5,Refrigerators,No,
KD-065-R5,Temperature Monitoring Devices,No,
KD-065-R5,Cold Boxes (6L),No,
KD-065-R5,GioStyle (4L),No,
KD-065-R5,Rush (3L),No,
KD-065-R5,Ice Packs,No,
KD-065-R6,Solar Refrigerators and Freezers,No,
KD-065-R6,Refrigerators,No,
KD-065-R6,Temperature Monitoring Devices,No,
KD-065-R6,Cold Boxes (6L),No,
KD-065-R6,GioStyle (4L),No,
KD-065-R6,Rush (3L),No,
KD-065-R6,Ice Packs,No,
KD-066-R1,Solar Refrigerators and Freezers,Yes,No
KD-066-R1,Refrigerators,No,
KD-066-R1,Temperature Monitoring Devices,Yes,Yes
KD-066-R1,Cold Boxes (6L),Yes,Yes
KD-066-R1,GioStyle (4L),No,
KD-066-R1,Rush (3L),Yes,Yes
KD-066-R1,Ice Packs,Yes,Yes
KD-066-R2,Solar Refrigerators and Freezers,Yes,No
KD-066-R2,Refrigerators,No,
KD-066-R2,Temperature Monitoring Devices,Yes,Yes
KD-066-R2,Cold Boxes (6L),Yes,No
KD-066-R2,GioStyle (4L),No,
KD-066-R2,Rush (3L),Yes,No
KD-066-R2,Ice Packs,Yes,Yes
KD-066-R3,Solar Refrigerators and Freezers,Yes,Yes
KD-066-R3,Refrigerators,No,
KD-066-R3,Temperature Monitoring Devices,Yes,Yes
KD-066-R3,Cold Boxes (6L),Yes,Yes
KD-066-R3,GioStyle (4L),No,
KD-066-R3,Rush (3L),Yes,No
KD-066-R3,Ice Packs,Yes,No
KD-066-R4,Solar Refrigerators and Freezers,Yes,Yes
KD-066-R4,Refrigerators,No,
KD-066-R4,Temperature Monitoring Devices,Yes,Yes
KD-066-R4,Cold Boxes (6L),Yes,Yes
KD-066-R4,GioStyle (4L),No,
KD-066-R4,Rush (3L),Yes,Yes
KD-066-R4,Ice Packs,Yes,Yes
KD-066-R5,Solar Refrigerators and Freezers,Yes,Yes
KD-066-R5,Refrigerators,No,
KD-066-R5,Temperature Monitoring Devices,Yes,Yes
KD-066-R5,Cold Boxes (6L),Yes,Yes
KD-066-R5,GioStyle (4L),No,
KD-066-R5,Rush (3L),Yes,Yes
KD-066-R5,Ice Packs,Yes,Yes
KD-066-R6,Solar Refrigerators and Freezers,Yes,No
KD-066-R6,Refrigerators,No,
KD-066-R6,Temperature Monitoring Devices,Yes,Yes
KD-066-R6,Cold Boxes (6L),Yes,No
KD-066-R6,GioStyle (4L),No,
KD-066-R6,Rush (3L),Yes,No
KD-066-R6,Ice Packs,Yes,Yes
KD-067-R1,Solar Refrigerators and Freezers,Yes,Yes
KD-067-R1,Refrigerators,Yes,Yes
KD-067-R1,Temperature Monitoring Devices,Yes,Yes
KD-067-R1,Cold Boxes (6L),Yes,No
KD-067-R1,GioStyle (4L),Yes,Yes
KD-067-R1,Rush (3L),No,
KD-067-R1,Ice Packs,Yes,Yes
KD-067-R2,Solar Refrigerators and Freezers,Yes,No
KD-067-R2,Refrigerators,Yes,Yes
KD-067-R2,Temperature Monitoring Devices,Yes,Yes
KD-067-R2,Cold Boxes (6L),Yes,Yes
KD-067-R2,GioStyle (4L),Yes,Yes
KD-067-R2,Rush (3L),No,
KD-067-R2,Ice Packs,Yes,Yes
KD-067-R3,Solar Refrigerators and Freezers,Yes,Yes
KD-067-R3,Refrigerators,Yes,Yes
KD-067-R3,Temperature Monitoring Devices,Yes,No
KD-067-R3,Cold Boxes (6L),Yes,Yes
KD-067-R3,GioStyle (4L),Yes,No
KD-067-R3,Rush (3L),No,
KD-067-R3,Ice Packs,Yes,Yes
KD-067-R4,Solar Refrigerators and Freezers,Yes,No
KD-067-R4,Refrigerators,Yes,Yes
KD-067-R4,Temperature Monitoring Devices,Yes,Yes
KD-067-R4,Cold Boxes (6L),Yes,No
KD-067-R4,GioStyle (4L),Yes,Yes
KD-067-R4,Rush (3L),No,
KD-067-R4,Ice Packs,Yes,No
KD-067-R5,Solar Refrigerators and Freezers,Yes,Yes
KD-067-R5,Refrigerators,Yes,Yes
KD-067-R5,Temperature Monitoring Devices,Yes,No
KD-067-R5,Cold Boxes (6L),Yes,Yes
KD-067-R5,GioStyle (4L),Yes,Yes
KD-067-R5,Rush (3L),No,
KD-067-R5,Ice Packs,Yes,Yes
KD-067-R6,Solar Refrigerators and Freezers,Yes,Yes
KD-067-R6,Refrigerators,Yes,Yes
KD-067-R6,Temperature Monitoring Devices,Yes,Yes
KD-067-R6,Cold Boxes (6L),Yes,Yes
KD-067-R6,GioStyle (4L),Yes,No
KD-067-R6,Rush (3L),No,
KD-067-R6,Ice Packs,Yes,No
KD-068-R1,Solar Refrigerators and Freezers,No,
KD-068-R1,Refrigerators,No,
KD-068-R1,Temperature Monitoring Devices,No,
KD-068-R1,Cold Boxes (6L),No,
KD-068-R1,GioStyle (4L),No,
KD-068-R1,Rush (3L),No,
KD-068-R1,Ice Packs,No,
KD-068-R2,Solar Refrigerators and Freezers,No,
KD-068-R2,Refrigerators,No,
KD-068-R2,Temperature Monitoring Devices,No,
KD-068-R2,Cold Boxes (6L),No,
KD-068-R2,GioStyle (4L),No,
KD-068-R2,Rush (3L),No,
KD-068-R2,Ice Packs,No,
KD-068-R3,Solar Refrigerators and Freezers,No,
KD-068-R3,Refrigerators,No,
KD-068-R3,Temperature Monitoring Devices,No,
KD-068-R3,Cold Boxes (6L),No,
KD-068-R3,GioStyle (4L),No,
KD-068-R3,Rush (3L),No,
KD-068-R3,Ice Packs,No,
KD-068-R4,Solar Refrigerators and Freezers,No,
KD-068-R4,Refrigerators,No,
KD-068-R4,Temperature Monitoring Devices,No,
KD-068-R4,Cold Boxes (6L),No,
KD-068-R4,GioStyle (4L),No,
KD-068-R4,Rush (3L),No,
KD-068-R4,Ice Packs,No,
KD-068-R5,Solar Refrigerators and Freezers,No,
KD-068-R5,Refrigerators,No,
KD-068-R5,Temperature Monitoring Devices,No,
KD-068-R5,Cold Boxes (6L),No,
KD-068-R5,GioStyle (4L),No,
KD-068-R5,Rush (3L),No,
KD-068-R5,Ice Packs,No,
KD-068-R6,Solar Refrigerators and Freezers,No,
KD-068-R6,Refrigerators,No,
KD-068-R6,Temperature Monitoring Devices,No,
KD-068-R6,Cold Boxes (6L),No,
KD-068-R6,GioStyle (4L),No,
KD-068-R6,Rush (3L),No,
KD-068-R6,Ice Packs,No,
KD-069-R1,Solar Refrigerators and Freezers,Yes,Yes
KD-069-R1,Refrigerators,No,
KD-069-R1,Temperature Monitoring Devices,Yes,Yes
KD-069-R1,Cold Boxes (6L),Yes,Yes
KD-069-R1,GioStyle (4L),Yes,Yes
KD-069-R1,Rush (3L),No,
KD-069-R1,Ice Packs,Yes,Yes
KD-069-R2,Solar Refrigerators and Freezers,Yes,Yes
KD-069-R2,Refrigerators,No,
KD-069-R2,Temperature Monitoring Devices,Yes,Yes
KD-069-R2,Cold Boxes (6L),Yes,Yes
KD-069-R2,GioStyle (4L),Yes,Yes
KD-069-R2,Rush (3L),No,
KD-069-R2,Ice Packs,Yes,No
KD-069-R3,Solar Refrigerators and Freezers,Yes,Yes
KD-069-R3,Refrigerators,No,
KD-069-R3,Temperature Monitoring Devices,Yes,Yes
KD-069-R3,Cold Boxes (6L),Yes,Yes
KD-069-R3,GioStyle (4L),Yes,No
KD-069-R3,Rush (3L),No,
KD-069-R3,Ice Packs,Yes,No
KD-069-R4,Solar Refrigerators and Freezers,Yes,Yes
KD-069-R4,Refrigerators,No,
KD-069-R4,Temperature Monitoring Devices,Yes,Yes
KD-069-R4,Cold Boxes (6L),Yes,Yes
KD-069-R4,GioStyle (4L),Yes,Yes
KD-069-R4,Rush (3L),No,
KD-069-R4,Ice Packs,Yes,Yes
KD-069-R5,Solar Refrigerators and Freezers,Yes,No
KD-069-R5,Refrigerators,No,
KD-069-R5,Temperature Monitoring Devices,Yes,Yes
KD-069-R5,Cold Boxes (6L),Yes,Yes
KD-069-R5,GioStyle (4L),Yes,Yes
KD-069-R5,Rush (3L),No,
KD-069-R5,Ice Packs,Yes,Yes
KD-069-R6,Solar Refrigerators and Freezers,Yes,Yes
KD-069-R6,Refrigerators,No,
KD-069-R6,Temperature Monitoring Devices,Yes,Yes
KD-069-R6,Cold Boxes (6L),Yes,Yes
KD-069-R6,GioStyle (4L),Yes,Yes
KD-069-R6,Rush (3L),No,
KD-069-R6,Ice Packs,Yes,Yes
KD-070-R1,Solar Refrigerators and Freezers,Yes,Yes
KD-070-R1,Refrigerators,Yes,Yes
KD-070-R1,Temperature Monitoring Devices,No,
KD-070-R1,Cold Boxes (6L),No,
KD-070-R1,GioStyle (4L),Yes,Yes
KD-070-R1,Rush (3L),No,
KD-070-R1,Ice Packs,Yes,Yes
KD-070-R2,Solar Refrigerators and Freezers,Yes,Yes
KD-070-R2,Refrigerators,Yes,Yes
KD-070-R2,Temperature Monitoring Devices,No,
KD-070-R2,Cold Boxes (6L),No,
KD-070-R2,GioStyle (4L),Yes,Yes
KD-070-R2,Rush (3L),No,
KD-070-R2,Ice Packs,Yes,Yes
KD-070-R3,Solar Refrigerators and Freezers,Yes,Yes
KD-070-R3,Refrigerators,Yes,Yes
KD-070-R3,Temperature Monitoring Devices,No,
KD-070-R3,Cold Boxes (6L),No,
KD-070-R3,GioStyle (4L),Yes,Yes
KD-070-R3,Rush (3L),No,
KD-070-R3,Ice Packs,Yes,Yes
KD-070-R4,Solar Refrigerators and Freezers,Yes,Yes
KD-070-R4,Refrigerators,Yes,Yes
KD-070-R4,Temperature Monitoring Devices,No,
KD-070-R4,Cold Boxes (6L),No,
KD-070-R4,GioStyle (4L),Yes,Yes
KD-070-R4,Rush (3L),No,
KD-070-R4,Ice Packs,Yes,Yes
KD-070-R5,Solar Refrigerators and Freezers,Yes,Yes
KD-070-R5,Refrigerators,Yes,No
KD-070-R5,Temperature Monitoring Devices,No,
KD-070-R5,Cold Boxes (6L),No,
KD-070-R5,GioStyle (4L),Yes,No
KD-070-R5,Rush (3L),No,
KD-070-R5,Ice Packs,Yes,Yes
KD-070-R6,Solar Refrigerators and Freezers,Yes,Yes
KD-070-R6,Refrigerators,Yes,Yes
KD-070-R6,Temperature Monitoring Devices,No,
KD-070-R6,Cold Boxes (6L),No,
KD-070-R6,GioStyle (4L),Yes,Yes
KD-070-R6,Rush (3L),No,
KD-070-R6,Ice Packs,Yes,No
KD-071-R1,Solar Refrigerators and Freezers,Yes,Yes
KD-071-R1,Refrigerators,No,
KD-071-R1,Temperature Monitoring Devices,Yes,Yes
KD-071-R1,Cold Boxes (6L),No,
KD-071-R1,GioStyle (4L),Yes,Yes
KD-071-R1,Rush (3L),Yes,Yes
KD-071-R1,Ice Packs,Yes,Yes
KD-071-R2,Solar Refrigerators and Freezers,Yes,No
KD-071-R2,Refrigerators,No,
KD-071-R2,Temperature Monitoring Devices,Yes,Yes
KD-071-R2,Cold Boxes (6L),No,
KD-071-R2,GioStyle (4L),Yes,Yes
KD-071-R2,Rush (3L),Yes,No
KD-071-R2,Ice Packs,Yes,Yes
KD-071-R3,Solar Refrigerators and Freezers,Yes,Yes
KD-071-R3,Refrigerators,No,
KD-071-R3,Temperature Monitoring Devices,Yes,Yes
KD-071-R3,Cold Boxes (6L),No,
KD-071-R3,GioStyle (4L),Yes,Yes
KD-071-R3,Rush (3L),Yes,Yes
KD-071-R3,Ice Packs,Yes,Yes
KD-071-R4,Solar Refrigerators and Freezers,Yes,No
KD-071-R4,Refrigerators,No,
KD-071-R4,Temperature Monitoring Devices,Yes,Yes
KD-071-R4,Cold Boxes (6L),No,
KD-071-R4,GioStyle (4L),Yes,Yes
KD-071-R4,Rush (3L),Yes,Yes
KD-071-R4,Ice Packs,Yes,No
KD-071-R5,Solar Refrigerators and Freezers,Yes,Yes
KD-071-R5,Refrigerators,No,
KD-071-R5,Temperature Monitoring Devices,Yes,Yes
KD-071-R5,Cold Boxes (6L),No,
KD-071-R5,GioStyle (4L),Yes,No
KD-071-R5,Rush (3L),Yes,Yes
KD-071-R5,Ice Packs,Yes,Yes
KD-071-R6,Solar Refrigerators and Freezers,Yes,Yes
KD-071-R6,Refrigerators,No,
KD-071-R6,Temperature Monitoring Devices,Yes,Yes
KD-071-R6,Cold Boxes (6L),No,
KD-071-R6,GioStyle (4L),Yes,Yes
KD-071-R6,Rush (3L),Yes,No
KD-071-R6,Ice Packs,Yes,Yes
KD-072-R1,Solar Refrigerators and Freezers,No,
KD-072-R1,Refrigerators,No,
KD-072-R1,Temperature Monitoring Devices,No,
KD-072-R1,Cold Boxes (6L),No,
KD-072-R1,GioStyle (4L),No,
KD-072-R1,Rush (3L),No,
KD-072-R1,Ice Packs,No,
KD-072-R2,Solar Refrigerators and Freezers,No,
KD-072-R2,Refrigerators,No,
KD-072-R2,Temperature Monitoring Devices,No,
KD-072-R2,Cold Boxes (6L),No,
KD-072-R2,GioStyle (4L),No,
KD-072-R2,Rush (3L),No,
KD-072-R2,Ice Packs,No,
KD-072-R3,Solar Refrigerators and Freezers,No,
KD-072-R3,Refrigerators,No,
KD-072-R3,Temperature Monitoring Devices,No,
KD-072-R3,Cold Boxes (6L),No,
KD-072-R3,GioStyle (4L),No,
KD-072-R3,Rush (3L),No,
KD-072-R3,Ice Packs,No,
KD-072-R4,Solar Refrigerators and Freezers,No,
KD-072-R4,Refrigerators,No,
KD-072-R4,Temperature Monitoring Devices,No,
KD-072-R4,Cold Boxes (6L),No,
KD-072-R4,GioStyle (4L),No,
KD-072-R4,Rush (3L),No,
KD-072-R4,Ice Packs,No,
KD-072-R5,Solar Refrigerators and Freezers,No,
KD-072-R5,Refrigerators,No,
KD-072-R5,Temperature Monitoring Devices,No,
KD-072-R5,Cold Boxes (6L),No,
KD-072-R5,GioStyle (4L),No,
KD-072-R5,Rush (3L),No,
KD-072-R5,Ice Packs,No,
KD-072-R6,Solar Refrigerators and Freezers,No,
KD-072-R6,Refrigerators,No,
KD-072-R6,Temperature Monitoring Devices,No,
KD-072-R6,Cold Boxes (6L),No,
KD-072-R6,GioStyle (4L),No,
KD-072-R6,Rush (3L),No,
KD-072-R6,Ice Packs,No,
KD-073-R1,Solar Refrigerators and Freezers,Yes,Yes
KD-073-R1,Refrigerators,Yes,Yes
KD-073-R1,Temperature Monitoring Devices,Yes,Yes
KD-073-R1,Cold Boxes (6L),No,
KD-073-R1,GioStyle (4L),Yes,Yes
KD-073-R1,Rush (3L),Yes,No
KD-073-R1,Ice Packs,Yes,Yes
KD-073-R2,Solar Refrigerators and Freezers,Yes,Yes
KD-073-R2,Refrigerators,Yes,Yes
KD-073-R2,Temperature Monitoring Devices,Yes,Yes
KD-073-R2,Cold Boxes (6L),No,
KD-073-R2,GioStyle (4L),Yes,Yes
KD-073-R2,Rush (3L),Yes,Yes
KD-073-R2,Ice Packs,Yes,No
KD-073-R3,Solar Refrigerators and Freezers,Yes,Yes
KD-073-R3,Refrigerators,Yes,Yes
KD-073-R3,Temperature Monitoring Devices,Yes,Yes
KD-073-R3,Cold Boxes (6L),No,
KD-073-R3,GioStyle (4L),Yes,Yes
KD-073-R3,Rush (3L),Yes,Yes
KD-073-R3,Ice Packs,Yes,Yes
KD-073-R4,Solar Refrigerators and Freezers,Yes,Yes
KD-073-R4,Refrigerators,Yes,Yes
KD-073-R4,Temperature Monitoring Devices,Yes,Yes
KD-073-R4,Cold Boxes (6L),No,
KD-073-R4,GioStyle (4L),Yes,Yes
KD-073-R4,Rush (3L),Yes,No
KD-073-R4,Ice Packs,Yes,No
KD-073-R5,Solar Refrigerators and Freezers,Yes,Yes
KD-073-R5,Refrigerators,Yes,No
KD-073-R5,Temperature Monitoring Devices,Yes,No
KD-073-R5,Cold Boxes (6L),No,
KD-073-R5,GioStyle (4L),Yes,Yes
KD-073-R5,Rush (3L),Yes,Yes
KD-073-R5,Ice Packs,Yes,Yes
KD-073-R6,Solar Refrigerators and Freezers,Yes,Yes
KD-073-R6,Refrigerators,Yes,Yes
KD-073-R6,Temperature Monitoring Devices,Yes,Yes
KD-073-R6,Cold Boxes (6L),No,
KD-073-R6,GioStyle (4L),Yes,Yes
KD-073-R6,Rush (3L),Yes,Yes
KD-073-R6,Ice Packs,Yes,Yes
KD-074-R1,Solar Refrigerators and Freezers,No,
KD-074-R1,Refrigerators,No,
KD-074-R1,Temperature Monitoring Devices,Yes,Yes
KD-074-R1,Cold Boxes (6L),Yes,Yes
KD-074-R1,GioStyle (4L),Yes,Yes
KD-074-R1,Rush (3L),Yes,No
KD-074-R1,Ice Packs,Yes,Yes
KD-074-R2,Solar Refrigerators and Freezers,No,
KD-074-R2,Refrigerators,No,
KD-074-R2,Temperature Monitoring Devices,Yes,Yes
KD-074-R2,Cold Boxes (6L),Yes,Yes
KD-074-R2,GioStyle (4L),Yes,No
KD-074-R2,Rush (3L),Yes,Yes
KD-074-R2,Ice Packs,Yes,No
KD-074-R3,Solar Refrigerators and Freezers,No,
KD-074-R3,Refrigerators,No,
KD-074-R3,Temperature Monitoring Devices,Yes,Yes
KD-074-R3,Cold Boxes (6L),Yes,Yes
KD-074-R3,GioStyle (4L),Yes,Yes
KD-074-R3,Rush (3L),Yes,Yes
KD-074-R3,Ice Packs,Yes,No
KD-074-R4,Solar Refrigerators and Freezers,No,
KD-074-R4,Refrigerators,No,
KD-074-R4,Temperature Monitoring Devices,Yes,No
KD-074-R4,Cold Boxes (6L),Yes,Yes
KD-074-R4,GioStyle (4L),Yes,No
KD-074-R4,Rush (3L),Yes,Yes
KD-074-R4,Ice Packs,Yes,Yes
KD-074-R5,Solar Refrigerators and Freezers,No,
KD-074-R5,Refrigerators,No,
KD-074-R5,Temperature Monitoring Devices,Yes,No
KD-074-R5,Cold Boxes (6L),Yes,Yes
KD-074-R5,GioStyle (4L),Yes,No
KD-074-R5,Rush (3L),Yes,Yes
KD-074-R5,Ice Packs,Yes,No
KD-074-R6,Solar Refrigerators and Freezers,No,
KD-074-R6,Refrigerators,No,
KD-074-R6,Temperature Monitoring Devices,Yes,Yes
KD-074-R6,Cold Boxes (6L),Yes,Yes
KD-074-R6,GioStyle (4L),Yes,Yes
KD-074-R6,Rush (3L),Yes,Yes
KD-074-R6,Ice Packs,Yes,Yes
KD-075-R1,Solar Refrigerators and Freezers,Yes,Yes
KD-075-R1,Refrigerators,No,
KD-075-R1,Temperature Monitoring Devices,Yes,Yes
KD-075-R1,Cold Boxes (6L),Yes,No
KD-075-R1,GioStyle (4L),No,
KD-075-R1,Rush (3L),Yes,Yes
KD-075-R1,Ice Packs,Yes,Yes
KD-075-R2,Solar Refrigerators and Freezers,Yes,Yes
KD-075-R2,Refrigerators,No,
KD-075-R2,Temperature Monitoring Devices,Yes,No
KD-075-R2,Cold Boxes (6L),Yes,Yes
KD-075-R2,GioStyle (4L),No,
KD-075-R2,Rush (3L),Yes,No
KD-075-R2,Ice Packs,Yes,Yes
KD-075-R3,Solar Refrigerators and Freezers,Yes,Yes
KD-075-R3,Refrigerators,No,
KD-075-R3,Temperature Monitoring Devices,Yes,Yes
KD-075-R3,Cold Boxes (6L),Yes,Yes
KD-075-R3,GioStyle (4L),No,
KD-075-R3,Rush (3L),Yes,Yes
KD-075-R3,Ice Packs,Yes,Yes
KD-075-R4,Solar Refrigerators and Freezers,Yes,Yes
KD-075-R4,Refrigerators,No,
KD-075-R4,Temperature Monitoring Devices,Yes,Yes
KD-075-R4,Cold Boxes (6L),Yes,Yes
KD-075-R4,GioStyle (4L),No,
KD-075-R4,Rush (3L),Yes,Yes
KD-075-R4,Ice Packs,Yes,No
KD-075-R5,Solar Refrigerators and Freezers,Yes,Yes
KD-075-R5,Refrigerators,No,
KD-075-R5,Temperature Monitoring Devices,Yes,Yes
KD-075-R5,Cold Boxes (6L),Yes,No
KD-075-R5,GioStyle (4L),No,
KD-075-R5,Rush (3L),Yes,No
KD-075-R5,Ice Packs,Yes,Yes
KD-075-R6,Solar Refrigerators and Freezers,Yes,Yes
KD-075-R6,Refrigerators,No,
KD-075-R6,Temperature Monitoring Devices,Yes,Yes
KD-075-R6,Cold Boxes (6L),Yes,Yes
KD-075-R6,GioStyle (4L),No,
KD-075-R6,Rush (3L),Yes,Yes
KD-075-R6,Ice Packs,Yes,Yes
KD-076-R1,Solar Refrigerators and Freezers,Yes,No
KD-076-R1,Refrigerators,No,
KD-076-R1,Temperature Monitoring Devices,No,
KD-076-R1,Cold Boxes (6L),No,
KD-076-R1,GioStyle (4L),No,
KD-076-R1,Rush (3L),Yes,Yes
KD-076-R1,Ice Packs,Yes,No
KD-076-R2,Solar Refrigerators and Freezers,Yes,Yes
KD-076-R2,Refrigerators,No,
KD-076-R2,Temperature Monitoring Devices,No,
KD-076-R2,Cold Boxes (6L),No,
KD-076-R2,GioStyle (4L),No,
KD-076-R2,Rush (3L),Yes,Yes
KD-076-R2,Ice Packs,Yes,Yes
KD-076-R3,Solar Refrigerators and Freezers,Yes,Yes
KD-076-R3,Refrigerators,No,
KD-076-R3,Temperature Monitoring Devices,No,
KD-076-R3,Cold Boxes (6L),No,
KD-076-R3,GioStyle (4L),No,
KD-076-R3,Rush (3L),Yes,No
KD-076-R3,Ice Packs,Yes,Yes
KD-076-R4,Solar Refrigerators and Freezers,Yes,Yes
KD-076-R4,Refrigerators,No,
KD-076-R4,Temperature Monitoring Devices,No,
KD-076-R4,Cold Boxes (6L),No,
KD-076-R4,GioStyle (4L),No,
KD-076-R4,Rush (3L),Yes,Yes
KD-076-R4,Ice Packs,Yes,Yes
KD-076-R5,Solar Refrigerators and Freezers,Yes,Yes
KD-076-R5,Refrigerators,No,
KD-076-R5,Temperature Monitoring Devices,No,
KD-076-R5,Cold Boxes (6L),No,
KD-076-R5,GioStyle (4L),No,
KD-076-R5,Rush (3L),Yes,Yes
KD-076-R5,Ice Packs,Yes,Yes
KD-076-R6,Solar Refrigerators and Freezers,Yes,Yes
KD-076-R6,Refrigerators,No,
KD-076-R6,Temperature Monitoring Devices,No,
KD-076-R6,Cold Boxes (6L),No,
KD-076-R6,GioStyle (4L),No,
KD-076-R6,Rush (3L),Yes,Yes
KD-076-R6,Ice Packs,Yes,Yes
KD-077-R1,Solar Refrigerators and Freezers,Yes,No
KD-077-R1,Refrigerators,No,
KD-077-R1,Temperature Monitoring Devices,Yes,No
KD-077-R1,Cold Boxes (6L),Yes,No
KD-077-R1,GioStyle (4L),Yes,No
KD-077-R1,Rush (3L),No,
KD-077-R1,Ice Packs,Yes,Yes
KD-077-R2,Solar Refrigerators and Freezers,Yes,Yes
KD-077-R2,Refrigerators,No,
KD-077-R2,Temperature Monitoring Devices,Yes,Yes
KD-077-R2,Cold Boxes (6L),Yes,No
KD-077-R2,GioStyle (4L),Yes,Yes
KD-077-R2,Rush (3L),No,
KD-077-R2,Ice Packs,Yes,Yes
KD-077-R3,Solar Refrigerators and Freezers,Yes,No
KD-077-R3,Refrigerators,No,
KD-077-R3,Temperature Monitoring Devices,Yes,Yes
KD-077-R3,Cold Boxes (6L),Yes,Yes
KD-077-R3,GioStyle (4L),Yes,Yes
KD-077-R3,Rush (3L),No,
KD-077-R3,Ice Packs,Yes,Yes
KD-077-R4,Solar Refrigerators and Freezers,Yes,Yes
KD-077-R4,Refrigerators,No,
KD-077-R4,Temperature Monitoring Devices,Yes,No
KD-077-R4,Cold Boxes (6L),Yes,Yes
KD-077-R4,GioStyle (4L),Yes,Yes
KD-077-R4,Rush (3L),No,
KD-077-R4,Ice Packs,Yes,No
KD-077-R5,Solar Refrigerators and Freezers,Yes,Yes
KD-077-R5,Refrigerators,No,
KD-077-R5,Temperature Monitoring Devices,Yes,Yes
KD-077-R5,Cold Boxes (6L),Yes,No
KD-077-R5,GioStyle (4L),Yes,Yes
KD-077-R5,Rush (3L),No,
KD-077-R5,Ice Packs,Yes,Yes
KD-077-R6,Solar Refrigerators and Freezers,Yes,Yes
KD-077-R6,Refrigerators,No,
KD-077-R6,Temperature Monitoring Devices,Yes,No
KD-077-R6,Cold Boxes (6L),Yes,Yes
KD-077-R6,GioStyle (4L),Yes,Yes
KD-077-R6,Rush (3L),No,
KD-077-R6,Ice Packs,Yes,Yes
KD-078-R1,Solar Refrigerators and Freezers,Yes,Yes
KD-078-R1,Refrigerators,Yes,Yes
KD-078-R1,Temperature Monitoring Devices,Yes,Yes
KD-078-R1,Cold Boxes (6L),Yes,Yes
KD-078-R1,GioStyle (4L),Yes,Yes
KD-078-R1,Rush (3L),No,
KD-078-R1,Ice Packs,Yes,No
KD-078-R2,Solar Refrigerators and Freezers,Yes,Yes
KD-078-R2,Refrigerators,Yes,Yes
KD-078-R2,Temperature Monitoring Devices,Yes,Yes
KD-078-R2,Cold Boxes (6L),Yes,Yes
KD-078-R2,GioStyle (4L),Yes,Yes
KD-078-R2,Rush (3L),No,
KD-078-R2,Ice Packs,Yes,Yes
KD-078-R3,Solar Refrigerators and Freezers,Yes,Yes
KD-078-R3,Refrigerators,Yes,Yes
KD-078-R3,Temperature Monitoring Devices,Yes,No
KD-078-R3,Cold Boxes (6L),Yes,No
KD-078-R3,GioStyle (4L),Yes,Yes
KD-078-R3,Rush (3L),No,
KD-078-R3,Ice Packs,Yes,Yes
KD-078-R4,Solar Refrigerators and Freezers,Yes,No
KD-078-R4,Refrigerators,Yes,Yes
KD-078-R4,Temperature Monitoring Devices,Yes,Yes
KD-078-R4,Cold Boxes (6L),Yes,Yes
KD-078-R4,GioStyle (4L),Yes,Yes
KD-078-R4,Rush (3L),No,
KD-078-R4,Ice Packs,Yes,Yes
KD-078-R5,Solar Refrigerators and Freezers,Yes,Yes
KD-078-R5,Refrigerators,Yes,Yes
KD-078-R5,Temperature Monitoring Devices,Yes,Yes
KD-078-R5,Cold Boxes (6L),Yes,Yes
KD-078-R5,GioStyle (4L),Yes,Yes
KD-078-R5,Rush (3L),No,
KD-078-R5,Ice Packs,Yes,Yes
KD-078-R6,Solar Refrigerators and Freezers,Yes,No
KD-078-R6,Refrigerators,Yes,Yes
KD-078-R6,Temperature Monitoring Devices,Yes,Yes
KD-078-R6,Cold Boxes (6L),Yes,Yes
KD-078-R6,GioStyle (4L),Yes,Yes
KD-078-R6,Rush (3L),No,
KD-078-R6,Ice Packs,Yes,Yes
KD-079-R1,Solar Refrigerators and Freezers,No,
KD-079-R1,Refrigerators,No,
KD-079-R1,Temperature Monitoring Devices,No,
KD-079-R1,Cold Boxes (6L),No,
KD-079-R1,GioStyle (4L),No,
KD-079-R1,Rush (3L),No,
KD-079-R1,Ice Packs,No,
KD-079-R2,Solar Refrigerators and Freezers,No,
KD-079-R2,Refrigerators,No,
KD-079-R2,Temperature Monitoring Devices,No,
KD-079-R2,Cold Boxes (6L),No,
KD-079-R2,GioStyle (4L),No,
KD-079-R2,Rush (3L),No,
KD-079-R2,Ice Packs,No,
KD-079-R3,Solar Refrigerators and Freezers,No,
KD-079-R3,Refrigerators,No,
KD-079-R3,Temperature Monitoring Devices,No,
KD-079-R3,Cold Boxes (6L),No,
KD-079-R3,GioStyle (4L),No,
KD-079-R3,Rush (3L),No,
KD-079-R3,Ice Packs,No,
KD-079-R4,Solar Refrigerators and Freezers,No,
KD-079-R4,Refrigerators,No,
KD-079-R4,Temperature Monitoring Devices,No,
KD-079-R4,Cold Boxes (6L),No,
KD-079-R4,GioStyle (4L),No,
KD-079-R4,Rush (3L),No,
KD-079-R4,Ice Packs,No,
KD-079-R5,Solar Refrigerators and Freezers,No,
KD-079-R5,Refrigerators,No,
KD-079-R5,Temperature Monitoring Devices,No,
KD-079-R5,Cold Boxes (6L),No,
KD-079-R5,GioStyle (4L),No,
KD-079-R5,Rush (3L),No,
KD-079-R5,Ice Packs,No,
KD-079-R6,Solar Refrigerators and Freezers,No,
KD-079-R6,Refrigerators,No,
KD-079-R6,Temperature Monitoring Devices,No,
KD-079-R6,Cold Boxes (6L),No,
KD-079-R6,GioStyle (4L),No,
KD-079-R6,Rush (3L),No,
KD-079-R6,Ice Packs,No,
KD-080-R1,Solar Refrigerators and Freezers,Yes,Yes
KD-080-R1,Refrigerators,No,
KD-080-R1,Temperature Monitoring Devices,Yes,No
KD-080-R1,Cold Boxes (6L),Yes,No
KD-080-R1,GioStyle (4L),Yes,Yes
KD-080-R1,Rush (3L),Yes,Yes
KD-080-R1,Ice Packs,Yes,Yes
KD-080-R2,Solar Refrigerators and Freezers,Yes,No
KD-080-R2,Refrigerators,No,
KD-080-R2,Temperature Monitoring Devices,Yes,Yes
KD-080-R2,Cold Boxes (6L),Yes,Yes
KD-080-R2,GioStyle (4L),Yes,No
KD-080-R2,Rush (3L),Yes,Yes
KD-080-R2,Ice Packs,Yes,Yes
KD-080-R3,Solar Refrigerators and Freezers,Yes,Yes
KD-080-R3,Refrigerators,No,
KD-080-R3,Temperature Monitoring Devices,Yes,No
KD-080-R3,Cold Boxes (6L),Yes,Yes
KD-080-R3,GioStyle (4L),Yes,No
KD-080-R3,Rush (3L),Yes,Yes
KD-080-R3,Ice Packs,Yes,Yes
KD-080-R4,Solar Refrigerators and Freezers,Yes,Yes
KD-080-R4,Refrigerators,No,
KD-080-R4,Temperature Monitoring Devices,Yes,Yes
KD-080-R4,Cold Boxes (6L),Yes,Yes
KD-080-R4,GioStyle (4L),Yes,Yes
KD-080-R4,Rush (3L),Yes,Yes
KD-080-R4,Ice Packs,Yes,No
KD-080-R5,Solar Refrigerators and Freezers,Yes,No
KD-080-R5,Refrigerators,No,
KD-080-R5,Temperature Monitoring Devices,Yes,Yes
KD-080-R5,Cold Boxes (6L),Yes,Yes
KD-080-R5,GioStyle (4L),Yes,No
KD-080-R5,Rush (3L),Yes,No
KD-080-R5,Ice Packs,Yes,Yes
KD-080-R6,Solar Refrigerators and Freezers,Yes,No
KD-080-R6,Refrigerators,No,
KD-080-R6,Temperature Monitoring Devices,Yes,No
KD-080-R6,Cold Boxes (6L),Yes,Yes
KD-080-R6,GioStyle (4L),Yes,Yes
KD-080-R6,Rush (3L),Yes,Yes
KD-080-R6,Ice Packs,Yes,No
KD-081-R1,Solar Refrigerators and Freezers,Yes,Yes
KD-081-R1,Refrigerators,No,
KD-081-R1,Temperature Monitoring Devices,Yes,No
KD-081-R1,Cold Boxes (6L),No,
KD-081-R1,GioStyle (4L),Yes,Yes
KD-081-R1,Rush (3L),No,
KD-081-R1,Ice Packs,Yes,Yes
KD-081-R2,Solar Refrigerators and Freezers,Yes,Yes
KD-081-R2,Refrigerators,No,
KD-081-R2,Temperature Monitoring Devices,Yes,Yes
KD-081-R2,Cold Boxes (6L),No,
KD-081-R2,GioStyle (4L),Yes,Yes
KD-081-R2,Rush (3L),No,
KD-081-R2,Ice Packs,Yes,Yes
KD-081-R3,Solar Refrigerators and Freezers,Yes,Yes
KD-081-R3,Refrigerators,No,
KD-081-R3,Temperature Monitoring Devices,Yes,Yes
KD-081-R3,Cold Boxes (6L),No,
KD-081-R3,GioStyle (4L),Yes,Yes
KD-081-R3,Rush (3L),No,
KD-081-R3,Ice Packs,Yes,Yes
KD-081-R4,Solar Refrigerators and Freezers,Yes,Yes
KD-081-R4,Refrigerators,No,
KD-081-R4,Temperature Monitoring Devices,Yes,Yes
KD-081-R4,Cold Boxes (6L),No,
KD-081-R4,GioStyle (4L),Yes,Yes
KD-081-R4,Rush (3L),No,
KD-081-R4,Ice Packs,Yes,No
KD-081-R5,Solar Refrigerators and Freezers,Yes,Yes
KD-081-R5,Refrigerators,No,
KD-081-R5,Temperature Monitoring Devices,Yes,Yes
KD-081-R5,Cold Boxes (6L),No,
KD-081-R5,GioStyle (4L),Yes,Yes
KD-081-R5,Rush (3L),No,
KD-081-R5,Ice Packs,Yes,Yes
KD-081-R6,Solar Refrigerators and Freezers,Yes,Yes
KD-081-R6,Refrigerators,No,
KD-081-R6,Temperature Monitoring Devices,Yes,No
KD-081-R6,Cold Boxes (6L),No,
KD-081-R6,GioStyle (4L),Yes,No
KD-081-R6,Rush (3L),No,
KD-081-R6,Ice Packs,Yes,Yes
KD-082-R1,Solar Refrigerators and Freezers,Yes,Yes
KD-082-R1,Refrigerators,No,
KD-082-R1,Temperature Monitoring Devices,No,
KD-082-R1,Cold Boxes (6L),Yes,Yes
KD-082-R1,GioStyle (4L),Yes,Yes
KD-082-R1,Rush (3L),Yes,No
KD-082-R1,Ice Packs,Yes,Yes
KD-082-R2,Solar Refrigerators and Freezers,Yes,Yes
KD-082-R2,Refrigerators,No,
KD-082-R2,Temperature Monitoring Devices,No,
KD-082-R2,Cold Boxes (6L),Yes,Yes
KD-082-R2,GioStyle (4L),Yes,No
KD-082-R2,Rush (3L),Yes,Yes
KD-082-R2,Ice Packs,Yes,Yes
KD-082-R3,Solar Refrigerators and Freezers,Yes,No
KD-082-R3,Refrigerators,No,
KD-082-R3,Temperature Monitoring Devices,No,
KD-082-R3,Cold Boxes (6L),Yes,Yes
KD-082-R3,GioStyle (4L),Yes,Yes
KD-082-R3,Rush (3L),Yes,Yes
KD-082-R3,Ice Packs,Yes,Yes
KD-082-R4,Solar Refrigerators and Freezers,Yes,Yes
KD-082-R4,Refrigerators,No,
KD-082-R4,Temperature Monitoring Devices,No,
KD-082-R4,Cold Boxes (6L),Yes,Yes
KD-082-R4,GioStyle (4L),Yes,Yes
KD-082-R4,Rush (3L),Yes,No
KD-082-R4,Ice Packs,Yes,Yes
KD-082-R5,Solar Refrigerators and Freezers,Yes,No
KD-082-R5,Refrigerators,No,
KD-082-R5,Temperature Monitoring Devices,No,
KD-082-R5,Cold Boxes (6L),Yes,Yes
KD-082-R5,GioStyle (4L),Yes,Yes
KD-082-R5,Rush (3L),Yes,Yes
KD-082-R5,Ice Packs,Yes,Yes
KD-082-R6,Solar Refrigerators and Freezers,Yes,Yes
KD-082-R6,Refrigerators,No,
KD-082-R6,Temperature Monitoring Devices,No,
KD-082-R6,Cold Boxes (6L),Yes,Yes
KD-082-R6,GioStyle (4L),Yes,Yes
KD-082-R6,Rush (3L),Yes,Yes
KD-082-R6,Ice Packs,Yes,Yes
KD-083-R1,Solar Refrigerators and Freezers,No,
KD-083-R1,Refrigerators,No,
KD-083-R1,Temperature Monitoring Devices,Yes,No
KD-083-R1,Cold Boxes (6L),Yes,Yes
KD-083-R1,GioStyle (4L),No,
KD-083-R1,Rush (3L),No,
KD-083-R1,Ice Packs,Yes,Yes
KD-083-R2,Solar Refrigerators and Freezers,No,
KD-083-R2,Refrigerators,No,
KD-083-R2,Temperature Monitoring Devices,Yes,No
KD-083-R2,Cold Boxes (6L),Yes,Yes
KD-083-R2,GioStyle (4L),No,
KD-083-R2,Rush (3L),No,
KD-083-R2,Ice Packs,Yes,No
KD-083-R3,Solar Refrigerators and Freezers,No,
KD-083-R3,Refrigerators,No,
KD-083-R3,Temperature Monitoring Devices,Yes,No
KD-083-R3,Cold Boxes (6L),Yes,Yes
KD-083-R3,GioStyle (4L),No,
KD-083-R3,Rush (3L),No,
KD-083-R3,Ice Packs,Yes,Yes
KD-083-R4,Solar Refrigerators and Freezers,No,
KD-083-R4,Refrigerators,No,
KD-083-R4,Temperature Monitoring Devices,Yes,Yes
KD-083-R4,Cold Boxes (6L),Yes,No
KD-083-R4,GioStyle (4L),No,
KD-083-R4,Rush (3L),No,
KD-083-R4,Ice Packs,Yes,Yes
KD-083-R5,Solar Refrigerators and Freezers,No,
KD-083-R5,Refrigerators,No,
KD-083-R5,Temperature Monitoring Devices,Yes,Yes
KD-083-R5,Cold Boxes (6L),Yes,No
KD-083-R5,GioStyle (4L),No,
KD-083-R5,Rush (3L),No,
KD-083-R5,Ice Packs,Yes,Yes
KD-083-R6,Solar Refrigerators and Freezers,No,
KD-083-R6,Refrigerators,No,
KD-083-R6,Temperature Monitoring Devices,Yes,Yes
KD-083-R6,Cold Boxes (6L),Yes,Yes
KD-083-R6,GioStyle (4L),No,
KD-083-R6,Rush (3L),No,
KD-083-R6,Ice Packs,Yes,No
KD-084-R1,Solar Refrigerators and Freezers,Yes,Yes
KD-084-R1,Refrigerators,No,
KD-084-R1,Temperature Monitoring Devices,Yes,Yes
KD-084-R1,Cold Boxes (6L),Yes,Yes
KD-084-R1,GioStyle (4L),No,
KD-084-R1,Rush (3L),Yes,Yes
KD-084-R1,Ice Packs,Yes,Yes
KD-084-R2,Solar Refrigerators and Freezers,Yes,Yes
KD-084-R2,Refrigerators,No,
KD-084-R2,Temperature Monitoring Devices,Yes,No
KD-084-R2,Cold Boxes (6L),Yes,Yes
KD-084-R2,GioStyle (4L),No,
KD-084-R2,Rush (3L),Yes,Yes
KD-084-R2,Ice Packs,Yes,No
KD-084-R3,Solar Refrigerators and Freezers,Yes,Yes
KD-084-R3,Refrigerators,No,
KD-084-R3,Temperature Monitoring Devices,Yes,No
KD-084-R3,Cold Boxes (6L),Yes,No
KD-084-R3,GioStyle (4L),No,
KD-084-R3,Rush (3L),Yes,Yes
KD-084-R3,Ice Packs,Yes,Yes
KD-084-R4,Solar Refrigerators and Freezers,Yes,Yes
KD-084-R4,Refrigerators,No,
KD-084-R4,Temperature Monitoring Devices,Yes,No
KD-084-R4,Cold Boxes (6L),Yes,Yes
KD-084-R4,GioStyle (4L),No,
KD-084-R4,Rush (3L),Yes,No
KD-084-R4,Ice Packs,Yes,Yes
KD-084-R5,Solar Refrigerators and Freezers,Yes,Yes
KD-084-R5,Refrigerators,No,
KD-084-R5,Temperature Monitoring Devices,Yes,Yes
KD-084-R5,Cold Boxes (6L),Yes,Yes
KD-084-R5,GioStyle (4L),No,
KD-084-R5,Rush (3L),Yes,Yes
KD-084-R5,Ice Packs,Yes,Yes
KD-084-R6,Solar Refrigerators and Freezers,Yes,Yes
KD-084-R6,Refrigerators,No,
KD-084-R6,Temperature Monitoring Devices,Yes,No
KD-084-R6,Cold Boxes (6L),Yes,No
KD-084-R6,GioStyle (4L),No,
KD-084-R6,Rush (3L),Yes,Yes
KD-084-R6,Ice Packs,Yes,Yes
KD-085-R1,Solar Refrigerators and Freezers,No,
KD-085-R1,Refrigerators,No,
KD-085-R1,Temperature Monitoring Devices,No,
KD-085-R1,Cold Boxes (6L),No,
KD-085-R1,GioStyle (4L),No,
KD-085-R1,Rush (3L),No,
KD-085-R1,Ice Packs,No,
KD-085-R2,Solar Refrigerators and Freezers,No,
KD-085-R2,Refrigerators,No,
KD-085-R2,Temperature Monitoring Devices,No,
KD-085-R2,Cold Boxes (6L),No,
KD-085-R2,GioStyle (4L),No,
KD-085-R2,Rush (3L),No,
KD-085-R2,Ice Packs,No,
KD-085-R3,Solar Refrigerators and Freezers,No,
KD-085-R3,Refrigerators,No,
KD-085-R3,Temperature Monitoring Devices,No,
KD-085-R3,Cold Boxes (6L),No,
KD-085-R3,GioStyle (4L),No,
KD-085-R3,Rush (3L),No,
KD-085-R3,Ice Packs,No,
KD-085-R4,Solar Refrigerators and Freezers,No,
KD-085-R4,Refrigerators,No,
KD-085-R4,Temperature Monitoring Devices,No,
KD-085-R4,Cold Boxes (6L),No,
KD-085-R4,GioStyle (4L),No,
KD-085-R4,Rush (3L),No,
KD-085-R4,Ice Packs,No,
KD-085-R5,Solar Refrigerators and Freezers,No,
KD-085-R5,Refrigerators,No,
KD-085-R5,Temperature Monitoring Devices,No,
KD-085-R5,Cold Boxes (6L),No,
KD-085-R5,GioStyle (4L),No,
KD-085-R5,Rush (3L),No,
KD-085-R5,Ice Packs,No,
KD-085-R6,Solar Refrigerators and Freezers,No,
KD-085-R6,Refrigerators,No,
KD-085-R6,Temperature Monitoring Devices,No,
KD-085-R6,Cold Boxes (6L),No,
KD-085-R6,GioStyle (4L),No,
KD-085-R6,Rush (3L),No,
KD-085-R6,Ice Packs,No,
KD-086-R1,Solar Refrigerators and Freezers,Yes,Yes
KD-086-R1,Refrigerators,Yes,Yes
KD-086-R1,Temperature Monitoring Devices,Yes,Yes
KD-086-R1,Cold Boxes (6L),Yes,Yes
KD-086-R1,GioStyle (4L),No,
KD-086-R1,Rush (3L),Yes,No
KD-086-R1,Ice Packs,Yes,Yes
KD-086-R2,Solar Refrigerators and Freezers,Yes,No
KD-086-R2,Refrigerators,Yes,Yes
KD-086-R2,Temperature Monitoring Devices,Yes,No
KD-086-R2,Cold Boxes (6L),Yes,Yes
KD-086-R2,GioStyle (4L),No,
KD-086-R2,Rush (3L),Yes,No
KD-086-R2,Ice Packs,Yes,Yes
KD-086-R3,Solar Refrigerators and Freezers,Yes,Yes
KD-086-R3,Refrigerators,Yes,Yes
KD-086-R3,Temperature Monitoring Devices,Yes,Yes
KD-086-R3,Cold Boxes (6L),Yes,No
KD-086-R3,GioStyle (4L),No,
KD-086-R3,Rush (3L),Yes,Yes
KD-086-R3,Ice Packs,Yes,No
KD-086-R4,Solar Refrigerators and Freezers,Yes,No
KD-086-R4,Refrigerators,Yes,Yes
KD-086-R4,Temperature Monitoring Devices,Yes,Yes
KD-086-R4,Cold Boxes (6L),Yes,Yes
KD-086-R4,GioStyle (4L),No,
KD-086-R4,Rush (3L),Yes,No
KD-086-R4,Ice Packs,Yes,No
KD-086-R5,Solar Refrigerators and Freezers,Yes,Yes
KD-086-R5,Refrigerators,Yes,No
KD-086-R5,Temperature Monitoring Devices,Yes,Yes
KD-086-R5,Cold Boxes (6L),Yes,Yes
KD-086-R5,GioStyle (4L),No,
KD-086-R5,Rush (3L),Yes,No
KD-086-R5,Ice Packs,Yes,Yes
KD-086-R6,Solar Refrigerators and Freezers,Yes,Yes
KD-086-R6,Refrigerators,Yes,No
KD-086-R6,Temperature Monitoring Devices,Yes,No
KD-086-R6,Cold Boxes (6L),Yes,No
KD-086-R6,GioStyle (4L),No,
KD-086-R6,Rush (3L),Yes,Yes
KD-086-R6,Ice Packs,Yes,Yes
KD-087-R1,Solar Refrigerators and Freezers,No,
KD-087-R1,Refrigerators,No,
KD-087-R1,Temperature Monitoring Devices,Yes,Yes
KD-087-R1,Cold Boxes (6L),Yes,No
KD-087-R1,GioStyle (4L),Yes,No
KD-087-R1,Rush (3L),No,
KD-087-R1,Ice Packs,Yes,Yes
KD-087-R2,Solar Refrigerators and Freezers,No,
KD-087-R2,Refrigerators,No,
KD-087-R2,Temperature Monitoring Devices,Yes,Yes
KD-087-R2,Cold Boxes (6L),Yes,Yes
KD-087-R2,GioStyle (4L),Yes,Yes
KD-087-R2,Rush (3L),No,
KD-087-R2,Ice Packs,Yes,Yes
KD-087-R3,Solar Refrigerators and Freezers,No,
KD-087-R3,Refrigerators,No,
KD-087-R3,Temperature Monitoring Devices,Yes,Yes
KD-087-R3,Cold Boxes (6L),Yes,Yes
KD-087-R3,GioStyle (4L),Yes,Yes
KD-087-R3,Rush (3L),No,
KD-087-R3,Ice Packs,Yes,Yes
KD-087-R4,Solar Refrigerators and Freezers,No,
KD-087-R4,Refrigerators,No,
KD-087-R4,Temperature Monitoring Devices,Yes,Yes
KD-087-R4,Cold Boxes (6L),Yes,Yes
KD-087-R4,GioStyle (4L),Yes,Yes
KD-087-R4,Rush (3L),No,
KD-087-R4,Ice Packs,Yes,Yes
KD-087-R5,Solar Refrigerators and Freezers,No,
KD-087-R5,Refrigerators,No,
KD-087-R5,Temperature Monitoring Devices,Yes,Yes
KD-087-R5,Cold Boxes (6L),Yes,Yes
KD-087-R5,GioStyle (4L),Yes,No
KD-087-R5,Rush (3L),No,
KD-087-R5,Ice Packs,Yes,Yes
KD-087-R6,Solar Refrigerators and Freezers,No,
KD-087-R6,Refrigerators,No,
KD-087-R6,Temperature Monitoring Devices,Yes,Yes
KD-087-R6,Cold Boxes (6L),Yes,Yes
KD-087-R6,GioStyle (4L),Yes,Yes
KD-087-R6,Rush (3L),No,
KD-087-R6,Ice Packs,Yes,Yes
KD-088-R1,Solar Refrigerators and Freezers,Yes,Yes
KD-088-R1,Refrigerators,No,
KD-088-R1,Temperature Monitoring Devices,Yes,Yes
KD-088-R1,Cold Boxes (6L),Yes,No
KD-088-R1,GioStyle (4L),Yes,No
KD-088-R1,Rush (3L),No,
KD-088-R1,Ice Packs,Yes,Yes
KD-088-R2,Solar Refrigerators and Freezers,Yes,Yes
KD-088-R2,Refrigerators,No,
KD-088-R2,Temperature Monitoring Devices,Yes,Yes
KD-088-R2,Cold Boxes (6L),Yes,No
KD-088-R2,GioStyle (4L),Yes,Yes
KD-088-R2,Rush (3L),No,
KD-088-R2,Ice Packs,Yes,No
KD-088-R3,Solar Refrigerators and Freezers,Yes,No
KD-088-R3,Refrigerators,No,
KD-088-R3,Temperature Monitoring Devices,Yes,Yes
KD-088-R3,Cold Boxes (6L),Yes,Yes
KD-088-R3,GioStyle (4L),Yes,No
KD-088-R3,Rush (3L),No,
KD-088-R3,Ice Packs,Yes,Yes
KD-088-R4,Solar Refrigerators and Freezers,Yes,No
KD-088-R4,Refrigerators,No,
KD-088-R4,Temperature Monitoring Devices,Yes,Yes
KD-088-R4,Cold Boxes (6L),Yes,Yes
KD-088-R4,GioStyle (4L),Yes,Yes
KD-088-R4,Rush (3L),No,
KD-088-R4,Ice Packs,Yes,Yes
KD-088-R5,Solar Refrigerators and Freezers,Yes,Yes
KD-088-R5,Refrigerators,No,
KD-088-R5,Temperature Monitoring Devices,Yes,Yes
KD-088-R5,Cold Boxes (6L),Yes,No
KD-088-R5,GioStyle (4L),Yes,Yes
KD-088-R5,Rush (3L),No,
KD-088-R5,Ice Packs,Yes,Yes
KD-088-R6,Solar Refrigerators and Freezers,Yes,Yes
KD-088-R6,Refrigerators,No,
KD-088-R6,Temperature Monitoring Devices,Yes,Yes
KD-088-R6,Cold Boxes (6L),Yes,Yes
KD-088-R6,GioStyle (4L),Yes,Yes
KD-088-R6,Rush (3L),No,
KD-088-R6,Ice Packs,Yes,No
KD-089-R1,Solar Refrigerators and Freezers,No,
KD-089-R1,Refrigerators,No,
KD-089-R1,Temperature Monitoring Devices,No,
KD-089-R1,Cold Boxes (6L),No,
KD-089-R1,GioStyle (4L),No,
KD-089-R1,Rush (3L),No,
KD-089-R1,Ice Packs,No,
KD-089-R2,Solar Refrigerators and Freezers,No,
KD-089-R2,Refrigerators,No,
KD-089-R2,Temperature Monitoring Devices,No,
KD-089-R2,Cold Boxes (6L),No,
KD-089-R2,GioStyle (4L),No,
KD-089-R2,Rush (3L),No,
KD-089-R2,Ice Packs,No,
KD-089-R3,Solar Refrigerators and Freezers,No,
KD-089-R3,Refrigerators,No,
KD-089-R3,Temperature Monitoring Devices,No,
KD-089-R3,Cold Boxes (6L),No,
KD-089-R3,GioStyle (4L),No,
KD-089-R3,Rush (3L),No,
KD-089-R3,Ice Packs,No,
KD-089-R4,Solar Refrigerators and Freezers,No,
KD-089-R4,Refrigerators,No,
KD-089-R4,Temperature Monitoring Devices,No,
KD-089-R4,Cold Boxes (6L),No,
KD-089-R4,GioStyle (4L),No,
KD-089-R4,Rush (3L),No,
KD-089-R4,Ice Packs,No,
KD-089-R5,Solar Refrigerators and Freezers,No,
KD-089-R5,Refrigerators,No,
KD-089-R5,Temperature Monitoring Devices,No,
KD-089-R5,Cold Boxes (6L),No,
KD-089-R5,GioStyle (4L),No,
KD-089-R5,Rush (3L),No,
KD-089-R5,Ice Packs,No,
KD-089-R6,Solar Refrigerators and Freezers,No,
KD-089-R6,Refrigerators,No,
KD-089-R6,Temperature Monitoring Devices,No,
KD-089-R6,Cold Boxes (6L),No,
KD-089-R6,GioStyle (4L),No,
KD-089-R6,Rush (3L),No,
KD-089-R6,Ice Packs,No,
KD-090-R1,Solar Refrigerators and Freezers,No,
KD-090-R1,Refrigerators,No,
KD-090-R1,Temperature Monitoring Devices,Yes,Yes
KD-090-R1,Cold Boxes (6L),Yes,No
KD-090-R1,GioStyle (4L),No,
KD-090-R1,Rush (3L),No,
KD-090-R1,Ice Packs,Yes,Yes
KD-090-R2,Solar Refrigerators and Freezers,No,
KD-090-R2,Refrigerators,No,
KD-090-R2,Temperature Monitoring Devices,Yes,Yes
KD-090-R2,Cold Boxes (6L),Yes,No
KD-090-R2,GioStyle (4L),No,
KD-090-R2,Rush (3L),No,
KD-090-R2,Ice Packs,Yes,Yes
KD-090-R3,Solar Refrigerators and Freezers,No,
KD-090-R3,Refrigerators,No,
KD-090-R3,Temperature Monitoring Devices,Yes,Yes
KD-090-R3,Cold Boxes (6L),Yes,Yes
KD-090-R3,GioStyle (4L),No,
KD-090-R3,Rush (3L),No,
KD-090-R3,Ice Packs,Yes,Yes
KD-090-R4,Solar Refrigerators and Freezers,No,
KD-090-R4,Refrigerators,No,
KD-090-R4,Temperature Monitoring Devices,Yes,Yes
KD-090-R4,Cold Boxes (6L),Yes,Yes
KD-090-R4,GioStyle (4L),No,
KD-090-R4,Rush (3L),No,
KD-090-R4,Ice Packs,Yes,Yes
KD-090-R5,Solar Refrigerators and Freezers,No,
KD-090-R5,Refrigerators,No,
KD-090-R5,Temperature Monitoring Devices,Yes,Yes
KD-090-R5,Cold Boxes (6L),Yes,Yes
KD-090-R5,GioStyle (4L),No,
KD-090-R5,Rush (3L),No,
KD-090-R5,Ice Packs,Yes,Yes
KD-090-R6,Solar Refrigerators and Freezers,No,
KD-090-R6,Refrigerators,No,
KD-090-R6,Temperature Monitoring Devices,Yes,Yes
KD-090-R6,Cold Boxes (6L),Yes,Yes
KD-090-R6,GioStyle (4L),No,
KD-090-R6,Rush (3L),No,
KD-090-R6,Ice Packs,Yes,Yes
KD-091-R1,Solar Refrigerators and Freezers,No,
KD-091-R1,Refrigerators,No,
KD-091-R1,Temperature Monitoring Devices,Yes,Yes
KD-091-R1,Cold Boxes (6L),Yes,Yes
KD-091-R1,GioStyle (4L),No,
KD-091-R1,Rush (3L),No,
KD-091-R1,Ice Packs,Yes,Yes
KD-091-R2,Solar Refrigerators and Freezers,No,
KD-091-R2,Refrigerators,No,
KD-091-R2,Temperature Monitoring Devices,Yes,Yes
KD-091-R2,Cold Boxes (6L),Yes,Yes
KD-091-R2,GioStyle (4L),No,
KD-091-R2,Rush (3L),No,
KD-091-R2,Ice Packs,Yes,Yes
KD-091-R3,Solar Refrigerators and Freezers,No,
KD-091-R3,Refrigerators,No,
KD-091-R3,Temperature Monitoring Devices,Yes,Yes
KD-091-R3,Cold Boxes (6L),Yes,Yes
KD-091-R3,GioStyle (4L),No,
KD-091-R3,Rush (3L),No,
KD-091-R3,Ice Packs,Yes,Yes
KD-091-R4,Solar Refrigerators and Freezers,No,
KD-091-R4,Refrigerators,No,
KD-091-R4,Temperature Monitoring Devices,Yes,Yes
KD-091-R4,Cold Boxes (6L),Yes,Yes
KD-091-R4,GioStyle (4L),No,
KD-091-R4,Rush (3L),No,
KD-091-R4,Ice Packs,Yes,Yes
KD-091-R5,Solar Refrigerators and Freezers,No,
KD-091-R5,Refrigerators,No,
KD-091-R5,Temperature Monitoring Devices,Yes,Yes
KD-091-R5,Cold Boxes (6L),Yes,Yes
KD-091-R5,GioStyle (4L),No,
KD-091-R5,Rush (3L),No,
KD-091-R5,Ice Packs,Yes,Yes
KD-091-R6,Solar Refrigerators and Freezers,No,
KD-091-R6,Refrigerators,No,
KD-091-R6,Temperature Monitoring Devices,Yes,Yes
KD-091-R6,Cold Boxes (6L),Yes,Yes
KD-091-R6,GioStyle (4L),No,
KD-091-R6,Rush (3L),No,
KD-091-R6,Ice Packs,Yes,Yes
KD-092-R1,Solar Refrigerators and Freezers,No,
KD-092-R1,Refrigerators,No,
KD-092-R1,Temperature Monitoring Devices,No,
KD-092-R1,Cold Boxes (6L),No,
KD-092-R1,GioStyle (4L),No,
KD-092-R1,Rush (3L),No,
KD-092-R1,Ice Packs,No,
KD-092-R2,Solar Refrigerators and Freezers,No,
KD-092-R2,Refrigerators,No,
KD-092-R2,Temperature Monitoring Devices,No,
KD-092-R2,Cold Boxes (6L),No,
KD-092-R2,GioStyle (4L),No,
KD-092-R2,Rush (3L),No,
KD-092-R2,Ice Packs,No,
KD-092-R3,Solar Refrigerators and Freezers,No,
KD-092-R3,Refrigerators,No,
KD-092-R3,Temperature Monitoring Devices,No,
KD-092-R3,Cold Boxes (6L),No,
KD-092-R3,GioStyle (4L),No,
KD-092-R3,Rush (3L),No,
KD-092-R3,Ice Packs,No,
KD-092-R4,Solar Refrigerators and Freezers,No,
KD-092-R4,Refrigerators,No,
KD-092-R4,Temperature Monitoring Devices,No,
KD-092-R4,Cold Boxes (6L),No,
KD-092-R4,GioStyle (4L),No,
KD-092-R4,Rush (3L),No,
KD-092-R4,Ice Packs,No,
KD-092-R5,Solar Refrigerators and Freezers,No,
KD-092-R5,Refrigerators,No,
KD-092-R5,Temperature Monitoring Devices,No,
KD-092-R5,Cold Boxes (6L),No,
KD-092-R5,GioStyle (4L),No,
KD-092-R5,Rush (3L),No,
KD-092-R5,Ice Packs,No,
KD-092-R6,Solar Refrigerators and Freezers,No,
KD-092-R6,Refrigerators,No,
KD-092-R6,Temperature Monitoring Devices,No,
KD-092-R6,Cold Boxes (6L),No,
KD-092-R6,GioStyle (4L),No,
KD-092-R6,Rush (3L),No,
KD-092-R6,Ice Packs,No,
KD-093-R1,Solar Refrigerators and Freezers,No,
KD-093-R1,Refrigerators,No,
KD-093-R1,Temperature Monitoring Devices,No,
KD-093-R1,Cold Boxes (6L),No,
KD-093-R1,GioStyle (4L),No,
KD-093-R1,Rush (3L),No,
KD-093-R1,Ice Packs,No,
KD-093-R2,Solar Refrigerators and Freezers,No,
KD-093-R2,Refrigerators,No,
KD-093-R2,Temperature Monitoring Devices,No,
KD-093-R2,Cold Boxes (6L),No,
KD-093-R2,GioStyle (4L),No,
KD-093-R2,Rush (3L),No,
KD-093-R2,Ice Packs,No,
KD-093-R3,Solar Refrigerators and Freezers,No,
KD-093-R3,Refrigerators,No,
KD-093-R3,Temperature Monitoring Devices,No,
KD-093-R3,Cold Boxes (6L),No,
KD-093-R3,GioStyle (4L),No,
KD-093-R3,Rush (3L),No,
KD-093-R3,Ice Packs,No,
KD-093-R4,Solar Refrigerators and Freezers,No,
KD-093-R4,Refrigerators,No,
KD-093-R4,Temperature Monitoring Devices,No,
KD-093-R4,Cold Boxes (6L),No,
KD-093-R4,GioStyle (4L),No,
KD-093-R4,Rush (3L),No,
KD-093-R4,Ice Packs,No,
KD-093-R5,Solar Refrigerators and Freezers,No,
KD-093-R5,Refrigerators,No,
KD-093-R5,Temperature Monitoring Devices,No,
KD-093-R5,Cold Boxes (6L),No,
KD-093-R5,GioStyle (4L),No,
KD-093-R5,Rush (3L),No,
KD-093-R5,Ice Packs,No,
KD-093-R6,Solar Refrigerators and Freezers,No,
KD-093-R6,Refrigerators,No,
KD-093-R6,Temperature Monitoring Devices,No,
KD-093-R6,Cold Boxes (6L),No,
KD-093-R6,GioStyle (4L),No,
KD-093-R6,Rush (3L),No,
KD-093-R6,Ice Packs,No,
KD-094-R1,Solar Refrigerators and Freezers,No,
KD-094-R1,Refrigerators,No,
KD-094-R1,Temperature Monitoring Devices,No,
KD-094-R1,Cold Boxes (6L),No,
KD-094-R1,GioStyle (4L),No,
KD-094-R1,Rush (3L),No,
KD-094-R1,Ice Packs,No,
KD-094-R2,Solar Refrigerators and Freezers,No,
KD-094-R2,Refrigerators,No,
KD-094-R2,Temperature Monitoring Devices,No,
KD-094-R2,Cold Boxes (6L),No,
KD-094-R2,GioStyle (4L),No,
KD-094-R2,Rush (3L),No,
KD-094-R2,Ice Packs,No,
KD-094-R3,Solar Refrigerators and Freezers,No,
KD-094-R3,Refrigerators,No,
KD-094-R3,Temperature Monitoring Devices,No,
KD-094-R3,Cold Boxes (6L),No,
KD-094-R3,GioStyle (4L),No,
KD-094-R3,Rush (3L),No,
KD-094-R3,Ice Packs,No,
KD-094-R4,Solar Refrigerators and Freezers,No,
KD-094-R4,Refrigerators,No,
KD-094-R4,Temperature Monitoring Devices,No,
KD-094-R4,Cold Boxes (6L),No,
KD-094-R4,GioStyle (4L),No,
KD-094-R4,Rush (3L),No,
KD-094-R4,Ice Packs,No,
KD-094-R5,Solar Refrigerators and Freezers,No,
KD-094-R5,Refrigerators,No,
KD-094-R5,Temperature Monitoring Devices,No,
KD-094-R5,Cold Boxes (6L),No,
KD-094-R5,GioStyle (4L),No,
KD-094-R5,Rush (3L),No,
KD-094-R5,Ice Packs,No,
KD-094-R6,Solar Refrigerators and Freezers,No,
KD-094-R6,Refrigerators,No,
KD-094-R6,Temperature Monitoring Devices,No,
KD-094-R6,Cold Boxes (6L),No,
KD-094-R6,GioStyle (4L),No,
KD-094-R6,Rush (3L),No,
KD-094-R6,Ice Packs,No,
KD-095-R1,Solar Refrigerators and Freezers,No,
KD-095-R1,Refrigerators,Yes,Yes
KD-095-R1,Temperature Monitoring Devices,Yes,Yes
KD-095-R1,Cold Boxes (6L),Yes,Yes
KD-095-R1,GioStyle (4L),Yes,Yes
KD-095-R1,Rush (3L),No,
KD-095-R1,Ice Packs,No,
KD-095-R2,Solar Refrigerators and Freezers,No,
KD-095-R2,Refrigerators,Yes,Yes
KD-095-R2,Temperature Monitoring Devices,Yes,Yes
KD-095-R2,Cold Boxes (6L),Yes,No
KD-095-R2,GioStyle (4L),Yes,Yes
KD-095-R2,Rush (3L),No,
KD-095-R2,Ice Packs,No,
KD-095-R3,Solar Refrigerators and Freezers,No,
KD-095-R3,Refrigerators,Yes,Yes
KD-095-R3,Temperature Monitoring Devices,Yes,Yes
KD-095-R3,Cold Boxes (6L),Yes,Yes
KD-095-R3,GioStyle (4L),Yes,No
KD-095-R3,Rush (3L),No,
KD-095-R3,Ice Packs,No,
KD-095-R4,Solar Refrigerators and Freezers,No,
KD-095-R4,Refrigerators,Yes,Yes
KD-095-R4,Temperature Monitoring Devices,Yes,Yes
KD-095-R4,Cold Boxes (6L),Yes,Yes
KD-095-R4,GioStyle (4L),Yes,Yes
KD-095-R4,Rush (3L),No,
KD-095-R4,Ice Packs,No,
KD-095-R5,Solar Refrigerators and Freezers,No,
KD-095-R5,Refrigerators,Yes,Yes
KD-095-R5,Temperature Monitoring Devices,Yes,Yes
KD-095-R5,Cold Boxes (6L),Yes,Yes
KD-095-R5,GioStyle (4L),Yes,Yes
KD-095-R5,Rush (3L),No,
KD-095-R5,Ice Packs,No,
KD-095-R6,Solar Refrigerators and Freezers,No,
KD-095-R6,Refrigerators,Yes,Yes
KD-095-R6,Temperature Monitoring Devices,Yes,Yes
KD-095-R6,Cold Boxes (6L),Yes,Yes
KD-095-R6,GioStyle (4L),Yes,Yes
KD-095-R6,Rush (3L),No,
KD-095-R6,Ice Packs,No,
KD-096-R1,Solar Refrigerators and Freezers,Yes,Yes
KD-096-R1,Refrigerators,No,
KD-096-R1,Temperature Monitoring Devices,Yes,No
KD-096-R1,Cold Boxes (6L),Yes,No
KD-096-R1,GioStyle (4L),No,
KD-096-R1,Rush (3L),Yes,Yes
KD-096-R1,Ice Packs,Yes,No
KD-096-R2,Solar Refrigerators and Freezers,Yes,No
KD-096-R2,Refrigerators,No,
KD-096-R2,Temperature Monitoring Devices,Yes,No
KD-096-R2,Cold Boxes (6L),Yes,Yes
KD-096-R2,GioStyle (4L),No,
KD-096-R2,Rush (3L),Yes,Yes
KD-096-R2,Ice Packs,Yes,Yes
KD-096-R3,Solar Refrigerators and Freezers,Yes,Yes
KD-096-R3,Refrigerators,No,
KD-096-R3,Temperature Monitoring Devices,Yes,Yes
KD-096-R3,Cold Boxes (6L),Yes,Yes
KD-096-R3,GioStyle (4L),No,
KD-096-R3,Rush (3L),Yes,Yes
KD-096-R3,Ice Packs,Yes,Yes
KD-096-R4,Solar Refrigerators and Freezers,Yes,No
KD-096-R4,Refrigerators,No,
KD-096-R4,Temperature Monitoring Devices,Yes,Yes
KD-096-R4,Cold Boxes (6L),Yes,No
KD-096-R4,GioStyle (4L),No,
KD-096-R4,Rush (3L),Yes,Yes
KD-096-R4,Ice Packs,Yes,Yes
KD-096-R5,Solar Refrigerators and Freezers,Yes,No
KD-096-R5,Refrigerators,No,
KD-096-R5,Temperature Monitoring Devices,Yes,Yes
KD-096-R5,Cold Boxes (6L),Yes,No
KD-096-R5,GioStyle (4L),No,
KD-096-R5,Rush (3L),Yes,Yes
KD-096-R5,Ice Packs,Yes,Yes
KD-096-R6,Solar Refrigerators and Freezers,Yes,No
KD-096-R6,Refrigerators,No,
KD-096-R6,Temperature Monitoring Devices,Yes,No
KD-096-R6,Cold Boxes (6L),Yes,Yes
KD-096-R6,GioStyle (4L),No,
KD-096-R6,Rush (3L),Yes,No
KD-096-R6,Ice Packs,Yes,Yes
KD-097-R1,Solar Refrigerators and Freezers,Yes,Yes
KD-097-R1,Refrigerators,Yes,Yes
KD-097-R1,Temperature Monitoring Devices,No,
KD-097-R1,Cold Boxes (6L),Yes,No
KD-097-R1,GioStyle (4L),No,
KD-097-R1,Rush (3L),No,
KD-097-R1,Ice Packs,Yes,Yes
KD-097-R2,Solar Refrigerators and Freezers,Yes,No
KD-097-R2,Refrigerators,Yes,No
KD-097-R2,Temperature Monitoring Devices,No,
KD-097-R2,Cold Boxes (6L),Yes,Yes
KD-097-R2,GioStyle (4L),No,
KD-097-R2,Rush (3L),No,
KD-097-R2,Ice Packs,Yes,No
KD-097-R3,Solar Refrigerators and Freezers,Yes,Yes
KD-097-R3,Refrigerators,Yes,Yes
KD-097-R3,Temperature Monitoring Devices,No,
KD-097-R3,Cold Boxes (6L),Yes,No
KD-097-R3,GioStyle (4L),No,
KD-097-R3,Rush (3L),No,
KD-097-R3,Ice Packs,Yes,No
KD-097-R4,Solar Refrigerators and Freezers,Yes,No
KD-097-R4,Refrigerators,Yes,Yes
KD-097-R4,Temperature Monitoring Devices,No,
KD-097-R4,Cold Boxes (6L),Yes,Yes
KD-097-R4,GioStyle (4L),No,
KD-097-R4,Rush (3L),No,
KD-097-R4,Ice Packs,Yes,Yes
KD-097-R5,Solar Refrigerators and Freezers,Yes,Yes
KD-097-R5,Refrigerators,Yes,Yes
KD-097-R5,Temperature Monitoring Devices,No,
KD-097-R5,Cold Boxes (6L),Yes,Yes
KD-097-R5,GioStyle (4L),No,
KD-097-R5,Rush (3L),No,
KD-097-R5,Ice Packs,Yes,Yes
KD-097-R6,Solar Refrigerators and Freezers,Yes,Yes
KD-097-R6,Refrigerators,Yes,Yes
KD-097-R6,Temperature Monitoring Devices,No,
KD-097-R6,Cold Boxes (6L),Yes,Yes
KD-097-R6,GioStyle (4L),No,
KD-097-R6,Rush (3L),No,
KD-097-R6,Ice Packs,Yes,No
KD-098-R1,Solar Refrigerators and Freezers,Yes,Yes
KD-098-R1,Refrigerators,Yes,No
KD-098-R1,Temperature Monitoring Devices,No,
KD-098-R1,Cold Boxes (6L),Yes,Yes
KD-098-R1,GioStyle (4L),Yes,Yes
KD-098-R1,Rush (3L),Yes,Yes
KD-098-R1,Ice Packs,Yes,Yes
KD-098-R2,Solar Refrigerators and Freezers,Yes,No
KD-098-R2,Refrigerators,Yes,Yes
KD-098-R2,Temperature Monitoring Devices,No,
KD-098-R2,Cold Boxes (6L),Yes,Yes
KD-098-R2,GioStyle (4L),Yes,Yes
KD-098-R2,Rush (3L),Yes,Yes
KD-098-R2,Ice Packs,Yes,Yes
KD-098-R3,Solar Refrigerators and Freezers,Yes,Yes
KD-098-R3,Refrigerators,Yes,Yes
KD-098-R3,Temperature Monitoring Devices,No,
KD-098-R3,Cold Boxes (6L),Yes,Yes
KD-098-R3,GioStyle (4L),Yes,Yes
KD-098-R3,Rush (3L),Yes,Yes
KD-098-R3,Ice Packs,Yes,Yes
KD-098-R4,Solar Refrigerators and Freezers,Yes,Yes
KD-098-R4,Refrigerators,Yes,Yes
KD-098-R4,Temperature Monitoring Devices,No,
KD-098-R4,Cold Boxes (6L),Yes,No
KD-098-R4,GioStyle (4L),Yes,No
KD-098-R4,Rush (3L),Yes,No
KD-098-R4,Ice Packs,Yes,Yes
KD-098-R5,Solar Refrigerators and Freezers,Yes,Yes
KD-098-R5,Refrigerators,Yes,Yes
KD-098-R5,Temperature Monitoring Devices,No,
KD-098-R5,Cold Boxes (6L),Yes,No
KD-098-R5,GioStyle (4L),Yes,No
KD-098-R5,Rush (3L),Yes,No
KD-098-R5,Ice Packs,Yes,Yes
KD-098-R6,Solar Refrigerators and Freezers,Yes,Yes
KD-098-R6,Refrigerators,Yes,Yes
KD-098-R6,Temperature Monitoring Devices,No,
KD-098-R6,Cold Boxes (6L),Yes,Yes
KD-098-R6,GioStyle (4L),Yes,No
KD-098-R6,Rush (3L),Yes,Yes
KD-098-R6,Ice Packs,Yes,No
KD-099-R1,Solar Refrigerators and Freezers,Yes,Yes
KD-099-R1,Refrigerators,No,
KD-099-R1,Temperature Monitoring Devices,Yes,No
KD-099-R1,Cold Boxes (6L),Yes,Yes
KD-099-R1,GioStyle (4L),No,
KD-099-R1,Rush (3L),No,
KD-099-R1,Ice Packs,Yes,Yes
KD-099-R2,Solar Refrigerators and Freezers,Yes,Yes
KD-099-R2,Refrigerators,No,
KD-099-R2,Temperature Monitoring Devices,Yes,Yes
KD-099-R2,Cold Boxes (6L),Yes,No
KD-099-R2,GioStyle (4L),No,
KD-099-R2,Rush (3L),No,
KD-099-R2,Ice Packs,Yes,Yes
KD-099-R3,Solar Refrigerators and Freezers,Yes,Yes
KD-099-R3,Refrigerators,No,
KD-099-R3,Temperature Monitoring Devices,Yes,Yes
KD-099-R3,Cold Boxes (6L),Yes,Yes
KD-099-R3,GioStyle (4L),No,
KD-099-R3,Rush (3L),No,
KD-099-R3,Ice Packs,Yes,Yes
KD-099-R4,Solar Refrigerators and Freezers,Yes,Yes
KD-099-R4,Refrigerators,No,
KD-099-R4,Temperature Monitoring Devices,Yes,Yes
KD-099-R4,Cold Boxes (6L),Yes,Yes
KD-099-R4,GioStyle (4L),No,
KD-099-R4,Rush (3L),No,
KD-099-R4,Ice Packs,Yes,Yes
KD-099-R5,Solar Refrigerators and Freezers,Yes,Yes
KD-099-R5,Refrigerators,No,
KD-099-R5,Temperature Monitoring Devices,Yes,Yes
KD-099-R5,Cold Boxes (6L),Yes,Yes
KD-099-R5,GioStyle (4L),No,
KD-099-R5,Rush (3L),No,
KD-099-R5,Ice Packs,Yes,No
KD-099-R6,Solar Refrigerators and Freezers,Yes,Yes
KD-099-R6,Refrigerators,No,
KD-099-R6,Temperature Monitoring Devices,Yes,Yes
KD-099-R6,Cold Boxes (6L),Yes,Yes
KD-099-R6,GioStyle (4L),No,
KD-099-R6,Rush (3L),No,
KD-099-R6,Ice Packs,Yes,Yes
KD-100-R1,Solar Refrigerators and Freezers,No,
KD-100-R1,Refrigerators,No,
KD-100-R1,Temperature Monitoring Devices,No,
KD-100-R1,Cold Boxes (6L),No,
KD-100-R1,GioStyle (4L),No,
KD-100-R1,Rush (3L),No,
KD-100-R1,Ice Packs,No,
KD-100-R2,Solar Refrigerators and Freezers,No,
KD-100-R2,Refrigerators,No,
KD-100-R2,Temperature Monitoring Devices,No,
KD-100-R2,Cold Boxes (6L),No,
KD-100-R2,GioStyle (4L),No,
KD-100-R2,Rush (3L),No,
KD-100-R2,Ice Packs,No,
KD-100-R3,Solar Refrigerators and Freezers,No,
KD-100-R3,Refrigerators,No,
KD-100-R3,Temperature Monitoring Devices,No,
KD-100-R3,Cold Boxes (6L),No,
KD-100-R3,GioStyle (4L),No,
KD-100-R3,Rush (3L),No,
KD-100-R3,Ice Packs,No,
KD-100-R4,Solar Refrigerators and Freezers,No,
KD-100-R4,Refrigerators,No,
KD-100-R4,Temperature Monitoring Devices,No,
KD-100-R4,Cold Boxes (6L),No,
KD-100-R4,GioStyle (4L),No,
KD-100-R4,Rush (3L),No,
KD-100-R4,Ice Packs,No,
KD-100-R5,Solar Refrigerators and Freezers,No,
KD-100-R5,Refrigerators,No,
KD-100-R5,Temperature Monitoring Devices,No,
KD-100-R5,Cold Boxes (6L),No,
KD-100-R5,GioStyle (4L),No,
KD-100-R5,Rush (3L),No,
KD-100-R5,Ice Packs,No,
KD-100-R6,Solar Refrigerators and Freezers,No,
KD-100-R6,Refrigerators,No,
KD-100-R6,Temperature Monitoring Devices,No,
KD-100-R6,Cold Boxes (6L),No,
KD-100-R6,GioStyle (4L),No,
KD-100-R6,Rush (3L),No,
KD-100-R6,Ice Packs,No,
KD-101-R1,Solar Refrigerators and Freezers,Yes,No
KD-101-R1,Refrigerators,No,
KD-101-R1,Temperature Monitoring Devices,No,
KD-101-R1,Cold Boxes (6L),No,
KD-101-R1,GioStyle (4L),Yes,Yes
KD-101-R1,Rush (3L),No,
KD-101-R1,Ice Packs,Yes,Yes
KD-101-R2,Solar Refrigerators and Freezers,Yes,Yes
KD-101-R2,Refrigerators,No,
KD-101-R2,Temperature Monitoring Devices,No,
KD-101-R2,Cold Boxes (6L),No,
KD-101-R2,GioStyle (4L),Yes,Yes
KD-101-R2,Rush (3L),No,
KD-101-R2,Ice Packs,Yes,No
KD-101-R3,Solar Refrigerators and Freezers,Yes,Yes
KD-101-R3,Refrigerators,No,
KD-101-R3,Temperature Monitoring Devices,No,
KD-101-R3,Cold Boxes (6L),No,
KD-101-R3,GioStyle (4L),Yes,No
KD-101-R3,Rush (3L),No,
KD-101-R3,Ice Packs,Yes,No
KD-101-R4,Solar Refrigerators and Freezers,Yes,Yes
KD-101-R4,Refrigerators,No,
KD-101-R4,Temperature Monitoring Devices,No,
KD-101-R4,Cold Boxes (6L),No,
KD-101-R4,GioStyle (4L),Yes,Yes
KD-101-R4,Rush (3L),No,
KD-101-R4,Ice Packs,Yes,Yes
KD-101-R5,Solar Refrigerators and Freezers,Yes,Yes
KD-101-R5,Refrigerators,No,
KD-101-R5,Temperature Monitoring Devices,No,
KD-101-R5,Cold Boxes (6L),No,
KD-101-R5,GioStyle (4L),Yes,Yes
KD-101-R5,Rush (3L),No,
KD-101-R5,Ice Packs,Yes,Yes
KD-101-R6,Solar Refrigerators and Freezers,Yes,Yes
KD-101-R6,Refrigerators,No,
KD-101-R6,Temperature Monitoring Devices,No,
KD-101-R6,Cold Boxes (6L),No,
KD-101-R6,GioStyle (4L),Yes,No
KD-101-R6,Rush (3L),No,
KD-101-R6,Ice Packs,Yes,Yes
KD-102-R1,Solar Refrigerators and Freezers,Yes,Yes
KD-102-R1,Refrigerators,Yes,Yes
KD-102-R1,Temperature Monitoring Devices,Yes,Yes
KD-102-R1,Cold Boxes (6L),No,
KD-102-R1,GioStyle (4L),Yes,Yes
KD-102-R1,Rush (3L),Yes,Yes
KD-102-R1,Ice Packs,Yes,Yes
KD-102-R2,Solar Refrigerators and Freezers,Yes,Yes
KD-102-R2,Refrigerators,Yes,Yes
KD-102-R2,Temperature Monitoring Devices,Yes,No
KD-102-R2,Cold Boxes (6L),No,
KD-102-R2,GioStyle (4L),Yes,No
KD-102-R2,Rush (3L),Yes,Yes
KD-102-R2,Ice Packs,Yes,No
KD-102-R3,Solar Refrigerators and Freezers,Yes,Yes
KD-102-R3,Refrigerators,Yes,Yes
KD-102-R3,Temperature Monitoring Devices,Yes,Yes
KD-102-R3,Cold Boxes (6L),No,
KD-102-R3,GioStyle (4L),Yes,Yes
KD-102-R3,Rush (3L),Yes,Yes
KD-102-R3,Ice Packs,Yes,Yes
KD-102-R4,Solar Refrigerators and Freezers,Yes,Yes
KD-102-R4,Refrigerators,Yes,Yes
KD-102-R4,Temperature Monitoring Devices,Yes,Yes
KD-102-R4,Cold Boxes (6L),No,
KD-102-R4,GioStyle (4L),Yes,Yes
KD-102-R4,Rush (3L),Yes,Yes
KD-102-R4,Ice Packs,Yes,Yes
KD-102-R5,Solar Refrigerators and Freezers,Yes,Yes
KD-102-R5,Refrigerators,Yes,Yes
KD-102-R5,Temperature Monitoring Devices,Yes,Yes
KD-102-R5,Cold Boxes (6L),No,
KD-102-R5,GioStyle (4L),Yes,Yes
KD-102-R5,Rush (3L),Yes,Yes
KD-102-R5,Ice Packs,Yes,Yes
KD-102-R6,Solar Refrigerators and Freezers,Yes,Yes
KD-102-R6,Refrigerators,Yes,Yes
KD-102-R6,Temperature Monitoring Devices,Yes,Yes
KD-102-R6,Cold Boxes (6L),No,
KD-102-R6,GioStyle (4L),Yes,Yes
KD-102-R6,Rush (3L),Yes,Yes
KD-102-R6,Ice Packs,Yes,Yes
KD-103-R1,Solar Refrigerators and Freezers,No,
KD-103-R1,Refrigerators,No,
KD-103-R1,Temperature Monitoring Devices,Yes,Yes
KD-103-R1,Cold Boxes (6L),Yes,Yes
KD-103-R1,GioStyle (4L),No,
KD-103-R1,Rush (3L),No,
KD-103-R1,Ice Packs,Yes,Yes
KD-103-R2,Solar Refrigerators and Freezers,No,
KD-103-R2,Refrigerators,No,
KD-103-R2,Temperature Monitoring Devices,Yes,No
KD-103-R2,Cold Boxes (6L),Yes,No
KD-103-R2,GioStyle (4L),No,
KD-103-R2,Rush (3L),No,
KD-103-R2,Ice Packs,Yes,Yes
KD-103-R3,Solar Refrigerators and Freezers,No,
KD-103-R3,Refrigerators,No,
KD-103-R3,Temperature Monitoring Devices,Yes,No
KD-103-R3,Cold Boxes (6L),Yes,Yes
KD-103-R3,GioStyle (4L),No,
KD-103-R3,Rush (3L),No,
KD-103-R3,Ice Packs,Yes,No
KD-103-R4,Solar Refrigerators and Freezers,No,
KD-103-R4,Refrigerators,No,
KD-103-R4,Temperature Monitoring Devices,Yes,No
KD-103-R4,Cold Boxes (6L),Yes,No
KD-103-R4,GioStyle (4L),No,
KD-103-R4,Rush (3L),No,
KD-103-R4,Ice Packs,Yes,Yes
KD-103-R5,Solar Refrigerators and Freezers,No,
KD-103-R5,Refrigerators,No,
KD-103-R5,Temperature Monitoring Devices,Yes,Yes
KD-103-R5,Cold Boxes (6L),Yes,No
KD-103-R5,GioStyle (4L),No,
KD-103-R5,Rush (3L),No,
KD-103-R5,Ice Packs,Yes,No
KD-103-R6,Solar Refrigerators and Freezers,No,
KD-103-R6,Refrigerators,No,
KD-103-R6,Temperature Monitoring Devices,Yes,No
KD-103-R6,Cold Boxes (6L),Yes,No
KD-103-R6,GioStyle (4L),No,
KD-103-R6,Rush (3L),No,
KD-103-R6,Ice Packs,Yes,Yes
KD-104-R1,Solar Refrigerators and Freezers,Yes,Yes
KD-104-R1,Refrigerators,No,
KD-104-R1,Temperature Monitoring Devices,No,
KD-104-R1,Cold Boxes (6L),Yes,Yes
KD-104-R1,GioStyle (4L),Yes,No
KD-104-R1,Rush (3L),Yes,Yes
KD-104-R1,Ice Packs,Yes,Yes
KD-104-R2,Solar Refrigerators and Freezers,Yes,Yes
KD-104-R2,Refrigerators,No,
KD-104-R2,Temperature Monitoring Devices,No,
KD-104-R2,Cold Boxes (6L),Yes,Yes
KD-104-R2,GioStyle (4L),Yes,Yes
KD-104-R2,Rush (3L),Yes,Yes
KD-104-R2,Ice Packs,Yes,No
KD-104-R3,Solar Refrigerators and Freezers,Yes,Yes
KD-104-R3,Refrigerators,No,
KD-104-R3,Temperature Monitoring Devices,No,
KD-104-R3,Cold Boxes (6L),Yes,No
KD-104-R3,GioStyle (4L),Yes,Yes
KD-104-R3,Rush (3L),Yes,Yes
KD-104-R3,Ice Packs,Yes,No
KD-104-R4,Solar Refrigerators and Freezers,Yes,Yes
KD-104-R4,Refrigerators,No,
KD-104-R4,Temperature Monitoring Devices,No,
KD-104-R4,Cold Boxes (6L),Yes,Yes
KD-104-R4,GioStyle (4L),Yes,Yes
KD-104-R4,Rush (3L),Yes,Yes
KD-104-R4,Ice Packs,Yes,Yes
KD-104-R5,Solar Refrigerators and Freezers,Yes,Yes
KD-104-R5,Refrigerators,No,
KD-104-R5,Temperature Monitoring Devices,No,
KD-104-R5,Cold Boxes (6L),Yes,No
KD-104-R5,GioStyle (4L),Yes,No
KD-104-R5,Rush (3L),Yes,No
KD-104-R5,Ice Packs,Yes,Yes
KD-104-R6,Solar Refrigerators and Freezers,Yes,Yes
KD-104-R6,Refrigerators,No,
KD-104-R6,Temperature Monitoring Devices,No,
KD-104-R6,Cold Boxes (6L),Yes,Yes
KD-104-R6,GioStyle (4L),Yes,Yes
KD-104-R6,Rush (3L),Yes,Yes
KD-104-R6,Ice Packs,Yes,Yes
KD-105-R1,Solar Refrigerators and Freezers,Yes,Yes
KD-105-R1,Refrigerators,No,
KD-105-R1,Temperature Monitoring Devices,No,
KD-105-R1,Cold Boxes (6L),Yes,Yes
KD-105-R1,GioStyle (4L),Yes,Yes
KD-105-R1,Rush (3L),No,
KD-105-R1,Ice Packs,Yes,Yes
KD-105-R2,Solar Refrigerators and Freezers,Yes,No
KD-105-R2,Refrigerators,No,
KD-105-R2,Temperature Monitoring Devices,No,
KD-105-R2,Cold Boxes (6L),Yes,Yes
KD-105-R2,GioStyle (4L),Yes,Yes
KD-105-R2,Rush (3L),No,
KD-105-R2,Ice Packs,Yes,No
KD-105-R3,Solar Refrigerators and Freezers,Yes,Yes
KD-105-R3,Refrigerators,No,
KD-105-R3,Temperature Monitoring Devices,No,
KD-105-R3,Cold Boxes (6L),Yes,Yes
KD-105-R3,GioStyle (4L),Yes,No
KD-105-R3,Rush (3L),No,
KD-105-R3,Ice Packs,Yes,Yes
KD-105-R4,Solar Refrigerators and Freezers,Yes,Yes
KD-105-R4,Refrigerators,No,
KD-105-R4,Temperature Monitoring Devices,No,
KD-105-R4,Cold Boxes (6L),Yes,Yes
KD-105-R4,GioStyle (4L),Yes,Yes
KD-105-R4,Rush (3L),No,
KD-105-R4,Ice Packs,Yes,No
KD-105-R5,Solar Refrigerators and Freezers,Yes,Yes
KD-105-R5,Refrigerators,No,
KD-105-R5,Temperature Monitoring Devices,No,
KD-105-R5,Cold Boxes (6L),Yes,No
KD-105-R5,GioStyle (4L),Yes,Yes
KD-105-R5,Rush (3L),No,
KD-105-R5,Ice Packs,Yes,Yes
KD-105-R6,Solar Refrigerators and Freezers,Yes,Yes
KD-105-R6,Refrigerators,No,
KD-105-R6,Temperature Monitoring Devices,No,
KD-105-R6,Cold Boxes (6L),Yes,No
KD-105-R6,GioStyle (4L),Yes,No
KD-105-R6,Rush (3L),No,
KD-105-R6,Ice Packs,Yes,Yes
KD-106-R1,Solar Refrigerators and Freezers,Yes,Yes
KD-106-R1,Refrigerators,Yes,Yes
KD-106-R1,Temperature Monitoring Devices,Yes,Yes
KD-106-R1,Cold Boxes (6L),No,
KD-106-R1,GioStyle (4L),Yes,Yes
KD-106-R1,Rush (3L),No,
KD-106-R1,Ice Packs,Yes,Yes
KD-106-R2,Solar Refrigerators and Freezers,Yes,Yes
KD-106-R2,Refrigerators,Yes,Yes
KD-106-R2,Temperature Monitoring Devices,Yes,Yes
KD-106-R2,Cold Boxes (6L),No,
KD-106-R2,GioStyle (4L),Yes,Yes
KD-106-R2,Rush (3L),No,
KD-106-R2,Ice Packs,Yes,Yes
KD-106-R3,Solar Refrigerators and Freezers,Yes,Yes
KD-106-R3,Refrigerators,Yes,Yes
KD-106-R3,Temperature Monitoring Devices,Yes,Yes
KD-106-R3,Cold Boxes (6L),No,
KD-106-R3,GioStyle (4L),Yes,Yes
KD-106-R3,Rush (3L),No,
KD-106-R3,Ice Packs,Yes,Yes
KD-106-R4,Solar Refrigerators and Freezers,Yes,Yes
KD-106-R4,Refrigerators,Yes,Yes
KD-106-R4,Temperature Monitoring Devices,Yes,Yes
KD-106-R4,Cold Boxes (6L),No,
KD-106-R4,GioStyle (4L),Yes,Yes
KD-106-R4,Rush (3L),No,
KD-106-R4,Ice Packs,Yes,Yes
KD-106-R5,Solar Refrigerators and Freezers,Yes,Yes
KD-106-R5,Refrigerators,Yes,Yes
KD-106-R5,Temperature Monitoring Devices,Yes,Yes
KD-106-R5,Cold Boxes (6L),No,
KD-106-R5,GioStyle (4L),Yes,Yes
KD-106-R5,Rush (3L),No,
KD-106-R5,Ice Packs,Yes,Yes
KD-106-R6,Solar Refrigerators and Freezers,Yes,Yes
KD-106-R6,Refrigerators,Yes,Yes
KD-106-R6,Temperature Monitoring Devices,Yes,Yes
KD-106-R6,Cold Boxes (6L),No,
KD-106-R6,GioStyle (4L),Yes,Yes
KD-106-R6,Rush (3L),No,
KD-106-R6,Ice Packs,Yes,No
KD-107-R1,Solar Refrigerators and Freezers,Yes,No
KD-107-R1,Refrigerators,Yes,No
KD-107-R1,Temperature Monitoring Devices,No,
KD-107-R1,Cold Boxes (6L),Yes,Yes
KD-107-R1,GioStyle (4L),No,
KD-107-R1,Rush (3L),No,
KD-107-R1,Ice Packs,No,
KD-107-R2,Solar Refrigerators and Freezers,Yes,Yes
KD-107-R2,Refrigerators,Yes,Yes
KD-107-R2,Temperature Monitoring Devices,No,
KD-107-R2,Cold Boxes (6L),Yes,Yes
KD-107-R2,GioStyle (4L),No,
KD-107-R2,Rush (3L),No,
KD-107-R2,Ice Packs,No,
KD-107-R3,Solar Refrigerators and Freezers,Yes,No
KD-107-R3,Refrigerators,Yes,Yes
KD-107-R3,Temperature Monitoring Devices,No,
KD-107-R3,Cold Boxes (6L),Yes,No
KD-107-R3,GioStyle (4L),No,
KD-107-R3,Rush (3L),No,
KD-107-R3,Ice Packs,No,
KD-107-R4,Solar Refrigerators and Freezers,Yes,Yes
KD-107-R4,Refrigerators,Yes,Yes
KD-107-R4,Temperature Monitoring Devices,No,
KD-107-R4,Cold Boxes (6L),Yes,Yes
KD-107-R4,GioStyle (4L),No,
KD-107-R4,Rush (3L),No,
KD-107-R4,Ice Packs,No,
KD-107-R5,Solar Refrigerators and Freezers,Yes,Yes
KD-107-R5,Refrigerators,Yes,No
KD-107-R5,Temperature Monitoring Devices,No,
KD-107-R5,Cold Boxes (6L),Yes,No
KD-107-R5,GioStyle (4L),No,
KD-107-R5,Rush (3L),No,
KD-107-R5,Ice Packs,No,
KD-107-R6,Solar Refrigerators and Freezers,Yes,Yes
KD-107-R6,Refrigerators,Yes,Yes
KD-107-R6,Temperature Monitoring Devices,No,
KD-107-R6,Cold Boxes (6L),Yes,Yes
KD-107-R6,GioStyle (4L),No,
KD-107-R6,Rush (3L),No,
KD-107-R6,Ice Packs,No,
KD-108-R1,Solar Refrigerators and Freezers,Yes,Yes
KD-108-R1,Refrigerators,Yes,Yes
KD-108-R1,Temperature Monitoring Devices,Yes,No
KD-108-R1,Cold Boxes (6L),Yes,Yes
KD-108-R1,GioStyle (4L),No,
KD-108-R1,Rush (3L),Yes,Yes
KD-108-R1,Ice Packs,Yes,Yes
KD-108-R2,Solar Refrigerators and Freezers,Yes,No
KD-108-R2,Refrigerators,Yes,Yes
KD-108-R2,Temperature Monitoring Devices,Yes,Yes
KD-108-R2,Cold Boxes (6L),Yes,Yes
KD-108-R2,GioStyle (4L),No,
KD-108-R2,Rush (3L),Yes,Yes
KD-108-R2,Ice Packs,Yes,Yes
KD-108-R3,Solar Refrigerators and Freezers,Yes,Yes
KD-108-R3,Refrigerators,Yes,Yes
KD-108-R3,Temperature Monitoring Devices,Yes,No
KD-108-R3,Cold Boxes (6L),Yes,Yes
KD-108-R3,GioStyle (4L),No,
KD-108-R3,Rush (3L),Yes,Yes
KD-108-R3,Ice Packs,Yes,Yes
KD-108-R4,Solar Refrigerators and Freezers,Yes,Yes
KD-108-R4,Refrigerators,Yes,No
KD-108-R4,Temperature Monitoring Devices,Yes,Yes
KD-108-R4,Cold Boxes (6L),Yes,Yes
KD-108-R4,GioStyle (4L),No,
KD-108-R4,Rush (3L),Yes,No
KD-108-R4,Ice Packs,Yes,Yes
KD-108-R5,Solar Refrigerators and Freezers,Yes,Yes
KD-108-R5,Refrigerators,Yes,No
KD-108-R5,Temperature Monitoring Devices,Yes,Yes
KD-108-R5,Cold Boxes (6L),Yes,Yes
KD-108-R5,GioStyle (4L),No,
KD-108-R5,Rush (3L),Yes,Yes
KD-108-R5,Ice Packs,Yes,Yes
KD-108-R6,Solar Refrigerators and Freezers,Yes,Yes
KD-108-R6,Refrigerators,Yes,Yes
KD-108-R6,Temperature Monitoring Devices,Yes,Yes
KD-108-R6,Cold Boxes (6L),Yes,Yes
KD-108-R6,GioStyle (4L),No,
KD-108-R6,Rush (3L),Yes,Yes
KD-108-R6,Ice Packs,Yes,Yes
KD-109-R1,Solar Refrigerators and Freezers,No,
KD-109-R1,Refrigerators,No,
KD-109-R1,Temperature Monitoring Devices,No,
KD-109-R1,Cold Boxes (6L),No,
KD-109-R1,GioStyle (4L),No,
KD-109-R1,Rush (3L),No,
KD-109-R1,Ice Packs,No,
KD-109-R2,Solar Refrigerators and Freezers,No,
KD-109-R2,Refrigerators,No,
KD-109-R2,Temperature Monitoring Devices,No,
KD-109-R2,Cold Boxes (6L),No,
KD-109-R2,GioStyle (4L),No,
KD-109-R2,Rush (3L),No,
KD-109-R2,Ice Packs,No,
KD-109-R3,Solar Refrigerators and Freezers,No,
KD-109-R3,Refrigerators,No,
KD-109-R3,Temperature Monitoring Devices,No,
KD-109-R3,Cold Boxes (6L),No,
KD-109-R3,GioStyle (4L),No,
KD-109-R3,Rush (3L),No,
KD-109-R3,Ice Packs,No,
KD-109-R4,Solar Refrigerators and Freezers,No,
KD-109-R4,Refrigerators,No,
KD-109-R4,Temperature Monitoring Devices,No,
KD-109-R4,Cold Boxes (6L),No,
KD-109-R4,GioStyle (4L),No,
KD-109-R4,Rush (3L),No,
KD-109-R4,Ice Packs,No,
KD-109-R5,Solar Refrigerators and Freezers,No,
KD-109-R5,Refrigerators,No,
KD-109-R5,Temperature Monitoring Devices,No,
KD-109-R5,Cold Boxes (6L),No,
KD-109-R5,GioStyle (4L),No,
KD-109-R5,Rush (3L),No,
KD-109-R5,Ice Packs,No,
KD-109-R6,Solar Refrigerators and Freezers,No,
KD-109-R6,Refrigerators,No,
KD-109-R6,Temperature Monitoring Devices,No,
KD-109-R6,Cold Boxes (6L),No,
KD-109-R6,GioStyle (4L),No,
KD-109-R6,Rush (3L),No,
KD-109-R6,Ice Packs,No,
KD-110-R1,Solar Refrigerators and Freezers,No,
KD-110-R1,Refrigerators,Yes,Yes
KD-110-R1,Temperature Monitoring Devices,Yes,Yes
KD-110-R1,Cold Boxes (6L),Yes,Yes
KD-110-R1,GioStyle (4L),Yes,No
KD-110-R1,Rush (3L),No,
KD-110-R1,Ice Packs,Yes,Yes
KD-110-R2,Solar Refrigerators and Freezers,No,
KD-110-R2,Refrigerators,Yes,Yes
KD-110-R2,Temperature Monitoring Devices,Yes,Yes
KD-110-R2,Cold Boxes (6L),Yes,Yes
KD-110-R2,GioStyle (4L),Yes,Yes
KD-110-R2,Rush (3L),No,
KD-110-R2,Ice Packs,Yes,Yes
KD-110-R3,Solar Refrigerators and Freezers,No,
KD-110-R3,Refrigerators,Yes,Yes
KD-110-R3,Temperature Monitoring Devices,Yes,Yes
KD-110-R3,Cold Boxes (6L),Yes,Yes
KD-110-R3,GioStyle (4L),Yes,Yes
KD-110-R3,Rush (3L),No,
KD-110-R3,Ice Packs,Yes,Yes
KD-110-R4,Solar Refrigerators and Freezers,No,
KD-110-R4,Refrigerators,Yes,Yes
KD-110-R4,Temperature Monitoring Devices,Yes,Yes
KD-110-R4,Cold Boxes (6L),Yes,Yes
KD-110-R4,GioStyle (4L),Yes,Yes
KD-110-R4,Rush (3L),No,
KD-110-R4,Ice Packs,Yes,Yes
KD-110-R5,Solar Refrigerators and Freezers,No,
KD-110-R5,Refrigerators,Yes,Yes
KD-110-R5,Temperature Monitoring Devices,Yes,Yes
KD-110-R5,Cold Boxes (6L),Yes,Yes
KD-110-R5,GioStyle (4L),Yes,Yes
KD-110-R5,Rush (3L),No,
KD-110-R5,Ice Packs,Yes,Yes
KD-110-R6,Solar Refrigerators and Freezers,No,
KD-110-R6,Refrigerators,Yes,Yes
KD-110-R6,Temperature Monitoring Devices,Yes,Yes
KD-110-R6,Cold Boxes (6L),Yes,Yes
KD-110-R6,GioStyle (4L),Yes,Yes
KD-110-R6,Rush (3L),No,
KD-110-R6,Ice Packs,Yes,Yes
KD-111-R1,Solar Refrigerators and Freezers,Yes,Yes
KD-111-R1,Refrigerators,No,
KD-111-R1,Temperature Monitoring Devices,Yes,No
KD-111-R1,Cold Boxes (6L),Yes,No
KD-111-R1,GioStyle (4L),Yes,Yes
KD-111-R1,Rush (3L),No,
KD-111-R1,Ice Packs,No,
KD-111-R2,Solar Refrigerators and Freezers,Yes,No
KD-111-R2,Refrigerators,No,
KD-111-R2,Temperature Monitoring Devices,Yes,No
KD-111-R2,Cold Boxes (6L),Yes,Yes
KD-111-R2,GioStyle (4L),Yes,Yes
KD-111-R2,Rush (3L),No,
KD-111-R2,Ice Packs,No,
KD-111-R3,Solar Refrigerators and Freezers,Yes,Yes
KD-111-R3,Refrigerators,No,
KD-111-R3,Temperature Monitoring Devices,Yes,Yes
KD-111-R3,Cold Boxes (6L),Yes,No
KD-111-R3,GioStyle (4L),Yes,Yes
KD-111-R3,Rush (3L),No,
KD-111-R3,Ice Packs,No,
KD-111-R4,Solar Refrigerators and Freezers,Yes,Yes
KD-111-R4,Refrigerators,No,
KD-111-R4,Temperature Monitoring Devices,Yes,Yes
KD-111-R4,Cold Boxes (6L),Yes,No
KD-111-R4,GioStyle (4L),Yes,Yes
KD-111-R4,Rush (3L),No,
KD-111-R4,Ice Packs,No,
KD-111-R5,Solar Refrigerators and Freezers,Yes,No
KD-111-R5,Refrigerators,No,
KD-111-R5,Temperature Monitoring Devices,Yes,Yes
KD-111-R5,Cold Boxes (6L),Yes,Yes
KD-111-R5,GioStyle (4L),Yes,Yes
KD-111-R5,Rush (3L),No,
KD-111-R5,Ice Packs,No,
KD-111-R6,Solar Refrigerators and Freezers,Yes,Yes
KD-111-R6,Refrigerators,No,
KD-111-R6,Temperature Monitoring Devices,Yes,Yes
KD-111-R6,Cold Boxes (6L),Yes,No
KD-111-R6,GioStyle (4L),Yes,No
KD-111-R6,Rush (3L),No,
KD-111-R6,Ice Packs,No,
KD-112-R1,Solar Refrigerators and Freezers,No,
KD-112-R1,Refrigerators,No,
KD-112-R1,Temperature Monitoring Devices,No,
KD-112-R1,Cold Boxes (6L),No,
KD-112-R1,GioStyle (4L),No,
KD-112-R1,Rush (3L),No,
KD-112-R1,Ice Packs,No,
KD-112-R2,Solar Refrigerators and Freezers,No,
KD-112-R2,Refrigerators,No,
KD-112-R2,Temperature Monitoring Devices,No,
KD-112-R2,Cold Boxes (6L),No,
KD-112-R2,GioStyle (4L),No,
KD-112-R2,Rush (3L),No,
KD-112-R2,Ice Packs,No,
KD-112-R3,Solar Refrigerators and Freezers,No,
KD-112-R3,Refrigerators,No,
KD-112-R3,Temperature Monitoring Devices,No,
KD-112-R3,Cold Boxes (6L),No,
KD-112-R3,GioStyle (4L),No,
KD-112-R3,Rush (3L),No,
KD-112-R3,Ice Packs,No,
KD-112-R4,Solar Refrigerators and Freezers,No,
KD-112-R4,Refrigerators,No,
KD-112-R4,Temperature Monitoring Devices,No,
KD-112-R4,Cold Boxes (6L),No,
KD-112-R4,GioStyle (4L),No,
KD-112-R4,Rush (3L),No,
KD-112-R4,Ice Packs,No,
KD-112-R5,Solar Refrigerators and Freezers,No,
KD-112-R5,Refrigerators,No,
KD-112-R5,Temperature Monitoring Devices,No,
KD-112-R5,Cold Boxes (6L),No,
KD-112-R5,GioStyle (4L),No,
KD-112-R5,Rush (3L),No,
KD-112-R5,Ice Packs,No,
KD-112-R6,Solar Refrigerators and Freezers,No,
KD-112-R6,Refrigerators,No,
KD-112-R6,Temperature Monitoring Devices,No,
KD-112-R6,Cold Boxes (6L),No,
KD-112-R6,GioStyle (4L),No,
KD-112-R6,Rush (3L),No,
KD-112-R6,Ice Packs,No,
KD-113-R1,Solar Refrigerators and Freezers,Yes,Yes
KD-113-R1,Refrigerators,No,
KD-113-R1,Temperature Monitoring Devices,No,
KD-113-R1,Cold Boxes (6L),Yes,Yes
KD-113-R1,GioStyle (4L),No,
KD-113-R1,Rush (3L),No,
KD-113-R1,Ice Packs,Yes,Yes
KD-113-R2,Solar Refrigerators and Freezers,Yes,Yes
KD-113-R2,Refrigerators,No,
KD-113-R2,Temperature Monitoring Devices,No,
KD-113-R2,Cold Boxes (6L),Yes,No
KD-113-R2,GioStyle (4L),No,
KD-113-R2,Rush (3L),No,
KD-113-R2,Ice Packs,Yes,No
KD-113-R3,Solar Refrigerators and Freezers,Yes,Yes
KD-113-R3,Refrigerators,No,
KD-113-R3,Temperature Monitoring Devices,No,
KD-113-R3,Cold Boxes (6L),Yes,Yes
KD-113-R3,GioStyle (4L),No,
KD-113-R3,Rush (3L),No,
KD-113-R3,Ice Packs,Yes,No
KD-113-R4,Solar Refrigerators and Freezers,Yes,Yes
KD-113-R4,Refrigerators,No,
KD-113-R4,Temperature Monitoring Devices,No,
KD-113-R4,Cold Boxes (6L),Yes,Yes
KD-113-R4,GioStyle (4L),No,
KD-113-R4,Rush (3L),No,
KD-113-R4,Ice Packs,Yes,Yes
KD-113-R5,Solar Refrigerators and Freezers,Yes,Yes
KD-113-R5,Refrigerators,No,
KD-113-R5,Temperature Monitoring Devices,No,
KD-113-R5,Cold Boxes (6L),Yes,Yes
KD-113-R5,GioStyle (4L),No,
KD-113-R5,Rush (3L),No,
KD-113-R5,Ice Packs,Yes,Yes
KD-113-R6,Solar Refrigerators and Freezers,Yes,Yes
KD-113-R6,Refrigerators,No,
KD-113-R6,Temperature Monitoring Devices,No,
KD-113-R6,Cold Boxes (6L),Yes,Yes
KD-113-R6,GioStyle (4L),No,
KD-113-R6,Rush (3L),No,
KD-113-R6,Ice Packs,Yes,Yes
KD-114-R1,Solar Refrigerators and Freezers,Yes,Yes
KD-114-R1,Refrigerators,Yes,Yes
KD-114-R1,Temperature Monitoring Devices,Yes,Yes
KD-114-R1,Cold Boxes (6L),Yes,No
KD-114-R1,GioStyle (4L),Yes,Yes
KD-114-R1,Rush (3L),No,
KD-114-R1,Ice Packs,Yes,Yes
KD-114-R2,Solar Refrigerators and Freezers,Yes,Yes
KD-114-R2,Refrigerators,Yes,Yes
KD-114-R2,Temperature Monitoring Devices,Yes,Yes
KD-114-R2,Cold Boxes (6L),Yes,Yes
KD-114-R2,GioStyle (4L),Yes,Yes
KD-114-R2,Rush (3L),No,
KD-114-R2,Ice Packs,Yes,Yes
KD-114-R3,Solar Refrigerators and Freezers,Yes,Yes
KD-114-R3,Refrigerators,Yes,Yes
KD-114-R3,Temperature Monitoring Devices,Yes,Yes
KD-114-R3,Cold Boxes (6L),Yes,Yes
KD-114-R3,GioStyle (4L),Yes,Yes
KD-114-R3,Rush (3L),No,
KD-114-R3,Ice Packs,Yes,Yes
KD-114-R4,Solar Refrigerators and Freezers,Yes,No
KD-114-R4,Refrigerators,Yes,No
KD-114-R4,Temperature Monitoring Devices,Yes,Yes
KD-114-R4,Cold Boxes (6L),Yes,Yes
KD-114-R4,GioStyle (4L),Yes,Yes
KD-114-R4,Rush (3L),No,
KD-114-R4,Ice Packs,Yes,No
KD-114-R5,Solar Refrigerators and Freezers,Yes,Yes
KD-114-R5,Refrigerators,Yes,No
KD-114-R5,Temperature Monitoring Devices,Yes,Yes
KD-114-R5,Cold Boxes (6L),Yes,Yes
KD-114-R5,GioStyle (4L),Yes,Yes
KD-114-R5,Rush (3L),No,
KD-114-R5,Ice Packs,Yes,Yes
KD-114-R6,Solar Refrigerators and Freezers,Yes,Yes
KD-114-R6,Refrigerators,Yes,Yes
KD-114-R6,Temperature Monitoring Devices,Yes,No
KD-114-R6,Cold Boxes (6L),Yes,Yes
KD-114-R6,GioStyle (4L),Yes,Yes
KD-114-R6,Rush (3L),No,
KD-114-R6,Ice Packs,Yes,Yes
KD-115-R1,Solar Refrigerators and Freezers,No,
KD-115-R1,Refrigerators,No,
KD-115-R1,Temperature Monitoring Devices,No,
KD-115-R1,Cold Boxes (6L),Yes,Yes
KD-115-R1,GioStyle (4L),Yes,No
KD-115-R1,Rush (3L),Yes,Yes
KD-115-R1,Ice Packs,Yes,Yes
KD-115-R2,Solar Refrigerators and Freezers,No,
KD-115-R2,Refrigerators,No,
KD-115-R2,Temperature Monitoring Devices,No,
KD-115-R2,Cold Boxes (6L),Yes,No
KD-115-R2,GioStyle (4L),Yes,Yes
KD-115-R2,Rush (3L),Yes,No
KD-115-R2,Ice Packs,Yes,Yes
KD-115-R3,Solar Refrigerators and Freezers,No,
KD-115-R3,Refrigerators,No,
KD-115-R3,Temperature Monitoring Devices,No,
KD-115-R3,Cold Boxes (6L),Yes,No
KD-115-R3,GioStyle (4L),Yes,No
KD-115-R3,Rush (3L),Yes,Yes
KD-115-R3,Ice Packs,Yes,Yes
KD-115-R4,Solar Refrigerators and Freezers,No,
KD-115-R4,Refrigerators,No,
KD-115-R4,Temperature Monitoring Devices,No,
KD-115-R4,Cold Boxes (6L),Yes,Yes
KD-115-R4,GioStyle (4L),Yes,Yes
KD-115-R4,Rush (3L),Yes,Yes
KD-115-R4,Ice Packs,Yes,No
KD-115-R5,Solar Refrigerators and Freezers,No,
KD-115-R5,Refrigerators,No,
KD-115-R5,Temperature Monitoring Devices,No,
KD-115-R5,Cold Boxes (6L),Yes,Yes
KD-115-R5,GioStyle (4L),Yes,Yes
KD-115-R5,Rush (3L),Yes,Yes
KD-115-R5,Ice Packs,Yes,Yes
KD-115-R6,Solar Refrigerators and Freezers,No,
KD-115-R6,Refrigerators,No,
KD-115-R6,Temperature Monitoring Devices,No,
KD-115-R6,Cold Boxes (6L),Yes,No
KD-115-R6,GioStyle (4L),Yes,Yes
KD-115-R6,Rush (3L),Yes,No
KD-115-R6,Ice Packs,Yes,Yes
KD-116-R1,Solar Refrigerators and Freezers,Yes,Yes
KD-116-R1,Refrigerators,No,
KD-116-R1,Temperature Monitoring Devices,Yes,Yes
KD-116-R1,Cold Boxes (6L),Yes,Yes
KD-116-R1,GioStyle (4L),Yes,Yes
KD-116-R1,Rush (3L),No,
KD-116-R1,Ice Packs,Yes,Yes
KD-116-R2,Solar Refrigerators and Freezers,Yes,No
KD-116-R2,Refrigerators,No,
KD-116-R2,Temperature Monitoring Devices,Yes,Yes
KD-116-R2,Cold Boxes (6L),Yes,Yes
KD-116-R2,GioStyle (4L),Yes,Yes
KD-116-R2,Rush (3L),No,
KD-116-R2,Ice Packs,Yes,Yes
KD-116-R3,Solar Refrigerators and Freezers,Yes,No
KD-116-R3,Refrigerators,No,
KD-116-R3,Temperature Monitoring Devices,Yes,Yes
KD-116-R3,Cold Boxes (6L),Yes,Yes
KD-116-R3,GioStyle (4L),Yes,Yes
KD-116-R3,Rush (3L),No,
KD-116-R3,Ice Packs,Yes,Yes
KD-116-R4,Solar Refrigerators and Freezers,Yes,Yes
KD-116-R4,Refrigerators,No,
KD-116-R4,Temperature Monitoring Devices,Yes,No
KD-116-R4,Cold Boxes (6L),Yes,No
KD-116-R4,GioStyle (4L),Yes,No
KD-116-R4,Rush (3L),No,
KD-116-R4,Ice Packs,Yes,Yes
KD-116-R5,Solar Refrigerators and Freezers,Yes,Yes
KD-116-R5,Refrigerators,No,
KD-116-R5,Temperature Monitoring Devices,Yes,Yes
KD-116-R5,Cold Boxes (6L),Yes,No
KD-116-R5,GioStyle (4L),Yes,Yes
KD-116-R5,Rush (3L),No,
KD-116-R5,Ice Packs,Yes,Yes
KD-116-R6,Solar Refrigerators and Freezers,Yes,Yes
KD-116-R6,Refrigerators,No,
KD-116-R6,Temperature Monitoring Devices,Yes,Yes
KD-116-R6,Cold Boxes (6L),Yes,Yes
KD-116-R6,GioStyle (4L),Yes,No
KD-116-R6,Rush (3L),No,
KD-116-R6,Ice Packs,Yes,No
KD-117-R1,Solar Refrigerators and Freezers,Yes,Yes
KD-117-R1,Refrigerators,No,
KD-117-R1,Temperature Monitoring Devices,Yes,Yes
KD-117-R1,Cold Boxes (6L),No,
KD-117-R1,GioStyle (4L),Yes,Yes
KD-117-R1,Rush (3L),Yes,Yes
KD-117-R1,Ice Packs,Yes,Yes
KD-117-R2,Solar Refrigerators and Freezers,Yes,Yes
KD-117-R2,Refrigerators,No,
KD-117-R2,Temperature Monitoring Devices,Yes,Yes
KD-117-R2,Cold Boxes (6L),No,
KD-117-R2,GioStyle (4L),Yes,No
KD-117-R2,Rush (3L),Yes,No
KD-117-R2,Ice Packs,Yes,Yes
KD-117-R3,Solar Refrigerators and Freezers,Yes,Yes
KD-117-R3,Refrigerators,No,
KD-117-R3,Temperature Monitoring Devices,Yes,Yes
KD-117-R3,Cold Boxes (6L),No,
KD-117-R3,GioStyle (4L),Yes,Yes
KD-117-R3,Rush (3L),Yes,Yes
KD-117-R3,Ice Packs,Yes,No
KD-117-R4,Solar Refrigerators and Freezers,Yes,No
KD-117-R4,Refrigerators,No,
KD-117-R4,Temperature Monitoring Devices,Yes,No
KD-117-R4,Cold Boxes (6L),No,
KD-117-R4,GioStyle (4L),Yes,Yes
KD-117-R4,Rush (3L),Yes,Yes
KD-117-R4,Ice Packs,Yes,Yes
KD-117-R5,Solar Refrigerators and Freezers,Yes,Yes
KD-117-R5,Refrigerators,No,
KD-117-R5,Temperature Monitoring Devices,Yes,No
KD-117-R5,Cold Boxes (6L),No,
KD-117-R5,GioStyle (4L),Yes,No
KD-117-R5,Rush (3L),Yes,No
KD-117-R5,Ice Packs,Yes,Yes
KD-117-R6,Solar Refrigerators and Freezers,Yes,Yes
KD-117-R6,Refrigerators,No,
KD-117-R6,Temperature Monitoring Devices,Yes,Yes
KD-117-R6,Cold Boxes (6L),No,
KD-117-R6,GioStyle (4L),Yes,Yes
KD-117-R6,Rush (3L),Yes,No
KD-117-R6,Ice Packs,Yes,Yes
KD-118-R1,Solar Refrigerators and Freezers,No,
KD-118-R1,Refrigerators,No,
KD-118-R1,Temperature Monitoring Devices,No,
KD-118-R1,Cold Boxes (6L),No,
KD-118-R1,GioStyle (4L),No,
KD-118-R1,Rush (3L),No,
KD-118-R1,Ice Packs,No,
KD-118-R2,Solar Refrigerators and Freezers,No,
KD-118-R2,Refrigerators,No,
KD-118-R2,Temperature Monitoring Devices,No,
KD-118-R2,Cold Boxes (6L),No,
KD-118-R2,GioStyle (4L),No,
KD-118-R2,Rush (3L),No,
KD-118-R2,Ice Packs,No,
KD-118-R3,Solar Refrigerators and Freezers,No,
KD-118-R3,Refrigerators,No,
KD-118-R3,Temperature Monitoring Devices,No,
KD-118-R3,Cold Boxes (6L),No,
KD-118-R3,GioStyle (4L),No,
KD-118-R3,Rush (3L),No,
KD-118-R3,Ice Packs,No,
KD-118-R4,Solar Refrigerators and Freezers,No,
KD-118-R4,Refrigerators,No,
KD-118-R4,Temperature Monitoring Devices,No,
KD-118-R4,Cold Boxes (6L),No,
KD-118-R4,GioStyle (4L),No,
KD-118-R4,Rush (3L),No,
KD-118-R4,Ice Packs,No,
KD-118-R5,Solar Refrigerators and Freezers,No,
KD-118-R5,Refrigerators,No,
KD-118-R5,Temperature Monitoring Devices,No,
KD-118-R5,Cold Boxes (6L),No,
KD-118-R5,GioStyle (4L),No,
KD-118-R5,Rush (3L),No,
KD-118-R5,Ice Packs,No,
KD-118-R6,Solar Refrigerators and Freezers,No,
KD-118-R6,Refrigerators,No,
KD-118-R6,Temperature Monitoring Devices,No,
KD-118-R6,Cold Boxes (6L),No,
KD-118-R6,GioStyle (4L),No,
KD-118-R6,Rush (3L),No,
KD-118-R6,Ice Packs,No,
KD-119-R1,Solar Refrigerators and Freezers,No,
KD-119-R1,Refrigerators,No,
KD-119-R1,Temperature Monitoring Devices,Yes,No
KD-119-R1,Cold Boxes (6L),No,
KD-119-R1,GioStyle (4L),Yes,No
KD-119-R1,Rush (3L),No,
KD-119-R1,Ice Packs,Yes,Yes
KD-119-R2,Solar Refrigerators and Freezers,No,
KD-119-R2,Refrigerators,No,
KD-119-R2,Temperature Monitoring Devices,Yes,Yes
KD-119-R2,Cold Boxes (6L),No,
KD-119-R2,GioStyle (4L),Yes,Yes
KD-119-R2,Rush (3L),No,
KD-119-R2,Ice Packs,Yes,Yes
KD-119-R3,Solar Refrigerators and Freezers,No,
KD-119-R3,Refrigerators,No,
KD-119-R3,Temperature Monitoring Devices,Yes,Yes
KD-119-R3,Cold Boxes (6L),No,
KD-119-R3,GioStyle (4L),Yes,No
KD-119-R3,Rush (3L),No,
KD-119-R3,Ice Packs,Yes,Yes
KD-119-R4,Solar Refrigerators and Freezers,No,
KD-119-R4,Refrigerators,No,
KD-119-R4,Temperature Monitoring Devices,Yes,No
KD-119-R4,Cold Boxes (6L),No,
KD-119-R4,GioStyle (4L),Yes,Yes
KD-119-R4,Rush (3L),No,
KD-119-R4,Ice Packs,Yes,Yes
KD-119-R5,Solar Refrigerators and Freezers,No,
KD-119-R5,Refrigerators,No,
KD-119-R5,Temperature Monitoring Devices,Yes,Yes
KD-119-R5,Cold Boxes (6L),No,
KD-119-R5,GioStyle (4L),Yes,Yes
KD-119-R5,Rush (3L),No,
KD-119-R5,Ice Packs,Yes,No
KD-119-R6,Solar Refrigerators and Freezers,No,
KD-119-R6,Refrigerators,No,
KD-119-R6,Temperature Monitoring Devices,Yes,Yes
KD-119-R6,Cold Boxes (6L),No,
KD-119-R6,GioStyle (4L),Yes,Yes
KD-119-R6,Rush (3L),No,
KD-119-R6,Ice Packs,Yes,Yes
KD-120-R1,Solar Refrigerators and Freezers,No,
KD-120-R1,Refrigerators,Yes,Yes
KD-120-R1,Temperature Monitoring Devices,Yes,No
KD-120-R1,Cold Boxes (6L),Yes,Yes
KD-120-R1,GioStyle (4L),Yes,Yes
KD-120-R1,Rush (3L),Yes,No
KD-120-R1,Ice Packs,Yes,No
KD-120-R2,Solar Refrigerators and Freezers,No,
KD-120-R2,Refrigerators,Yes,No
KD-120-R2,Temperature Monitoring Devices,Yes,Yes
KD-120-R2,Cold Boxes (6L),Yes,Yes
KD-120-R2,GioStyle (4L),Yes,Yes
KD-120-R2,Rush (3L),Yes,No
KD-120-R2,Ice Packs,Yes,Yes
KD-120-R3,Solar Refrigerators and Freezers,No,
KD-120-R3,Refrigerators,Yes,Yes
KD-120-R3,Temperature Monitoring Devices,Yes,Yes
KD-120-R3,Cold Boxes (6L),Yes,Yes
KD-120-R3,GioStyle (4L),Yes,Yes
KD-120-R3,Rush (3L),Yes,Yes
KD-120-R3,Ice Packs,Yes,Yes
KD-120-R4,Solar Refrigerators and Freezers,No,
KD-120-R4,Refrigerators,Yes,Yes
KD-120-R4,Temperature Monitoring Devices,Yes,Yes
KD-120-R4,Cold Boxes (6L),Yes,Yes
KD-120-R4,GioStyle (4L),Yes,Yes
KD-120-R4,Rush (3L),Yes,Yes
KD-120-R4,Ice Packs,Yes,Yes
KD-120-R5,Solar Refrigerators and Freezers,No,
KD-120-R5,Refrigerators,Yes,Yes
KD-120-R5,Temperature Monitoring Devices,Yes,Yes
KD-120-R5,Cold Boxes (6L),Yes,Yes
KD-120-R5,GioStyle (4L),Yes,Yes
KD-120-R5,Rush (3L),Yes,Yes
KD-120-R5,Ice Packs,Yes,Yes
KD-120-R6,Solar Refrigerators and Freezers,No,
KD-120-R6,Refrigerators,Yes,Yes
KD-120-R6,Temperature Monitoring Devices,Yes,No
KD-120-R6,Cold Boxes (6L),Yes,Yes
KD-120-R6,GioStyle (4L),Yes,Yes
KD-120-R6,Rush (3L),Yes,Yes
KD-120-R6,Ice Packs,Yes,No
KD-121-R1,Solar Refrigerators and Freezers,Yes,Yes
KD-121-R1,Refrigerators,No,
KD-121-R1,Temperature Monitoring Devices,Yes,Yes
KD-121-R1,Cold Boxes (6L),Yes,No
KD-121-R1,GioStyle (4L),No,
KD-121-R1,Rush (3L),No,
KD-121-R1,Ice Packs,Yes,No
KD-121-R2,Solar Refrigerators and Freezers,Yes,Yes
KD-121-R2,Refrigerators,No,
KD-121-R2,Temperature Monitoring Devices,Yes,Yes
KD-121-R2,Cold Boxes (6L),Yes,No
KD-121-R2,GioStyle (4L),No,
KD-121-R2,Rush (3L),No,
KD-121-R2,Ice Packs,Yes,Yes
KD-121-R3,Solar Refrigerators and Freezers,Yes,No
KD-121-R3,Refrigerators,No,
KD-121-R3,Temperature Monitoring Devices,Yes,No
KD-121-R3,Cold Boxes (6L),Yes,Yes
KD-121-R3,GioStyle (4L),No,
KD-121-R3,Rush (3L),No,
KD-121-R3,Ice Packs,Yes,No
KD-121-R4,Solar Refrigerators and Freezers,Yes,Yes
KD-121-R4,Refrigerators,No,
KD-121-R4,Temperature Monitoring Devices,Yes,Yes
KD-121-R4,Cold Boxes (6L),Yes,Yes
KD-121-R4,GioStyle (4L),No,
KD-121-R4,Rush (3L),No,
KD-121-R4,Ice Packs,Yes,Yes
KD-121-R5,Solar Refrigerators and Freezers,Yes,No
KD-121-R5,Refrigerators,No,
KD-121-R5,Temperature Monitoring Devices,Yes,No
KD-121-R5,Cold Boxes (6L),Yes,No
KD-121-R5,GioStyle (4L),No,
KD-121-R5,Rush (3L),No,
KD-121-R5,Ice Packs,Yes,No
KD-121-R6,Solar Refrigerators and Freezers,Yes,Yes
KD-121-R6,Refrigerators,No,
KD-121-R6,Temperature Monitoring Devices,Yes,No
KD-121-R6,Cold Boxes (6L),Yes,Yes
KD-121-R6,GioStyle (4L),No,
KD-121-R6,Rush (3L),No,
KD-121-R6,Ice Packs,Yes,Yes
KD-122-R1,Solar Refrigerators and Freezers,No,
KD-122-R1,Refrigerators,Yes,No
KD-122-R1,Temperature Monitoring Devices,No,
KD-122-R1,Cold Boxes (6L),No,
KD-122-R1,GioStyle (4L),No,
KD-122-R1,Rush (3L),No,
KD-122-R1,Ice Packs,Yes,Yes
KD-122-R2,Solar Refrigerators and Freezers,No,
KD-122-R2,Refrigerators,Yes,Yes
KD-122-R2,Temperature Monitoring Devices,No,
KD-122-R2,Cold Boxes (6L),No,
KD-122-R2,GioStyle (4L),No,
KD-122-R2,Rush (3L),No,
KD-122-R2,Ice Packs,Yes,No
KD-122-R3,Solar Refrigerators and Freezers,No,
KD-122-R3,Refrigerators,Yes,Yes
KD-122-R3,Temperature Monitoring Devices,No,
KD-122-R3,Cold Boxes (6L),No,
KD-122-R3,GioStyle (4L),No,
KD-122-R3,Rush (3L),No,
KD-122-R3,Ice Packs,Yes,No
KD-122-R4,Solar Refrigerators and Freezers,No,
KD-122-R4,Refrigerators,Yes,Yes
KD-122-R4,Temperature Monitoring Devices,No,
KD-122-R4,Cold Boxes (6L),No,
KD-122-R4,GioStyle (4L),No,
KD-122-R4,Rush (3L),No,
KD-122-R4,Ice Packs,Yes,Yes
KD-122-R5,Solar Refrigerators and Freezers,No,
KD-122-R5,Refrigerators,Yes,Yes
KD-122-R5,Temperature Monitoring Devices,No,
KD-122-R5,Cold Boxes (6L),No,
KD-122-R5,GioStyle (4L),No,
KD-122-R5,Rush (3L),No,
KD-122-R5,Ice Packs,Yes,No
KD-122-R6,Solar Refrigerators and Freezers,No,
KD-122-R6,Refrigerators,Yes,Yes
KD-122-R6,Temperature Monitoring Devices,No,
KD-122-R6,Cold Boxes (6L),No,
KD-122-R6,GioStyle (4L),No,
KD-122-R6,Rush (3L),No,
KD-122-R6,Ice Packs,Yes,Yes
KD-123-R1,Solar Refrigerators and Freezers,Yes,Yes
KD-123-R1,Refrigerators,No,
KD-123-R1,Temperature Monitoring Devices,No,
KD-123-R1,Cold Boxes (6L),Yes,Yes
KD-123-R1,GioStyle (4L),Yes,Yes
KD-123-R1,Rush (3L),No,
KD-123-R1,Ice Packs,Yes,Yes
KD-123-R2,Solar Refrigerators and Freezers,Yes,Yes
KD-123-R2,Refrigerators,No,
KD-123-R2,Temperature Monitoring Devices,No,
KD-123-R2,Cold Boxes (6L),Yes,Yes
KD-123-R2,GioStyle (4L),Yes,Yes
KD-123-R2,Rush (3L),No,
KD-123-R2,Ice Packs,Yes,Yes
KD-123-R3,Solar Refrigerators and Freezers,Yes,No
KD-123-R3,Refrigerators,No,
KD-123-R3,Temperature Monitoring Devices,No,
KD-123-R3,Cold Boxes (6L),Yes,Yes
KD-123-R3,GioStyle (4L),Yes,Yes
KD-123-R3,Rush (3L),No,
KD-123-R3,Ice Packs,Yes,No
KD-123-R4,Solar Refrigerators and Freezers,Yes,Yes
KD-123-R4,Refrigerators,No,
KD-123-R4,Temperature Monitoring Devices,No,
KD-123-R4,Cold Boxes (6L),Yes,Yes
KD-123-R4,GioStyle (4L),Yes,No
KD-123-R4,Rush (3L),No,
KD-123-R4,Ice Packs,Yes,No
KD-123-R5,Solar Refrigerators and Freezers,Yes,Yes
KD-123-R5,Refrigerators,No,
KD-123-R5,Temperature Monitoring Devices,No,
KD-123-R5,Cold Boxes (6L),Yes,Yes
KD-123-R5,GioStyle (4L),Yes,Yes
KD-123-R5,Rush (3L),No,
KD-123-R5,Ice Packs,Yes,Yes
KD-123-R6,Solar Refrigerators and Freezers,Yes,Yes
KD-123-R6,Refrigerators,No,
KD-123-R6,Temperature Monitoring Devices,No,
KD-123-R6,Cold Boxes (6L),Yes,Yes
KD-123-R6,GioStyle (4L),Yes,Yes
KD-123-R6,Rush (3L),No,
KD-123-R6,Ice Packs,Yes,Yes
KD-124-R1,Solar Refrigerators and Freezers,No,
KD-124-R1,Refrigerators,No,
KD-124-R1,Temperature Monitoring Devices,No,
KD-124-R1,Cold Boxes (6L),No,
KD-124-R1,GioStyle (4L),No,
KD-124-R1,Rush (3L),No,
KD-124-R1,Ice Packs,No,
KD-124-R2,Solar Refrigerators and Freezers,No,
KD-124-R2,Refrigerators,No,
KD-124-R2,Temperature Monitoring Devices,No,
KD-124-R2,Cold Boxes (6L),No,
KD-124-R2,GioStyle (4L),No,
KD-124-R2,Rush (3L),No,
KD-124-R2,Ice Packs,No,
KD-124-R3,Solar Refrigerators and Freezers,No,
KD-124-R3,Refrigerators,No,
KD-124-R3,Temperature Monitoring Devices,No,
KD-124-R3,Cold Boxes (6L),No,
KD-124-R3,GioStyle (4L),No,
KD-124-R3,Rush (3L),No,
KD-124-R3,Ice Packs,No,
KD-124-R4,Solar Refrigerators and Freezers,No,
KD-124-R4,Refrigerators,No,
KD-124-R4,Temperature Monitoring Devices,No,
KD-124-R4,Cold Boxes (6L),No,
KD-124-R4,GioStyle (4L),No,
KD-124-R4,Rush (3L),No,
KD-124-R4,Ice Packs,No,
KD-124-R5,Solar Refrigerators and Freezers,No,
KD-124-R5,Refrigerators,No,
KD-124-R5,Temperature Monitoring Devices,No,
KD-124-R5,Cold Boxes (6L),No,
KD-124-R5,GioStyle (4L),No,
KD-124-R5,Rush (3L),No,
KD-124-R5,Ice Packs,No,
KD-124-R6,Solar Refrigerators and Freezers,No,
KD-124-R6,Refrigerators,No,
KD-124-R6,Temperature Monitoring Devices,No,
KD-124-R6,Cold Boxes (6L),No,
KD-124-R6,GioStyle (4L),No,
KD-124-R6,Rush (3L),No,
KD-124-R6,Ice Packs,No,
KD-125-R1,Solar Refrigerators and Freezers,No,
KD-125-R1,Refrigerators,No,
KD-125-R1,Temperature Monitoring Devices,No,
KD-125-R1,Cold Boxes (6L),No,
KD-125-R1,GioStyle (4L),No,
KD-125-R1,Rush (3L),No,
KD-125-R1,Ice Packs,No,
KD-125-R2,Solar Refrigerators and Freezers,No,
KD-125-R2,Refrigerators,No,
KD-125-R2,Temperature Monitoring Devices,No,
KD-125-R2,Cold Boxes (6L),No,
KD-125-R2,GioStyle (4L),No,
KD-125-R2,Rush (3L),No,
KD-125-R2,Ice Packs,No,
KD-125-R3,Solar Refrigerators and Freezers,No,
KD-125-R3,Refrigerators,No,
KD-125-R3,Temperature Monitoring Devices,No,
KD-125-R3,Cold Boxes (6L),No,
KD-125-R3,GioStyle (4L),No,
KD-125-R3,Rush (3L),No,
KD-125-R3,Ice Packs,No,
KD-125-R4,Solar Refrigerators and Freezers,No,
KD-125-R4,Refrigerators,No,
KD-125-R4,Temperature Monitoring Devices,No,
KD-125-R4,Cold Boxes (6L),No,
KD-125-R4,GioStyle (4L),No,
KD-125-R4,Rush (3L),No,
KD-125-R4,Ice Packs,No,
KD-125-R5,Solar Refrigerators and Freezers,No,
KD-125-R5,Refrigerators,No,
KD-125-R5,Temperature Monitoring Devices,No,
KD-125-R5,Cold Boxes (6L),No,
KD-125-R5,GioStyle (4L),No,
KD-125-R5,Rush (3L),No,
KD-125-R5,Ice Packs,No,
KD-125-R6,Solar Refrigerators and Freezers,No,
KD-125-R6,Refrigerators,No,
KD-125-R6,Temperature Monitoring Devices,No,
KD-125-R6,Cold Boxes (6L),No,
KD-125-R6,GioStyle (4L),No,
KD-125-R6,Rush (3L),No,
KD-125-R6,Ice Packs,No,
KD-126-R1,Solar Refrigerators and Freezers,No,
KD-126-R1,Refrigerators,No,
KD-126-R1,Temperature Monitoring Devices,No,
KD-126-R1,Cold Boxes (6L),No,
KD-126-R1,GioStyle (4L),No,
KD-126-R1,Rush (3L),No,
KD-126-R1,Ice Packs,No,
KD-126-R2,Solar Refrigerators and Freezers,No,
KD-126-R2,Refrigerators,No,
KD-126-R2,Temperature Monitoring Devices,No,
KD-126-R2,Cold Boxes (6L),No,
KD-126-R2,GioStyle (4L),No,
KD-126-R2,Rush (3L),No,
KD-126-R2,Ice Packs,No,
KD-126-R3,Solar Refrigerators and Freezers,No,
KD-126-R3,Refrigerators,No,
KD-126-R3,Temperature Monitoring Devices,No,
KD-126-R3,Cold Boxes (6L),No,
KD-126-R3,GioStyle (4L),No,
KD-126-R3,Rush (3L),No,
KD-126-R3,Ice Packs,No,
KD-126-R4,Solar Refrigerators and Freezers,No,
KD-126-R4,Refrigerators,No,
KD-126-R4,Temperature Monitoring Devices,No,
KD-126-R4,Cold Boxes (6L),No,
KD-126-R4,GioStyle (4L),No,
KD-126-R4,Rush (3L),No,
KD-126-R4,Ice Packs,No,
KD-126-R5,Solar Refrigerators and Freezers,No,
KD-126-R5,Refrigerators,No,
KD-126-R5,Temperature Monitoring Devices,No,
KD-126-R5,Cold Boxes (6L),No,
KD-126-R5,GioStyle (4L),No,
KD-126-R5,Rush (3L),No,
KD-126-R5,Ice Packs,No,
KD-126-R6,Solar Refrigerators and Freezers,No,
KD-126-R6,Refrigerators,No,
KD-126-R6,Temperature Monitoring Devices,No,
KD-126-R6,Cold Boxes (6L),No,
KD-126-R6,GioStyle (4L),No,
KD-126-R6,Rush (3L),No,
KD-126-R6,Ice Packs,No,
KD-127-R1,Solar Refrigerators and Freezers,No,
KD-127-R1,Refrigerators,No,
KD-127-R1,Temperature Monitoring Devices,No,
KD-127-R1,Cold Boxes (6L),No,
KD-127-R1,GioStyle (4L),No,
KD-127-R1,Rush (3L),No,
KD-127-R1,Ice Packs,No,
KD-127-R2,Solar Refrigerators and Freezers,No,
KD-127-R2,Refrigerators,No,
KD-127-R2,Temperature Monitoring Devices,No,
KD-127-R2,Cold Boxes (6L),No,
KD-127-R2,GioStyle (4L),No,
KD-127-R2,Rush (3L),No,
KD-127-R2,Ice Packs,No,
KD-127-R3,Solar Refrigerators and Freezers,No,
KD-127-R3,Refrigerators,No,
KD-127-R3,Temperature Monitoring Devices,No,
KD-127-R3,Cold Boxes (6L),No,
KD-127-R3,GioStyle (4L),No,
KD-127-R3,Rush (3L),No,
KD-127-R3,Ice Packs,No,
KD-127-R4,Solar Refrigerators and Freezers,No,
KD-127-R4,Refrigerators,No,
KD-127-R4,Temperature Monitoring Devices,No,
KD-127-R4,Cold Boxes (6L),No,
KD-127-R4,GioStyle (4L),No,
KD-127-R4,Rush (3L),No,
KD-127-R4,Ice Packs,No,
KD-127-R5,Solar Refrigerators and Freezers,No,
KD-127-R5,Refrigerators,No,
KD-127-R5,Temperature Monitoring Devices,No,
KD-127-R5,Cold Boxes (6L),No,
KD-127-R5,GioStyle (4L),No,
KD-127-R5,Rush (3L),No,
KD-127-R5,Ice Packs,No,
KD-127-R6,Solar Refrigerators and Freezers,No,
KD-127-R6,Refrigerators,No,
KD-127-R6,Temperature Monitoring Devices,No,
KD-127-R6,Cold Boxes (6L),No,
KD-127-R6,GioStyle (4L),No,
KD-127-R6,Rush (3L),No,
KD-127-R6,Ice Packs,No,
KD-128-R1,Solar Refrigerators and Freezers,No,
KD-128-R1,Refrigerators,No,
KD-128-R1,Temperature Monitoring Devices,No,
KD-128-R1,Cold Boxes (6L),No,
KD-128-R1,GioStyle (4L),No,
KD-128-R1,Rush (3L),No,
KD-128-R1,Ice Packs,No,
KD-128-R2,Solar Refrigerators and Freezers,No,
KD-128-R2,Refrigerators,No,
KD-128-R2,Temperature Monitoring Devices,No,
KD-128-R2,Cold Boxes (6L),No,
KD-128-R2,GioStyle (4L),No,
KD-128-R2,Rush (3L),No,
KD-128-R2,Ice Packs,No,
KD-128-R3,Solar Refrigerators and Freezers,No,
KD-128-R3,Refrigerators,No,
KD-128-R3,Temperature Monitoring Devices,No,
KD-128-R3,Cold Boxes (6L),No,
KD-128-R3,GioStyle (4L),No,
KD-128-R3,Rush (3L),No,
KD-128-R3,Ice Packs,No,
KD-128-R4,Solar Refrigerators and Freezers,No,
KD-128-R4,Refrigerators,No,
KD-128-R4,Temperature Monitoring Devices,No,
KD-128-R4,Cold Boxes (6L),No,
KD-128-R4,GioStyle (4L),No,
KD-128-R4,Rush (3L),No,
KD-128-R4,Ice Packs,No,
KD-128-R5,Solar Refrigerators and Freezers,No,
KD-128-R5,Refrigerators,No,
KD-128-R5,Temperature Monitoring Devices,No,
KD-128-R5,Cold Boxes (6L),No,
KD-128-R5,GioStyle (4L),No,
KD-128-R5,Rush (3L),No,
KD-128-R5,Ice Packs,No,
KD-128-R6,Solar Refrigerators and Freezers,No,
KD-128-R6,Refrigerators,No,
KD-128-R6,Temperature Monitoring Devices,No,
KD-128-R6,Cold Boxes (6L),No,
KD-128-R6,GioStyle (4L),No,
KD-128-R6,Rush (3L),No,
KD-128-R6,Ice Packs,No,
KD-129-R1,Solar Refrigerators and Freezers,Yes,Yes
KD-129-R1,Refrigerators,No,
KD-129-R1,Temperature Monitoring Devices,Yes,Yes
KD-129-R1,Cold Boxes (6L),Yes,Yes
KD-129-R1,GioStyle (4L),Yes,No
KD-129-R1,Rush (3L),Yes,No
KD-129-R1,Ice Packs,Yes,Yes
KD-129-R2,Solar Refrigerators and Freezers,Yes,No
KD-129-R2,Refrigerators,No,
KD-129-R2,Temperature Monitoring Devices,Yes,No
KD-129-R2,Cold Boxes (6L),Yes,Yes
KD-129-R2,GioStyle (4L),Yes,Yes
KD-129-R2,Rush (3L),Yes,No
KD-129-R2,Ice Packs,Yes,No
KD-129-R3,Solar Refrigerators and Freezers,Yes,Yes
KD-129-R3,Refrigerators,No,
KD-129-R3,Temperature Monitoring Devices,Yes,Yes
KD-129-R3,Cold Boxes (6L),Yes,No
KD-129-R3,GioStyle (4L),Yes,Yes
KD-129-R3,Rush (3L),Yes,Yes
KD-129-R3,Ice Packs,Yes,Yes
KD-129-R4,Solar Refrigerators and Freezers,Yes,Yes
KD-129-R4,Refrigerators,No,
KD-129-R4,Temperature Monitoring Devices,Yes,Yes
KD-129-R4,Cold Boxes (6L),Yes,Yes
KD-129-R4,GioStyle (4L),Yes,Yes
KD-129-R4,Rush (3L),Yes,Yes
KD-129-R4,Ice Packs,Yes,No
KD-129-R5,Solar Refrigerators and Freezers,Yes,Yes
KD-129-R5,Refrigerators,No,
KD-129-R5,Temperature Monitoring Devices,Yes,No
KD-129-R5,Cold Boxes (6L),Yes,Yes
KD-129-R5,GioStyle (4L),Yes,No
KD-129-R5,Rush (3L),Yes,No
KD-129-R5,Ice Packs,Yes,No
KD-129-R6,Solar Refrigerators and Freezers,Yes,Yes
KD-129-R6,Refrigerators,No,
KD-129-R6,Temperature Monitoring Devices,Yes,Yes
KD-129-R6,Cold Boxes (6L),Yes,Yes
KD-129-R6,GioStyle (4L),Yes,Yes
KD-129-R6,Rush (3L),Yes,Yes
KD-129-R6,Ice Packs,Yes,Yes
KD-130-R1,Solar Refrigerators and Freezers,No,
KD-130-R1,Refrigerators,No,
KD-130-R1,Temperature Monitoring Devices,No,
KD-130-R1,Cold Boxes (6L),No,
KD-130-R1,GioStyle (4L),No,
KD-130-R1,Rush (3L),No,
KD-130-R1,Ice Packs,No,
KD-130-R2,Solar Refrigerators and Freezers,No,
KD-130-R2,Refrigerators,No,
KD-130-R2,Temperature Monitoring Devices,No,
KD-130-R2,Cold Boxes (6L),No,
KD-130-R2,GioStyle (4L),No,
KD-130-R2,Rush (3L),No,
KD-130-R2,Ice Packs,No,
KD-130-R3,Solar Refrigerators and Freezers,No,
KD-130-R3,Refrigerators,No,
KD-130-R3,Temperature Monitoring Devices,No,
KD-130-R3,Cold Boxes (6L),No,
KD-130-R3,GioStyle (4L),No,
KD-130-R3,Rush (3L),No,
KD-130-R3,Ice Packs,No,
KD-130-R4,Solar Refrigerators and Freezers,No,
KD-130-R4,Refrigerators,No,
KD-130-R4,Temperature Monitoring Devices,No,
KD-130-R4,Cold Boxes (6L),No,
KD-130-R4,GioStyle (4L),No,
KD-130-R4,Rush (3L),No,
KD-130-R4,Ice Packs,No,
KD-130-R5,Solar Refrigerators and Freezers,No,
KD-130-R5,Refrigerators,No,
KD-130-R5,Temperature Monitoring Devices,No,
KD-130-R5,Cold Boxes (6L),No,
KD-130-R5,GioStyle (4L),No,
KD-130-R5,Rush (3L),No,
KD-130-R5,Ice Packs,No,
KD-130-R6,Solar Refrigerators and Freezers,No,
KD-130-R6,Refrigerators,No,
KD-130-R6,Temperature Monitoring Devices,No,
KD-130-R6,Cold Boxes (6L),No,
KD-130-R6,GioStyle (4L),No,
KD-130-R6,Rush (3L),No,
KD-130-R6,Ice Packs,No,
KD-131-R1,Solar Refrigerators and Freezers,Yes,No
KD-131-R1,Refrigerators,No,
KD-131-R1,Temperature Monitoring Devices,Yes,Yes
KD-131-R1,Cold Boxes (6L),Yes,Yes
KD-131-R1,GioStyle (4L),Yes,No
KD-131-R1,Rush (3L),No,
KD-131-R1,Ice Packs,Yes,Yes
KD-131-R2,Solar Refrigerators and Freezers,Yes,No
KD-131-R2,Refrigerators,No,
KD-131-R2,Temperature Monitoring Devices,Yes,Yes
KD-131-R2,Cold Boxes (6L),Yes,Yes
KD-131-R2,GioStyle (4L),Yes,Yes
KD-131-R2,Rush (3L),No,
KD-131-R2,Ice Packs,Yes,Yes
KD-131-R3,Solar Refrigerators and Freezers,Yes,No
KD-131-R3,Refrigerators,No,
KD-131-R3,Temperature Monitoring Devices,Yes,Yes
KD-131-R3,Cold Boxes (6L),Yes,Yes
KD-131-R3,GioStyle (4L),Yes,Yes
KD-131-R3,Rush (3L),No,
KD-131-R3,Ice Packs,Yes,Yes
KD-131-R4,Solar Refrigerators and Freezers,Yes,Yes
KD-131-R4,Refrigerators,No,
KD-131-R4,Temperature Monitoring Devices,Yes,Yes
KD-131-R4,Cold Boxes (6L),Yes,Yes
KD-131-R4,GioStyle (4L),Yes,No
KD-131-R4,Rush (3L),No,
KD-131-R4,Ice Packs,Yes,Yes
KD-131-R5,Solar Refrigerators and Freezers,Yes,Yes
KD-131-R5,Refrigerators,No,
KD-131-R5,Temperature Monitoring Devices,Yes,No
KD-131-R5,Cold Boxes (6L),Yes,Yes
KD-131-R5,GioStyle (4L),Yes,Yes
KD-131-R5,Rush (3L),No,
KD-131-R5,Ice Packs,Yes,Yes
KD-131-R6,Solar Refrigerators and Freezers,Yes,Yes
KD-131-R6,Refrigerators,No,
KD-131-R6,Temperature Monitoring Devices,Yes,Yes
KD-131-R6,Cold Boxes (6L),Yes,Yes
KD-131-R6,GioStyle (4L),Yes,Yes
KD-131-R6,Rush (3L),No,
KD-131-R6,Ice Packs,Yes,Yes
KD-132-R1,Solar Refrigerators and Freezers,Yes,Yes
KD-132-R1,Refrigerators,No,
KD-132-R1,Temperature Monitoring Devices,Yes,Yes
KD-132-R1,Cold Boxes (6L),Yes,Yes
KD-132-R1,GioStyle (4L),No,
KD-132-R1,Rush (3L),No,
KD-132-R1,Ice Packs,Yes,No
KD-132-R2,Solar Refrigerators and Freezers,Yes,Yes
KD-132-R2,Refrigerators,No,
KD-132-R2,Temperature Monitoring Devices,Yes,Yes
KD-132-R2,Cold Boxes (6L),Yes,Yes
KD-132-R2,GioStyle (4L),No,
KD-132-R2,Rush (3L),No,
KD-132-R2,Ice Packs,Yes,Yes
KD-132-R3,Solar Refrigerators and Freezers,Yes,No
KD-132-R3,Refrigerators,No,
KD-132-R3,Temperature Monitoring Devices,Yes,Yes
KD-132-R3,Cold Boxes (6L),Yes,Yes
KD-132-R3,GioStyle (4L),No,
KD-132-R3,Rush (3L),No,
KD-132-R3,Ice Packs,Yes,Yes
KD-132-R4,Solar Refrigerators and Freezers,Yes,Yes
KD-132-R4,Refrigerators,No,
KD-132-R4,Temperature Monitoring Devices,Yes,Yes
KD-132-R4,Cold Boxes (6L),Yes,Yes
KD-132-R4,GioStyle (4L),No,
KD-132-R4,Rush (3L),No,
KD-132-R4,Ice Packs,Yes,Yes
KD-132-R5,Solar Refrigerators and Freezers,Yes,Yes
KD-132-R5,Refrigerators,No,
KD-132-R5,Temperature Monitoring Devices,Yes,Yes
KD-132-R5,Cold Boxes (6L),Yes,No
KD-132-R5,GioStyle (4L),No,
KD-132-R5,Rush (3L),No,
KD-132-R5,Ice Packs,Yes,Yes
KD-132-R6,Solar Refrigerators and Freezers,Yes,Yes
KD-132-R6,Refrigerators,No,
KD-132-R6,Temperature Monitoring Devices,Yes,Yes
KD-132-R6,Cold Boxes (6L),Yes,Yes
KD-132-R6,GioStyle (4L),No,
KD-132-R6,Rush (3L),No,
KD-132-R6,Ice Packs,Yes,Yes
KD-133-R1,Solar Refrigerators and Freezers,No,
KD-133-R1,Refrigerators,No,
KD-133-R1,Temperature Monitoring Devices,No,
KD-133-R1,Cold Boxes (6L),No,
KD-133-R1,GioStyle (4L),No,
KD-133-R1,Rush (3L),No,
KD-133-R1,Ice Packs,No,
KD-133-R2,Solar Refrigerators and Freezers,No,
KD-133-R2,Refrigerators,No,
KD-133-R2,Temperature Monitoring Devices,No,
KD-133-R2,Cold Boxes (6L),No,
KD-133-R2,GioStyle (4L),No,
KD-133-R2,Rush (3L),No,
KD-133-R2,Ice Packs,No,
KD-133-R3,Solar Refrigerators and Freezers,No,
KD-133-R3,Refrigerators,No,
KD-133-R3,Temperature Monitoring Devices,No,
KD-133-R3,Cold Boxes (6L),No,
KD-133-R3,GioStyle (4L),No,
KD-133-R3,Rush (3L),No,
KD-133-R3,Ice Packs,No,
KD-133-R4,Solar Refrigerators and Freezers,No,
KD-133-R4,Refrigerators,No,
KD-133-R4,Temperature Monitoring Devices,No,
KD-133-R4,Cold Boxes (6L),No,
KD-133-R4,GioStyle (4L),No,
KD-133-R4,Rush (3L),No,
KD-133-R4,Ice Packs,No,
KD-133-R5,Solar Refrigerators and Freezers,No,
KD-133-R5,Refrigerators,No,
KD-133-R5,Temperature Monitoring Devices,No,
KD-133-R5,Cold Boxes (6L),No,
KD-133-R5,GioStyle (4L),No,
KD-133-R5,Rush (3L),No,
KD-133-R5,Ice Packs,No,
KD-133-R6,Solar Refrigerators and Freezers,No,
KD-133-R6,Refrigerators,No,
KD-133-R6,Temperature Monitoring Devices,No,
KD-133-R6,Cold Boxes (6L),No,
KD-133-R6,GioStyle (4L),No,
KD-133-R6,Rush (3L),No,
KD-133-R6,Ice Packs,No,
KD-134-R1,Solar Refrigerators and Freezers,No,
KD-134-R1,Refrigerators,Yes,Yes
KD-134-R1,Temperature Monitoring Devices,No,
KD-134-R1,Cold Boxes (6L),Yes,Yes
KD-134-R1,GioStyle (4L),Yes,Yes
KD-134-R1,Rush (3L),No,
KD-134-R1,Ice Packs,Yes,No
KD-134-R2,Solar Refrigerators and Freezers,No,
KD-134-R2,Refrigerators,Yes,Yes
KD-134-R2,Temperature Monitoring Devices,No,
KD-134-R2,Cold Boxes (6L),Yes,Yes
KD-134-R2,GioStyle (4L),Yes,No
KD-134-R2,Rush (3L),No,
KD-134-R2,Ice Packs,Yes,No
KD-134-R3,Solar Refrigerators and Freezers,No,
KD-134-R3,Refrigerators,Yes,No
KD-134-R3,Temperature Monitoring Devices,No,
KD-134-R3,Cold Boxes (6L),Yes,Yes
KD-134-R3,GioStyle (4L),Yes,Yes
KD-134-R3,Rush (3L),No,
KD-134-R3,Ice Packs,Yes,Yes
KD-134-R4,Solar Refrigerators and Freezers,No,
KD-134-R4,Refrigerators,Yes,No
KD-134-R4,Temperature Monitoring Devices,No,
KD-134-R4,Cold Boxes (6L),Yes,Yes
KD-134-R4,GioStyle (4L),Yes,Yes
KD-134-R4,Rush (3L),No,
KD-134-R4,Ice Packs,Yes,Yes
KD-134-R5,Solar Refrigerators and Freezers,No,
KD-134-R5,Refrigerators,Yes,Yes
KD-134-R5,Temperature Monitoring Devices,No,
KD-134-R5,Cold Boxes (6L),Yes,No
KD-134-R5,GioStyle (4L),Yes,No
KD-134-R5,Rush (3L),No,
KD-134-R5,Ice Packs,Yes,Yes
KD-134-R6,Solar Refrigerators and Freezers,No,
KD-134-R6,Refrigerators,Yes,No
KD-134-R6,Temperature Monitoring Devices,No,
KD-134-R6,Cold Boxes (6L),Yes,Yes
KD-134-R6,GioStyle (4L),Yes,Yes
KD-134-R6,Rush (3L),No,
KD-134-R6,Ice Packs,Yes,Yes
KD-135-R1,Solar Refrigerators and Freezers,Yes,Yes
KD-135-R1,Refrigerators,No,
KD-135-R1,Temperature Monitoring Devices,No,
KD-135-R1,Cold Boxes (6L),Yes,Yes
KD-135-R1,GioStyle (4L),Yes,Yes
KD-135-R1,Rush (3L),Yes,Yes
KD-135-R1,Ice Packs,No,
KD-135-R2,Solar Refrigerators and Freezers,Yes,Yes
KD-135-R2,Refrigerators,No,
KD-135-R2,Temperature Monitoring Devices,No,
KD-135-R2,Cold Boxes (6L),Yes,No
KD-135-R2,GioStyle (4L),Yes,Yes
KD-135-R2,Rush (3L),Yes,No
KD-135-R2,Ice Packs,No,
KD-135-R3,Solar Refrigerators and Freezers,Yes,Yes
KD-135-R3,Refrigerators,No,
KD-135-R3,Temperature Monitoring Devices,No,
KD-135-R3,Cold Boxes (6L),Yes,Yes
KD-135-R3,GioStyle (4L),Yes,No
KD-135-R3,Rush (3L),Yes,Yes
KD-135-R3,Ice Packs,No,
KD-135-R4,Solar Refrigerators and Freezers,Yes,No
KD-135-R4,Refrigerators,No,
KD-135-R4,Temperature Monitoring Devices,No,
KD-135-R4,Cold Boxes (6L),Yes,Yes
KD-135-R4,GioStyle (4L),Yes,Yes
KD-135-R4,Rush (3L),Yes,Yes
KD-135-R4,Ice Packs,No,
KD-135-R5,Solar Refrigerators and Freezers,Yes,Yes
KD-135-R5,Refrigerators,No,
KD-135-R5,Temperature Monitoring Devices,No,
KD-135-R5,Cold Boxes (6L),Yes,Yes
KD-135-R5,GioStyle (4L),Yes,Yes
KD-135-R5,Rush (3L),Yes,Yes
KD-135-R5,Ice Packs,No,
KD-135-R6,Solar Refrigerators and Freezers,Yes,Yes
KD-135-R6,Refrigerators,No,
KD-135-R6,Temperature Monitoring Devices,No,
KD-135-R6,Cold Boxes (6L),Yes,No
KD-135-R6,GioStyle (4L),Yes,Yes
KD-135-R6,Rush (3L),Yes,No
KD-135-R6,Ice Packs,No,
KD-136-R1,Solar Refrigerators and Freezers,Yes,Yes
KD-136-R1,Refrigerators,No,
KD-136-R1,Temperature Monitoring Devices,No,
KD-136-R1,Cold Boxes (6L),No,
KD-136-R1,GioStyle (4L),No,
KD-136-R1,Rush (3L),No,
KD-136-R1,Ice Packs,Yes,No
KD-136-R2,Solar Refrigerators and Freezers,Yes,Yes
KD-136-R2,Refrigerators,No,
KD-136-R2,Temperature Monitoring Devices,No,
KD-136-R2,Cold Boxes (6L),No,
KD-136-R2,GioStyle (4L),No,
KD-136-R2,Rush (3L),No,
KD-136-R2,Ice Packs,Yes,No
KD-136-R3,Solar Refrigerators and Freezers,Yes,Yes
KD-136-R3,Refrigerators,No,
KD-136-R3,Temperature Monitoring Devices,No,
KD-136-R3,Cold Boxes (6L),No,
KD-136-R3,GioStyle (4L),No,
KD-136-R3,Rush (3L),No,
KD-136-R3,Ice Packs,Yes,Yes
KD-136-R4,Solar Refrigerators and Freezers,Yes,Yes
KD-136-R4,Refrigerators,No,
KD-136-R4,Temperature Monitoring Devices,No,
KD-136-R4,Cold Boxes (6L),No,
KD-136-R4,GioStyle (4L),No,
KD-136-R4,Rush (3L),No,
KD-136-R4,Ice Packs,Yes,Yes
KD-136-R5,Solar Refrigerators and Freezers,Yes,Yes
KD-136-R5,Refrigerators,No,
KD-136-R5,Temperature Monitoring Devices,No,
KD-136-R5,Cold Boxes (6L),No,
KD-136-R5,GioStyle (4L),No,
KD-136-R5,Rush (3L),No,
KD-136-R5,Ice Packs,Yes,Yes
KD-136-R6,Solar Refrigerators and Freezers,Yes,Yes
KD-136-R6,Refrigerators,No,
KD-136-R6,Temperature Monitoring Devices,No,
KD-136-R6,Cold Boxes (6L),No,
KD-136-R6,GioStyle (4L),No,
KD-136-R6,Rush (3L),No,
KD-136-R6,Ice Packs,Yes,No
KD-137-R1,Solar Refrigerators and Freezers,Yes,Yes
KD-137-R1,Refrigerators,Yes,No
KD-137-R1,Temperature Monitoring Devices,Yes,Yes
KD-137-R1,Cold Boxes (6L),Yes,Yes
KD-137-R1,GioStyle (4L),No,
KD-137-R1,Rush (3L),No,
KD-137-R1,Ice Packs,Yes,Yes
KD-137-R2,Solar Refrigerators and Freezers,Yes,Yes
KD-137-R2,Refrigerators,Yes,Yes
KD-137-R2,Temperature Monitoring Devices,Yes,Yes
KD-137-R2,Cold Boxes (6L),Yes,Yes
KD-137-R2,GioStyle (4L),No,
KD-137-R2,Rush (3L),No,
KD-137-R2,Ice Packs,Yes,Yes
KD-137-R3,Solar Refrigerators and Freezers,Yes,No
KD-137-R3,Refrigerators,Yes,Yes
KD-137-R3,Temperature Monitoring Devices,Yes,Yes
KD-137-R3,Cold Boxes (6L),Yes,Yes
KD-137-R3,GioStyle (4L),No,
KD-137-R3,Rush (3L),No,
KD-137-R3,Ice Packs,Yes,Yes
KD-137-R4,Solar Refrigerators and Freezers,Yes,Yes
KD-137-R4,Refrigerators,Yes,Yes
KD-137-R4,Temperature Monitoring Devices,Yes,Yes
KD-137-R4,Cold Boxes (6L),Yes,No
KD-137-R4,GioStyle (4L),No,
KD-137-R4,Rush (3L),No,
KD-137-R4,Ice Packs,Yes,Yes
KD-137-R5,Solar Refrigerators and Freezers,Yes,Yes
KD-137-R5,Refrigerators,Yes,No
KD-137-R5,Temperature Monitoring Devices,Yes,Yes
KD-137-R5,Cold Boxes (6L),Yes,No
KD-137-R5,GioStyle (4L),No,
KD-137-R5,Rush (3L),No,
KD-137-R5,Ice Packs,Yes,Yes
KD-137-R6,Solar Refrigerators and Freezers,Yes,No
KD-137-R6,Refrigerators,Yes,No
KD-137-R6,Temperature Monitoring Devices,Yes,Yes
KD-137-R6,Cold Boxes (6L),Yes,No
KD-137-R6,GioStyle (4L),No,
KD-137-R6,Rush (3L),No,
KD-137-R6,Ice Packs,Yes,Yes
KD-138-R1,Solar Refrigerators and Freezers,No,
KD-138-R1,Refrigerators,Yes,Yes
KD-138-R1,Temperature Monitoring Devices,Yes,Yes
KD-138-R1,Cold Boxes (6L),Yes,Yes
KD-138-R1,GioStyle (4L),Yes,Yes
KD-138-R1,Rush (3L),No,
KD-138-R1,Ice Packs,Yes,Yes
KD-138-R2,Solar Refrigerators and Freezers,No,
KD-138-R2,Refrigerators,Yes,Yes
KD-138-R2,Temperature Monitoring Devices,Yes,No
KD-138-R2,Cold Boxes (6L),Yes,No
KD-138-R2,GioStyle (4L),Yes,Yes
KD-138-R2,Rush (3L),No,
KD-138-R2,Ice Packs,Yes,Yes
KD-138-R3,Solar Refrigerators and Freezers,No,
KD-138-R3,Refrigerators,Yes,Yes
KD-138-R3,Temperature Monitoring Devices,Yes,Yes
KD-138-R3,Cold Boxes (6L),Yes,Yes
KD-138-R3,GioStyle (4L),Yes,Yes
KD-138-R3,Rush (3L),No,
KD-138-R3,Ice Packs,Yes,Yes
KD-138-R4,Solar Refrigerators and Freezers,No,
KD-138-R4,Refrigerators,Yes,Yes
KD-138-R4,Temperature Monitoring Devices,Yes,Yes
KD-138-R4,Cold Boxes (6L),Yes,Yes
KD-138-R4,GioStyle (4L),Yes,Yes
KD-138-R4,Rush (3L),No,
KD-138-R4,Ice Packs,Yes,No
KD-138-R5,Solar Refrigerators and Freezers,No,
KD-138-R5,Refrigerators,Yes,Yes
KD-138-R5,Temperature Monitoring Devices,Yes,Yes
KD-138-R5,Cold Boxes (6L),Yes,Yes
KD-138-R5,GioStyle (4L),Yes,Yes
KD-138-R5,Rush (3L),No,
KD-138-R5,Ice Packs,Yes,Yes
KD-138-R6,Solar Refrigerators and Freezers,No,
KD-138-R6,Refrigerators,Yes,Yes
KD-138-R6,Temperature Monitoring Devices,Yes,Yes
KD-138-R6,Cold Boxes (6L),Yes,Yes
KD-138-R6,GioStyle (4L),Yes,Yes
KD-138-R6,Rush (3L),No,
KD-138-R6,Ice Packs,Yes,Yes
KD-139-R1,Solar Refrigerators and Freezers,No,
KD-139-R1,Refrigerators,No,
KD-139-R1,Temperature Monitoring Devices,No,
KD-139-R1,Cold Boxes (6L),No,
KD-139-R1,GioStyle (4L),No,
KD-139-R1,Rush (3L),No,
KD-139-R1,Ice Packs,No,
KD-139-R2,Solar Refrigerators and Freezers,No,
KD-139-R2,Refrigerators,No,
KD-139-R2,Temperature Monitoring Devices,No,
KD-139-R2,Cold Boxes (6L),No,
KD-139-R2,GioStyle (4L),No,
KD-139-R2,Rush (3L),No,
KD-139-R2,Ice Packs,No,
KD-139-R3,Solar Refrigerators and Freezers,No,
KD-139-R3,Refrigerators,No,
KD-139-R3,Temperature Monitoring Devices,No,
KD-139-R3,Cold Boxes (6L),No,
KD-139-R3,GioStyle (4L),No,
KD-139-R3,Rush (3L),No,
KD-139-R3,Ice Packs,No,
KD-139-R4,Solar Refrigerators and Freezers,No,
KD-139-R4,Refrigerators,No,
KD-139-R4,Temperature Monitoring Devices,No,
KD-139-R4,Cold Boxes (6L),No,
KD-139-R4,GioStyle (4L),No,
KD-139-R4,Rush (3L),No,
KD-139-R4,Ice Packs,No,
KD-139-R5,Solar Refrigerators and Freezers,No,
KD-139-R5,Refrigerators,No,
KD-139-R5,Temperature Monitoring Devices,No,
KD-139-R5,Cold Boxes (6L),No,
KD-139-R5,GioStyle (4L),No,
KD-139-R5,Rush (3L),No,
KD-139-R5,Ice Packs,No,
KD-139-R6,Solar Refrigerators and Freezers,No,
KD-139-R6,Refrigerators,No,
KD-139-R6,Temperature Monitoring Devices,No,
KD-139-R6,Cold Boxes (6L),No,
KD-139-R6,GioStyle (4L),No,
KD-139-R6,Rush (3L),No,
KD-139-R6,Ice Packs,No,
KD-140-R1,Solar Refrigerators and Freezers,Yes,Yes
KD-140-R1,Refrigerators,Yes,Yes
KD-140-R1,Temperature Monitoring Devices,Yes,Yes
KD-140-R1,Cold Boxes (6L),Yes,Yes
KD-140-R1,GioStyle (4L),No,
KD-140-R1,Rush (3L),No,
KD-140-R1,Ice Packs,No,
KD-140-R2,Solar Refrigerators and Freezers,Yes,Yes
KD-140-R2,Refrigerators,Yes,Yes
KD-140-R2,Temperature Monitoring Devices,Yes,Yes
KD-140-R2,Cold Boxes (6L),Yes,No
KD-140-R2,GioStyle (4L),No,
KD-140-R2,Rush (3L),No,
KD-140-R2,Ice Packs,No,
KD-140-R3,Solar Refrigerators and Freezers,Yes,Yes
KD-140-R3,Refrigerators,Yes,Yes
KD-140-R3,Temperature Monitoring Devices,Yes,No
KD-140-R3,Cold Boxes (6L),Yes,No
KD-140-R3,GioStyle (4L),No,
KD-140-R3,Rush (3L),No,
KD-140-R3,Ice Packs,No,
KD-140-R4,Solar Refrigerators and Freezers,Yes,No
KD-140-R4,Refrigerators,Yes,No
KD-140-R4,Temperature Monitoring Devices,Yes,Yes
KD-140-R4,Cold Boxes (6L),Yes,Yes
KD-140-R4,GioStyle (4L),No,
KD-140-R4,Rush (3L),No,
KD-140-R4,Ice Packs,No,
KD-140-R5,Solar Refrigerators and Freezers,Yes,Yes
KD-140-R5,Refrigerators,Yes,Yes
KD-140-R5,Temperature Monitoring Devices,Yes,Yes
KD-140-R5,Cold Boxes (6L),Yes,Yes
KD-140-R5,GioStyle (4L),No,
KD-140-R5,Rush (3L),No,
KD-140-R5,Ice Packs,No,
KD-140-R6,Solar Refrigerators and Freezers,Yes,No
KD-140-R6,Refrigerators,Yes,Yes
KD-140-R6,Temperature Monitoring Devices,Yes,Yes
KD-140-R6,Cold Boxes (6L),Yes,Yes
KD-140-R6,GioStyle (4L),No,
KD-140-R6,Rush (3L),No,
KD-140-R6,Ice Packs,No,
KD-141-R1,Solar Refrigerators and Freezers,Yes,Yes
KD-141-R1,Refrigerators,No,
KD-141-R1,Temperature Monitoring Devices,Yes,Yes
KD-141-R1,Cold Boxes (6L),No,
KD-141-R1,GioStyle (4L),No,
KD-141-R1,Rush (3L),Yes,Yes
KD-141-R1,Ice Packs,Yes,Yes
KD-141-R2,Solar Refrigerators and Freezers,Yes,Yes
KD-141-R2,Refrigerators,No,
KD-141-R2,Temperature Monitoring Devices,Yes,Yes
KD-141-R2,Cold Boxes (6L),No,
KD-141-R2,GioStyle (4L),No,
KD-141-R2,Rush (3L),Yes,Yes
KD-141-R2,Ice Packs,Yes,No
KD-141-R3,Solar Refrigerators and Freezers,Yes,No
KD-141-R3,Refrigerators,No,
KD-141-R3,Temperature Monitoring Devices,Yes,Yes
KD-141-R3,Cold Boxes (6L),No,
KD-141-R3,GioStyle (4L),No,
KD-141-R3,Rush (3L),Yes,Yes
KD-141-R3,Ice Packs,Yes,Yes
KD-141-R4,Solar Refrigerators and Freezers,Yes,Yes
KD-141-R4,Refrigerators,No,
KD-141-R4,Temperature Monitoring Devices,Yes,Yes
KD-141-R4,Cold Boxes (6L),No,
KD-141-R4,GioStyle (4L),No,
KD-141-R4,Rush (3L),Yes,No
KD-141-R4,Ice Packs,Yes,Yes
KD-141-R5,Solar Refrigerators and Freezers,Yes,No
KD-141-R5,Refrigerators,No,
KD-141-R5,Temperature Monitoring Devices,Yes,Yes
KD-141-R5,Cold Boxes (6L),No,
KD-141-R5,GioStyle (4L),No,
KD-141-R5,Rush (3L),Yes,Yes
KD-141-R5,Ice Packs,Yes,Yes
KD-141-R6,Solar Refrigerators and Freezers,Yes,Yes
KD-141-R6,Refrigerators,No,
KD-141-R6,Temperature Monitoring Devices,Yes,No
KD-141-R6,Cold Boxes (6L),No,
KD-141-R6,GioStyle (4L),No,
KD-141-R6,Rush (3L),Yes,Yes
KD-141-R6,Ice Packs,Yes,Yes
KD-142-R1,Solar Refrigerators and Freezers,Yes,No
KD-142-R1,Refrigerators,Yes,Yes
KD-142-R1,Temperature Monitoring Devices,Yes,Yes
KD-142-R1,Cold Boxes (6L),Yes,Yes
KD-142-R1,GioStyle (4L),Yes,Yes
KD-142-R1,Rush (3L),No,
KD-142-R1,Ice Packs,Yes,Yes
KD-142-R2,Solar Refrigerators and Freezers,Yes,Yes
KD-142-R2,Refrigerators,Yes,Yes
KD-142-R2,Temperature Monitoring Devices,Yes,Yes
KD-142-R2,Cold Boxes (6L),Yes,Yes
KD-142-R2,GioStyle (4L),Yes,Yes
KD-142-R2,Rush (3L),No,
KD-142-R2,Ice Packs,Yes,Yes
KD-142-R3,Solar Refrigerators and Freezers,Yes,Yes
KD-142-R3,Refrigerators,Yes,No
KD-142-R3,Temperature Monitoring Devices,Yes,Yes
KD-142-R3,Cold Boxes (6L),Yes,No
KD-142-R3,GioStyle (4L),Yes,Yes
KD-142-R3,Rush (3L),No,
KD-142-R3,Ice Packs,Yes,Yes
KD-142-R4,Solar Refrigerators and Freezers,Yes,Yes
KD-142-R4,Refrigerators,Yes,No
KD-142-R4,Temperature Monitoring Devices,Yes,Yes
KD-142-R4,Cold Boxes (6L),Yes,Yes
KD-142-R4,GioStyle (4L),Yes,Yes
KD-142-R4,Rush (3L),No,
KD-142-R4,Ice Packs,Yes,Yes
KD-142-R5,Solar Refrigerators and Freezers,Yes,Yes
KD-142-R5,Refrigerators,Yes,No
KD-142-R5,Temperature Monitoring Devices,Yes,Yes
KD-142-R5,Cold Boxes (6L),Yes,Yes
KD-142-R5,GioStyle (4L),Yes,No
KD-142-R5,Rush (3L),No,
KD-142-R5,Ice Packs,Yes,Yes
KD-142-R6,Solar Refrigerators and Freezers,Yes,Yes
KD-142-R6,Refrigerators,Yes,Yes
KD-142-R6,Temperature Monitoring Devices,Yes,Yes
KD-142-R6,Cold Boxes (6L),Yes,Yes
KD-142-R6,GioStyle (4L),Yes,Yes
KD-142-R6,Rush (3L),No,
KD-142-R6,Ice Packs,Yes,Yes
KD-143-R1,Solar Refrigerators and Freezers,Yes,Yes
KD-143-R1,Refrigerators,Yes,Yes
KD-143-R1,Temperature Monitoring Devices,Yes,Yes
KD-143-R1,Cold Boxes (6L),Yes,Yes
KD-143-R1,GioStyle (4L),No,
KD-143-R1,Rush (3L),Yes,No
KD-143-R1,Ice Packs,Yes,No
KD-143-R2,Solar Refrigerators and Freezers,Yes,Yes
KD-143-R2,Refrigerators,Yes,Yes
KD-143-R2,Temperature Monitoring Devices,Yes,Yes
KD-143-R2,Cold Boxes (6L),Yes,Yes
KD-143-R2,GioStyle (4L),No,
KD-143-R2,Rush (3L),Yes,No
KD-143-R2,Ice Packs,Yes,No
KD-143-R3,Solar Refrigerators and Freezers,Yes,Yes
KD-143-R3,Refrigerators,Yes,Yes
KD-143-R3,Temperature Monitoring Devices,Yes,Yes
KD-143-R3,Cold Boxes (6L),Yes,Yes
KD-143-R3,GioStyle (4L),No,
KD-143-R3,Rush (3L),Yes,Yes
KD-143-R3,Ice Packs,Yes,Yes
KD-143-R4,Solar Refrigerators and Freezers,Yes,Yes
KD-143-R4,Refrigerators,Yes,Yes
KD-143-R4,Temperature Monitoring Devices,Yes,Yes
KD-143-R4,Cold Boxes (6L),Yes,Yes
KD-143-R4,GioStyle (4L),No,
KD-143-R4,Rush (3L),Yes,Yes
KD-143-R4,Ice Packs,Yes,No
KD-143-R5,Solar Refrigerators and Freezers,Yes,Yes
KD-143-R5,Refrigerators,Yes,Yes
KD-143-R5,Temperature Monitoring Devices,Yes,Yes
KD-143-R5,Cold Boxes (6L),Yes,Yes
KD-143-R5,GioStyle (4L),No,
KD-143-R5,Rush (3L),Yes,No
KD-143-R5,Ice Packs,Yes,Yes
KD-143-R6,Solar Refrigerators and Freezers,Yes,Yes
KD-143-R6,Refrigerators,Yes,Yes
KD-143-R6,Temperature Monitoring Devices,Yes,No
KD-143-R6,Cold Boxes (6L),Yes,Yes
KD-143-R6,GioStyle (4L),No,
KD-143-R6,Rush (3L),Yes,Yes
KD-143-R6,Ice Packs,Yes,No
KD-144-R1,Solar Refrigerators and Freezers,Yes,Yes
KD-144-R1,Refrigerators,No,
KD-144-R1,Temperature Monitoring Devices,Yes,Yes
KD-144-R1,Cold Boxes (6L),Yes,No
KD-144-R1,GioStyle (4L),Yes,Yes
KD-144-R1,Rush (3L),Yes,No
KD-144-R1,Ice Packs,Yes,Yes
KD-144-R2,Solar Refrigerators and Freezers,Yes,Yes
KD-144-R2,Refrigerators,No,
KD-144-R2,Temperature Monitoring Devices,Yes,No
KD-144-R2,Cold Boxes (6L),Yes,Yes
KD-144-R2,GioStyle (4L),Yes,No
KD-144-R2,Rush (3L),Yes,Yes
KD-144-R2,Ice Packs,Yes,Yes
KD-144-R3,Solar Refrigerators and Freezers,Yes,Yes
KD-144-R3,Refrigerators,No,
KD-144-R3,Temperature Monitoring Devices,Yes,Yes
KD-144-R3,Cold Boxes (6L),Yes,No
KD-144-R3,GioStyle (4L),Yes,Yes
KD-144-R3,Rush (3L),Yes,Yes
KD-144-R3,Ice Packs,Yes,Yes
KD-144-R4,Solar Refrigerators and Freezers,Yes,Yes
KD-144-R4,Refrigerators,No,
KD-144-R4,Temperature Monitoring Devices,Yes,Yes
KD-144-R4,Cold Boxes (6L),Yes,No
KD-144-R4,GioStyle (4L),Yes,No
KD-144-R4,Rush (3L),Yes,Yes
KD-144-R4,Ice Packs,Yes,Yes
KD-144-R5,Solar Refrigerators and Freezers,Yes,Yes
KD-144-R5,Refrigerators,No,
KD-144-R5,Temperature Monitoring Devices,Yes,Yes
KD-144-R5,Cold Boxes (6L),Yes,Yes
KD-144-R5,GioStyle (4L),Yes,Yes
KD-144-R5,Rush (3L),Yes,No
KD-144-R5,Ice Packs,Yes,No
KD-144-R6,Solar Refrigerators and Freezers,Yes,Yes
KD-144-R6,Refrigerators,No,
KD-144-R6,Temperature Monitoring Devices,Yes,Yes
KD-144-R6,Cold Boxes (6L),Yes,Yes
KD-144-R6,GioStyle (4L),Yes,Yes
KD-144-R6,Rush (3L),Yes,Yes
KD-144-R6,Ice Packs,Yes,Yes
KD-145-R1,Solar Refrigerators and Freezers,No,
KD-145-R1,Refrigerators,No,
KD-145-R1,Temperature Monitoring Devices,No,
KD-145-R1,Cold Boxes (6L),No,
KD-145-R1,GioStyle (4L),No,
KD-145-R1,Rush (3L),No,
KD-145-R1,Ice Packs,No,
KD-145-R2,Solar Refrigerators and Freezers,No,
KD-145-R2,Refrigerators,No,
KD-145-R2,Temperature Monitoring Devices,No,
KD-145-R2,Cold Boxes (6L),No,
KD-145-R2,GioStyle (4L),No,
KD-145-R2,Rush (3L),No,
KD-145-R2,Ice Packs,No,
KD-145-R3,Solar Refrigerators and Freezers,No,
KD-145-R3,Refrigerators,No,
KD-145-R3,Temperature Monitoring Devices,No,
KD-145-R3,Cold Boxes (6L),No,
KD-145-R3,GioStyle (4L),No,
KD-145-R3,Rush (3L),No,
KD-145-R3,Ice Packs,No,
KD-145-R4,Solar Refrigerators and Freezers,No,
KD-145-R4,Refrigerators,No,
KD-145-R4,Temperature Monitoring Devices,No,
KD-145-R4,Cold Boxes (6L),No,
KD-145-R4,GioStyle (4L),No,
KD-145-R4,Rush (3L),No,
KD-145-R4,Ice Packs,No,
KD-145-R5,Solar Refrigerators and Freezers,No,
KD-145-R5,Refrigerators,No,
KD-145-R5,Temperature Monitoring Devices,No,
KD-145-R5,Cold Boxes (6L),No,
KD-145-R5,GioStyle (4L),No,
KD-145-R5,Rush (3L),No,
KD-145-R5,Ice Packs,No,
KD-145-R6,Solar Refrigerators and Freezers,No,
KD-145-R6,Refrigerators,No,
KD-145-R6,Temperature Monitoring Devices,No,
KD-145-R6,Cold Boxes (6L),No,
KD-145-R6,GioStyle (4L),No,
KD-145-R6,Rush (3L),No,
KD-145-R6,Ice Packs,No,
KD-146-R1,Solar Refrigerators and Freezers,Yes,No
KD-146-R1,Refrigerators,No,
KD-146-R1,Temperature Monitoring Devices,Yes,Yes
KD-146-R1,Cold Boxes (6L),Yes,Yes
KD-146-R1,GioStyle (4L),Yes,Yes
KD-146-R1,Rush (3L),No,
KD-146-R1,Ice Packs,Yes,Yes
KD-146-R2,Solar Refrigerators and Freezers,Yes,No
KD-146-R2,Refrigerators,No,
KD-146-R2,Temperature Monitoring Devices,Yes,Yes
KD-146-R2,Cold Boxes (6L),Yes,Yes
KD-146-R2,GioStyle (4L),Yes,Yes
KD-146-R2,Rush (3L),No,
KD-146-R2,Ice Packs,Yes,Yes
KD-146-R3,Solar Refrigerators and Freezers,Yes,Yes
KD-146-R3,Refrigerators,No,
KD-146-R3,Temperature Monitoring Devices,Yes,Yes
KD-146-R3,Cold Boxes (6L),Yes,Yes
KD-146-R3,GioStyle (4L),Yes,Yes
KD-146-R3,Rush (3L),No,
KD-146-R3,Ice Packs,Yes,No
KD-146-R4,Solar Refrigerators and Freezers,Yes,Yes
KD-146-R4,Refrigerators,No,
KD-146-R4,Temperature Monitoring Devices,Yes,Yes
KD-146-R4,Cold Boxes (6L),Yes,No
KD-146-R4,GioStyle (4L),Yes,Yes
KD-146-R4,Rush (3L),No,
KD-146-R4,Ice Packs,Yes,Yes
KD-146-R5,Solar Refrigerators and Freezers,Yes,Yes
KD-146-R5,Refrigerators,No,
KD-146-R5,Temperature Monitoring Devices,Yes,Yes
KD-146-R5,Cold Boxes (6L),Yes,Yes
KD-146-R5,GioStyle (4L),Yes,Yes
KD-146-R5,Rush (3L),No,
KD-146-R5,Ice Packs,Yes,Yes
KD-146-R6,Solar Refrigerators and Freezers,Yes,No
KD-146-R6,Refrigerators,No,
KD-146-R6,Temperature Monitoring Devices,Yes,Yes
KD-146-R6,Cold Boxes (6L),Yes,Yes
KD-146-R6,GioStyle (4L),Yes,No
KD-146-R6,Rush (3L),No,
KD-146-R6,Ice Packs,Yes,Yes
KD-147-R1,Solar Refrigerators and Freezers,No,
KD-147-R1,Refrigerators,No,
KD-147-R1,Temperature Monitoring Devices,Yes,Yes
KD-147-R1,Cold Boxes (6L),Yes,Yes
KD-147-R1,GioStyle (4L),Yes,No
KD-147-R1,Rush (3L),No,
KD-147-R1,Ice Packs,Yes,Yes
KD-147-R2,Solar Refrigerators and Freezers,No,
KD-147-R2,Refrigerators,No,
KD-147-R2,Temperature Monitoring Devices,Yes,No
KD-147-R2,Cold Boxes (6L),Yes,No
KD-147-R2,GioStyle (4L),Yes,Yes
KD-147-R2,Rush (3L),No,
KD-147-R2,Ice Packs,Yes,Yes
KD-147-R3,Solar Refrigerators and Freezers,No,
KD-147-R3,Refrigerators,No,
KD-147-R3,Temperature Monitoring Devices,Yes,Yes
KD-147-R3,Cold Boxes (6L),Yes,Yes
KD-147-R3,GioStyle (4L),Yes,Yes
KD-147-R3,Rush (3L),No,
KD-147-R3,Ice Packs,Yes,No
KD-147-R4,Solar Refrigerators and Freezers,No,
KD-147-R4,Refrigerators,No,
KD-147-R4,Temperature Monitoring Devices,Yes,Yes
KD-147-R4,Cold Boxes (6L),Yes,No
KD-147-R4,GioStyle (4L),Yes,Yes
KD-147-R4,Rush (3L),No,
KD-147-R4,Ice Packs,Yes,No
KD-147-R5,Solar Refrigerators and Freezers,No,
KD-147-R5,Refrigerators,No,
KD-147-R5,Temperature Monitoring Devices,Yes,Yes
KD-147-R5,Cold Boxes (6L),Yes,Yes
KD-147-R5,GioStyle (4L),Yes,Yes
KD-147-R5,Rush (3L),No,
KD-147-R5,Ice Packs,Yes,No
KD-147-R6,Solar Refrigerators and Freezers,No,
KD-147-R6,Refrigerators,No,
KD-147-R6,Temperature Monitoring Devices,Yes,Yes
KD-147-R6,Cold Boxes (6L),Yes,Yes
KD-147-R6,GioStyle (4L),Yes,Yes
KD-147-R6,Rush (3L),No,
KD-147-R6,Ice Packs,Yes,No
KD-148-R1,Solar Refrigerators and Freezers,Yes,Yes
KD-148-R1,Refrigerators,No,
KD-148-R1,Temperature Monitoring Devices,Yes,No
KD-148-R1,Cold Boxes (6L),No,
KD-148-R1,GioStyle (4L),No,
KD-148-R1,Rush (3L),No,
KD-148-R1,Ice Packs,Yes,Yes
KD-148-R2,Solar Refrigerators and Freezers,Yes,Yes
KD-148-R2,Refrigerators,No,
KD-148-R2,Temperature Monitoring Devices,Yes,Yes
KD-148-R2,Cold Boxes (6L),No,
KD-148-R2,GioStyle (4L),No,
KD-148-R2,Rush (3L),No,
KD-148-R2,Ice Packs,Yes,No
KD-148-R3,Solar Refrigerators and Freezers,Yes,Yes
KD-148-R3,Refrigerators,No,
KD-148-R3,Temperature Monitoring Devices,Yes,Yes
KD-148-R3,Cold Boxes (6L),No,
KD-148-R3,GioStyle (4L),No,
KD-148-R3,Rush (3L),No,
KD-148-R3,Ice Packs,Yes,Yes
KD-148-R4,Solar Refrigerators and Freezers,Yes,Yes
KD-148-R4,Refrigerators,No,
KD-148-R4,Temperature Monitoring Devices,Yes,Yes
KD-148-R4,Cold Boxes (6L),No,
KD-148-R4,GioStyle (4L),No,
KD-148-R4,Rush (3L),No,
KD-148-R4,Ice Packs,Yes,Yes
KD-148-R5,Solar Refrigerators and Freezers,Yes,Yes
KD-148-R5,Refrigerators,No,
KD-148-R5,Temperature Monitoring Devices,Yes,Yes
KD-148-R5,Cold Boxes (6L),No,
KD-148-R5,GioStyle (4L),No,
KD-148-R5,Rush (3L),No,
KD-148-R5,Ice Packs,Yes,Yes
KD-148-R6,Solar Refrigerators and Freezers,Yes,Yes
KD-148-R6,Refrigerators,No,
KD-148-R6,Temperature Monitoring Devices,Yes,Yes
KD-148-R6,Cold Boxes (6L),No,
KD-148-R6,GioStyle (4L),No,
KD-148-R6,Rush (3L),No,
KD-148-R6,Ice Packs,Yes,Yes
KD-149-R1,Solar Refrigerators and Freezers,No,
KD-149-R1,Refrigerators,No,
KD-149-R1,Temperature Monitoring Devices,No,
KD-149-R1,Cold Boxes (6L),No,
KD-149-R1,GioStyle (4L),No,
KD-149-R1,Rush (3L),No,
KD-149-R1,Ice Packs,No,
KD-149-R2,Solar Refrigerators and Freezers,No,
KD-149-R2,Refrigerators,No,
KD-149-R2,Temperature Monitoring Devices,No,
KD-149-R2,Cold Boxes (6L),No,
KD-149-R2,GioStyle (4L),No,
KD-149-R2,Rush (3L),No,
KD-149-R2,Ice Packs,No,
KD-149-R3,Solar Refrigerators and Freezers,No,
KD-149-R3,Refrigerators,No,
KD-149-R3,Temperature Monitoring Devices,No,
KD-149-R3,Cold Boxes (6L),No,
KD-149-R3,GioStyle (4L),No,
KD-149-R3,Rush (3L),No,
KD-149-R3,Ice Packs,No,
KD-149-R4,Solar Refrigerators and Freezers,No,
KD-149-R4,Refrigerators,No,
KD-149-R4,Temperature Monitoring Devices,No,
KD-149-R4,Cold Boxes (6L),No,
KD-149-R4,GioStyle (4L),No,
KD-149-R4,Rush (3L),No,
KD-149-R4,Ice Packs,No,
KD-149-R5,Solar Refrigerators and Freezers,No,
KD-149-R5,Refrigerators,No,
KD-149-R5,Temperature Monitoring Devices,No,
KD-149-R5,Cold Boxes (6L),No,
KD-149-R5,GioStyle (4L),No,
KD-149-R5,Rush (3L),No,
KD-149-R5,Ice Packs,No,
KD-149-R6,Solar Refrigerators and Freezers,No,
KD-149-R6,Refrigerators,No,
KD-149-R6,Temperature Monitoring Devices,No,
KD-149-R6,Cold Boxes (6L),No,
KD-149-R6,GioStyle (4L),No,
KD-149-R6,Rush (3L),No,
KD-149-R6,Ice Packs,No,
KD-150-R1,Solar Refrigerators and Freezers,No,
KD-150-R1,Refrigerators,No,
KD-150-R1,Temperature Monitoring Devices,Yes,Yes
KD-150-R1,Cold Boxes (6L),Yes,Yes
KD-150-R1,GioStyle (4L),Yes,Yes
KD-150-R1,Rush (3L),No,
KD-150-R1,Ice Packs,Yes,No
KD-150-R2,Solar Refrigerators and Freezers,No,
KD-150-R2,Refrigerators,No,
KD-150-R2,Temperature Monitoring Devices,Yes,Yes
KD-150-R2,Cold Boxes (6L),Yes,Yes
KD-150-R2,GioStyle (4L),Yes,Yes
KD-150-R2,Rush (3L),No,
KD-150-R2,Ice Packs,Yes,Yes
KD-150-R3,Solar Refrigerators and Freezers,No,
KD-150-R3,Refrigerators,No,
KD-150-R3,Temperature Monitoring Devices,Yes,Yes
KD-150-R3,Cold Boxes (6L),Yes,Yes
KD-150-R3,GioStyle (4L),Yes,Yes
KD-150-R3,Rush (3L),No,
KD-150-R3,Ice Packs,Yes,Yes
KD-150-R4,Solar Refrigerators and Freezers,No,
KD-150-R4,Refrigerators,No,
KD-150-R4,Temperature Monitoring Devices,Yes,Yes
KD-150-R4,Cold Boxes (6L),Yes,Yes
KD-150-R4,GioStyle (4L),Yes,Yes
KD-150-R4,Rush (3L),No,
KD-150-R4,Ice Packs,Yes,Yes
KD-150-R5,Solar Refrigerators and Freezers,No,
KD-150-R5,Refrigerators,No,
KD-150-R5,Temperature Monitoring Devices,Yes,Yes
KD-150-R5,Cold Boxes (6L),Yes,No
KD-150-R5,GioStyle (4L),Yes,Yes
KD-150-R5,Rush (3L),No,
KD-150-R5,Ice Packs,Yes,No
KD-150-R6,Solar Refrigerators and Freezers,No,
KD-150-R6,Refrigerators,No,
KD-150-R6,Temperature Monitoring Devices,Yes,Yes
KD-150-R6,Cold Boxes (6L),Yes,Yes
KD-150-R6,GioStyle (4L),Yes,Yes
KD-150-R6,Rush (3L),No,
KD-150-R6,Ice Packs,Yes,Yes
KD-151-R1,Solar Refrigerators and Freezers,No,
KD-151-R1,Refrigerators,No,
KD-151-R1,Temperature Monitoring Devices,No,
KD-151-R1,Cold Boxes (6L),No,
KD-151-R1,GioStyle (4L),No,
KD-151-R1,Rush (3L),No,
KD-151-R1,Ice Packs,No,
KD-151-R2,Solar Refrigerators and Freezers,No,
KD-151-R2,Refrigerators,No,
KD-151-R2,Temperature Monitoring Devices,No,
KD-151-R2,Cold Boxes (6L),No,
KD-151-R2,GioStyle (4L),No,
KD-151-R2,Rush (3L),No,
KD-151-R2,Ice Packs,No,
KD-151-R3,Solar Refrigerators and Freezers,No,
KD-151-R3,Refrigerators,No,
KD-151-R3,Temperature Monitoring Devices,No,
KD-151-R3,Cold Boxes (6L),No,
KD-151-R3,GioStyle (4L),No,
KD-151-R3,Rush (3L),No,
KD-151-R3,Ice Packs,No,
KD-151-R4,Solar Refrigerators and Freezers,No,
KD-151-R4,Refrigerators,No,
KD-151-R4,Temperature Monitoring Devices,No,
KD-151-R4,Cold Boxes (6L),No,
KD-151-R4,GioStyle (4L),No,
KD-151-R4,Rush (3L),No,
KD-151-R4,Ice Packs,No,
KD-151-R5,Solar Refrigerators and Freezers,No,
KD-151-R5,Refrigerators,No,
KD-151-R5,Temperature Monitoring Devices,No,
KD-151-R5,Cold Boxes (6L),No,
KD-151-R5,GioStyle (4L),No,
KD-151-R5,Rush (3L),No,
KD-151-R5,Ice Packs,No,
KD-151-R6,Solar Refrigerators and Freezers,No,
KD-151-R6,Refrigerators,No,
KD-151-R6,Temperature Monitoring Devices,No,
KD-151-R6,Cold Boxes (6L),No,
KD-151-R6,GioStyle (4L),No,
KD-151-R6,Rush (3L),No,
KD-151-R6,Ice Packs,No,
KD-152-R1,Solar Refrigerators and Freezers,No,
KD-152-R1,Refrigerators,Yes,Yes
KD-152-R1,Temperature Monitoring Devices,Yes,Yes
KD-152-R1,Cold Boxes (6L),Yes,Yes
KD-152-R1,GioStyle (4L),No,
KD-152-R1,Rush (3L),No,
KD-152-R1,Ice Packs,Yes,Yes
KD-152-R2,Solar Refrigerators and Freezers,No,
KD-152-R2,Refrigerators,Yes,Yes
KD-152-R2,Temperature Monitoring Devices,Yes,Yes
KD-152-R2,Cold Boxes (6L),Yes,No
KD-152-R2,GioStyle (4L),No,
KD-152-R2,Rush (3L),No,
KD-152-R2,Ice Packs,Yes,Yes
KD-152-R3,Solar Refrigerators and Freezers,No,
KD-152-R3,Refrigerators,Yes,Yes
KD-152-R3,Temperature Monitoring Devices,Yes,No
KD-152-R3,Cold Boxes (6L),Yes,No
KD-152-R3,GioStyle (4L),No,
KD-152-R3,Rush (3L),No,
KD-152-R3,Ice Packs,Yes,Yes
KD-152-R4,Solar Refrigerators and Freezers,No,
KD-152-R4,Refrigerators,Yes,No
KD-152-R4,Temperature Monitoring Devices,Yes,Yes
KD-152-R4,Cold Boxes (6L),Yes,No
KD-152-R4,GioStyle (4L),No,
KD-152-R4,Rush (3L),No,
KD-152-R4,Ice Packs,Yes,No
KD-152-R5,Solar Refrigerators and Freezers,No,
KD-152-R5,Refrigerators,Yes,Yes
KD-152-R5,Temperature Monitoring Devices,Yes,Yes
KD-152-R5,Cold Boxes (6L),Yes,No
KD-152-R5,GioStyle (4L),No,
KD-152-R5,Rush (3L),No,
KD-152-R5,Ice Packs,Yes,No
KD-152-R6,Solar Refrigerators and Freezers,No,
KD-152-R6,Refrigerators,Yes,Yes
KD-152-R6,Temperature Monitoring Devices,Yes,Yes
KD-152-R6,Cold Boxes (6L),Yes,No
KD-152-R6,GioStyle (4L),No,
KD-152-R6,Rush (3L),No,
KD-152-R6,Ice Packs,Yes,No
KD-153-R1,Solar Refrigerators and Freezers,No,
KD-153-R1,Refrigerators,No,
KD-153-R1,Temperature Monitoring Devices,Yes,Yes
KD-153-R1,Cold Boxes (6L),Yes,Yes
KD-153-R1,GioStyle (4L),No,
KD-153-R1,Rush (3L),No,
KD-153-R1,Ice Packs,Yes,Yes
KD-153-R2,Solar Refrigerators and Freezers,No,
KD-153-R2,Refrigerators,No,
KD-153-R2,Temperature Monitoring Devices,Yes,Yes
KD-153-R2,Cold Boxes (6L),Yes,Yes
KD-153-R2,GioStyle (4L),No,
KD-153-R2,Rush (3L),No,
KD-153-R2,Ice Packs,Yes,Yes
KD-153-R3,Solar Refrigerators and Freezers,No,
KD-153-R3,Refrigerators,No,
KD-153-R3,Temperature Monitoring Devices,Yes,Yes
KD-153-R3,Cold Boxes (6L),Yes,Yes
KD-153-R3,GioStyle (4L),No,
KD-153-R3,Rush (3L),No,
KD-153-R3,Ice Packs,Yes,Yes
KD-153-R4,Solar Refrigerators and Freezers,No,
KD-153-R4,Refrigerators,No,
KD-153-R4,Temperature Monitoring Devices,Yes,Yes
KD-153-R4,Cold Boxes (6L),Yes,Yes
KD-153-R4,GioStyle (4L),No,
KD-153-R4,Rush (3L),No,
KD-153-R4,Ice Packs,Yes,Yes
KD-153-R5,Solar Refrigerators and Freezers,No,
KD-153-R5,Refrigerators,No,
KD-153-R5,Temperature Monitoring Devices,Yes,Yes
KD-153-R5,Cold Boxes (6L),Yes,Yes
KD-153-R5,GioStyle (4L),No,
KD-153-R5,Rush (3L),No,
KD-153-R5,Ice Packs,Yes,Yes
KD-153-R6,Solar Refrigerators and Freezers,No,
KD-153-R6,Refrigerators,No,
KD-153-R6,Temperature Monitoring Devices,Yes,Yes
KD-153-R6,Cold Boxes (6L),Yes,Yes
KD-153-R6,GioStyle (4L),No,
KD-153-R6,Rush (3L),No,
KD-153-R6,Ice Packs,Yes,Yes
KD-154-R1,Solar Refrigerators and Freezers,No,
KD-154-R1,Refrigerators,No,
KD-154-R1,Temperature Monitoring Devices,Yes,Yes
KD-154-R1,Cold Boxes (6L),Yes,Yes
KD-154-R1,GioStyle (4L),Yes,Yes
KD-154-R1,Rush (3L),No,
KD-154-R1,Ice Packs,Yes,Yes
KD-154-R2,Solar Refrigerators and Freezers,No,
KD-154-R2,Refrigerators,No,
KD-154-R2,Temperature Monitoring Devices,Yes,Yes
KD-154-R2,Cold Boxes (6L),Yes,Yes
KD-154-R2,GioStyle (4L),Yes,Yes
KD-154-R2,Rush (3L),No,
KD-154-R2,Ice Packs,Yes,Yes
KD-154-R3,Solar Refrigerators and Freezers,No,
KD-154-R3,Refrigerators,No,
KD-154-R3,Temperature Monitoring Devices,Yes,Yes
KD-154-R3,Cold Boxes (6L),Yes,Yes
KD-154-R3,GioStyle (4L),Yes,Yes
KD-154-R3,Rush (3L),No,
KD-154-R3,Ice Packs,Yes,Yes
KD-154-R4,Solar Refrigerators and Freezers,No,
KD-154-R4,Refrigerators,No,
KD-154-R4,Temperature Monitoring Devices,Yes,Yes
KD-154-R4,Cold Boxes (6L),Yes,Yes
KD-154-R4,GioStyle (4L),Yes,Yes
KD-154-R4,Rush (3L),No,
KD-154-R4,Ice Packs,Yes,Yes
KD-154-R5,Solar Refrigerators and Freezers,No,
KD-154-R5,Refrigerators,No,
KD-154-R5,Temperature Monitoring Devices,Yes,Yes
KD-154-R5,Cold Boxes (6L),Yes,No
KD-154-R5,GioStyle (4L),Yes,Yes
KD-154-R5,Rush (3L),No,
KD-154-R5,Ice Packs,Yes,No
KD-154-R6,Solar Refrigerators and Freezers,No,
KD-154-R6,Refrigerators,No,
KD-154-R6,Temperature Monitoring Devices,Yes,Yes
KD-154-R6,Cold Boxes (6L),Yes,Yes
KD-154-R6,GioStyle (4L),Yes,No
KD-154-R6,Rush (3L),No,
KD-154-R6,Ice Packs,Yes,Yes
KD-155-R1,Solar Refrigerators and Freezers,Yes,Yes
KD-155-R1,Refrigerators,No,
KD-155-R1,Temperature Monitoring Devices,Yes,Yes
KD-155-R1,Cold Boxes (6L),No,
KD-155-R1,GioStyle (4L),No,
KD-155-R1,Rush (3L),Yes,Yes
KD-155-R1,Ice Packs,Yes,Yes
KD-155-R2,Solar Refrigerators and Freezers,Yes,Yes
KD-155-R2,Refrigerators,No,
KD-155-R2,Temperature Monitoring Devices,Yes,Yes
KD-155-R2,Cold Boxes (6L),No,
KD-155-R2,GioStyle (4L),No,
KD-155-R2,Rush (3L),Yes,Yes
KD-155-R2,Ice Packs,Yes,Yes
KD-155-R3,Solar Refrigerators and Freezers,Yes,Yes
KD-155-R3,Refrigerators,No,
KD-155-R3,Temperature Monitoring Devices,Yes,Yes
KD-155-R3,Cold Boxes (6L),No,
KD-155-R3,GioStyle (4L),No,
KD-155-R3,Rush (3L),Yes,Yes
KD-155-R3,Ice Packs,Yes,Yes
KD-155-R4,Solar Refrigerators and Freezers,Yes,Yes
KD-155-R4,Refrigerators,No,
KD-155-R4,Temperature Monitoring Devices,Yes,Yes
KD-155-R4,Cold Boxes (6L),No,
KD-155-R4,GioStyle (4L),No,
KD-155-R4,Rush (3L),Yes,Yes
KD-155-R4,Ice Packs,Yes,Yes
KD-155-R5,Solar Refrigerators and Freezers,Yes,Yes
KD-155-R5,Refrigerators,No,
KD-155-R5,Temperature Monitoring Devices,Yes,No
KD-155-R5,Cold Boxes (6L),No,
KD-155-R5,GioStyle (4L),No,
KD-155-R5,Rush (3L),Yes,Yes
KD-155-R5,Ice Packs,Yes,Yes
KD-155-R6,Solar Refrigerators and Freezers,Yes,Yes
KD-155-R6,Refrigerators,No,
KD-155-R6,Temperature Monitoring Devices,Yes,No
KD-155-R6,Cold Boxes (6L),No,
KD-155-R6,GioStyle (4L),No,
KD-155-R6,Rush (3L),Yes,Yes
KD-155-R6,Ice Packs,Yes,Yes
KD-156-R1,Solar Refrigerators and Freezers,Yes,Yes
KD-156-R1,Refrigerators,No,
KD-156-R1,Temperature Monitoring Devices,Yes,Yes
KD-156-R1,Cold Boxes (6L),No,
KD-156-R1,GioStyle (4L),Yes,Yes
KD-156-R1,Rush (3L),No,
KD-156-R1,Ice Packs,Yes,Yes
KD-156-R2,Solar Refrigerators and Freezers,Yes,Yes
KD-156-R2,Refrigerators,No,
KD-156-R2,Temperature Monitoring Devices,Yes,Yes
KD-156-R2,Cold Boxes (6L),No,
KD-156-R2,GioStyle (4L),Yes,No
KD-156-R2,Rush (3L),No,
KD-156-R2,Ice Packs,Yes,Yes
KD-156-R3,Solar Refrigerators and Freezers,Yes,Yes
KD-156-R3,Refrigerators,No,
KD-156-R3,Temperature Monitoring Devices,Yes,Yes
KD-156-R3,Cold Boxes (6L),No,
KD-156-R3,GioStyle (4L),Yes,No
KD-156-R3,Rush (3L),No,
KD-156-R3,Ice Packs,Yes,Yes
KD-156-R4,Solar Refrigerators and Freezers,Yes,Yes
KD-156-R4,Refrigerators,No,
KD-156-R4,Temperature Monitoring Devices,Yes,Yes
KD-156-R4,Cold Boxes (6L),No,
KD-156-R4,GioStyle (4L),Yes,Yes
KD-156-R4,Rush (3L),No,
KD-156-R4,Ice Packs,Yes,Yes
KD-156-R5,Solar Refrigerators and Freezers,Yes,Yes
KD-156-R5,Refrigerators,No,
KD-156-R5,Temperature Monitoring Devices,Yes,Yes
KD-156-R5,Cold Boxes (6L),No,
KD-156-R5,GioStyle (4L),Yes,Yes
KD-156-R5,Rush (3L),No,
KD-156-R5,Ice Packs,Yes,Yes
KD-156-R6,Solar Refrigerators and Freezers,Yes,No
KD-156-R6,Refrigerators,No,
KD-156-R6,Temperature Monitoring Devices,Yes,Yes
KD-156-R6,Cold Boxes (6L),No,
KD-156-R6,GioStyle (4L),Yes,Yes
KD-156-R6,Rush (3L),No,
KD-156-R6,Ice Packs,Yes,Yes
KD-157-R1,Solar Refrigerators and Freezers,Yes,Yes
KD-157-R1,Refrigerators,No,
KD-157-R1,Temperature Monitoring Devices,No,
KD-157-R1,Cold Boxes (6L),No,
KD-157-R1,GioStyle (4L),No,
KD-157-R1,Rush (3L),No,
KD-157-R1,Ice Packs,Yes,Yes
KD-157-R2,Solar Refrigerators and Freezers,Yes,Yes
KD-157-R2,Refrigerators,No,
KD-157-R2,Temperature Monitoring Devices,No,
KD-157-R2,Cold Boxes (6L),No,
KD-157-R2,GioStyle (4L),No,
KD-157-R2,Rush (3L),No,
KD-157-R2,Ice Packs,Yes,No
KD-157-R3,Solar Refrigerators and Freezers,Yes,Yes
KD-157-R3,Refrigerators,No,
KD-157-R3,Temperature Monitoring Devices,No,
KD-157-R3,Cold Boxes (6L),No,
KD-157-R3,GioStyle (4L),No,
KD-157-R3,Rush (3L),No,
KD-157-R3,Ice Packs,Yes,Yes
KD-157-R4,Solar Refrigerators and Freezers,Yes,Yes
KD-157-R4,Refrigerators,No,
KD-157-R4,Temperature Monitoring Devices,No,
KD-157-R4,Cold Boxes (6L),No,
KD-157-R4,GioStyle (4L),No,
KD-157-R4,Rush (3L),No,
KD-157-R4,Ice Packs,Yes,Yes
KD-157-R5,Solar Refrigerators and Freezers,Yes,Yes
KD-157-R5,Refrigerators,No,
KD-157-R5,Temperature Monitoring Devices,No,
KD-157-R5,Cold Boxes (6L),No,
KD-157-R5,GioStyle (4L),No,
KD-157-R5,Rush (3L),No,
KD-157-R5,Ice Packs,Yes,Yes
KD-157-R6,Solar Refrigerators and Freezers,Yes,Yes
KD-157-R6,Refrigerators,No,
KD-157-R6,Temperature Monitoring Devices,No,
KD-157-R6,Cold Boxes (6L),No,
KD-157-R6,GioStyle (4L),No,
KD-157-R6,Rush (3L),No,
KD-157-R6,Ice Packs,Yes,No
KD-158-R1,Solar Refrigerators and Freezers,No,
KD-158-R1,Refrigerators,No,
KD-158-R1,Temperature Monitoring Devices,Yes,Yes
KD-158-R1,Cold Boxes (6L),Yes,Yes
KD-158-R1,GioStyle (4L),No,
KD-158-R1,Rush (3L),No,
KD-158-R1,Ice Packs,Yes,Yes
KD-158-R2,Solar Refrigerators and Freezers,No,
KD-158-R2,Refrigerators,No,
KD-158-R2,Temperature Monitoring Devices,Yes,Yes
KD-158-R2,Cold Boxes (6L),Yes,Yes
KD-158-R2,GioStyle (4L),No,
KD-158-R2,Rush (3L),No,
KD-158-R2,Ice Packs,Yes,No
KD-158-R3,Solar Refrigerators and Freezers,No,
KD-158-R3,Refrigerators,No,
KD-158-R3,Temperature Monitoring Devices,Yes,Yes
KD-158-R3,Cold Boxes (6L),Yes,Yes
KD-158-R3,GioStyle (4L),No,
KD-158-R3,Rush (3L),No,
KD-158-R3,Ice Packs,Yes,Yes
KD-158-R4,Solar Refrigerators and Freezers,No,
KD-158-R4,Refrigerators,No,
KD-158-R4,Temperature Monitoring Devices,Yes,Yes
KD-158-R4,Cold Boxes (6L),Yes,Yes
KD-158-R4,GioStyle (4L),No,
KD-158-R4,Rush (3L),No,
KD-158-R4,Ice Packs,Yes,Yes
KD-158-R5,Solar Refrigerators and Freezers,No,
KD-158-R5,Refrigerators,No,
KD-158-R5,Temperature Monitoring Devices,Yes,Yes
KD-158-R5,Cold Boxes (6L),Yes,Yes
KD-158-R5,GioStyle (4L),No,
KD-158-R5,Rush (3L),No,
KD-158-R5,Ice Packs,Yes,No
KD-158-R6,Solar Refrigerators and Freezers,No,
KD-158-R6,Refrigerators,No,
KD-158-R6,Temperature Monitoring Devices,Yes,Yes
KD-158-R6,Cold Boxes (6L),Yes,Yes
KD-158-R6,GioStyle (4L),No,
KD-158-R6,Rush (3L),No,
KD-158-R6,Ice Packs,Yes,Yes
KD-159-R1,Solar Refrigerators and Freezers,No,
KD-159-R1,Refrigerators,No,
KD-159-R1,Temperature Monitoring Devices,Yes,Yes
KD-159-R1,Cold Boxes (6L),Yes,Yes
KD-159-R1,GioStyle (4L),No,
KD-159-R1,Rush (3L),Yes,Yes
KD-159-R1,Ice Packs,Yes,Yes
KD-159-R2,Solar Refrigerators and Freezers,No,
KD-159-R2,Refrigerators,No,
KD-159-R2,Temperature Monitoring Devices,Yes,Yes
KD-159-R2,Cold Boxes (6L),Yes,Yes
KD-159-R2,GioStyle (4L),No,
KD-159-R2,Rush (3L),Yes,Yes
KD-159-R2,Ice Packs,Yes,Yes
KD-159-R3,Solar Refrigerators and Freezers,No,
KD-159-R3,Refrigerators,No,
KD-159-R3,Temperature Monitoring Devices,Yes,Yes
KD-159-R3,Cold Boxes (6L),Yes,No
KD-159-R3,GioStyle (4L),No,
KD-159-R3,Rush (3L),Yes,Yes
KD-159-R3,Ice Packs,Yes,Yes
KD-159-R4,Solar Refrigerators and Freezers,No,
KD-159-R4,Refrigerators,No,
KD-159-R4,Temperature Monitoring Devices,Yes,No
KD-159-R4,Cold Boxes (6L),Yes,Yes
KD-159-R4,GioStyle (4L),No,
KD-159-R4,Rush (3L),Yes,No
KD-159-R4,Ice Packs,Yes,Yes
KD-159-R5,Solar Refrigerators and Freezers,No,
KD-159-R5,Refrigerators,No,
KD-159-R5,Temperature Monitoring Devices,Yes,Yes
KD-159-R5,Cold Boxes (6L),Yes,Yes
KD-159-R5,GioStyle (4L),No,
KD-159-R5,Rush (3L),Yes,Yes
KD-159-R5,Ice Packs,Yes,Yes
KD-159-R6,Solar Refrigerators and Freezers,No,
KD-159-R6,Refrigerators,No,
KD-159-R6,Temperature Monitoring Devices,Yes,Yes
KD-159-R6,Cold Boxes (6L),Yes,Yes
KD-159-R6,GioStyle (4L),No,
KD-159-R6,Rush (3L),Yes,Yes
KD-159-R6,Ice Packs,Yes,Yes
KD-160-R1,Solar Refrigerators and Freezers,No,
KD-160-R1,Refrigerators,Yes,Yes
KD-160-R1,Temperature Monitoring Devices,No,
KD-160-R1,Cold Boxes (6L),Yes,Yes
KD-160-R1,GioStyle (4L),Yes,Yes
KD-160-R1,Rush (3L),No,
KD-160-R1,Ice Packs,Yes,Yes
KD-160-R2,Solar Refrigerators and Freezers,No,
KD-160-R2,Refrigerators,Yes,Yes
KD-160-R2,Temperature Monitoring Devices,No,
KD-160-R2,Cold Boxes (6L),Yes,No
KD-160-R2,GioStyle (4L),Yes,Yes
KD-160-R2,Rush (3L),No,
KD-160-R2,Ice Packs,Yes,Yes
KD-160-R3,Solar Refrigerators and Freezers,No,
KD-160-R3,Refrigerators,Yes,Yes
KD-160-R3,Temperature Monitoring Devices,No,
KD-160-R3,Cold Boxes (6L),Yes,Yes
KD-160-R3,GioStyle (4L),Yes,Yes
KD-160-R3,Rush (3L),No,
KD-160-R3,Ice Packs,Yes,Yes
KD-160-R4,Solar Refrigerators and Freezers,No,
KD-160-R4,Refrigerators,Yes,Yes
KD-160-R4,Temperature Monitoring Devices,No,
KD-160-R4,Cold Boxes (6L),Yes,No
KD-160-R4,GioStyle (4L),Yes,Yes
KD-160-R4,Rush (3L),No,
KD-160-R4,Ice Packs,Yes,Yes
KD-160-R5,Solar Refrigerators and Freezers,No,
KD-160-R5,Refrigerators,Yes,Yes
KD-160-R5,Temperature Monitoring Devices,No,
KD-160-R5,Cold Boxes (6L),Yes,Yes
KD-160-R5,GioStyle (4L),Yes,No
KD-160-R5,Rush (3L),No,
KD-160-R5,Ice Packs,Yes,Yes
KD-160-R6,Solar Refrigerators and Freezers,No,
KD-160-R6,Refrigerators,Yes,Yes
KD-160-R6,Temperature Monitoring Devices,No,
KD-160-R6,Cold Boxes (6L),Yes,Yes
KD-160-R6,GioStyle (4L),Yes,Yes
KD-160-R6,Rush (3L),No,
KD-160-R6,Ice Packs,Yes,Yes
KD-161-R1,Solar Refrigerators and Freezers,Yes,Yes
KD-161-R1,Refrigerators,Yes,Yes
KD-161-R1,Temperature Monitoring Devices,Yes,Yes
KD-161-R1,Cold Boxes (6L),Yes,Yes
KD-161-R1,GioStyle (4L),No,
KD-161-R1,Rush (3L),No,
KD-161-R1,Ice Packs,No,
KD-161-R2,Solar Refrigerators and Freezers,Yes,Yes
KD-161-R2,Refrigerators,Yes,Yes
KD-161-R2,Temperature Monitoring Devices,Yes,Yes
KD-161-R2,Cold Boxes (6L),Yes,Yes
KD-161-R2,GioStyle (4L),No,
KD-161-R2,Rush (3L),No,
KD-161-R2,Ice Packs,No,
KD-161-R3,Solar Refrigerators and Freezers,Yes,Yes
KD-161-R3,Refrigerators,Yes,Yes
KD-161-R3,Temperature Monitoring Devices,Yes,Yes
KD-161-R3,Cold Boxes (6L),Yes,Yes
KD-161-R3,GioStyle (4L),No,
KD-161-R3,Rush (3L),No,
KD-161-R3,Ice Packs,No,
KD-161-R4,Solar Refrigerators and Freezers,Yes,Yes
KD-161-R4,Refrigerators,Yes,Yes
KD-161-R4,Temperature Monitoring Devices,Yes,Yes
KD-161-R4,Cold Boxes (6L),Yes,Yes
KD-161-R4,GioStyle (4L),No,
KD-161-R4,Rush (3L),No,
KD-161-R4,Ice Packs,No,
KD-161-R5,Solar Refrigerators and Freezers,Yes,Yes
KD-161-R5,Refrigerators,Yes,Yes
KD-161-R5,Temperature Monitoring Devices,Yes,Yes
KD-161-R5,Cold Boxes (6L),Yes,Yes
KD-161-R5,GioStyle (4L),No,
KD-161-R5,Rush (3L),No,
KD-161-R5,Ice Packs,No,
KD-161-R6,Solar Refrigerators and Freezers,Yes,No
KD-161-R6,Refrigerators,Yes,Yes
KD-161-R6,Temperature Monitoring Devices,Yes,Yes
KD-161-R6,Cold Boxes (6L),Yes,Yes
KD-161-R6,GioStyle (4L),No,
KD-161-R6,Rush (3L),No,
KD-161-R6,Ice Packs,No,
KD-162-R1,Solar Refrigerators and Freezers,Yes,Yes
KD-162-R1,Refrigerators,Yes,Yes
KD-162-R1,Temperature Monitoring Devices,Yes,Yes
KD-162-R1,Cold Boxes (6L),Yes,Yes
KD-162-R1,GioStyle (4L),Yes,Yes
KD-162-R1,Rush (3L),No,
KD-162-R1,Ice Packs,Yes,Yes
KD-162-R2,Solar Refrigerators and Freezers,Yes,Yes
KD-162-R2,Refrigerators,Yes,Yes
KD-162-R2,Temperature Monitoring Devices,Yes,Yes
KD-162-R2,Cold Boxes (6L),Yes,Yes
KD-162-R2,GioStyle (4L),Yes,Yes
KD-162-R2,Rush (3L),No,
KD-162-R2,Ice Packs,Yes,Yes
KD-162-R3,Solar Refrigerators and Freezers,Yes,Yes
KD-162-R3,Refrigerators,Yes,Yes
KD-162-R3,Temperature Monitoring Devices,Yes,Yes
KD-162-R3,Cold Boxes (6L),Yes,No
KD-162-R3,GioStyle (4L),Yes,Yes
KD-162-R3,Rush (3L),No,
KD-162-R3,Ice Packs,Yes,Yes
KD-162-R4,Solar Refrigerators and Freezers,Yes,Yes
KD-162-R4,Refrigerators,Yes,No
KD-162-R4,Temperature Monitoring Devices,Yes,Yes
KD-162-R4,Cold Boxes (6L),Yes,Yes
KD-162-R4,GioStyle (4L),Yes,Yes
KD-162-R4,Rush (3L),No,
KD-162-R4,Ice Packs,Yes,Yes
KD-162-R5,Solar Refrigerators and Freezers,Yes,Yes
KD-162-R5,Refrigerators,Yes,No
KD-162-R5,Temperature Monitoring Devices,Yes,Yes
KD-162-R5,Cold Boxes (6L),Yes,Yes
KD-162-R5,GioStyle (4L),Yes,Yes
KD-162-R5,Rush (3L),No,
KD-162-R5,Ice Packs,Yes,No
KD-162-R6,Solar Refrigerators and Freezers,Yes,Yes
KD-162-R6,Refrigerators,Yes,Yes
KD-162-R6,Temperature Monitoring Devices,Yes,Yes
KD-162-R6,Cold Boxes (6L),Yes,Yes
KD-162-R6,GioStyle (4L),Yes,No
KD-162-R6,Rush (3L),No,
KD-162-R6,Ice Packs,Yes,Yes
KD-163-R1,Solar Refrigerators and Freezers,Yes,Yes
KD-163-R1,Refrigerators,Yes,Yes
KD-163-R1,Temperature Monitoring Devices,Yes,Yes
KD-163-R1,Cold Boxes (6L),Yes,Yes
KD-163-R1,GioStyle (4L),Yes,Yes
KD-163-R1,Rush (3L),No,
KD-163-R1,Ice Packs,Yes,Yes
KD-163-R2,Solar Refrigerators and Freezers,Yes,Yes
KD-163-R2,Refrigerators,Yes,Yes
KD-163-R2,Temperature Monitoring Devices,Yes,No
KD-163-R2,Cold Boxes (6L),Yes,Yes
KD-163-R2,GioStyle (4L),Yes,Yes
KD-163-R2,Rush (3L),No,
KD-163-R2,Ice Packs,Yes,Yes
KD-163-R3,Solar Refrigerators and Freezers,Yes,Yes
KD-163-R3,Refrigerators,Yes,Yes
KD-163-R3,Temperature Monitoring Devices,Yes,Yes
KD-163-R3,Cold Boxes (6L),Yes,Yes
KD-163-R3,GioStyle (4L),Yes,Yes
KD-163-R3,Rush (3L),No,
KD-163-R3,Ice Packs,Yes,Yes
KD-163-R4,Solar Refrigerators and Freezers,Yes,Yes
KD-163-R4,Refrigerators,Yes,Yes
KD-163-R4,Temperature Monitoring Devices,Yes,Yes
KD-163-R4,Cold Boxes (6L),Yes,Yes
KD-163-R4,GioStyle (4L),Yes,Yes
KD-163-R4,Rush (3L),No,
KD-163-R4,Ice Packs,Yes,Yes
KD-163-R5,Solar Refrigerators and Freezers,Yes,Yes
KD-163-R5,Refrigerators,Yes,Yes
KD-163-R5,Temperature Monitoring Devices,Yes,Yes
KD-163-R5,Cold Boxes (6L),Yes,Yes
KD-163-R5,GioStyle (4L),Yes,No
KD-163-R5,Rush (3L),No,
KD-163-R5,Ice Packs,Yes,Yes
KD-163-R6,Solar Refrigerators and Freezers,Yes,Yes
KD-163-R6,Refrigerators,Yes,Yes
KD-163-R6,Temperature Monitoring Devices,Yes,Yes
KD-163-R6,Cold Boxes (6L),Yes,Yes
KD-163-R6,GioStyle (4L),Yes,No
KD-163-R6,Rush (3L),No,
KD-163-R6,Ice Packs,Yes,No
KD-164-R1,Solar Refrigerators and Freezers,No,
KD-164-R1,Refrigerators,No,
KD-164-R1,Temperature Monitoring Devices,No,
KD-164-R1,Cold Boxes (6L),No,
KD-164-R1,GioStyle (4L),No,
KD-164-R1,Rush (3L),No,
KD-164-R1,Ice Packs,No,
KD-164-R2,Solar Refrigerators and Freezers,No,
KD-164-R2,Refrigerators,No,
KD-164-R2,Temperature Monitoring Devices,No,
KD-164-R2,Cold Boxes (6L),No,
KD-164-R2,GioStyle (4L),No,
KD-164-R2,Rush (3L),No,
KD-164-R2,Ice Packs,No,
KD-164-R3,Solar Refrigerators and Freezers,No,
KD-164-R3,Refrigerators,No,
KD-164-R3,Temperature Monitoring Devices,No,
KD-164-R3,Cold Boxes (6L),No,
KD-164-R3,GioStyle (4L),No,
KD-164-R3,Rush (3L),No,
KD-164-R3,Ice Packs,No,
KD-164-R4,Solar Refrigerators and Freezers,No,
KD-164-R4,Refrigerators,No,
KD-164-R4,Temperature Monitoring Devices,No,
KD-164-R4,Cold Boxes (6L),No,
KD-164-R4,GioStyle (4L),No,
KD-164-R4,Rush (3L),No,
KD-164-R4,Ice Packs,No,
KD-164-R5,Solar Refrigerators and Freezers,No,
KD-164-R5,Refrigerators,No,
KD-164-R5,Temperature Monitoring Devices,No,
KD-164-R5,Cold Boxes (6L),No,
KD-164-R5,GioStyle (4L),No,
KD-164-R5,Rush (3L),No,
KD-164-R5,Ice Packs,No,
KD-164-R6,Solar Refrigerators and Freezers,No,
KD-164-R6,Refrigerators,No,
KD-164-R6,Temperature Monitoring Devices,No,
KD-164-R6,Cold Boxes (6L),No,
KD-164-R6,GioStyle (4L),No,
KD-164-R6,Rush (3L),No,
KD-164-R6,Ice Packs,No,
KD-165-R1,Solar Refrigerators and Freezers,No,
KD-165-R1,Refrigerators,No,
KD-165-R1,Temperature Monitoring Devices,Yes,Yes
KD-165-R1,Cold Boxes (6L),Yes,Yes
KD-165-R1,GioStyle (4L),No,
KD-165-R1,Rush (3L),No,
KD-165-R1,Ice Packs,Yes,Yes
KD-165-R2,Solar Refrigerators and Freezers,No,
KD-165-R2,Refrigerators,No,
KD-165-R2,Temperature Monitoring Devices,Yes,Yes
KD-165-R2,Cold Boxes (6L),Yes,Yes
KD-165-R2,GioStyle (4L),No,
KD-165-R2,Rush (3L),No,
KD-165-R2,Ice Packs,Yes,Yes
KD-165-R3,Solar Refrigerators and Freezers,No,
KD-165-R3,Refrigerators,No,
KD-165-R3,Temperature Monitoring Devices,Yes,Yes
KD-165-R3,Cold Boxes (6L),Yes,Yes
KD-165-R3,GioStyle (4L),No,
KD-165-R3,Rush (3L),No,
KD-165-R3,Ice Packs,Yes,Yes
KD-165-R4,Solar Refrigerators and Freezers,No,
KD-165-R4,Refrigerators,No,
KD-165-R4,Temperature Monitoring Devices,Yes,Yes
KD-165-R4,Cold Boxes (6L),Yes,Yes
KD-165-R4,GioStyle (4L),No,
KD-165-R4,Rush (3L),No,
KD-165-R4,Ice Packs,Yes,Yes
KD-165-R5,Solar Refrigerators and Freezers,No,
KD-165-R5,Refrigerators,No,
KD-165-R5,Temperature Monitoring Devices,Yes,Yes
KD-165-R5,Cold Boxes (6L),Yes,Yes
KD-165-R5,GioStyle (4L),No,
KD-165-R5,Rush (3L),No,
KD-165-R5,Ice Packs,Yes,Yes
KD-165-R6,Solar Refrigerators and Freezers,No,
KD-165-R6,Refrigerators,No,
KD-165-R6,Temperature Monitoring Devices,Yes,Yes
KD-165-R6,Cold Boxes (6L),Yes,No
KD-165-R6,GioStyle (4L),No,
KD-165-R6,Rush (3L),No,
KD-165-R6,Ice Packs,Yes,No
KD-166-R1,Solar Refrigerators and Freezers,Yes,Yes
KD-166-R1,Refrigerators,Yes,Yes
KD-166-R1,Temperature Monitoring Devices,Yes,Yes
KD-166-R1,Cold Boxes (6L),Yes,Yes
KD-166-R1,GioStyle (4L),Yes,Yes
KD-166-R1,Rush (3L),No,
KD-166-R1,Ice Packs,Yes,Yes
KD-166-R2,Solar Refrigerators and Freezers,Yes,Yes
KD-166-R2,Refrigerators,Yes,Yes
KD-166-R2,Temperature Monitoring Devices,Yes,Yes
KD-166-R2,Cold Boxes (6L),Yes,Yes
KD-166-R2,GioStyle (4L),Yes,Yes
KD-166-R2,Rush (3L),No,
KD-166-R2,Ice Packs,Yes,Yes
KD-166-R3,Solar Refrigerators and Freezers,Yes,No
KD-166-R3,Refrigerators,Yes,Yes
KD-166-R3,Temperature Monitoring Devices,Yes,Yes
KD-166-R3,Cold Boxes (6L),Yes,Yes
KD-166-R3,GioStyle (4L),Yes,Yes
KD-166-R3,Rush (3L),No,
KD-166-R3,Ice Packs,Yes,Yes
KD-166-R4,Solar Refrigerators and Freezers,Yes,Yes
KD-166-R4,Refrigerators,Yes,Yes
KD-166-R4,Temperature Monitoring Devices,Yes,Yes
KD-166-R4,Cold Boxes (6L),Yes,Yes
KD-166-R4,GioStyle (4L),Yes,Yes
KD-166-R4,Rush (3L),No,
KD-166-R4,Ice Packs,Yes,Yes
KD-166-R5,Solar Refrigerators and Freezers,Yes,Yes
KD-166-R5,Refrigerators,Yes,Yes
KD-166-R5,Temperature Monitoring Devices,Yes,Yes
KD-166-R5,Cold Boxes (6L),Yes,Yes
KD-166-R5,GioStyle (4L),Yes,No
KD-166-R5,Rush (3L),No,
KD-166-R5,Ice Packs,Yes,Yes
KD-166-R6,Solar Refrigerators and Freezers,Yes,Yes
KD-166-R6,Refrigerators,Yes,Yes
KD-166-R6,Temperature Monitoring Devices,Yes,Yes
KD-166-R6,Cold Boxes (6L),Yes,No
KD-166-R6,GioStyle (4L),Yes,Yes
KD-166-R6,Rush (3L),No,
KD-166-R6,Ice Packs,Yes,No
KD-167-R1,Solar Refrigerators and Freezers,No,
KD-167-R1,Refrigerators,No,
KD-167-R1,Temperature Monitoring Devices,No,
KD-167-R1,Cold Boxes (6L),No,
KD-167-R1,GioStyle (4L),No,
KD-167-R1,Rush (3L),No,
KD-167-R1,Ice Packs,No,
KD-167-R2,Solar Refrigerators and Freezers,No,
KD-167-R2,Refrigerators,No,
KD-167-R2,Temperature Monitoring Devices,No,
KD-167-R2,Cold Boxes (6L),No,
KD-167-R2,GioStyle (4L),No,
KD-167-R2,Rush (3L),No,
KD-167-R2,Ice Packs,No,
KD-167-R3,Solar Refrigerators and Freezers,No,
KD-167-R3,Refrigerators,No,
KD-167-R3,Temperature Monitoring Devices,No,
KD-167-R3,Cold Boxes (6L),No,
KD-167-R3,GioStyle (4L),No,
KD-167-R3,Rush (3L),No,
KD-167-R3,Ice Packs,No,
KD-167-R4,Solar Refrigerators and Freezers,No,
KD-167-R4,Refrigerators,No,
KD-167-R4,Temperature Monitoring Devices,No,
KD-167-R4,Cold Boxes (6L),No,
KD-167-R4,GioStyle (4L),No,
KD-167-R4,Rush (3L),No,
KD-167-R4,Ice Packs,No,
KD-167-R5,Solar Refrigerators and Freezers,No,
KD-167-R5,Refrigerators,No,
KD-167-R5,Temperature Monitoring Devices,No,
KD-167-R5,Cold Boxes (6L),No,
KD-167-R5,GioStyle (4L),No,
KD-167-R5,Rush (3L),No,
KD-167-R5,Ice Packs,No,
KD-167-R6,Solar Refrigerators and Freezers,No,
KD-167-R6,Refrigerators,No,
KD-167-R6,Temperature Monitoring Devices,No,
KD-167-R6,Cold Boxes (6L),No,
KD-167-R6,GioStyle (4L),No,
KD-167-R6,Rush (3L),No,
KD-167-R6,Ice Packs,No,
KD-168-R1,Solar Refrigerators and Freezers,No,
KD-168-R1,Refrigerators,No,
KD-168-R1,Temperature Monitoring Devices,Yes,No
KD-168-R1,Cold Boxes (6L),Yes,Yes
KD-168-R1,GioStyle (4L),Yes,Yes
KD-168-R1,Rush (3L),No,
KD-168-R1,Ice Packs,Yes,Yes
KD-168-R2,Solar Refrigerators and Freezers,No,
KD-168-R2,Refrigerators,No,
KD-168-R2,Temperature Monitoring Devices,Yes,Yes
KD-168-R2,Cold Boxes (6L),Yes,Yes
KD-168-R2,GioStyle (4L),Yes,No
KD-168-R2,Rush (3L),No,
KD-168-R2,Ice Packs,Yes,Yes
KD-168-R3,Solar Refrigerators and Freezers,No,
KD-168-R3,Refrigerators,No,
KD-168-R3,Temperature Monitoring Devices,Yes,No
KD-168-R3,Cold Boxes (6L),Yes,Yes
KD-168-R3,GioStyle (4L),Yes,Yes
KD-168-R3,Rush (3L),No,
KD-168-R3,Ice Packs,Yes,Yes
KD-168-R4,Solar Refrigerators and Freezers,No,
KD-168-R4,Refrigerators,No,
KD-168-R4,Temperature Monitoring Devices,Yes,Yes
KD-168-R4,Cold Boxes (6L),Yes,Yes
KD-168-R4,GioStyle (4L),Yes,No
KD-168-R4,Rush (3L),No,
KD-168-R4,Ice Packs,Yes,Yes
KD-168-R5,Solar Refrigerators and Freezers,No,
KD-168-R5,Refrigerators,No,
KD-168-R5,Temperature Monitoring Devices,Yes,Yes
KD-168-R5,Cold Boxes (6L),Yes,Yes
KD-168-R5,GioStyle (4L),Yes,Yes
KD-168-R5,Rush (3L),No,
KD-168-R5,Ice Packs,Yes,Yes
KD-168-R6,Solar Refrigerators and Freezers,No,
KD-168-R6,Refrigerators,No,
KD-168-R6,Temperature Monitoring Devices,Yes,Yes
KD-168-R6,Cold Boxes (6L),Yes,Yes
KD-168-R6,GioStyle (4L),Yes,Yes
KD-168-R6,Rush (3L),No,
KD-168-R6,Ice Packs,Yes,Yes
KD-169-R1,Solar Refrigerators and Freezers,Yes,Yes
KD-169-R1,Refrigerators,No,
KD-169-R1,Temperature Monitoring Devices,No,
KD-169-R1,Cold Boxes (6L),Yes,Yes
KD-169-R1,GioStyle (4L),No,
KD-169-R1,Rush (3L),Yes,Yes
KD-169-R1,Ice Packs,Yes,Yes
KD-169-R2,Solar Refrigerators and Freezers,Yes,Yes
KD-169-R2,Refrigerators,No,
KD-169-R2,Temperature Monitoring Devices,No,
KD-169-R2,Cold Boxes (6L),Yes,Yes
KD-169-R2,GioStyle (4L),No,
KD-169-R2,Rush (3L),Yes,Yes
KD-169-R2,Ice Packs,Yes,Yes
KD-169-R3,Solar Refrigerators and Freezers,Yes,Yes
KD-169-R3,Refrigerators,No,
KD-169-R3,Temperature Monitoring Devices,No,
KD-169-R3,Cold Boxes (6L),Yes,Yes
KD-169-R3,GioStyle (4L),No,
KD-169-R3,Rush (3L),Yes,No
KD-169-R3,Ice Packs,Yes,Yes
KD-169-R4,Solar Refrigerators and Freezers,Yes,Yes
KD-169-R4,Refrigerators,No,
KD-169-R4,Temperature Monitoring Devices,No,
KD-169-R4,Cold Boxes (6L),Yes,Yes
KD-169-R4,GioStyle (4L),No,
KD-169-R4,Rush (3L),Yes,No
KD-169-R4,Ice Packs,Yes,Yes
KD-169-R5,Solar Refrigerators and Freezers,Yes,No
KD-169-R5,Refrigerators,No,
KD-169-R5,Temperature Monitoring Devices,No,
KD-169-R5,Cold Boxes (6L),Yes,Yes
KD-169-R5,GioStyle (4L),No,
KD-169-R5,Rush (3L),Yes,Yes
KD-169-R5,Ice Packs,Yes,Yes
KD-169-R6,Solar Refrigerators and Freezers,Yes,No
KD-169-R6,Refrigerators,No,
KD-169-R6,Temperature Monitoring Devices,No,
KD-169-R6,Cold Boxes (6L),Yes,Yes
KD-169-R6,GioStyle (4L),No,
KD-169-R6,Rush (3L),Yes,No
KD-169-R6,Ice Packs,Yes,Yes
KD-170-R1,Solar Refrigerators and Freezers,Yes,Yes
KD-170-R1,Refrigerators,Yes,Yes
KD-170-R1,Temperature Monitoring Devices,No,
KD-170-R1,Cold Boxes (6L),Yes,Yes
KD-170-R1,GioStyle (4L),Yes,Yes
KD-170-R1,Rush (3L),Yes,Yes
KD-170-R1,Ice Packs,Yes,Yes
KD-170-R2,Solar Refrigerators and Freezers,Yes,Yes
KD-170-R2,Refrigerators,Yes,Yes
KD-170-R2,Temperature Monitoring Devices,No,
KD-170-R2,Cold Boxes (6L),Yes,Yes
KD-170-R2,GioStyle (4L),Yes,Yes
KD-170-R2,Rush (3L),Yes,Yes
KD-170-R2,Ice Packs,Yes,Yes
KD-170-R3,Solar Refrigerators and Freezers,Yes,No
KD-170-R3,Refrigerators,Yes,No
KD-170-R3,Temperature Monitoring Devices,No,
KD-170-R3,Cold Boxes (6L),Yes,Yes
KD-170-R3,GioStyle (4L),Yes,No
KD-170-R3,Rush (3L),Yes,Yes
KD-170-R3,Ice Packs,Yes,Yes
KD-170-R4,Solar Refrigerators and Freezers,Yes,Yes
KD-170-R4,Refrigerators,Yes,Yes
KD-170-R4,Temperature Monitoring Devices,No,
KD-170-R4,Cold Boxes (6L),Yes,No
KD-170-R4,GioStyle (4L),Yes,Yes
KD-170-R4,Rush (3L),Yes,Yes
KD-170-R4,Ice Packs,Yes,Yes
KD-170-R5,Solar Refrigerators and Freezers,Yes,Yes
KD-170-R5,Refrigerators,Yes,Yes
KD-170-R5,Temperature Monitoring Devices,No,
KD-170-R5,Cold Boxes (6L),Yes,Yes
KD-170-R5,GioStyle (4L),Yes,Yes
KD-170-R5,Rush (3L),Yes,Yes
KD-170-R5,Ice Packs,Yes,Yes
KD-170-R6,Solar Refrigerators and Freezers,Yes,Yes
KD-170-R6,Refrigerators,Yes,Yes
KD-170-R6,Temperature Monitoring Devices,No,
KD-170-R6,Cold Boxes (6L),Yes,Yes
KD-170-R6,GioStyle (4L),Yes,Yes
KD-170-R6,Rush (3L),Yes,Yes
KD-170-R6,Ice Packs,Yes,No
KD-171-R1,Solar Refrigerators and Freezers,Yes,Yes
KD-171-R1,Refrigerators,No,
KD-171-R1,Temperature Monitoring Devices,No,
KD-171-R1,Cold Boxes (6L),Yes,Yes
KD-171-R1,GioStyle (4L),Yes,No
KD-171-R1,Rush (3L),Yes,No
KD-171-R1,Ice Packs,Yes,Yes
KD-171-R2,Solar Refrigerators and Freezers,Yes,Yes
KD-171-R2,Refrigerators,No,
KD-171-R2,Temperature Monitoring Devices,No,
KD-171-R2,Cold Boxes (6L),Yes,Yes
KD-171-R2,GioStyle (4L),Yes,Yes
KD-171-R2,Rush (3L),Yes,No
KD-171-R2,Ice Packs,Yes,No
KD-171-R3,Solar Refrigerators and Freezers,Yes,Yes
KD-171-R3,Refrigerators,No,
KD-171-R3,Temperature Monitoring Devices,No,
KD-171-R3,Cold Boxes (6L),Yes,No
KD-171-R3,GioStyle (4L),Yes,Yes
KD-171-R3,Rush (3L),Yes,Yes
KD-171-R3,Ice Packs,Yes,No
KD-171-R4,Solar Refrigerators and Freezers,Yes,No
KD-171-R4,Refrigerators,No,
KD-171-R4,Temperature Monitoring Devices,No,
KD-171-R4,Cold Boxes (6L),Yes,Yes
KD-171-R4,GioStyle (4L),Yes,Yes
KD-171-R4,Rush (3L),Yes,No
KD-171-R4,Ice Packs,Yes,Yes
KD-171-R5,Solar Refrigerators and Freezers,Yes,Yes
KD-171-R5,Refrigerators,No,
KD-171-R5,Temperature Monitoring Devices,No,
KD-171-R5,Cold Boxes (6L),Yes,Yes
KD-171-R5,GioStyle (4L),Yes,Yes
KD-171-R5,Rush (3L),Yes,Yes
KD-171-R5,Ice Packs,Yes,Yes
KD-171-R6,Solar Refrigerators and Freezers,Yes,No
KD-171-R6,Refrigerators,No,
KD-171-R6,Temperature Monitoring Devices,No,
KD-171-R6,Cold Boxes (6L),Yes,Yes
KD-171-R6,GioStyle (4L),Yes,No
KD-171-R6,Rush (3L),Yes,Yes
KD-171-R6,Ice Packs,Yes,No
KD-172-R1,Solar Refrigerators and Freezers,No,
KD-172-R1,Refrigerators,No,
KD-172-R1,Temperature Monitoring Devices,No,
KD-172-R1,Cold Boxes (6L),No,
KD-172-R1,GioStyle (4L),No,
KD-172-R1,Rush (3L),No,
KD-172-R1,Ice Packs,No,
KD-172-R2,Solar Refrigerators and Freezers,No,
KD-172-R2,Refrigerators,No,
KD-172-R2,Temperature Monitoring Devices,No,
KD-172-R2,Cold Boxes (6L),No,
KD-172-R2,GioStyle (4L),No,
KD-172-R2,Rush (3L),No,
KD-172-R2,Ice Packs,No,
KD-172-R3,Solar Refrigerators and Freezers,No,
KD-172-R3,Refrigerators,No,
KD-172-R3,Temperature Monitoring Devices,No,
KD-172-R3,Cold Boxes (6L),No,
KD-172-R3,GioStyle (4L),No,
KD-172-R3,Rush (3L),No,
KD-172-R3,Ice Packs,No,
KD-172-R4,Solar Refrigerators and Freezers,No,
KD-172-R4,Refrigerators,No,
KD-172-R4,Temperature Monitoring Devices,No,
KD-172-R4,Cold Boxes (6L),No,
KD-172-R4,GioStyle (4L),No,
KD-172-R4,Rush (3L),No,
KD-172-R4,Ice Packs,No,
KD-172-R5,Solar Refrigerators and Freezers,No,
KD-172-R5,Refrigerators,No,
KD-172-R5,Temperature Monitoring Devices,No,
KD-172-R5,Cold Boxes (6L),No,
KD-172-R5,GioStyle (4L),No,
KD-172-R5,Rush (3L),No,
KD-172-R5,Ice Packs,No,
KD-172-R6,Solar Refrigerators and Freezers,No,
KD-172-R6,Refrigerators,No,
KD-172-R6,Temperature Monitoring Devices,No,
KD-172-R6,Cold Boxes (6L),No,
KD-172-R6,GioStyle (4L),No,
KD-172-R6,Rush (3L),No,
KD-172-R6,Ice Packs,No,
KD-173-R1,Solar Refrigerators and Freezers,No,
KD-173-R1,Refrigerators,No,
KD-173-R1,Temperature Monitoring Devices,Yes,Yes
KD-173-R1,Cold Boxes (6L),Yes,Yes
KD-173-R1,GioStyle (4L),No,
KD-173-R1,Rush (3L),No,
KD-173-R1,Ice Packs,Yes,Yes
KD-173-R2,Solar Refrigerators and Freezers,No,
KD-173-R2,Refrigerators,No,
KD-173-R2,Temperature Monitoring Devices,Yes,Yes
KD-173-R2,Cold Boxes (6L),Yes,Yes
KD-173-R2,GioStyle (4L),No,
KD-173-R2,Rush (3L),No,
KD-173-R2,Ice Packs,Yes,No
KD-173-R3,Solar Refrigerators and Freezers,No,
KD-173-R3,Refrigerators,No,
KD-173-R3,Temperature Monitoring Devices,Yes,Yes
KD-173-R3,Cold Boxes (6L),Yes,Yes
KD-173-R3,GioStyle (4L),No,
KD-173-R3,Rush (3L),No,
KD-173-R3,Ice Packs,Yes,Yes
KD-173-R4,Solar Refrigerators and Freezers,No,
KD-173-R4,Refrigerators,No,
KD-173-R4,Temperature Monitoring Devices,Yes,Yes
KD-173-R4,Cold Boxes (6L),Yes,Yes
KD-173-R4,GioStyle (4L),No,
KD-173-R4,Rush (3L),No,
KD-173-R4,Ice Packs,Yes,No
KD-173-R5,Solar Refrigerators and Freezers,No,
KD-173-R5,Refrigerators,No,
KD-173-R5,Temperature Monitoring Devices,Yes,Yes
KD-173-R5,Cold Boxes (6L),Yes,Yes
KD-173-R5,GioStyle (4L),No,
KD-173-R5,Rush (3L),No,
KD-173-R5,Ice Packs,Yes,Yes
KD-173-R6,Solar Refrigerators and Freezers,No,
KD-173-R6,Refrigerators,No,
KD-173-R6,Temperature Monitoring Devices,Yes,Yes
KD-173-R6,Cold Boxes (6L),Yes,No
KD-173-R6,GioStyle (4L),No,
KD-173-R6,Rush (3L),No,
KD-173-R6,Ice Packs,Yes,Yes
KD-174-R1,Solar Refrigerators and Freezers,No,
KD-174-R1,Refrigerators,No,
KD-174-R1,Temperature Monitoring Devices,Yes,Yes
KD-174-R1,Cold Boxes (6L),Yes,Yes
KD-174-R1,GioStyle (4L),Yes,Yes
KD-174-R1,Rush (3L),Yes,Yes
KD-174-R1,Ice Packs,Yes,Yes
KD-174-R2,Solar Refrigerators and Freezers,No,
KD-174-R2,Refrigerators,No,
KD-174-R2,Temperature Monitoring Devices,Yes,Yes
KD-174-R2,Cold Boxes (6L),Yes,Yes
KD-174-R2,GioStyle (4L),Yes,Yes
KD-174-R2,Rush (3L),Yes,No
KD-174-R2,Ice Packs,Yes,No
KD-174-R3,Solar Refrigerators and Freezers,No,
KD-174-R3,Refrigerators,No,
KD-174-R3,Temperature Monitoring Devices,Yes,No
KD-174-R3,Cold Boxes (6L),Yes,Yes
KD-174-R3,GioStyle (4L),Yes,Yes
KD-174-R3,Rush (3L),Yes,Yes
KD-174-R3,Ice Packs,Yes,No
KD-174-R4,Solar Refrigerators and Freezers,No,
KD-174-R4,Refrigerators,No,
KD-174-R4,Temperature Monitoring Devices,Yes,No
KD-174-R4,Cold Boxes (6L),Yes,No
KD-174-R4,GioStyle (4L),Yes,Yes
KD-174-R4,Rush (3L),Yes,Yes
KD-174-R4,Ice Packs,Yes,No
KD-174-R5,Solar Refrigerators and Freezers,No,
KD-174-R5,Refrigerators,No,
KD-174-R5,Temperature Monitoring Devices,Yes,Yes
KD-174-R5,Cold Boxes (6L),Yes,No
KD-174-R5,GioStyle (4L),Yes,Yes
KD-174-R5,Rush (3L),Yes,Yes
KD-174-R5,Ice Packs,Yes,Yes
KD-174-R6,Solar Refrigerators and Freezers,No,
KD-174-R6,Refrigerators,No,
KD-174-R6,Temperature Monitoring Devices,Yes,No
KD-174-R6,Cold Boxes (6L),Yes,Yes
KD-174-R6,GioStyle (4L),Yes,Yes
KD-174-R6,Rush (3L),Yes,Yes
KD-174-R6,Ice Packs,Yes,Yes
KD-175-R1,Solar Refrigerators and Freezers,No,
KD-175-R1,Refrigerators,No,
KD-175-R1,Temperature Monitoring Devices,No,
KD-175-R1,Cold Boxes (6L),No,
KD-175-R1,GioStyle (4L),No,
KD-175-R1,Rush (3L),No,
KD-175-R1,Ice Packs,No,
KD-175-R2,Solar Refrigerators and Freezers,No,
KD-175-R2,Refrigerators,No,
KD-175-R2,Temperature Monitoring Devices,No,
KD-175-R2,Cold Boxes (6L),No,
KD-175-R2,GioStyle (4L),No,
KD-175-R2,Rush (3L),No,
KD-175-R2,Ice Packs,No,
KD-175-R3,Solar Refrigerators and Freezers,No,
KD-175-R3,Refrigerators,No,
KD-175-R3,Temperature Monitoring Devices,No,
KD-175-R3,Cold Boxes (6L),No,
KD-175-R3,GioStyle (4L),No,
KD-175-R3,Rush (3L),No,
KD-175-R3,Ice Packs,No,
KD-175-R4,Solar Refrigerators and Freezers,No,
KD-175-R4,Refrigerators,No,
KD-175-R4,Temperature Monitoring Devices,No,
KD-175-R4,Cold Boxes (6L),No,
KD-175-R4,GioStyle (4L),No,
KD-175-R4,Rush (3L),No,
KD-175-R4,Ice Packs,No,
KD-175-R5,Solar Refrigerators and Freezers,No,
KD-175-R5,Refrigerators,No,
KD-175-R5,Temperature Monitoring Devices,No,
KD-175-R5,Cold Boxes (6L),No,
KD-175-R5,GioStyle (4L),No,
KD-175-R5,Rush (3L),No,
KD-175-R5,Ice Packs,No,
KD-175-R6,Solar Refrigerators and Freezers,No,
KD-175-R6,Refrigerators,No,
KD-175-R6,Temperature Monitoring Devices,No,
KD-175-R6,Cold Boxes (6L),No,
KD-175-R6,GioStyle (4L),No,
KD-175-R6,Rush (3L),No,
KD-175-R6,Ice Packs,No,
KD-176-R1,Solar Refrigerators and Freezers,Yes,Yes
KD-176-R1,Refrigerators,Yes,Yes
KD-176-R1,Temperature Monitoring Devices,Yes,Yes
KD-176-R1,Cold Boxes (6L),Yes,Yes
KD-176-R1,GioStyle (4L),Yes,Yes
KD-176-R1,Rush (3L),Yes,Yes
KD-176-R1,Ice Packs,Yes,No
KD-176-R2,Solar Refrigerators and Freezers,Yes,No
KD-176-R2,Refrigerators,Yes,Yes
KD-176-R2,Temperature Monitoring Devices,Yes,Yes
KD-176-R2,Cold Boxes (6L),Yes,Yes
KD-176-R2,GioStyle (4L),Yes,Yes
KD-176-R2,Rush (3L),Yes,Yes
KD-176-R2,Ice Packs,Yes,Yes
KD-176-R3,Solar Refrigerators and Freezers,Yes,Yes
KD-176-R3,Refrigerators,Yes,Yes
KD-176-R3,Temperature Monitoring Devices,Yes,Yes
KD-176-R3,Cold Boxes (6L),Yes,Yes
KD-176-R3,GioStyle (4L),Yes,Yes
KD-176-R3,Rush (3L),Yes,No
KD-176-R3,Ice Packs,Yes,Yes
KD-176-R4,Solar Refrigerators and Freezers,Yes,Yes
KD-176-R4,Refrigerators,Yes,Yes
KD-176-R4,Temperature Monitoring Devices,Yes,Yes
KD-176-R4,Cold Boxes (6L),Yes,Yes
KD-176-R4,GioStyle (4L),Yes,No
KD-176-R4,Rush (3L),Yes,Yes
KD-176-R4,Ice Packs,Yes,Yes
KD-176-R5,Solar Refrigerators and Freezers,Yes,Yes
KD-176-R5,Refrigerators,Yes,Yes
KD-176-R5,Temperature Monitoring Devices,Yes,Yes
KD-176-R5,Cold Boxes (6L),Yes,Yes
KD-176-R5,GioStyle (4L),Yes,Yes
KD-176-R5,Rush (3L),Yes,No
KD-176-R5,Ice Packs,Yes,No
KD-176-R6,Solar Refrigerators and Freezers,Yes,Yes
KD-176-R6,Refrigerators,Yes,Yes
KD-176-R6,Temperature Monitoring Devices,Yes,No
KD-176-R6,Cold Boxes (6L),Yes,No
KD-176-R6,GioStyle (4L),Yes,No
KD-176-R6,Rush (3L),Yes,Yes
KD-176-R6,Ice Packs,Yes,Yes
KD-177-R1,Solar Refrigerators and Freezers,Yes,Yes
KD-177-R1,Refrigerators,No,
KD-177-R1,Temperature Monitoring Devices,Yes,Yes
KD-177-R1,Cold Boxes (6L),Yes,Yes
KD-177-R1,GioStyle (4L),Yes,Yes
KD-177-R1,Rush (3L),No,
KD-177-R1,Ice Packs,Yes,No
KD-177-R2,Solar Refrigerators and Freezers,Yes,Yes
KD-177-R2,Refrigerators,No,
KD-177-R2,Temperature Monitoring Devices,Yes,Yes
KD-177-R2,Cold Boxes (6L),Yes,Yes
KD-177-R2,GioStyle (4L),Yes,Yes
KD-177-R2,Rush (3L),No,
KD-177-R2,Ice Packs,Yes,Yes
KD-177-R3,Solar Refrigerators and Freezers,Yes,Yes
KD-177-R3,Refrigerators,No,
KD-177-R3,Temperature Monitoring Devices,Yes,Yes
KD-177-R3,Cold Boxes (6L),Yes,No
KD-177-R3,GioStyle (4L),Yes,Yes
KD-177-R3,Rush (3L),No,
KD-177-R3,Ice Packs,Yes,Yes
KD-177-R4,Solar Refrigerators and Freezers,Yes,Yes
KD-177-R4,Refrigerators,No,
KD-177-R4,Temperature Monitoring Devices,Yes,Yes
KD-177-R4,Cold Boxes (6L),Yes,No
KD-177-R4,GioStyle (4L),Yes,Yes
KD-177-R4,Rush (3L),No,
KD-177-R4,Ice Packs,Yes,Yes
KD-177-R5,Solar Refrigerators and Freezers,Yes,Yes
KD-177-R5,Refrigerators,No,
KD-177-R5,Temperature Monitoring Devices,Yes,Yes
KD-177-R5,Cold Boxes (6L),Yes,Yes
KD-177-R5,GioStyle (4L),Yes,Yes
KD-177-R5,Rush (3L),No,
KD-177-R5,Ice Packs,Yes,Yes
KD-177-R6,Solar Refrigerators and Freezers,Yes,Yes
KD-177-R6,Refrigerators,No,
KD-177-R6,Temperature Monitoring Devices,Yes,Yes
KD-177-R6,Cold Boxes (6L),Yes,Yes
KD-177-R6,GioStyle (4L),Yes,Yes
KD-177-R6,Rush (3L),No,
KD-177-R6,Ice Packs,Yes,Yes
KD-178-R1,Solar Refrigerators and Freezers,Yes,No
KD-178-R1,Refrigerators,Yes,No
KD-178-R1,Temperature Monitoring Devices,Yes,No
KD-178-R1,Cold Boxes (6L),No,
KD-178-R1,GioStyle (4L),Yes,Yes
KD-178-R1,Rush (3L),No,
KD-178-R1,Ice Packs,Yes,Yes
KD-178-R2,Solar Refrigerators and Freezers,Yes,Yes
KD-178-R2,Refrigerators,Yes,No
KD-178-R2,Temperature Monitoring Devices,Yes,Yes
KD-178-R2,Cold Boxes (6L),No,
KD-178-R2,GioStyle (4L),Yes,Yes
KD-178-R2,Rush (3L),No,
KD-178-R2,Ice Packs,Yes,Yes
KD-178-R3,Solar Refrigerators and Freezers,Yes,No
KD-178-R3,Refrigerators,Yes,Yes
KD-178-R3,Temperature Monitoring Devices,Yes,Yes
KD-178-R3,Cold Boxes (6L),No,
KD-178-R3,GioStyle (4L),Yes,Yes
KD-178-R3,Rush (3L),No,
KD-178-R3,Ice Packs,Yes,No
KD-178-R4,Solar Refrigerators and Freezers,Yes,Yes
KD-178-R4,Refrigerators,Yes,Yes
KD-178-R4,Temperature Monitoring Devices,Yes,No
KD-178-R4,Cold Boxes (6L),No,
KD-178-R4,GioStyle (4L),Yes,Yes
KD-178-R4,Rush (3L),No,
KD-178-R4,Ice Packs,Yes,No
KD-178-R5,Solar Refrigerators and Freezers,Yes,Yes
KD-178-R5,Refrigerators,Yes,Yes
KD-178-R5,Temperature Monitoring Devices,Yes,No
KD-178-R5,Cold Boxes (6L),No,
KD-178-R5,GioStyle (4L),Yes,Yes
KD-178-R5,Rush (3L),No,
KD-178-R5,Ice Packs,Yes,Yes
KD-178-R6,Solar Refrigerators and Freezers,Yes,Yes
KD-178-R6,Refrigerators,Yes,Yes
KD-178-R6,Temperature Monitoring Devices,Yes,Yes
KD-178-R6,Cold Boxes (6L),No,
KD-178-R6,GioStyle (4L),Yes,Yes
KD-178-R6,Rush (3L),No,
KD-178-R6,Ice Packs,Yes,Yes
KD-179-R1,Solar Refrigerators and Freezers,Yes,Yes
KD-179-R1,Refrigerators,Yes,Yes
KD-179-R1,Temperature Monitoring Devices,Yes,No
KD-179-R1,Cold Boxes (6L),Yes,Yes
KD-179-R1,GioStyle (4L),No,
KD-179-R1,Rush (3L),No,
KD-179-R1,Ice Packs,Yes,Yes
KD-179-R2,Solar Refrigerators and Freezers,Yes,Yes
KD-179-R2,Refrigerators,Yes,Yes
KD-179-R2,Temperature Monitoring Devices,Yes,Yes
KD-179-R2,Cold Boxes (6L),Yes,Yes
KD-179-R2,GioStyle (4L),No,
KD-179-R2,Rush (3L),No,
KD-179-R2,Ice Packs,Yes,Yes
KD-179-R3,Solar Refrigerators and Freezers,Yes,Yes
KD-179-R3,Refrigerators,Yes,Yes
KD-179-R3,Temperature Monitoring Devices,Yes,Yes
KD-179-R3,Cold Boxes (6L),Yes,Yes
KD-179-R3,GioStyle (4L),No,
KD-179-R3,Rush (3L),No,
KD-179-R3,Ice Packs,Yes,Yes
KD-179-R4,Solar Refrigerators and Freezers,Yes,No
KD-179-R4,Refrigerators,Yes,Yes
KD-179-R4,Temperature Monitoring Devices,Yes,Yes
KD-179-R4,Cold Boxes (6L),Yes,Yes
KD-179-R4,GioStyle (4L),No,
KD-179-R4,Rush (3L),No,
KD-179-R4,Ice Packs,Yes,No
KD-179-R5,Solar Refrigerators and Freezers,Yes,Yes
KD-179-R5,Refrigerators,Yes,Yes
KD-179-R5,Temperature Monitoring Devices,Yes,Yes
KD-179-R5,Cold Boxes (6L),Yes,Yes
KD-179-R5,GioStyle (4L),No,
KD-179-R5,Rush (3L),No,
KD-179-R5,Ice Packs,Yes,Yes
KD-179-R6,Solar Refrigerators and Freezers,Yes,Yes
KD-179-R6,Refrigerators,Yes,Yes
KD-179-R6,Temperature Monitoring Devices,Yes,Yes
KD-179-R6,Cold Boxes (6L),Yes,Yes
KD-179-R6,GioStyle (4L),No,
KD-179-R6,Rush (3L),No,
KD-179-R6,Ice Packs,Yes,No
KD-180-R1,Solar Refrigerators and Freezers,No,
KD-180-R1,Refrigerators,No,
KD-180-R1,Temperature Monitoring Devices,No,
KD-180-R1,Cold Boxes (6L),No,
KD-180-R1,GioStyle (4L),No,
KD-180-R1,Rush (3L),No,
KD-180-R1,Ice Packs,No,
KD-180-R2,Solar Refrigerators and Freezers,No,
KD-180-R2,Refrigerators,No,
KD-180-R2,Temperature Monitoring Devices,No,
KD-180-R2,Cold Boxes (6L),No,
KD-180-R2,GioStyle (4L),No,
KD-180-R2,Rush (3L),No,
KD-180-R2,Ice Packs,No,
KD-180-R3,Solar Refrigerators and Freezers,No,
KD-180-R3,Refrigerators,No,
KD-180-R3,Temperature Monitoring Devices,No,
KD-180-R3,Cold Boxes (6L),No,
KD-180-R3,GioStyle (4L),No,
KD-180-R3,Rush (3L),No,
KD-180-R3,Ice Packs,No,
KD-180-R4,Solar Refrigerators and Freezers,No,
KD-180-R4,Refrigerators,No,
KD-180-R4,Temperature Monitoring Devices,No,
KD-180-R4,Cold Boxes (6L),No,
KD-180-R4,GioStyle (4L),No,
KD-180-R4,Rush (3L),No,
KD-180-R4,Ice Packs,No,
KD-180-R5,Solar Refrigerators and Freezers,No,
KD-180-R5,Refrigerators,No,
KD-180-R5,Temperature Monitoring Devices,No,
KD-180-R5,Cold Boxes (6L),No,
KD-180-R5,GioStyle (4L),No,
KD-180-R5,Rush (3L),No,
KD-180-R5,Ice Packs,No,
KD-180-R6,Solar Refrigerators and Freezers,No,
KD-180-R6,Refrigerators,No,
KD-180-R6,Temperature Monitoring Devices,No,
KD-180-R6,Cold Boxes (6L),No,
KD-180-R6,GioStyle (4L),No,
KD-180-R6,Rush (3L),No,
KD-180-R6,Ice Packs,No,
KD-181-R1,Solar Refrigerators and Freezers,No,
KD-181-R1,Refrigerators,Yes,Yes
KD-181-R1,Temperature Monitoring Devices,No,
KD-181-R1,Cold Boxes (6L),Yes,Yes
KD-181-R1,GioStyle (4L),Yes,Yes
KD-181-R1,Rush (3L),Yes,Yes
KD-181-R1,Ice Packs,No,
KD-181-R2,Solar Refrigerators and Freezers,No,
KD-181-R2,Refrigerators,Yes,Yes
KD-181-R2,Temperature Monitoring Devices,No,
KD-181-R2,Cold Boxes (6L),Yes,Yes
KD-181-R2,GioStyle (4L),Yes,Yes
KD-181-R2,Rush (3L),Yes,Yes
KD-181-R2,Ice Packs,No,
KD-181-R3,Solar Refrigerators and Freezers,No,
KD-181-R3,Refrigerators,Yes,Yes
KD-181-R3,Temperature Monitoring Devices,No,
KD-181-R3,Cold Boxes (6L),Yes,No
KD-181-R3,GioStyle (4L),Yes,Yes
KD-181-R3,Rush (3L),Yes,No
KD-181-R3,Ice Packs,No,
KD-181-R4,Solar Refrigerators and Freezers,No,
KD-181-R4,Refrigerators,Yes,No
KD-181-R4,Temperature Monitoring Devices,No,
KD-181-R4,Cold Boxes (6L),Yes,Yes
KD-181-R4,GioStyle (4L),Yes,Yes
KD-181-R4,Rush (3L),Yes,No
KD-181-R4,Ice Packs,No,
KD-181-R5,Solar Refrigerators and Freezers,No,
KD-181-R5,Refrigerators,Yes,Yes
KD-181-R5,Temperature Monitoring Devices,No,
KD-181-R5,Cold Boxes (6L),Yes,Yes
KD-181-R5,GioStyle (4L),Yes,Yes
KD-181-R5,Rush (3L),Yes,Yes
KD-181-R5,Ice Packs,No,
KD-181-R6,Solar Refrigerators and Freezers,No,
KD-181-R6,Refrigerators,Yes,Yes
KD-181-R6,Temperature Monitoring Devices,No,
KD-181-R6,Cold Boxes (6L),Yes,Yes
KD-181-R6,GioStyle (4L),Yes,Yes
KD-181-R6,Rush (3L),Yes,Yes
KD-181-R6,Ice Packs,No,
KD-182-R1,Solar Refrigerators and Freezers,No,
KD-182-R1,Refrigerators,No,
KD-182-R1,Temperature Monitoring Devices,No,
KD-182-R1,Cold Boxes (6L),No,
KD-182-R1,GioStyle (4L),No,
KD-182-R1,Rush (3L),No,
KD-182-R1,Ice Packs,No,
KD-182-R2,Solar Refrigerators and Freezers,No,
KD-182-R2,Refrigerators,No,
KD-182-R2,Temperature Monitoring Devices,No,
KD-182-R2,Cold Boxes (6L),No,
KD-182-R2,GioStyle (4L),No,
KD-182-R2,Rush (3L),No,
KD-182-R2,Ice Packs,No,
KD-182-R3,Solar Refrigerators and Freezers,No,
KD-182-R3,Refrigerators,No,
KD-182-R3,Temperature Monitoring Devices,No,
KD-182-R3,Cold Boxes (6L),No,
KD-182-R3,GioStyle (4L),No,
KD-182-R3,Rush (3L),No,
KD-182-R3,Ice Packs,No,
KD-182-R4,Solar Refrigerators and Freezers,No,
KD-182-R4,Refrigerators,No,
KD-182-R4,Temperature Monitoring Devices,No,
KD-182-R4,Cold Boxes (6L),No,
KD-182-R4,GioStyle (4L),No,
KD-182-R4,Rush (3L),No,
KD-182-R4,Ice Packs,No,
KD-182-R5,Solar Refrigerators and Freezers,No,
KD-182-R5,Refrigerators,No,
KD-182-R5,Temperature Monitoring Devices,No,
KD-182-R5,Cold Boxes (6L),No,
KD-182-R5,GioStyle (4L),No,
KD-182-R5,Rush (3L),No,
KD-182-R5,Ice Packs,No,
KD-182-R6,Solar Refrigerators and Freezers,No,
KD-182-R6,Refrigerators,No,
KD-182-R6,Temperature Monitoring Devices,No,
KD-182-R6,Cold Boxes (6L),No,
KD-182-R6,GioStyle (4L),No,
KD-182-R6,Rush (3L),No,
KD-182-R6,Ice Packs,No,
KD-183-R1,Solar Refrigerators and Freezers,No,
KD-183-R1,Refrigerators,Yes,No
KD-183-R1,Temperature Monitoring Devices,Yes,Yes
KD-183-R1,Cold Boxes (6L),Yes,Yes
KD-183-R1,GioStyle (4L),Yes,Yes
KD-183-R1,Rush (3L),Yes,No
KD-183-R1,Ice Packs,Yes,Yes
KD-183-R2,Solar Refrigerators and Freezers,No,
KD-183-R2,Refrigerators,Yes,Yes
KD-183-R2,Temperature Monitoring Devices,Yes,No
KD-183-R2,Cold Boxes (6L),Yes,No
KD-183-R2,GioStyle (4L),Yes,Yes
KD-183-R2,Rush (3L),Yes,No
KD-183-R2,Ice Packs,Yes,Yes
KD-183-R3,Solar Refrigerators and Freezers,No,
KD-183-R3,Refrigerators,Yes,No
KD-183-R3,Temperature Monitoring Devices,Yes,No
KD-183-R3,Cold Boxes (6L),Yes,Yes
KD-183-R3,GioStyle (4L),Yes,Yes
KD-183-R3,Rush (3L),Yes,Yes
KD-183-R3,Ice Packs,Yes,Yes
KD-183-R4,Solar Refrigerators and Freezers,No,
KD-183-R4,Refrigerators,Yes,No
KD-183-R4,Temperature Monitoring Devices,Yes,Yes
KD-183-R4,Cold Boxes (6L),Yes,Yes
KD-183-R4,GioStyle (4L),Yes,No
KD-183-R4,Rush (3L),Yes,Yes
KD-183-R4,Ice Packs,Yes,Yes
KD-183-R5,Solar Refrigerators and Freezers,No,
KD-183-R5,Refrigerators,Yes,Yes
KD-183-R5,Temperature Monitoring Devices,Yes,No
KD-183-R5,Cold Boxes (6L),Yes,Yes
KD-183-R5,GioStyle (4L),Yes,Yes
KD-183-R5,Rush (3L),Yes,Yes
KD-183-R5,Ice Packs,Yes,Yes
KD-183-R6,Solar Refrigerators and Freezers,No,
KD-183-R6,Refrigerators,Yes,Yes
KD-183-R6,Temperature Monitoring Devices,Yes,No
KD-183-R6,Cold Boxes (6L),Yes,No
KD-183-R6,GioStyle (4L),Yes,Yes
KD-183-R6,Rush (3L),Yes,Yes
KD-183-R6,Ice Packs,Yes,Yes
KD-184-R1,Solar Refrigerators and Freezers,No,
KD-184-R1,Refrigerators,No,
KD-184-R1,Temperature Monitoring Devices,No,
KD-184-R1,Cold Boxes (6L),No,
KD-184-R1,GioStyle (4L),No,
KD-184-R1,Rush (3L),No,
KD-184-R1,Ice Packs,No,
KD-184-R2,Solar Refrigerators and Freezers,No,
KD-184-R2,Refrigerators,No,
KD-184-R2,Temperature Monitoring Devices,No,
KD-184-R2,Cold Boxes (6L),No,
KD-184-R2,GioStyle (4L),No,
KD-184-R2,Rush (3L),No,
KD-184-R2,Ice Packs,No,
KD-184-R3,Solar Refrigerators and Freezers,No,
KD-184-R3,Refrigerators,No,
KD-184-R3,Temperature Monitoring Devices,No,
KD-184-R3,Cold Boxes (6L),No,
KD-184-R3,GioStyle (4L),No,
KD-184-R3,Rush (3L),No,
KD-184-R3,Ice Packs,No,
KD-184-R4,Solar Refrigerators and Freezers,No,
KD-184-R4,Refrigerators,No,
KD-184-R4,Temperature Monitoring Devices,No,
KD-184-R4,Cold Boxes (6L),No,
KD-184-R4,GioStyle (4L),No,
KD-184-R4,Rush (3L),No,
KD-184-R4,Ice Packs,No,
KD-184-R5,Solar Refrigerators and Freezers,No,
KD-184-R5,Refrigerators,No,
KD-184-R5,Temperature Monitoring Devices,No,
KD-184-R5,Cold Boxes (6L),No,
KD-184-R5,GioStyle (4L),No,
KD-184-R5,Rush (3L),No,
KD-184-R5,Ice Packs,No,
KD-184-R6,Solar Refrigerators and Freezers,No,
KD-184-R6,Refrigerators,No,
KD-184-R6,Temperature Monitoring Devices,No,
KD-184-R6,Cold Boxes (6L),No,
KD-184-R6,GioStyle (4L),No,
KD-184-R6,Rush (3L),No,
KD-184-R6,Ice Packs,No,
