visit_id,service,offered,dedicated_days,all_planned_sessions_conducted,reason_not_conducted
KD-001-R1,Immunization,Yes,MTWTF,No,Weather or environmental conditions
KD-001-R1,Nutrition,Yes,Specific days,No,"Staff unavailable (leave, redeployment, strike)"
KD-001-R1,Antenatal Care,Yes,MTWTF,No,"Staff unavailable (leave, redeployment, strike)"
KD-001-R1,Postnatal Care,Yes,MTWTFSS,Yes,
KD-001-R1,IMCI,Yes,MTWTF,Yes,
KD-001-R1,Malaria,Yes,Specific days,Yes,
KD-001-R1,Labour and Delivery,Yes,MTWTF,Yes,
KD-001-R1,Family Planning,Yes,Specific days,Yes,
KD-001-R2,Immunization,Yes,Specific days,Yes,
KD-001-R2,Nutrition,Yes,Specific days,No,"Security concerns (insecurity, movement restrictions)"
KD-001-R2,Antenatal Care,Yes,MTWTFSS,Yes,
KD-001-R2,Postnatal Care,Yes,On needs basis,Yes,
KD-001-R2,IMCI,Yes,MTWTFSS,Yes,
KD-001-R2,Malaria,Yes,Specific days,Yes,
KD-001-R2,Labour and Delivery,Yes,MTWTF,Yes,
KD-001-R2,Family Planning,Yes,MTWTF,Yes,
KD-001-R3,Immunization,Yes,Specific days,No,"Facility closed (holiday, strike, renovation)"
KD-001-R3,Nutrition,Yes,MTWTF,Yes,
KD-001-R3,Antenatal Care,Yes,Specific days,Yes,
KD-001-R3,Postnatal Care,Yes,MTWTFSS,Yes,
KD-001-R3,IMCI,Yes,On needs basis,No,"Attending training, meeting, or other official assignment"
KD-001-R3,Malaria,Yes,Specific days,Yes,
KD-001-R3,Labour and Delivery,Yes,Specific days,Yes,
KD-001-R3,Family Planning,Yes,Specific days,Yes,
KD-001-R4,Immunization,Yes,Specific days,Yes,
KD-001-R4,Nutrition,Yes,MTWTF,Yes,
KD-001-R4,Antenatal Care,Yes,MTWTF,Yes,
KD-001-R4,Postnatal Care,Yes,MTWTFSS,Yes,
KD-001-R4,IMCI,Yes,On needs basis,No,"Attending training, meeting, or other official assignment"
KD-001-R4,Malaria,Yes,MTWTF,Yes,
KD-001-R4,Labour and Delivery,Yes,Specific days,Yes,
KD-001-R4,Family Planning,Yes,MTWTF,Yes,
KD-001-R5,Immunization,Yes,MTWTF,Yes,
KD-001-R5,Nutrition,Yes,MTWTFSS,Yes,
KD-001-R5,Antenatal Care,Yes,MTWTF,Yes,
KD-001-R5,Postnatal Care,Yes,MTWTF,No,"Facility closed (holiday, strike, renovation)"
KD-001-R5,IMCI,Yes,MTWTF,Yes,
KD-001-R5,Malaria,Yes,Specific days,Yes,
KD-001-R5,Labour and Delivery,Yes,Specific days,Yes,
KD-001-R5,Family Planning,Yes,Specific days,Yes,
KD-001-R6,Immunization,Yes,MTWTF,No,Vaccine stock-out
KD-001-R6,Nutrition,Yes,Specific days,Yes,
KD-001-R6,Antenatal Care,Yes,MTWTF,Yes,
KD-001-R6,Postnatal Care,Yes,Specific days,Yes,
KD-001-R6,IMCI,Yes,MTWTFSS,Yes,
KD-001-R6,Malaria,Yes,Specific days,Yes,
KD-001-R6,Labour and Delivery,Yes,Specific days,Yes,
KD-001-R6,Family Planning,Yes,Specific days,Yes,
KD-002-R1,Immunization,No,,,
KD-002-R1,Nutrition,Yes,Specific days,Yes,
KD-002-R1,Antenatal Care,Yes,MTWTFSS,Yes,
KD-002-R1,Postnatal Care,Yes,Specific days,Yes,
KD-002-R1,IMCI,Yes,Specific days,Yes,
KD-002-R1,Malaria,Yes,Specific days,Yes,
KD-002-R1,Labour and Delivery,Yes,Specific days,Yes,
KD-002-R1,Family Planning,Yes,MTWTFSS,Yes,
KD-002-R2,Immunization,No,,,
KD-002-R2,Nutrition,Yes,Specific days,Yes,
KD-002-R2,Antenatal Care,Yes,Specific days,Yes,
KD-002-R2,Postnatal Care,Yes,Specific days,Yes,
KD-002-R2,IMCI,Yes,MTWTF,Yes,
KD-002-R2,Malaria,Yes,Specific days,Yes,
KD-002-R2,Labour and Delivery,Yes,Specific days,Yes,
KD-002-R2,Family Planning,Yes,MTWTF,Yes,
KD-002-R3,Immunization,No,,,
KD-002-R3,Nutrition,Yes,Specific days,Yes,
KD-002-R3,Antenatal Care,Yes,MTWTFSS,Yes,
KD-002-R3,Postnatal Care,Yes,MTWTF,Yes,
KD-002-R3,IMCI,Yes,MTWTF,Yes,
KD-002-R3,Malaria,Yes,MTWTF,Yes,
KD-002-R3,Labour and Delivery,Yes,Specific days,Yes,
KD-002-R3,Family Planning,Yes,Specific days,Yes,
KD-002-R4,Immunization,No,,,
KD-002-R4,Nutrition,Yes,MTWTF,Yes,
KD-002-R4,Antenatal Care,Yes,Specific days,Yes,
KD-002-R4,Postnatal Care,Yes,MTWTFSS,Yes,
KD-002-R4,IMCI,Yes,Specific days,Yes,
KD-002-R4,Malaria,Yes,Specific days,Yes,
KD-002-R4,Labour and Delivery,Yes,MTWTF,Yes,
KD-002-R4,Family Planning,Yes,MTWTFSS,Yes,
KD-002-R5,Immunization,No,,,
KD-002-R5,Nutrition,Yes,Specific days,Yes,
KD-002-R5,Antenatal Care,Yes,Specific days,Yes,
KD-002-R5,Postnatal Care,Yes,Specific days,Yes,
KD-002-R5,IMCI,Yes,MTWTFSS,Yes,
KD-002-R5,Malaria,Yes,MTWTF,Yes,
KD-002-R5,Labour and Delivery,Yes,MTWTFSS,Yes,
KD-002-R5,Family Planning,Yes,Specific days,Yes,
KD-002-R6,Immunization,No,,,
KD-002-R6,Nutrition,Yes,Specific days,No,"Attending training, meeting, or other official assignment"
KD-002-R6,Antenatal Care,Yes,Specific days,Yes,
KD-002-R6,Postnatal Care,Yes,MTWTFSS,No,"Staff unavailable (leave, redeployment, strike)"
KD-002-R6,IMCI,Yes,On needs basis,Yes,
KD-002-R6,Malaria,Yes,Specific days,Yes,
KD-002-R6,Labour and Delivery,Yes,Specific days,Yes,
KD-002-R6,Family Planning,Yes,Specific days,Yes,
KD-003-R1,Immunization,Yes,Specific days,Yes,
KD-003-R1,Nutrition,Yes,MTWTFSS,Yes,
KD-003-R1,Antenatal Care,Yes,MTWTFSS,Yes,
KD-003-R1,Postnatal Care,Yes,MTWTFSS,Yes,
KD-003-R1,IMCI,Yes,On needs basis,Yes,
KD-003-R1,Malaria,Yes,Specific days,Yes,
KD-003-R1,Labour and Delivery,Yes,Specific days,Yes,
KD-003-R1,Family Planning,Yes,MTWTFSS,Yes,
KD-003-R2,Immunization,Yes,Specific days,Yes,
KD-003-R2,Nutrition,Yes,Specific days,Yes,
KD-003-R2,Antenatal Care,Yes,MTWTFSS,Yes,
KD-003-R2,Postnatal Care,Yes,On needs basis,Yes,
KD-003-R2,IMCI,Yes,MTWTF,Yes,
KD-003-R2,Malaria,Yes,MTWTF,Yes,
KD-003-R2,Labour and Delivery,Yes,MTWTF,No,"Staff unavailable (leave, redeployment, strike)"
KD-003-R2,Family Planning,Yes,MTWTF,Yes,
KD-003-R3,Immunization,Yes,MTWTFSS,Yes,
KD-003-R3,Nutrition,Yes,Specific days,Yes,
KD-003-R3,Antenatal Care,Yes,MTWTFSS,Yes,
KD-003-R3,Postnatal Care,Yes,Specific days,Yes,
KD-003-R3,IMCI,Yes,MTWTFSS,Yes,
KD-003-R3,Malaria,Yes,MTWTFSS,Yes,
KD-003-R3,Labour and Delivery,Yes,MTWTF,Yes,
KD-003-R3,Family Planning,Yes,Specific days,Yes,
KD-003-R4,Immunization,Yes,MTWTF,Yes,
KD-003-R4,Nutrition,Yes,MTWTF,Yes,
KD-003-R4,Antenatal Care,Yes,MTWTF,Yes,
KD-003-R4,Postnatal Care,Yes,MTWTF,Yes,
KD-003-R4,IMCI,Yes,MTWTF,Yes,
KD-003-R4,Malaria,Yes,MTWTF,No,Low community turnout / community resistance
KD-003-R4,Labour and Delivery,Yes,MTWTF,Yes,
KD-003-R4,Family Planning,Yes,Specific days,Yes,
KD-003-R5,Immunization,Yes,Specific days,Yes,
KD-003-R5,Nutrition,Yes,Specific days,Yes,
KD-003-R5,Antenatal Care,Yes,On needs basis,Yes,
KD-003-R5,Postnatal Care,Yes,MTWTF,Yes,
KD-003-R5,IMCI,Yes,MTWTF,Yes,
KD-003-R5,Malaria,Yes,Specific days,Yes,
KD-003-R5,Labour and Delivery,Yes,MTWTF,Yes,
KD-003-R5,Family Planning,Yes,MTWTF,Yes,
KD-003-R6,Immunization,Yes,MTWTF,Yes,
KD-003-R6,Nutrition,Yes,MTWTF,Yes,
KD-003-R6,Antenatal Care,Yes,Specific days,Yes,
KD-003-R6,Postnatal Care,Yes,Specific days,Yes,
KD-003-R6,IMCI,Yes,MTWTF,Yes,
KD-003-R6,Malaria,Yes,MTWTF,Yes,
KD-003-R6,Labour and Delivery,Yes,Specific days,No,"Security concerns (insecurity, movement restrictions)"
KD-003-R6,Family Planning,Yes,MTWTF,Yes,
KD-004-R1,Immunization,Yes,Specific days,Yes,
KD-004-R1,Nutrition,Yes,MTWTF,Yes,
KD-004-R1,Antenatal Care,Yes,MTWTFSS,Yes,
KD-004-R1,Postnatal Care,Yes,Specific days,Yes,
KD-004-R1,IMCI,Yes,MTWTF,Yes,
KD-004-R1,Malaria,Yes,MTWTF,Yes,
KD-004-R1,Labour and Delivery,Yes,Specific days,Yes,
KD-004-R1,Family Planning,No,,,
KD-004-R2,Immunization,Yes,Specific days,Yes,
KD-004-R2,Nutrition,Yes,MTWTFSS,Yes,
KD-004-R2,Antenatal Care,Yes,Specific days,Yes,
KD-004-R2,Postnatal Care,Yes,Specific days,Yes,
KD-004-R2,IMCI,Yes,Specific days,No,"Security concerns (insecurity, movement restrictions)"
KD-004-R2,Malaria,Yes,On needs basis,No,"Security concerns (insecurity, movement restrictions)"
KD-004-R2,Labour and Delivery,Yes,MTWTF,Yes,
KD-004-R2,Family Planning,No,,,
KD-004-R3,Immunization,Yes,MTWTF,Yes,
KD-004-R3,Nutrition,Yes,Specific days,Yes,
KD-004-R3,Antenatal Care,Yes,Specific days,Yes,
KD-004-R3,Postnatal Care,Yes,MTWTF,Yes,
KD-004-R3,IMCI,Yes,MTWTFSS,Yes,
KD-004-R3,Malaria,Yes,MTWTF,Yes,
KD-004-R3,Labour and Delivery,Yes,MTWTFSS,Yes,
KD-004-R3,Family Planning,No,,,
KD-004-R4,Immunization,Yes,On needs basis,Yes,
KD-004-R4,Nutrition,Yes,MTWTFSS,No,"Security concerns (insecurity, movement restrictions)"
KD-004-R4,Antenatal Care,Yes,MTWTF,Yes,
KD-004-R4,Postnatal Care,Yes,Specific days,Yes,
KD-004-R4,IMCI,Yes,Specific days,Yes,
KD-004-R4,Malaria,Yes,MTWTF,No,"Staff unavailable (leave, redeployment, strike)"
KD-004-R4,Labour and Delivery,Yes,MTWTFSS,Yes,
KD-004-R4,Family Planning,No,,,
KD-004-R5,Immunization,Yes,Specific days,Yes,
KD-004-R5,Nutrition,Yes,MTWTF,Yes,
KD-004-R5,Antenatal Care,Yes,MTWTF,Yes,
KD-004-R5,Postnatal Care,Yes,Specific days,Yes,
KD-004-R5,IMCI,Yes,Specific days,Yes,
KD-004-R5,Malaria,Yes,Specific days,No,"Attending training, meeting, or other official assignment"
KD-004-R5,Labour and Delivery,Yes,Specific days,Yes,
KD-004-R5,Family Planning,No,,,
KD-004-R6,Immunization,Yes,MTWTFSS,Yes,
KD-004-R6,Nutrition,Yes,MTWTFSS,Yes,
KD-004-R6,Antenatal Care,Yes,MTWTFSS,Yes,
KD-004-R6,Postnatal Care,Yes,Specific days,Yes,
KD-004-R6,IMCI,Yes,Specific days,Yes,
KD-004-R6,Malaria,Yes,MTWTF,Yes,
KD-004-R6,Labour and Delivery,Yes,Specific days,Yes,
KD-004-R6,Family Planning,No,,,
KD-005-R1,Immunization,Yes,Specific days,Yes,
KD-005-R1,Nutrition,No,,,
KD-005-R1,Antenatal Care,Yes,On needs basis,Yes,
KD-005-R1,Postnatal Care,Yes,MTWTF,Yes,
KD-005-R1,IMCI,Yes,Specific days,Yes,
KD-005-R1,Malaria,Yes,MTWTF,Yes,
KD-005-R1,Labour and Delivery,Yes,Specific days,No,"Staff unavailable (leave, redeployment, strike)"
KD-005-R1,Family Planning,Yes,MTWTF,Yes,
KD-005-R2,Immunization,Yes,Specific days,Yes,
KD-005-R2,Nutrition,No,,,
KD-005-R2,Antenatal Care,Yes,MTWTF,Yes,
KD-005-R2,Postnatal Care,Yes,MTWTF,Yes,
KD-005-R2,IMCI,Yes,Specific days,Yes,
KD-005-R2,Malaria,Yes,Specific days,Yes,
KD-005-R2,Labour and Delivery,Yes,MTWTF,Yes,
KD-005-R2,Family Planning,Yes,On needs basis,No,"Facility closed (holiday, strike, renovation)"
KD-005-R3,Immunization,Yes,Specific days,Yes,
KD-005-R3,Nutrition,No,,,
KD-005-R3,Antenatal Care,Yes,Specific days,No,"Facility closed (holiday, strike, renovation)"
KD-005-R3,Postnatal Care,Yes,MTWTF,Yes,
KD-005-R3,IMCI,Yes,MTWTF,Yes,
KD-005-R3,Malaria,Yes,MTWTF,Yes,
KD-005-R3,Labour and Delivery,Yes,MTWTF,Yes,
KD-005-R3,Family Planning,Yes,On needs basis,Yes,
KD-005-R4,Immunization,Yes,Specific days,Yes,
KD-005-R4,Nutrition,No,,,
KD-005-R4,Antenatal Care,Yes,MTWTF,No,Low community turnout / community resistance
KD-005-R4,Postnatal Care,Yes,MTWTF,No,Lack of transportation or logistics support
KD-005-R4,IMCI,Yes,Specific days,Yes,
KD-005-R4,Malaria,Yes,Specific days,Yes,
KD-005-R4,Labour and Delivery,Yes,MTWTF,Yes,
KD-005-R4,Family Planning,Yes,MTWTF,Yes,
KD-005-R5,Immunization,Yes,On needs basis,Yes,
KD-005-R5,Nutrition,No,,,
KD-005-R5,Antenatal Care,Yes,Specific days,Yes,
KD-005-R5,Postnatal Care,Yes,MTWTF,Yes,
KD-005-R5,IMCI,Yes,On needs basis,No,"Staff unavailable (leave, redeployment, strike)"
KD-005-R5,Malaria,Yes,MTWTF,Yes,
KD-005-R5,Labour and Delivery,Yes,On needs basis,Yes,
KD-005-R5,Family Planning,Yes,On needs basis,Yes,
KD-005-R6,Immunization,Yes,MTWTFSS,Yes,
KD-005-R6,Nutrition,No,,,
KD-005-R6,Antenatal Care,Yes,MTWTF,No,"Security concerns (insecurity, movement restrictions)"
KD-005-R6,Postnatal Care,Yes,On needs basis,No,"Security concerns (insecurity, movement restrictions)"
KD-005-R6,IMCI,Yes,Specific days,Yes,
KD-005-R6,Malaria,Yes,Specific days,Yes,
KD-005-R6,Labour and Delivery,Yes,MTWTF,Yes,
KD-005-R6,Family Planning,Yes,On needs basis,Yes,
KD-006-R1,Immunization,No,,,
KD-006-R1,Nutrition,Yes,Specific days,Yes,
KD-006-R1,Antenatal Care,Yes,MTWTF,Yes,
KD-006-R1,Postnatal Care,Yes,MTWTF,No,"Security concerns (insecurity, movement restrictions)"
KD-006-R1,IMCI,Yes,MTWTF,Yes,
KD-006-R1,Malaria,Yes,MTWTF,Yes,
KD-006-R1,Labour and Delivery,Yes,MTWTF,No,"Security concerns (insecurity, movement restrictions)"
KD-006-R1,Family Planning,Yes,Specific days,Yes,
KD-006-R2,Immunization,No,,,
KD-006-R2,Nutrition,Yes,Specific days,Yes,
KD-006-R2,Antenatal Care,Yes,MTWTF,Yes,
KD-006-R2,Postnatal Care,Yes,Specific days,Yes,
KD-006-R2,IMCI,Yes,On needs basis,Yes,
KD-006-R2,Malaria,Yes,MTWTF,Yes,
KD-006-R2,Labour and Delivery,Yes,MTWTF,Yes,
KD-006-R2,Family Planning,Yes,MTWTF,Yes,
KD-006-R3,Immunization,No,,,
KD-006-R3,Nutrition,Yes,MTWTF,Yes,
KD-006-R3,Antenatal Care,Yes,On needs basis,Yes,
KD-006-R3,Postnatal Care,Yes,Specific days,No,Vaccine stock-out
KD-006-R3,IMCI,Yes,MTWTF,Yes,
KD-006-R3,Malaria,Yes,MTWTF,Yes,
KD-006-R3,Labour and Delivery,Yes,Specific days,Yes,
KD-006-R3,Family Planning,Yes,Specific days,No,"Security concerns (insecurity, movement restrictions)"
KD-006-R4,Immunization,No,,,
KD-006-R4,Nutrition,Yes,Specific days,Yes,
KD-006-R4,Antenatal Care,Yes,MTWTF,Yes,
KD-006-R4,Postnatal Care,Yes,MTWTF,Yes,
KD-006-R4,IMCI,Yes,MTWTF,Yes,
KD-006-R4,Malaria,Yes,Specific days,Yes,
KD-006-R4,Labour and Delivery,Yes,Specific days,No,Low community turnout / community resistance
KD-006-R4,Family Planning,Yes,MTWTF,Yes,
KD-006-R5,Immunization,No,,,
KD-006-R5,Nutrition,Yes,Specific days,Yes,
KD-006-R5,Antenatal Care,Yes,Specific days,Yes,
KD-006-R5,Postnatal Care,Yes,MTWTF,Yes,
KD-006-R5,IMCI,Yes,Specific days,No,"Attending training, meeting, or other official assignment"
KD-006-R5,Malaria,Yes,Specific days,Yes,
KD-006-R5,Labour and Delivery,Yes,Specific days,No,"Security concerns (insecurity, movement restrictions)"
KD-006-R5,Family Planning,Yes,MTWTFSS,No,"Security concerns (insecurity, movement restrictions)"
KD-006-R6,Immunization,No,,,
KD-006-R6,Nutrition,Yes,Specific days,No,"Staff unavailable (leave, redeployment, strike)"
KD-006-R6,Antenatal Care,Yes,Specific days,Yes,
KD-006-R6,Postnatal Care,Yes,MTWTF,Yes,
KD-006-R6,IMCI,Yes,MTWTF,Yes,
KD-006-R6,Malaria,Yes,Specific days,Yes,
KD-006-R6,Labour and Delivery,Yes,MTWTF,Yes,
KD-006-R6,Family Planning,Yes,Specific days,No,"Attending training, meeting, or other official assignment"
KD-007-R1,Immunization,Yes,Specific days,Yes,
KD-007-R1,Nutrition,Yes,MTWTF,Yes,
KD-007-R1,Antenatal Care,Yes,MTWTF,Yes,
KD-007-R1,Postnatal Care,Yes,Specific days,Yes,
KD-007-R1,IMCI,Yes,MTWTF,No,Cold chain equipment failure
KD-007-R1,Malaria,Yes,MTWTF,Yes,
KD-007-R1,Labour and Delivery,Yes,Specific days,Yes,
KD-007-R1,Family Planning,Yes,Specific days,Yes,
KD-007-R2,Immunization,Yes,MTWTFSS,Yes,
KD-007-R2,Nutrition,Yes,MTWTF,Yes,
KD-007-R2,Antenatal Care,Yes,MTWTFSS,No,"Attending training, meeting, or other official assignment"
KD-007-R2,Postnatal Care,Yes,MTWTFSS,No,"Staff unavailable (leave, redeployment, strike)"
KD-007-R2,IMCI,Yes,MTWTF,Yes,
KD-007-R2,Malaria,Yes,MTWTF,Yes,
KD-007-R2,Labour and Delivery,Yes,MTWTF,No,"Staff unavailable (leave, redeployment, strike)"
KD-007-R2,Family Planning,Yes,MTWTF,Yes,
KD-007-R3,Immunization,Yes,MTWTF,Yes,
KD-007-R3,Nutrition,Yes,MTWTF,Yes,
KD-007-R3,Antenatal Care,Yes,MTWTFSS,Yes,
KD-007-R3,Postnatal Care,Yes,Specific days,Yes,
KD-007-R3,IMCI,Yes,Specific days,Yes,
KD-007-R3,Malaria,Yes,MTWTFSS,Yes,
KD-007-R3,Labour and Delivery,Yes,MTWTF,Yes,
KD-007-R3,Family Planning,Yes,MTWTFSS,Yes,
KD-007-R4,Immunization,Yes,MTWTFSS,Yes,
KD-007-R4,Nutrition,Yes,Specific days,Yes,
KD-007-R4,Antenatal Care,Yes,On needs basis,No,"Facility closed (holiday, strike, renovation)"
KD-007-R4,Postnatal Care,Yes,MTWTF,Yes,
KD-007-R4,IMCI,Yes,MTWTF,No,Weather or environmental conditions
KD-007-R4,Malaria,Yes,Specific days,Yes,
KD-007-R4,Labour and Delivery,Yes,MTWTFSS,Yes,
KD-007-R4,Family Planning,Yes,Specific days,Yes,
KD-007-R5,Immunization,Yes,Specific days,Yes,
KD-007-R5,Nutrition,Yes,MTWTF,Yes,
KD-007-R5,Antenatal Care,Yes,MTWTF,Yes,
KD-007-R5,Postnatal Care,Yes,Specific days,Yes,
KD-007-R5,IMCI,Yes,On needs basis,Yes,
KD-007-R5,Malaria,Yes,MTWTF,Yes,
KD-007-R5,Labour and Delivery,Yes,Specific days,Yes,
KD-007-R5,Family Planning,Yes,Specific days,Yes,
KD-007-R6,Immunization,Yes,On needs basis,No,"Security concerns (insecurity, movement restrictions)"
KD-007-R6,Nutrition,Yes,Specific days,No,"Security concerns (insecurity, movement restrictions)"
KD-007-R6,Antenatal Care,Yes,MTWTFSS,No,"Staff unavailable (leave, redeployment, strike)"
KD-007-R6,Postnatal Care,Yes,Specific days,No,"Attending training, meeting, or other official assignment"
KD-007-R6,IMCI,Yes,MTWTFSS,Yes,
KD-007-R6,Malaria,Yes,MTWTF,No,Weather or environmental conditions
KD-007-R6,Labour and Delivery,Yes,Specific days,Yes,
KD-007-R6,Family Planning,Yes,On needs basis,No,"Security concerns (insecurity, movement restrictions)"
KD-008-R1,Immunization,Yes,On needs basis,No,"Staff unavailable (leave, redeployment, strike)"
KD-008-R1,Nutrition,No,,,
KD-008-R1,Antenatal Care,Yes,Specific days,No,"Security concerns (insecurity, movement restrictions)"
KD-008-R1,Postnatal Care,Yes,Specific days,Yes,
KD-008-R1,IMCI,Yes,Specific days,No,"Security concerns (insecurity, movement restrictions)"
KD-008-R1,Malaria,Yes,Specific days,No,"Security concerns (insecurity, movement restrictions)"
KD-008-R1,Labour and Delivery,Yes,MTWTFSS,Yes,
KD-008-R1,Family Planning,Yes,Specific days,Yes,
KD-008-R2,Immunization,Yes,On needs basis,Yes,
KD-008-R2,Nutrition,No,,,
KD-008-R2,Antenatal Care,Yes,MTWTF,Yes,
KD-008-R2,Postnatal Care,Yes,MTWTF,Yes,
KD-008-R2,IMCI,Yes,MTWTFSS,Yes,
KD-008-R2,Malaria,Yes,MTWTF,Yes,
KD-008-R2,Labour and Delivery,Yes,Specific days,No,"Staff unavailable (leave, redeployment, strike)"
KD-008-R2,Family Planning,Yes,Specific days,Yes,
KD-008-R3,Immunization,Yes,MTWTF,Yes,
KD-008-R3,Nutrition,No,,,
KD-008-R3,Antenatal Care,Yes,Specific days,Yes,
KD-008-R3,Postnatal Care,Yes,On needs basis,No,"Staff unavailable (leave, redeployment, strike)"
KD-008-R3,IMCI,Yes,On needs basis,Yes,
KD-008-R3,Malaria,Yes,On needs basis,Yes,
KD-008-R3,Labour and Delivery,Yes,MTWTF,Yes,
KD-008-R3,Family Planning,Yes,MTWTF,Yes,
KD-008-R4,Immunization,Yes,Specific days,Yes,
KD-008-R4,Nutrition,No,,,
KD-008-R4,Antenatal Care,Yes,Specific days,Yes,
KD-008-R4,Postnatal Care,Yes,MTWTF,No,"Attending training, meeting, or other official assignment"
KD-008-R4,IMCI,Yes,On needs basis,Yes,
KD-008-R4,Malaria,Yes,Specific days,Yes,
KD-008-R4,Labour and Delivery,Yes,On needs basis,No,"Security concerns (insecurity, movement restrictions)"
KD-008-R4,Family Planning,Yes,MTWTF,Yes,
KD-008-R5,Immunization,Yes,Specific days,No,"Security concerns (insecurity, movement restrictions)"
KD-008-R5,Nutrition,No,,,
KD-008-R5,Antenatal Care,Yes,MTWTFSS,Yes,
KD-008-R5,Postnatal Care,Yes,Specific days,No,"Security concerns (insecurity, movement restrictions)"
KD-008-R5,IMCI,Yes,MTWTF,No,"Security concerns (insecurity, movement restrictions)"
KD-008-R5,Malaria,Yes,Specific days,No,Low community turnout / community resistance
KD-008-R5,Labour and Delivery,Yes,Specific days,No,"Security concerns (insecurity, movement restrictions)"
KD-008-R5,Family Planning,Yes,MTWTF,Yes,
KD-008-R6,Immunization,Yes,MTWTF,Yes,
KD-008-R6,Nutrition,No,,,
KD-008-R6,Antenatal Care,Yes,Specific days,Yes,
KD-008-R6,Postnatal Care,Yes,Specific days,Yes,
KD-008-R6,IMCI,Yes,On needs basis,Yes,
KD-008-R6,Malaria,Yes,MTWTF,Yes,
KD-008-R6,Labour and Delivery,Yes,Specific days,Yes,
KD-008-R6,Family Planning,Yes,On needs basis,Yes,
KD-009-R1,Immunization,Yes,MTWTF,No,"Security concerns (insecurity, movement restrictions)"
KD-009-R1,Nutrition,No,,,
KD-009-R1,Antenatal Care,Yes,MTWTFSS,No,Low community turnout / community resistance
KD-009-R1,Postnatal Care,No,,,
KD-009-R1,IMCI,Yes,Specific days,Yes,
KD-009-R1,Malaria,Yes,Specific days,Yes,
KD-009-R1,Labour and Delivery,Yes,Specific days,Yes,
KD-009-R1,Family Planning,Yes,Specific days,Yes,
KD-009-R2,Immunization,Yes,On needs basis,Yes,
KD-009-R2,Nutrition,No,,,
KD-009-R2,Antenatal Care,Yes,MTWTF,Yes,
KD-009-R2,Postnatal Care,No,,,
KD-009-R2,IMCI,Yes,MTWTF,No,"Attending training, meeting, or other official assignment"
KD-009-R2,Malaria,Yes,Specific days,No,"Staff unavailable (leave, redeployment, strike)"
KD-009-R2,Labour and Delivery,Yes,MTWTF,Yes,
KD-009-R2,Family Planning,Yes,On needs basis,Yes,
KD-009-R3,Immunization,Yes,Specific days,Yes,
KD-009-R3,Nutrition,No,,,
KD-009-R3,Antenatal Care,Yes,On needs basis,Yes,
KD-009-R3,Postnatal Care,No,,,
KD-009-R3,IMCI,Yes,On needs basis,Yes,
KD-009-R3,Malaria,Yes,MTWTF,Yes,
KD-009-R3,Labour and Delivery,Yes,MTWTF,Yes,
KD-009-R3,Family Planning,Yes,Specific days,Yes,
KD-009-R4,Immunization,Yes,Specific days,Yes,
KD-009-R4,Nutrition,No,,,
KD-009-R4,Antenatal Care,Yes,MTWTFSS,Yes,
KD-009-R4,Postnatal Care,No,,,
KD-009-R4,IMCI,Yes,Specific days,Yes,
KD-009-R4,Malaria,Yes,MTWTF,Yes,
KD-009-R4,Labour and Delivery,Yes,On needs basis,No,"Staff unavailable (leave, redeployment, strike)"
KD-009-R4,Family Planning,Yes,MTWTF,Yes,
KD-009-R5,Immunization,Yes,Specific days,No,"Attending training, meeting, or other official assignment"
KD-009-R5,Nutrition,No,,,
KD-009-R5,Antenatal Care,Yes,Specific days,Yes,
KD-009-R5,Postnatal Care,No,,,
KD-009-R5,IMCI,Yes,MTWTF,Yes,
KD-009-R5,Malaria,Yes,Specific days,Yes,
KD-009-R5,Labour and Delivery,Yes,Specific days,No,"Security concerns (insecurity, movement restrictions)"
KD-009-R5,Family Planning,Yes,MTWTFSS,Yes,
KD-009-R6,Immunization,Yes,Specific days,Yes,
KD-009-R6,Nutrition,No,,,
KD-009-R6,Antenatal Care,Yes,MTWTF,Yes,
KD-009-R6,Postnatal Care,No,,,
KD-009-R6,IMCI,Yes,MTWTFSS,No,"Security concerns (insecurity, movement restrictions)"
KD-009-R6,Malaria,Yes,On needs basis,Yes,
KD-009-R6,Labour and Delivery,Yes,Specific days,Yes,
KD-009-R6,Family Planning,Yes,MTWTF,No,"Security concerns (insecurity, movement restrictions)"
KD-010-R1,Immunization,Yes,MTWTFSS,Yes,
KD-010-R1,Nutrition,Yes,MTWTF,No,Lack of transportation or logistics support
KD-010-R1,Antenatal Care,Yes,MTWTF,Yes,
KD-010-R1,Postnatal Care,Yes,MTWTF,Yes,
KD-010-R1,IMCI,No,,,
KD-010-R1,Malaria,Yes,MTWTFSS,Yes,
KD-010-R1,Labour and Delivery,Yes,Specific days,Yes,
KD-010-R1,Family Planning,Yes,MTWTF,Yes,
KD-010-R2,Immunization,Yes,MTWTFSS,Yes,
KD-010-R2,Nutrition,Yes,MTWTFSS,Yes,
KD-010-R2,Antenatal Care,Yes,Specific days,Yes,
KD-010-R2,Postnatal Care,Yes,Specific days,Yes,
KD-010-R2,IMCI,No,,,
KD-010-R2,Malaria,Yes,MTWTF,Yes,
KD-010-R2,Labour and Delivery,Yes,MTWTF,Yes,
KD-010-R2,Family Planning,Yes,MTWTF,Yes,
KD-010-R3,Immunization,Yes,MTWTF,Yes,
KD-010-R3,Nutrition,Yes,MTWTF,Yes,
KD-010-R3,Antenatal Care,Yes,Specific days,Yes,
KD-010-R3,Postnatal Care,Yes,MTWTF,Yes,
KD-010-R3,IMCI,No,,,
KD-010-R3,Malaria,Yes,Specific days,Yes,
KD-010-R3,Labour and Delivery,Yes,MTWTF,No,Low community turnout / community resistance
KD-010-R3,Family Planning,Yes,MTWTFSS,No,"Staff unavailable (leave, redeployment, strike)"
KD-010-R4,Immunization,Yes,MTWTF,Yes,
KD-010-R4,Nutrition,Yes,MTWTFSS,Yes,
KD-010-R4,Antenatal Care,Yes,MTWTFSS,Yes,
KD-010-R4,Postnatal Care,Yes,On needs basis,No,Lack of transportation or logistics support
KD-010-R4,IMCI,No,,,
KD-010-R4,Malaria,Yes,MTWTF,Yes,
KD-010-R4,Labour and Delivery,Yes,MTWTF,No,"Staff unavailable (leave, redeployment, strike)"
KD-010-R4,Family Planning,Yes,Specific days,Yes,
KD-010-R5,Immunization,Yes,MTWTF,No,Low community turnout / community resistance
KD-010-R5,Nutrition,Yes,Specific days,Yes,
KD-010-R5,Antenatal Care,Yes,MTWTF,Yes,
KD-010-R5,Postnatal Care,Yes,MTWTF,Yes,
KD-010-R5,IMCI,No,,,
KD-010-R5,Malaria,Yes,MTWTFSS,Yes,
KD-010-R5,Labour and Delivery,Yes,MTWTF,No,"Staff unavailable (leave, redeployment, strike)"
KD-010-R5,Family Planning,Yes,Specific days,Yes,
KD-010-R6,Immunization,Yes,MTWTFSS,No,"Security concerns (insecurity, movement restrictions)"
KD-010-R6,Nutrition,Yes,Specific days,No,"Staff unavailable (leave, redeployment, strike)"
KD-010-R6,Antenatal Care,Yes,MTWTF,No,Weather or environmental conditions
KD-010-R6,Postnatal Care,Yes,Specific days,No,"Security concerns (insecurity, movement restrictions)"
KD-010-R6,IMCI,No,,,
KD-010-R6,Malaria,Yes,On needs basis,No,Low community turnout / community resistance
KD-010-R6,Labour and Delivery,Yes,MTWTF,No,"Security concerns (insecurity, movement restrictions)"
KD-010-R6,Family Planning,Yes,MTWTFSS,No,"Facility closed (holiday, strike, renovation)"
KD-011-R1,Immunization,Yes,Specific days,No,"Security concerns (insecurity, movement restrictions)"
KD-011-R1,Nutrition,Yes,Specific days,Yes,
KD-011-R1,Antenatal Care,Yes,Specific days,No,"Attending training, meeting, or other official assignment"
KD-011-R1,Postnatal Care,Yes,Specific days,No,Weather or environmental conditions
KD-011-R1,IMCI,Yes,MTWTF,Yes,
KD-011-R1,Malaria,Yes,MTWTF,No,Weather or environmental conditions
KD-011-R1,Labour and Delivery,No,,,
KD-011-R1,Family Planning,Yes,MTWTF,No,"Security concerns (insecurity, movement restrictions)"
KD-011-R2,Immunization,Yes,Specific days,Yes,
KD-011-R2,Nutrition,Yes,Specific days,Yes,
KD-011-R2,Antenatal Care,Yes,On needs basis,Yes,
KD-011-R2,Postnatal Care,Yes,Specific days,Yes,
KD-011-R2,IMCI,Yes,MTWTF,Yes,
KD-011-R2,Malaria,Yes,Specific days,Yes,
KD-011-R2,Labour and Delivery,No,,,
KD-011-R2,Family Planning,Yes,On needs basis,No,"Staff unavailable (leave, redeployment, strike)"
KD-011-R3,Immunization,Yes,Specific days,Yes,
KD-011-R3,Nutrition,Yes,Specific days,Yes,
KD-011-R3,Antenatal Care,Yes,On needs basis,Yes,
KD-011-R3,Postnatal Care,Yes,MTWTF,Yes,
KD-011-R3,IMCI,Yes,MTWTF,Yes,
KD-011-R3,Malaria,Yes,On needs basis,Yes,
KD-011-R3,Labour and Delivery,No,,,
KD-011-R3,Family Planning,Yes,On needs basis,Yes,
KD-011-R4,Immunization,Yes,Specific days,No,Vaccine stock-out
KD-011-R4,Nutrition,Yes,Specific days,No,"Staff unavailable (leave, redeployment, strike)"
KD-011-R4,Antenatal Care,Yes,MTWTF,Yes,
KD-011-R4,Postnatal Care,Yes,On needs basis,Yes,
KD-011-R4,IMCI,Yes,Specific days,No,"Attending training, meeting, or other official assignment"
KD-011-R4,Malaria,Yes,MTWTF,Yes,
KD-011-R4,Labour and Delivery,No,,,
KD-011-R4,Family Planning,Yes,MTWTF,No,Low community turnout / community resistance
KD-011-R5,Immunization,Yes,MTWTF,No,"Staff unavailable (leave, redeployment, strike)"
KD-011-R5,Nutrition,Yes,Specific days,Yes,
KD-011-R5,Antenatal Care,Yes,MTWTF,Yes,
KD-011-R5,Postnatal Care,Yes,On needs basis,Yes,
KD-011-R5,IMCI,Yes,MTWTF,Yes,
KD-011-R5,Malaria,Yes,MTWTF,Yes,
KD-011-R5,Labour and Delivery,No,,,
KD-011-R5,Family Planning,Yes,MTWTF,Yes,
KD-011-R6,Immunization,Yes,Specific days,Yes,
KD-011-R6,Nutrition,Yes,MTWTFSS,Yes,
KD-011-R6,Antenatal Care,Yes,MTWTF,Yes,
KD-011-R6,Postnatal Care,Yes,MTWTF,No,Lack of transportation or logistics support
KD-011-R6,IMCI,Yes,Specific days,Yes,
KD-011-R6,Malaria,Yes,MTWTF,Yes,
KD-011-R6,Labour and Delivery,No,,,
KD-011-R6,Family Planning,Yes,On needs basis,Yes,
KD-012-R1,Immunization,Yes,MTWTFSS,Yes,
KD-012-R1,Nutrition,Yes,Specific days,Yes,
KD-012-R1,Antenatal Care,Yes,Specific days,Yes,
KD-012-R1,Postnatal Care,No,,,
KD-012-R1,IMCI,Yes,MTWTF,Yes,
KD-012-R1,Malaria,Yes,MTWTF,Yes,
KD-012-R1,Labour and Delivery,Yes,MTWTFSS,Yes,
KD-012-R1,Family Planning,Yes,MTWTF,No,"Attending training, meeting, or other official assignment"
KD-012-R2,Immunization,Yes,MTWTF,Yes,
KD-012-R2,Nutrition,Yes,MTWTFSS,No,"Attending training, meeting, or other official assignment"
KD-012-R2,Antenatal Care,Yes,MTWTFSS,Yes,
KD-012-R2,Postnatal Care,No,,,
KD-012-R2,IMCI,Yes,MTWTFSS,No,Low community turnout / community resistance
KD-012-R2,Malaria,Yes,MTWTF,Yes,
KD-012-R2,Labour and Delivery,Yes,MTWTF,No,"Attending training, meeting, or other official assignment"
KD-012-R2,Family Planning,Yes,MTWTF,Yes,
KD-012-R3,Immunization,Yes,Specific days,No,"Security concerns (insecurity, movement restrictions)"
KD-012-R3,Nutrition,Yes,Specific days,No,"Attending training, meeting, or other official assignment"
KD-012-R3,Antenatal Care,Yes,On needs basis,No,"Staff unavailable (leave, redeployment, strike)"
KD-012-R3,Postnatal Care,No,,,
KD-012-R3,IMCI,Yes,MTWTFSS,Yes,
KD-012-R3,Malaria,Yes,Specific days,No,"Staff unavailable (leave, redeployment, strike)"
KD-012-R3,Labour and Delivery,Yes,MTWTF,Yes,
KD-012-R3,Family Planning,Yes,Specific days,No,"Security concerns (insecurity, movement restrictions)"
KD-012-R4,Immunization,Yes,MTWTFSS,No,Weather or environmental conditions
KD-012-R4,Nutrition,Yes,Specific days,Yes,
KD-012-R4,Antenatal Care,Yes,MTWTFSS,Yes,
KD-012-R4,Postnatal Care,No,,,
KD-012-R4,IMCI,Yes,MTWTF,Yes,
KD-012-R4,Malaria,Yes,MTWTFSS,Yes,
KD-012-R4,Labour and Delivery,Yes,MTWTFSS,Yes,
KD-012-R4,Family Planning,Yes,MTWTFSS,Yes,
KD-012-R5,Immunization,Yes,MTWTF,Yes,
KD-012-R5,Nutrition,Yes,Specific days,No,Weather or environmental conditions
KD-012-R5,Antenatal Care,Yes,Specific days,Yes,
KD-012-R5,Postnatal Care,No,,,
KD-012-R5,IMCI,Yes,MTWTF,No,Weather or environmental conditions
KD-012-R5,Malaria,Yes,Specific days,Yes,
KD-012-R5,Labour and Delivery,Yes,On needs basis,No,"Staff unavailable (leave, redeployment, strike)"
KD-012-R5,Family Planning,Yes,Specific days,Yes,
KD-012-R6,Immunization,Yes,MTWTFSS,Yes,
KD-012-R6,Nutrition,Yes,Specific days,No,Low community turnout / community resistance
KD-012-R6,Antenatal Care,Yes,On needs basis,Yes,
KD-012-R6,Postnatal Care,No,,,
KD-012-R6,IMCI,Yes,Specific days,Yes,
KD-012-R6,Malaria,Yes,MTWTF,Yes,
KD-012-R6,Labour and Delivery,Yes,MTWTF,Yes,
KD-012-R6,Family Planning,Yes,MTWTF,Yes,
KD-013-R1,Immunization,Yes,Specific days,Yes,
KD-013-R1,Nutrition,Yes,MTWTF,No,"Security concerns (insecurity, movement restrictions)"
KD-013-R1,Antenatal Care,Yes,MTWTF,Yes,
KD-013-R1,Postnatal Care,Yes,Specific days,Yes,
KD-013-R1,IMCI,Yes,Specific days,Yes,
KD-013-R1,Malaria,Yes,Specific days,Yes,
KD-013-R1,Labour and Delivery,No,,,
KD-013-R1,Family Planning,Yes,MTWTF,Yes,
KD-013-R2,Immunization,Yes,Specific days,Yes,
KD-013-R2,Nutrition,Yes,Specific days,Yes,
KD-013-R2,Antenatal Care,Yes,MTWTF,Yes,
KD-013-R2,Postnatal Care,Yes,Specific days,Yes,
KD-013-R2,IMCI,Yes,MTWTFSS,Yes,
KD-013-R2,Malaria,Yes,Specific days,Yes,
KD-013-R2,Labour and Delivery,No,,,
KD-013-R2,Family Planning,Yes,Specific days,Yes,
KD-013-R3,Immunization,Yes,Specific days,Yes,
KD-013-R3,Nutrition,Yes,Specific days,Yes,
KD-013-R3,Antenatal Care,Yes,MTWTFSS,Yes,
KD-013-R3,Postnatal Care,Yes,MTWTF,Yes,
KD-013-R3,IMCI,Yes,MTWTFSS,No,"Staff unavailable (leave, redeployment, strike)"
KD-013-R3,Malaria,Yes,MTWTF,Yes,
KD-013-R3,Labour and Delivery,No,,,
KD-013-R3,Family Planning,Yes,MTWTF,Yes,
KD-013-R4,Immunization,Yes,MTWTF,Yes,
KD-013-R4,Nutrition,Yes,Specific days,Yes,
KD-013-R4,Antenatal Care,Yes,MTWTFSS,Yes,
KD-013-R4,Postnatal Care,Yes,Specific days,Yes,
KD-013-R4,IMCI,Yes,On needs basis,Yes,
KD-013-R4,Malaria,Yes,MTWTFSS,Yes,
KD-013-R4,Labour and Delivery,No,,,
KD-013-R4,Family Planning,Yes,On needs basis,No,"Security concerns (insecurity, movement restrictions)"
KD-013-R5,Immunization,Yes,Specific days,Yes,
KD-013-R5,Nutrition,Yes,Specific days,No,"Facility closed (holiday, strike, renovation)"
KD-013-R5,Antenatal Care,Yes,Specific days,No,"Staff unavailable (leave, redeployment, strike)"
KD-013-R5,Postnatal Care,Yes,MTWTF,No,"Staff unavailable (leave, redeployment, strike)"
KD-013-R5,IMCI,Yes,MTWTFSS,No,"Facility closed (holiday, strike, renovation)"
KD-013-R5,Malaria,Yes,Specific days,Yes,
KD-013-R5,Labour and Delivery,No,,,
KD-013-R5,Family Planning,Yes,MTWTF,Yes,
KD-013-R6,Immunization,Yes,MTWTFSS,No,"Staff unavailable (leave, redeployment, strike)"
KD-013-R6,Nutrition,Yes,Specific days,Yes,
KD-013-R6,Antenatal Care,Yes,MTWTF,Yes,
KD-013-R6,Postnatal Care,Yes,MTWTF,Yes,
KD-013-R6,IMCI,Yes,MTWTFSS,Yes,
KD-013-R6,Malaria,Yes,Specific days,Yes,
KD-013-R6,Labour and Delivery,No,,,
KD-013-R6,Family Planning,Yes,MTWTFSS,Yes,
KD-014-R1,Immunization,Yes,MTWTFSS,Yes,
KD-014-R1,Nutrition,No,,,
KD-014-R1,Antenatal Care,Yes,Specific days,Yes,
KD-014-R1,Postnatal Care,Yes,Specific days,Yes,
KD-014-R1,IMCI,Yes,MTWTF,Yes,
KD-014-R1,Malaria,Yes,Specific days,Yes,
KD-014-R1,Labour and Delivery,Yes,Specific days,Yes,
KD-014-R1,Family Planning,No,,,
KD-014-R2,Immunization,Yes,Specific days,Yes,
KD-014-R2,Nutrition,No,,,
KD-014-R2,Antenatal Care,Yes,MTWTF,Yes,
KD-014-R2,Postnatal Care,Yes,Specific days,Yes,
KD-014-R2,IMCI,Yes,Specific days,Yes,
KD-014-R2,Malaria,Yes,On needs basis,Yes,
KD-014-R2,Labour and Delivery,Yes,On needs basis,Yes,
KD-014-R2,Family Planning,No,,,
KD-014-R3,Immunization,Yes,Specific days,No,Vaccine stock-out
KD-014-R3,Nutrition,No,,,
KD-014-R3,Antenatal Care,Yes,On needs basis,No,"Security concerns (insecurity, movement restrictions)"
KD-014-R3,Postnatal Care,Yes,MTWTFSS,No,"Security concerns (insecurity, movement restrictions)"
KD-014-R3,IMCI,Yes,MTWTF,No,Low community turnout / community resistance
KD-014-R3,Malaria,Yes,MTWTF,No,"Security concerns (insecurity, movement restrictions)"
KD-014-R3,Labour and Delivery,Yes,MTWTF,No,"Security concerns (insecurity, movement restrictions)"
KD-014-R3,Family Planning,No,,,
KD-014-R4,Immunization,Yes,Specific days,No,"Security concerns (insecurity, movement restrictions)"
KD-014-R4,Nutrition,No,,,
KD-014-R4,Antenatal Care,Yes,Specific days,Yes,
KD-014-R4,Postnatal Care,Yes,Specific days,No,"Attending training, meeting, or other official assignment"
KD-014-R4,IMCI,Yes,On needs basis,No,"Attending training, meeting, or other official assignment"
KD-014-R4,Malaria,Yes,On needs basis,No,"Security concerns (insecurity, movement restrictions)"
KD-014-R4,Labour and Delivery,Yes,Specific days,No,"Attending training, meeting, or other official assignment"
KD-014-R4,Family Planning,No,,,
KD-014-R5,Immunization,Yes,On needs basis,Yes,
KD-014-R5,Nutrition,No,,,
KD-014-R5,Antenatal Care,Yes,MTWTF,No,"Security concerns (insecurity, movement restrictions)"
KD-014-R5,Postnatal Care,Yes,Specific days,No,"Security concerns (insecurity, movement restrictions)"
KD-014-R5,IMCI,Yes,Specific days,No,"Facility closed (holiday, strike, renovation)"
KD-014-R5,Malaria,Yes,Specific days,Yes,
KD-014-R5,Labour and Delivery,Yes,MTWTF,Yes,
KD-014-R5,Family Planning,No,,,
KD-014-R6,Immunization,Yes,On needs basis,Yes,
KD-014-R6,Nutrition,No,,,
KD-014-R6,Antenatal Care,Yes,Specific days,Yes,
KD-014-R6,Postnatal Care,Yes,Specific days,No,"Attending training, meeting, or other official assignment"
KD-014-R6,IMCI,Yes,Specific days,Yes,
KD-014-R6,Malaria,Yes,MTWTF,Yes,
KD-014-R6,Labour and Delivery,Yes,MTWTF,Yes,
KD-014-R6,Family Planning,No,,,
KD-015-R1,Immunization,Yes,MTWTF,No,"Staff unavailable (leave, redeployment, strike)"
KD-015-R1,Nutrition,No,,,
KD-015-R1,Antenatal Care,Yes,MTWTF,Yes,
KD-015-R1,Postnatal Care,No,,,
KD-015-R1,IMCI,Yes,MTWTFSS,Yes,
KD-015-R1,Malaria,No,,,
KD-015-R1,Labour and Delivery,Yes,Specific days,Yes,
KD-015-R1,Family Planning,Yes,MTWTF,Yes,
KD-015-R2,Immunization,Yes,MTWTF,No,Weather or environmental conditions
KD-015-R2,Nutrition,No,,,
KD-015-R2,Antenatal Care,Yes,MTWTF,No,"Facility closed (holiday, strike, renovation)"
KD-015-R2,Postnatal Care,No,,,
KD-015-R2,IMCI,Yes,MTWTF,Yes,
KD-015-R2,Malaria,No,,,
KD-015-R2,Labour and Delivery,Yes,On needs basis,Yes,
KD-015-R2,Family Planning,Yes,MTWTF,Yes,
KD-015-R3,Immunization,Yes,MTWTF,Yes,
KD-015-R3,Nutrition,No,,,
KD-015-R3,Antenatal Care,Yes,MTWTF,Yes,
KD-015-R3,Postnatal Care,No,,,
KD-015-R3,IMCI,Yes,On needs basis,Yes,
KD-015-R3,Malaria,No,,,
KD-015-R3,Labour and Delivery,Yes,MTWTF,Yes,
KD-015-R3,Family Planning,Yes,MTWTF,Yes,
KD-015-R4,Immunization,Yes,Specific days,Yes,
KD-015-R4,Nutrition,No,,,
KD-015-R4,Antenatal Care,Yes,Specific days,Yes,
KD-015-R4,Postnatal Care,No,,,
KD-015-R4,IMCI,Yes,Specific days,Yes,
KD-015-R4,Malaria,No,,,
KD-015-R4,Labour and Delivery,Yes,MTWTF,Yes,
KD-015-R4,Family Planning,Yes,Specific days,No,"Staff unavailable (leave, redeployment, strike)"
KD-015-R5,Immunization,Yes,MTWTFSS,Yes,
KD-015-R5,Nutrition,No,,,
KD-015-R5,Antenatal Care,Yes,MTWTF,Yes,
KD-015-R5,Postnatal Care,No,,,
KD-015-R5,IMCI,Yes,Specific days,Yes,
KD-015-R5,Malaria,No,,,
KD-015-R5,Labour and Delivery,Yes,MTWTF,Yes,
KD-015-R5,Family Planning,Yes,On needs basis,Yes,
KD-015-R6,Immunization,Yes,On needs basis,Yes,
KD-015-R6,Nutrition,No,,,
KD-015-R6,Antenatal Care,Yes,Specific days,Yes,
KD-015-R6,Postnatal Care,No,,,
KD-015-R6,IMCI,Yes,MTWTF,No,"Staff unavailable (leave, redeployment, strike)"
KD-015-R6,Malaria,No,,,
KD-015-R6,Labour and Delivery,Yes,Specific days,No,Lack of transportation or logistics support
KD-015-R6,Family Planning,Yes,Specific days,Yes,
KD-016-R1,Immunization,Yes,Specific days,Yes,
KD-016-R1,Nutrition,No,,,
KD-016-R1,Antenatal Care,Yes,MTWTF,Yes,
KD-016-R1,Postnatal Care,Yes,Specific days,Yes,
KD-016-R1,IMCI,Yes,Specific days,No,"Security concerns (insecurity, movement restrictions)"
KD-016-R1,Malaria,Yes,Specific days,Yes,
KD-016-R1,Labour and Delivery,Yes,MTWTFSS,Yes,
KD-016-R1,Family Planning,Yes,Specific days,Yes,
KD-016-R2,Immunization,Yes,MTWTF,Yes,
KD-016-R2,Nutrition,No,,,
KD-016-R2,Antenatal Care,Yes,MTWTF,No,"Security concerns (insecurity, movement restrictions)"
KD-016-R2,Postnatal Care,Yes,Specific days,No,Low community turnout / community resistance
KD-016-R2,IMCI,Yes,Specific days,Yes,
KD-016-R2,Malaria,Yes,On needs basis,No,Low community turnout / community resistance
KD-016-R2,Labour and Delivery,Yes,MTWTF,Yes,
KD-016-R2,Family Planning,Yes,MTWTF,Yes,
KD-016-R3,Immunization,Yes,Specific days,Yes,
KD-016-R3,Nutrition,No,,,
KD-016-R3,Antenatal Care,Yes,MTWTFSS,Yes,
KD-016-R3,Postnatal Care,Yes,Specific days,No,"Security concerns (insecurity, movement restrictions)"
KD-016-R3,IMCI,Yes,MTWTF,No,"Attending training, meeting, or other official assignment"
KD-016-R3,Malaria,Yes,On needs basis,Yes,
KD-016-R3,Labour and Delivery,Yes,MTWTFSS,No,"Security concerns (insecurity, movement restrictions)"
KD-016-R3,Family Planning,Yes,MTWTF,No,"Facility closed (holiday, strike, renovation)"
KD-016-R4,Immunization,Yes,MTWTFSS,Yes,
KD-016-R4,Nutrition,No,,,
KD-016-R4,Antenatal Care,Yes,MTWTFSS,No,"Security concerns (insecurity, movement restrictions)"
KD-016-R4,Postnatal Care,Yes,MTWTFSS,No,"Attending training, meeting, or other official assignment"
KD-016-R4,IMCI,Yes,Specific days,Yes,
KD-016-R4,Malaria,Yes,Specific days,Yes,
KD-016-R4,Labour and Delivery,Yes,Specific days,No,"Security concerns (insecurity, movement restrictions)"
KD-016-R4,Family Planning,Yes,Specific days,Yes,
KD-016-R5,Immunization,Yes,MTWTF,Yes,
KD-016-R5,Nutrition,No,,,
KD-016-R5,Antenatal Care,Yes,MTWTFSS,Yes,
KD-016-R5,Postnatal Care,Yes,Specific days,Yes,
KD-016-R5,IMCI,Yes,Specific days,Yes,
KD-016-R5,Malaria,Yes,Specific days,Yes,
KD-016-R5,Labour and Delivery,Yes,MTWTFSS,Yes,
KD-016-R5,Family Planning,Yes,Specific days,Yes,
KD-016-R6,Immunization,Yes,MTWTF,No,Other
KD-016-R6,Nutrition,No,,,
KD-016-R6,Antenatal Care,Yes,MTWTFSS,Yes,
KD-016-R6,Postnatal Care,Yes,Specific days,Yes,
KD-016-R6,IMCI,Yes,Specific days,Yes,
KD-016-R6,Malaria,Yes,MTWTF,Yes,
KD-016-R6,Labour and Delivery,Yes,MTWTF,No,Low community turnout / community resistance
KD-016-R6,Family Planning,Yes,Specific days,No,"Staff unavailable (leave, redeployment, strike)"
KD-017-R1,Immunization,No,,,
KD-017-R1,Nutrition,No,,,
KD-017-R1,Antenatal Care,Yes,Specific days,Yes,
KD-017-R1,Postnatal Care,Yes,Specific days,Yes,
KD-017-R1,IMCI,Yes,MTWTF,Yes,
KD-017-R1,Malaria,Yes,On needs basis,Yes,
KD-017-R1,Labour and Delivery,Yes,MTWTF,Yes,
KD-017-R1,Family Planning,No,,,
KD-017-R2,Immunization,No,,,
KD-017-R2,Nutrition,No,,,
KD-017-R2,Antenatal Care,Yes,Specific days,Yes,
KD-017-R2,Postnatal Care,Yes,MTWTFSS,Yes,
KD-017-R2,IMCI,Yes,Specific days,Yes,
KD-017-R2,Malaria,Yes,MTWTF,Yes,
KD-017-R2,Labour and Delivery,Yes,MTWTF,No,Weather or environmental conditions
KD-017-R2,Family Planning,No,,,
KD-017-R3,Immunization,No,,,
KD-017-R3,Nutrition,No,,,
KD-017-R3,Antenatal Care,Yes,Specific days,No,"Staff unavailable (leave, redeployment, strike)"
KD-017-R3,Postnatal Care,Yes,On needs basis,Yes,
KD-017-R3,IMCI,Yes,MTWTF,Yes,
KD-017-R3,Malaria,Yes,Specific days,Yes,
KD-017-R3,Labour and Delivery,Yes,Specific days,Yes,
KD-017-R3,Family Planning,No,,,
KD-017-R4,Immunization,No,,,
KD-017-R4,Nutrition,No,,,
KD-017-R4,Antenatal Care,Yes,On needs basis,Yes,
KD-017-R4,Postnatal Care,Yes,Specific days,Yes,
KD-017-R4,IMCI,Yes,MTWTF,Yes,
KD-017-R4,Malaria,Yes,On needs basis,Yes,
KD-017-R4,Labour and Delivery,Yes,MTWTF,Yes,
KD-017-R4,Family Planning,No,,,
KD-017-R5,Immunization,No,,,
KD-017-R5,Nutrition,No,,,
KD-017-R5,Antenatal Care,Yes,On needs basis,Yes,
KD-017-R5,Postnatal Care,Yes,Specific days,Yes,
KD-017-R5,IMCI,Yes,Specific days,Yes,
KD-017-R5,Malaria,Yes,Specific days,Yes,
KD-017-R5,Labour and Delivery,Yes,On needs basis,Yes,
KD-017-R5,Family Planning,No,,,
KD-017-R6,Immunization,No,,,
KD-017-R6,Nutrition,No,,,
KD-017-R6,Antenatal Care,Yes,Specific days,Yes,
KD-017-R6,Postnatal Care,Yes,On needs basis,Yes,
KD-017-R6,IMCI,Yes,Specific days,Yes,
KD-017-R6,Malaria,Yes,MTWTF,Yes,
KD-017-R6,Labour and Delivery,Yes,On needs basis,Yes,
KD-017-R6,Family Planning,No,,,
KD-018-R1,Immunization,Yes,MTWTF,Yes,
KD-018-R1,Nutrition,No,,,
KD-018-R1,Antenatal Care,Yes,MTWTFSS,No,Low community turnout / community resistance
KD-018-R1,Postnatal Care,Yes,MTWTF,Yes,
KD-018-R1,IMCI,No,,,
KD-018-R1,Malaria,Yes,Specific days,No,"Attending training, meeting, or other official assignment"
KD-018-R1,Labour and Delivery,Yes,MTWTF,Yes,
KD-018-R1,Family Planning,No,,,
KD-018-R2,Immunization,Yes,MTWTF,Yes,
KD-018-R2,Nutrition,No,,,
KD-018-R2,Antenatal Care,Yes,MTWTF,Yes,
KD-018-R2,Postnatal Care,Yes,Specific days,Yes,
KD-018-R2,IMCI,No,,,
KD-018-R2,Malaria,Yes,Specific days,No,"Staff unavailable (leave, redeployment, strike)"
KD-018-R2,Labour and Delivery,Yes,MTWTFSS,Yes,
KD-018-R2,Family Planning,No,,,
KD-018-R3,Immunization,Yes,MTWTF,No,"Staff unavailable (leave, redeployment, strike)"
KD-018-R3,Nutrition,No,,,
KD-018-R3,Antenatal Care,Yes,MTWTFSS,Yes,
KD-018-R3,Postnatal Care,Yes,Specific days,Yes,
KD-018-R3,IMCI,No,,,
KD-018-R3,Malaria,Yes,Specific days,No,"Staff unavailable (leave, redeployment, strike)"
KD-018-R3,Labour and Delivery,Yes,On needs basis,Yes,
KD-018-R3,Family Planning,No,,,
KD-018-R4,Immunization,Yes,MTWTF,No,"Security concerns (insecurity, movement restrictions)"
KD-018-R4,Nutrition,No,,,
KD-018-R4,Antenatal Care,Yes,Specific days,No,"Staff unavailable (leave, redeployment, strike)"
KD-018-R4,Postnatal Care,Yes,Specific days,No,"Attending training, meeting, or other official assignment"
KD-018-R4,IMCI,No,,,
KD-018-R4,Malaria,Yes,MTWTF,Yes,
KD-018-R4,Labour and Delivery,Yes,MTWTF,No,"Security concerns (insecurity, movement restrictions)"
KD-018-R4,Family Planning,No,,,
KD-018-R5,Immunization,Yes,MTWTF,Yes,
KD-018-R5,Nutrition,No,,,
KD-018-R5,Antenatal Care,Yes,MTWTF,No,Low community turnout / community resistance
KD-018-R5,Postnatal Care,Yes,MTWTF,Yes,
KD-018-R5,IMCI,No,,,
KD-018-R5,Malaria,Yes,MTWTFSS,Yes,
KD-018-R5,Labour and Delivery,Yes,Specific days,No,"Facility closed (holiday, strike, renovation)"
KD-018-R5,Family Planning,No,,,
KD-018-R6,Immunization,Yes,MTWTF,Yes,
KD-018-R6,Nutrition,No,,,
KD-018-R6,Antenatal Care,Yes,MTWTF,No,"Facility closed (holiday, strike, renovation)"
KD-018-R6,Postnatal Care,Yes,MTWTF,Yes,
KD-018-R6,IMCI,No,,,
KD-018-R6,Malaria,Yes,Specific days,No,Other
KD-018-R6,Labour and Delivery,Yes,MTWTF,Yes,
KD-018-R6,Family Planning,No,,,
KD-019-R1,Immunization,Yes,Specific days,Yes,
KD-019-R1,Nutrition,Yes,MTWTF,Yes,
KD-019-R1,Antenatal Care,Yes,MTWTF,Yes,
KD-019-R1,Postnatal Care,Yes,Specific days,Yes,
KD-019-R1,IMCI,Yes,MTWTF,Yes,
KD-019-R1,Malaria,Yes,MTWTF,Yes,
KD-019-R1,Labour and Delivery,Yes,Specific days,Yes,
KD-019-R1,Family Planning,Yes,MTWTF,Yes,
KD-019-R2,Immunization,Yes,Specific days,Yes,
KD-019-R2,Nutrition,Yes,MTWTF,No,"Staff unavailable (leave, redeployment, strike)"
KD-019-R2,Antenatal Care,Yes,Specific days,Yes,
KD-019-R2,Postnatal Care,Yes,MTWTF,Yes,
KD-019-R2,IMCI,Yes,On needs basis,Yes,
KD-019-R2,Malaria,Yes,MTWTF,Yes,
KD-019-R2,Labour and Delivery,Yes,On needs basis,Yes,
KD-019-R2,Family Planning,Yes,Specific days,Yes,
KD-019-R3,Immunization,Yes,Specific days,No,Lack of transportation or logistics support
KD-019-R3,Nutrition,Yes,MTWTF,Yes,
KD-019-R3,Antenatal Care,Yes,MTWTFSS,Yes,
KD-019-R3,Postnatal Care,Yes,MTWTF,No,"Staff unavailable (leave, redeployment, strike)"
KD-019-R3,IMCI,Yes,On needs basis,Yes,
KD-019-R3,Malaria,Yes,Specific days,Yes,
KD-019-R3,Labour and Delivery,Yes,Specific days,Yes,
KD-019-R3,Family Planning,Yes,Specific days,Yes,
KD-019-R4,Immunization,Yes,On needs basis,Yes,
KD-019-R4,Nutrition,Yes,MTWTF,Yes,
KD-019-R4,Antenatal Care,Yes,MTWTF,Yes,
KD-019-R4,Postnatal Care,Yes,On needs basis,No,Weather or environmental conditions
KD-019-R4,IMCI,Yes,Specific days,Yes,
KD-019-R4,Malaria,Yes,Specific days,No,Weather or environmental conditions
KD-019-R4,Labour and Delivery,Yes,MTWTFSS,Yes,
KD-019-R4,Family Planning,Yes,MTWTF,Yes,
KD-019-R5,Immunization,Yes,MTWTF,No,"Security concerns (insecurity, movement restrictions)"
KD-019-R5,Nutrition,Yes,Specific days,No,"Security concerns (insecurity, movement restrictions)"
KD-019-R5,Antenatal Care,Yes,On needs basis,Yes,
KD-019-R5,Postnatal Care,Yes,MTWTFSS,Yes,
KD-019-R5,IMCI,Yes,MTWTF,Yes,
KD-019-R5,Malaria,Yes,On needs basis,Yes,
KD-019-R5,Labour and Delivery,Yes,On needs basis,No,"Security concerns (insecurity, movement restrictions)"
KD-019-R5,Family Planning,Yes,MTWTF,Yes,
KD-019-R6,Immunization,Yes,MTWTF,Yes,
KD-019-R6,Nutrition,Yes,Specific days,No,"Attending training, meeting, or other official assignment"
KD-019-R6,Antenatal Care,Yes,Specific days,Yes,
KD-019-R6,Postnatal Care,Yes,MTWTF,Yes,
KD-019-R6,IMCI,Yes,MTWTF,Yes,
KD-019-R6,Malaria,Yes,MTWTF,No,Weather or environmental conditions
KD-019-R6,Labour and Delivery,Yes,MTWTF,No,"Security concerns (insecurity, movement restrictions)"
KD-019-R6,Family Planning,Yes,On needs basis,Yes,
KD-020-R1,Immunization,Yes,Specific days,Yes,
KD-020-R1,Nutrition,Yes,Specific days,No,"Security concerns (insecurity, movement restrictions)"
KD-020-R1,Antenatal Care,Yes,MTWTF,Yes,
KD-020-R1,Postnatal Care,Yes,On needs basis,Yes,
KD-020-R1,IMCI,Yes,Specific days,Yes,
KD-020-R1,Malaria,Yes,Specific days,No,Low community turnout / community resistance
KD-020-R1,Labour and Delivery,Yes,MTWTF,Yes,
KD-020-R1,Family Planning,Yes,MTWTF,Yes,
KD-020-R2,Immunization,Yes,Specific days,Yes,
KD-020-R2,Nutrition,Yes,Specific days,Yes,
KD-020-R2,Antenatal Care,Yes,Specific days,Yes,
KD-020-R2,Postnatal Care,Yes,Specific days,Yes,
KD-020-R2,IMCI,Yes,Specific days,Yes,
KD-020-R2,Malaria,Yes,MTWTFSS,Yes,
KD-020-R2,Labour and Delivery,Yes,MTWTF,Yes,
KD-020-R2,Family Planning,Yes,On needs basis,No,"Facility closed (holiday, strike, renovation)"
KD-020-R3,Immunization,Yes,Specific days,No,"Facility closed (holiday, strike, renovation)"
KD-020-R3,Nutrition,Yes,MTWTF,Yes,
KD-020-R3,Antenatal Care,Yes,MTWTFSS,Yes,
KD-020-R3,Postnatal Care,Yes,Specific days,No,Lack of transportation or logistics support
KD-020-R3,IMCI,Yes,On needs basis,Yes,
KD-020-R3,Malaria,Yes,MTWTFSS,Yes,
KD-020-R3,Labour and Delivery,Yes,MTWTF,Yes,
KD-020-R3,Family Planning,Yes,Specific days,Yes,
KD-020-R4,Immunization,Yes,MTWTF,Yes,
KD-020-R4,Nutrition,Yes,MTWTF,No,"Staff unavailable (leave, redeployment, strike)"
KD-020-R4,Antenatal Care,Yes,Specific days,Yes,
KD-020-R4,Postnatal Care,Yes,Specific days,Yes,
KD-020-R4,IMCI,Yes,On needs basis,No,"Staff unavailable (leave, redeployment, strike)"
KD-020-R4,Malaria,Yes,Specific days,Yes,
KD-020-R4,Labour and Delivery,Yes,Specific days,No,Other
KD-020-R4,Family Planning,Yes,MTWTF,Yes,
KD-020-R5,Immunization,Yes,MTWTF,Yes,
KD-020-R5,Nutrition,Yes,MTWTF,Yes,
KD-020-R5,Antenatal Care,Yes,Specific days,Yes,
KD-020-R5,Postnatal Care,Yes,Specific days,No,"Staff unavailable (leave, redeployment, strike)"
KD-020-R5,IMCI,Yes,Specific days,Yes,
KD-020-R5,Malaria,Yes,MTWTFSS,Yes,
KD-020-R5,Labour and Delivery,Yes,MTWTF,Yes,
KD-020-R5,Family Planning,Yes,MTWTF,No,"Staff unavailable (leave, redeployment, strike)"
KD-020-R6,Immunization,Yes,MTWTFSS,Yes,
KD-020-R6,Nutrition,Yes,Specific days,Yes,
KD-020-R6,Antenatal Care,Yes,MTWTFSS,No,"Facility closed (holiday, strike, renovation)"
KD-020-R6,Postnatal Care,Yes,MTWTF,No,"Security concerns (insecurity, movement restrictions)"
KD-020-R6,IMCI,Yes,Specific days,No,Other
KD-020-R6,Malaria,Yes,MTWTF,No,"Attending training, meeting, or other official assignment"
KD-020-R6,Labour and Delivery,Yes,Specific days,No,"Security concerns (insecurity, movement restrictions)"
KD-020-R6,Family Planning,Yes,Specific days,No,"Security concerns (insecurity, movement restrictions)"
KD-021-R1,Immunization,No,,,
KD-021-R1,Nutrition,No,,,
KD-021-R1,Antenatal Care,Yes,Specific days,Yes,
KD-021-R1,Postnatal Care,Yes,Specific days,No,"Facility closed (holiday, strike, renovation)"
KD-021-R1,IMCI,Yes,Specific days,Yes,
KD-021-R1,Malaria,Yes,Specific days,Yes,
KD-021-R1,Labour and Delivery,No,,,
KD-021-R1,Family Planning,Yes,MTWTFSS,No,Lack of transportation or logistics support
KD-021-R2,Immunization,No,,,
KD-021-R2,Nutrition,No,,,
KD-021-R2,Antenatal Care,Yes,Specific days,Yes,
KD-021-R2,Postnatal Care,Yes,Specific days,Yes,
KD-021-R2,IMCI,Yes,Specific days,Yes,
KD-021-R2,Malaria,Yes,MTWTF,Yes,
KD-021-R2,Labour and Delivery,No,,,
KD-021-R2,Family Planning,Yes,MTWTF,Yes,
KD-021-R3,Immunization,No,,,
KD-021-R3,Nutrition,No,,,
KD-021-R3,Antenatal Care,Yes,Specific days,Yes,
KD-021-R3,Postnatal Care,Yes,Specific days,Yes,
KD-021-R3,IMCI,Yes,Specific days,Yes,
KD-021-R3,Malaria,Yes,MTWTF,Yes,
KD-021-R3,Labour and Delivery,No,,,
KD-021-R3,Family Planning,Yes,MTWTF,Yes,
KD-021-R4,Immunization,No,,,
KD-021-R4,Nutrition,No,,,
KD-021-R4,Antenatal Care,Yes,MTWTFSS,Yes,
KD-021-R4,Postnatal Care,Yes,MTWTF,Yes,
KD-021-R4,IMCI,Yes,MTWTF,Yes,
KD-021-R4,Malaria,Yes,MTWTFSS,Yes,
KD-021-R4,Labour and Delivery,No,,,
KD-021-R4,Family Planning,Yes,Specific days,No,"Attending training, meeting, or other official assignment"
KD-021-R5,Immunization,No,,,
KD-021-R5,Nutrition,No,,,
KD-021-R5,Antenatal Care,Yes,Specific days,No,"Staff unavailable (leave, redeployment, strike)"
KD-021-R5,Postnatal Care,Yes,Specific days,Yes,
KD-021-R5,IMCI,Yes,MTWTF,Yes,
KD-021-R5,Malaria,Yes,MTWTF,Yes,
KD-021-R5,Labour and Delivery,No,,,
KD-021-R5,Family Planning,Yes,MTWTFSS,Yes,
KD-021-R6,Immunization,No,,,
KD-021-R6,Nutrition,No,,,
KD-021-R6,Antenatal Care,Yes,MTWTFSS,Yes,
KD-021-R6,Postnatal Care,Yes,MTWTFSS,Yes,
KD-021-R6,IMCI,Yes,Specific days,Yes,
KD-021-R6,Malaria,Yes,MTWTFSS,Yes,
KD-021-R6,Labour and Delivery,No,,,
KD-021-R6,Family Planning,Yes,MTWTF,Yes,
KD-022-R1,Immunization,Yes,Specific days,No,"Security concerns (insecurity, movement restrictions)"
KD-022-R1,Nutrition,Yes,MTWTF,No,"Security concerns (insecurity, movement restrictions)"
KD-022-R1,Antenatal Care,Yes,MTWTF,No,"Attending training, meeting, or other official assignment"
KD-022-R1,Postnatal Care,Yes,Specific days,Yes,
KD-022-R1,IMCI,Yes,Specific days,No,Weather or environmental conditions
KD-022-R1,Malaria,Yes,Specific days,No,Low community turnout / community resistance
KD-022-R1,Labour and Delivery,Yes,Specific days,No,"Security concerns (insecurity, movement restrictions)"
KD-022-R1,Family Planning,Yes,Specific days,No,"Facility closed (holiday, strike, renovation)"
KD-022-R2,Immunization,Yes,Specific days,Yes,
KD-022-R2,Nutrition,Yes,On needs basis,Yes,
KD-022-R2,Antenatal Care,Yes,Specific days,Yes,
KD-022-R2,Postnatal Care,Yes,Specific days,Yes,
KD-022-R2,IMCI,Yes,MTWTFSS,Yes,
KD-022-R2,Malaria,Yes,Specific days,Yes,
KD-022-R2,Labour and Delivery,Yes,On needs basis,Yes,
KD-022-R2,Family Planning,Yes,On needs basis,No,Other
KD-022-R3,Immunization,Yes,On needs basis,Yes,
KD-022-R3,Nutrition,Yes,Specific days,Yes,
KD-022-R3,Antenatal Care,Yes,On needs basis,Yes,
KD-022-R3,Postnatal Care,Yes,On needs basis,Yes,
KD-022-R3,IMCI,Yes,MTWTF,Yes,
KD-022-R3,Malaria,Yes,MTWTF,Yes,
KD-022-R3,Labour and Delivery,Yes,Specific days,Yes,
KD-022-R3,Family Planning,Yes,Specific days,Yes,
KD-022-R4,Immunization,Yes,On needs basis,Yes,
KD-022-R4,Nutrition,Yes,Specific days,Yes,
KD-022-R4,Antenatal Care,Yes,MTWTF,Yes,
KD-022-R4,Postnatal Care,Yes,On needs basis,Yes,
KD-022-R4,IMCI,Yes,MTWTF,Yes,
KD-022-R4,Malaria,Yes,MTWTF,Yes,
KD-022-R4,Labour and Delivery,Yes,MTWTF,Yes,
KD-022-R4,Family Planning,Yes,MTWTF,Yes,
KD-022-R5,Immunization,Yes,MTWTF,No,"Security concerns (insecurity, movement restrictions)"
KD-022-R5,Nutrition,Yes,Specific days,Yes,
KD-022-R5,Antenatal Care,Yes,On needs basis,Yes,
KD-022-R5,Postnatal Care,Yes,Specific days,Yes,
KD-022-R5,IMCI,Yes,Specific days,No,"Security concerns (insecurity, movement restrictions)"
KD-022-R5,Malaria,Yes,Specific days,No,"Security concerns (insecurity, movement restrictions)"
KD-022-R5,Labour and Delivery,Yes,On needs basis,No,"Attending training, meeting, or other official assignment"
KD-022-R5,Family Planning,Yes,Specific days,Yes,
KD-022-R6,Immunization,Yes,Specific days,Yes,
KD-022-R6,Nutrition,Yes,Specific days,Yes,
KD-022-R6,Antenatal Care,Yes,Specific days,Yes,
KD-022-R6,Postnatal Care,Yes,MTWTFSS,Yes,
KD-022-R6,IMCI,Yes,MTWTFSS,Yes,
KD-022-R6,Malaria,Yes,Specific days,Yes,
KD-022-R6,Labour and Delivery,Yes,MTWTF,Yes,
KD-022-R6,Family Planning,Yes,Specific days,Yes,
KD-023-R1,Immunization,Yes,Specific days,Yes,
KD-023-R1,Nutrition,Yes,MTWTF,Yes,
KD-023-R1,Antenatal Care,Yes,Specific days,Yes,
KD-023-R1,Postnatal Care,Yes,Specific days,Yes,
KD-023-R1,IMCI,No,,,
KD-023-R1,Malaria,Yes,Specific days,No,"Facility closed (holiday, strike, renovation)"
KD-023-R1,Labour and Delivery,Yes,MTWTFSS,No,"Security concerns (insecurity, movement restrictions)"
KD-023-R1,Family Planning,Yes,MTWTF,Yes,
KD-023-R2,Immunization,Yes,MTWTF,Yes,
KD-023-R2,Nutrition,Yes,Specific days,Yes,
KD-023-R2,Antenatal Care,Yes,Specific days,No,"Security concerns (insecurity, movement restrictions)"
KD-023-R2,Postnatal Care,Yes,MTWTFSS,Yes,
KD-023-R2,IMCI,No,,,
KD-023-R2,Malaria,Yes,MTWTFSS,No,"Staff unavailable (leave, redeployment, strike)"
KD-023-R2,Labour and Delivery,Yes,MTWTF,Yes,
KD-023-R2,Family Planning,Yes,Specific days,Yes,
KD-023-R3,Immunization,Yes,Specific days,Yes,
KD-023-R3,Nutrition,Yes,Specific days,Yes,
KD-023-R3,Antenatal Care,Yes,On needs basis,Yes,
KD-023-R3,Postnatal Care,Yes,Specific days,Yes,
KD-023-R3,IMCI,No,,,
KD-023-R3,Malaria,Yes,MTWTFSS,No,"Attending training, meeting, or other official assignment"
KD-023-R3,Labour and Delivery,Yes,Specific days,No,"Staff unavailable (leave, redeployment, strike)"
KD-023-R3,Family Planning,Yes,MTWTFSS,Yes,
KD-023-R4,Immunization,Yes,On needs basis,Yes,
KD-023-R4,Nutrition,Yes,MTWTF,No,"Staff unavailable (leave, redeployment, strike)"
KD-023-R4,Antenatal Care,Yes,Specific days,Yes,
KD-023-R4,Postnatal Care,Yes,Specific days,Yes,
KD-023-R4,IMCI,No,,,
KD-023-R4,Malaria,Yes,MTWTF,Yes,
KD-023-R4,Labour and Delivery,Yes,Specific days,Yes,
KD-023-R4,Family Planning,Yes,MTWTFSS,No,Lack of transportation or logistics support
KD-023-R5,Immunization,Yes,MTWTF,No,Lack of transportation or logistics support
KD-023-R5,Nutrition,Yes,MTWTFSS,No,"Staff unavailable (leave, redeployment, strike)"
KD-023-R5,Antenatal Care,Yes,MTWTF,Yes,
KD-023-R5,Postnatal Care,Yes,Specific days,No,Other
KD-023-R5,IMCI,No,,,
KD-023-R5,Malaria,Yes,MTWTFSS,No,Vaccine stock-out
KD-023-R5,Labour and Delivery,Yes,MTWTF,Yes,
KD-023-R5,Family Planning,Yes,Specific days,Yes,
KD-023-R6,Immunization,Yes,Specific days,Yes,
KD-023-R6,Nutrition,Yes,Specific days,Yes,
KD-023-R6,Antenatal Care,Yes,MTWTFSS,Yes,
KD-023-R6,Postnatal Care,Yes,MTWTF,Yes,
KD-023-R6,IMCI,No,,,
KD-023-R6,Malaria,Yes,MTWTF,No,Low community turnout / community resistance
KD-023-R6,Labour and Delivery,Yes,MTWTFSS,Yes,
KD-023-R6,Family Planning,Yes,MTWTFSS,No,"Staff unavailable (leave, redeployment, strike)"
KD-024-R1,Immunization,No,,,
KD-024-R1,Nutrition,No,,,
KD-024-R1,Antenatal Care,Yes,MTWTF,Yes,
KD-024-R1,Postnatal Care,Yes,MTWTFSS,No,"Facility closed (holiday, strike, renovation)"
KD-024-R1,IMCI,No,,,
KD-024-R1,Malaria,Yes,MTWTF,No,"Staff unavailable (leave, redeployment, strike)"
KD-024-R1,Labour and Delivery,Yes,On needs basis,No,"Security concerns (insecurity, movement restrictions)"
KD-024-R1,Family Planning,Yes,On needs basis,No,Low community turnout / community resistance
KD-024-R2,Immunization,No,,,
KD-024-R2,Nutrition,No,,,
KD-024-R2,Antenatal Care,Yes,MTWTF,No,"Security concerns (insecurity, movement restrictions)"
KD-024-R2,Postnatal Care,Yes,Specific days,No,"Security concerns (insecurity, movement restrictions)"
KD-024-R2,IMCI,No,,,
KD-024-R2,Malaria,Yes,Specific days,Yes,
KD-024-R2,Labour and Delivery,Yes,Specific days,No,"Security concerns (insecurity, movement restrictions)"
KD-024-R2,Family Planning,Yes,Specific days,Yes,
KD-024-R3,Immunization,No,,,
KD-024-R3,Nutrition,No,,,
KD-024-R3,Antenatal Care,Yes,Specific days,Yes,
KD-024-R3,Postnatal Care,Yes,Specific days,Yes,
KD-024-R3,IMCI,No,,,
KD-024-R3,Malaria,Yes,Specific days,Yes,
KD-024-R3,Labour and Delivery,Yes,MTWTF,No,"Security concerns (insecurity, movement restrictions)"
KD-024-R3,Family Planning,Yes,MTWTF,No,Lack of transportation or logistics support
KD-024-R4,Immunization,No,,,
KD-024-R4,Nutrition,No,,,
KD-024-R4,Antenatal Care,Yes,Specific days,Yes,
KD-024-R4,Postnatal Care,Yes,MTWTF,Yes,
KD-024-R4,IMCI,No,,,
KD-024-R4,Malaria,Yes,Specific days,Yes,
KD-024-R4,Labour and Delivery,Yes,MTWTF,Yes,
KD-024-R4,Family Planning,Yes,Specific days,Yes,
KD-024-R5,Immunization,No,,,
KD-024-R5,Nutrition,No,,,
KD-024-R5,Antenatal Care,Yes,Specific days,Yes,
KD-024-R5,Postnatal Care,Yes,On needs basis,Yes,
KD-024-R5,IMCI,No,,,
KD-024-R5,Malaria,Yes,Specific days,Yes,
KD-024-R5,Labour and Delivery,Yes,MTWTF,Yes,
KD-024-R5,Family Planning,Yes,Specific days,Yes,
KD-024-R6,Immunization,No,,,
KD-024-R6,Nutrition,No,,,
KD-024-R6,Antenatal Care,Yes,On needs basis,Yes,
KD-024-R6,Postnatal Care,Yes,Specific days,No,"Security concerns (insecurity, movement restrictions)"
KD-024-R6,IMCI,No,,,
KD-024-R6,Malaria,Yes,MTWTF,No,"Security concerns (insecurity, movement restrictions)"
KD-024-R6,Labour and Delivery,Yes,MTWTF,No,Low community turnout / community resistance
KD-024-R6,Family Planning,Yes,MTWTFSS,No,"Attending training, meeting, or other official assignment"
KD-025-R1,Immunization,Yes,MTWTF,Yes,
KD-025-R1,Nutrition,No,,,
KD-025-R1,Antenatal Care,Yes,MTWTF,No,"Staff unavailable (leave, redeployment, strike)"
KD-025-R1,Postnatal Care,Yes,Specific days,Yes,
KD-025-R1,IMCI,Yes,Specific days,Yes,
KD-025-R1,Malaria,Yes,MTWTF,Yes,
KD-025-R1,Labour and Delivery,Yes,MTWTF,Yes,
KD-025-R1,Family Planning,Yes,Specific days,No,"Facility closed (holiday, strike, renovation)"
KD-025-R2,Immunization,Yes,MTWTF,Yes,
KD-025-R2,Nutrition,No,,,
KD-025-R2,Antenatal Care,Yes,MTWTFSS,Yes,
KD-025-R2,Postnatal Care,Yes,Specific days,Yes,
KD-025-R2,IMCI,Yes,MTWTF,No,Lack of transportation or logistics support
KD-025-R2,Malaria,Yes,MTWTF,Yes,
KD-025-R2,Labour and Delivery,Yes,MTWTF,Yes,
KD-025-R2,Family Planning,Yes,Specific days,Yes,
KD-025-R3,Immunization,Yes,MTWTF,Yes,
KD-025-R3,Nutrition,No,,,
KD-025-R3,Antenatal Care,Yes,Specific days,No,"Staff unavailable (leave, redeployment, strike)"
KD-025-R3,Postnatal Care,Yes,Specific days,Yes,
KD-025-R3,IMCI,Yes,MTWTF,Yes,
KD-025-R3,Malaria,Yes,MTWTF,Yes,
KD-025-R3,Labour and Delivery,Yes,Specific days,Yes,
KD-025-R3,Family Planning,Yes,Specific days,Yes,
KD-025-R4,Immunization,Yes,Specific days,No,"Attending training, meeting, or other official assignment"
KD-025-R4,Nutrition,No,,,
KD-025-R4,Antenatal Care,Yes,MTWTF,No,"Security concerns (insecurity, movement restrictions)"
KD-025-R4,Postnatal Care,Yes,MTWTF,Yes,
KD-025-R4,IMCI,Yes,MTWTF,No,Low community turnout / community resistance
KD-025-R4,Malaria,Yes,MTWTF,Yes,
KD-025-R4,Labour and Delivery,Yes,MTWTF,Yes,
KD-025-R4,Family Planning,Yes,Specific days,Yes,
KD-025-R5,Immunization,Yes,MTWTFSS,No,"Staff unavailable (leave, redeployment, strike)"
KD-025-R5,Nutrition,No,,,
KD-025-R5,Antenatal Care,Yes,MTWTF,Yes,
KD-025-R5,Postnatal Care,Yes,MTWTF,Yes,
KD-025-R5,IMCI,Yes,Specific days,Yes,
KD-025-R5,Malaria,Yes,MTWTF,Yes,
KD-025-R5,Labour and Delivery,Yes,Specific days,Yes,
KD-025-R5,Family Planning,Yes,MTWTF,Yes,
KD-025-R6,Immunization,Yes,MTWTFSS,No,Lack of transportation or logistics support
KD-025-R6,Nutrition,No,,,
KD-025-R6,Antenatal Care,Yes,Specific days,No,"Facility closed (holiday, strike, renovation)"
KD-025-R6,Postnatal Care,Yes,MTWTF,Yes,
KD-025-R6,IMCI,Yes,Specific days,Yes,
KD-025-R6,Malaria,Yes,MTWTFSS,No,"Staff unavailable (leave, redeployment, strike)"
KD-025-R6,Labour and Delivery,Yes,MTWTFSS,Yes,
KD-025-R6,Family Planning,Yes,MTWTFSS,No,"Attending training, meeting, or other official assignment"
KD-026-R1,Immunization,Yes,MTWTF,No,"Facility closed (holiday, strike, renovation)"
KD-026-R1,Nutrition,Yes,On needs basis,Yes,
KD-026-R1,Antenatal Care,Yes,Specific days,No,"Facility closed (holiday, strike, renovation)"
KD-026-R1,Postnatal Care,Yes,MTWTF,Yes,
KD-026-R1,IMCI,No,,,
KD-026-R1,Malaria,Yes,On needs basis,Yes,
KD-026-R1,Labour and Delivery,Yes,Specific days,Yes,
KD-026-R1,Family Planning,Yes,MTWTF,No,"Staff unavailable (leave, redeployment, strike)"
KD-026-R2,Immunization,Yes,Specific days,No,Cold chain equipment failure
KD-026-R2,Nutrition,Yes,MTWTF,Yes,
KD-026-R2,Antenatal Care,Yes,Specific days,Yes,
KD-026-R2,Postnatal Care,Yes,On needs basis,Yes,
KD-026-R2,IMCI,No,,,
KD-026-R2,Malaria,Yes,MTWTF,Yes,
KD-026-R2,Labour and Delivery,Yes,MTWTF,No,"Staff unavailable (leave, redeployment, strike)"
KD-026-R2,Family Planning,Yes,MTWTF,No,"Staff unavailable (leave, redeployment, strike)"
KD-026-R3,Immunization,Yes,MTWTF,No,"Security concerns (insecurity, movement restrictions)"
KD-026-R3,Nutrition,Yes,MTWTF,No,Weather or environmental conditions
KD-026-R3,Antenatal Care,Yes,On needs basis,No,Weather or environmental conditions
KD-026-R3,Postnatal Care,Yes,MTWTF,Yes,
KD-026-R3,IMCI,No,,,
KD-026-R3,Malaria,Yes,Specific days,Yes,
KD-026-R3,Labour and Delivery,Yes,MTWTF,No,"Security concerns (insecurity, movement restrictions)"
KD-026-R3,Family Planning,Yes,MTWTF,No,"Attending training, meeting, or other official assignment"
KD-026-R4,Immunization,Yes,Specific days,Yes,
KD-026-R4,Nutrition,Yes,MTWTF,Yes,
KD-026-R4,Antenatal Care,Yes,MTWTF,Yes,
KD-026-R4,Postnatal Care,Yes,Specific days,Yes,
KD-026-R4,IMCI,No,,,
KD-026-R4,Malaria,Yes,MTWTF,Yes,
KD-026-R4,Labour and Delivery,Yes,MTWTF,Yes,
KD-026-R4,Family Planning,Yes,Specific days,Yes,
KD-026-R5,Immunization,Yes,On needs basis,Yes,
KD-026-R5,Nutrition,Yes,Specific days,Yes,
KD-026-R5,Antenatal Care,Yes,MTWTF,Yes,
KD-026-R5,Postnatal Care,Yes,MTWTF,Yes,
KD-026-R5,IMCI,No,,,
KD-026-R5,Malaria,Yes,MTWTF,No,"Staff unavailable (leave, redeployment, strike)"
KD-026-R5,Labour and Delivery,Yes,MTWTF,No,"Staff unavailable (leave, redeployment, strike)"
KD-026-R5,Family Planning,Yes,MTWTF,Yes,
KD-026-R6,Immunization,Yes,Specific days,No,"Facility closed (holiday, strike, renovation)"
KD-026-R6,Nutrition,Yes,MTWTF,Yes,
KD-026-R6,Antenatal Care,Yes,MTWTF,No,Weather or environmental conditions
KD-026-R6,Postnatal Care,Yes,MTWTF,Yes,
KD-026-R6,IMCI,No,,,
KD-026-R6,Malaria,Yes,MTWTF,No,Weather or environmental conditions
KD-026-R6,Labour and Delivery,Yes,On needs basis,Yes,
KD-026-R6,Family Planning,Yes,MTWTF,No,Lack of transportation or logistics support
KD-027-R1,Immunization,Yes,MTWTFSS,Yes,
KD-027-R1,Nutrition,Yes,Specific days,Yes,
KD-027-R1,Antenatal Care,Yes,MTWTF,Yes,
KD-027-R1,Postnatal Care,Yes,Specific days,No,"Staff unavailable (leave, redeployment, strike)"
KD-027-R1,IMCI,Yes,MTWTFSS,Yes,
KD-027-R1,Malaria,Yes,MTWTF,Yes,
KD-027-R1,Labour and Delivery,No,,,
KD-027-R1,Family Planning,No,,,
KD-027-R2,Immunization,Yes,MTWTFSS,Yes,
KD-027-R2,Nutrition,Yes,Specific days,No,"Security concerns (insecurity, movement restrictions)"
KD-027-R2,Antenatal Care,Yes,Specific days,Yes,
KD-027-R2,Postnatal Care,Yes,MTWTF,Yes,
KD-027-R2,IMCI,Yes,MTWTF,Yes,
KD-027-R2,Malaria,Yes,Specific days,Yes,
KD-027-R2,Labour and Delivery,No,,,
KD-027-R2,Family Planning,No,,,
KD-027-R3,Immunization,Yes,MTWTF,Yes,
KD-027-R3,Nutrition,Yes,MTWTFSS,Yes,
KD-027-R3,Antenatal Care,Yes,On needs basis,Yes,
KD-027-R3,Postnatal Care,Yes,MTWTFSS,Yes,
KD-027-R3,IMCI,Yes,Specific days,No,"Staff unavailable (leave, redeployment, strike)"
KD-027-R3,Malaria,Yes,Specific days,Yes,
KD-027-R3,Labour and Delivery,No,,,
KD-027-R3,Family Planning,No,,,
KD-027-R4,Immunization,Yes,Specific days,No,"Staff unavailable (leave, redeployment, strike)"
KD-027-R4,Nutrition,Yes,Specific days,No,"Security concerns (insecurity, movement restrictions)"
KD-027-R4,Antenatal Care,Yes,MTWTF,Yes,
KD-027-R4,Postnatal Care,Yes,Specific days,Yes,
KD-027-R4,IMCI,Yes,MTWTFSS,No,Weather or environmental conditions
KD-027-R4,Malaria,Yes,Specific days,No,"Attending training, meeting, or other official assignment"
KD-027-R4,Labour and Delivery,No,,,
KD-027-R4,Family Planning,No,,,
KD-027-R5,Immunization,Yes,MTWTF,No,"Staff unavailable (leave, redeployment, strike)"
KD-027-R5,Nutrition,Yes,MTWTF,No,"Staff unavailable (leave, redeployment, strike)"
KD-027-R5,Antenatal Care,Yes,Specific days,Yes,
KD-027-R5,Postnatal Care,Yes,MTWTF,Yes,
KD-027-R5,IMCI,Yes,On needs basis,Yes,
KD-027-R5,Malaria,Yes,MTWTFSS,No,Lack of transportation or logistics support
KD-027-R5,Labour and Delivery,No,,,
KD-027-R5,Family Planning,No,,,
KD-027-R6,Immunization,Yes,Specific days,Yes,
KD-027-R6,Nutrition,Yes,MTWTF,Yes,
KD-027-R6,Antenatal Care,Yes,Specific days,No,Cold chain equipment failure
KD-027-R6,Postnatal Care,Yes,Specific days,Yes,
KD-027-R6,IMCI,Yes,MTWTF,Yes,
KD-027-R6,Malaria,Yes,MTWTF,Yes,
KD-027-R6,Labour and Delivery,No,,,
KD-027-R6,Family Planning,No,,,
KD-028-R1,Immunization,Yes,MTWTF,Yes,
KD-028-R1,Nutrition,Yes,Specific days,Yes,
KD-028-R1,Antenatal Care,Yes,MTWTF,Yes,
KD-028-R1,Postnatal Care,Yes,Specific days,Yes,
KD-028-R1,IMCI,Yes,Specific days,Yes,
KD-028-R1,Malaria,Yes,MTWTFSS,Yes,
KD-028-R1,Labour and Delivery,Yes,MTWTF,Yes,
KD-028-R1,Family Planning,Yes,MTWTF,Yes,
KD-028-R2,Immunization,Yes,MTWTFSS,Yes,
KD-028-R2,Nutrition,Yes,On needs basis,Yes,
KD-028-R2,Antenatal Care,Yes,MTWTF,No,"Staff unavailable (leave, redeployment, strike)"
KD-028-R2,Postnatal Care,Yes,MTWTF,Yes,
KD-028-R2,IMCI,Yes,MTWTF,Yes,
KD-028-R2,Malaria,Yes,Specific days,No,"Facility closed (holiday, strike, renovation)"
KD-028-R2,Labour and Delivery,Yes,MTWTFSS,Yes,
KD-028-R2,Family Planning,Yes,MTWTF,Yes,
KD-028-R3,Immunization,Yes,MTWTF,No,Lack of transportation or logistics support
KD-028-R3,Nutrition,Yes,MTWTF,Yes,
KD-028-R3,Antenatal Care,Yes,MTWTF,Yes,
KD-028-R3,Postnatal Care,Yes,Specific days,Yes,
KD-028-R3,IMCI,Yes,MTWTF,Yes,
KD-028-R3,Malaria,Yes,MTWTF,Yes,
KD-028-R3,Labour and Delivery,Yes,MTWTF,Yes,
KD-028-R3,Family Planning,Yes,Specific days,Yes,
KD-028-R4,Immunization,Yes,Specific days,No,"Security concerns (insecurity, movement restrictions)"
KD-028-R4,Nutrition,Yes,Specific days,No,"Staff unavailable (leave, redeployment, strike)"
KD-028-R4,Antenatal Care,Yes,Specific days,Yes,
KD-028-R4,Postnatal Care,Yes,MTWTF,No,"Staff unavailable (leave, redeployment, strike)"
KD-028-R4,IMCI,Yes,Specific days,Yes,
KD-028-R4,Malaria,Yes,MTWTFSS,No,"Staff unavailable (leave, redeployment, strike)"
KD-028-R4,Labour and Delivery,Yes,Specific days,Yes,
KD-028-R4,Family Planning,Yes,MTWTFSS,Yes,
KD-028-R5,Immunization,Yes,Specific days,Yes,
KD-028-R5,Nutrition,Yes,MTWTFSS,Yes,
KD-028-R5,Antenatal Care,Yes,Specific days,Yes,
KD-028-R5,Postnatal Care,Yes,Specific days,Yes,
KD-028-R5,IMCI,Yes,MTWTFSS,Yes,
KD-028-R5,Malaria,Yes,MTWTF,Yes,
KD-028-R5,Labour and Delivery,Yes,MTWTFSS,Yes,
KD-028-R5,Family Planning,Yes,Specific days,Yes,
KD-028-R6,Immunization,Yes,MTWTFSS,Yes,
KD-028-R6,Nutrition,Yes,MTWTFSS,Yes,
KD-028-R6,Antenatal Care,Yes,Specific days,Yes,
KD-028-R6,Postnatal Care,Yes,MTWTF,Yes,
KD-028-R6,IMCI,Yes,Specific days,Yes,
KD-028-R6,Malaria,Yes,MTWTFSS,No,"Security concerns (insecurity, movement restrictions)"
KD-028-R6,Labour and Delivery,Yes,MTWTF,Yes,
KD-028-R6,Family Planning,Yes,MTWTFSS,No,"Attending training, meeting, or other official assignment"
KD-029-R1,Immunization,Yes,On needs basis,Yes,
KD-029-R1,Nutrition,No,,,
KD-029-R1,Antenatal Care,Yes,MTWTFSS,No,"Staff unavailable (leave, redeployment, strike)"
KD-029-R1,Postnatal Care,Yes,Specific days,No,Weather or environmental conditions
KD-029-R1,IMCI,Yes,MTWTF,No,"Security concerns (insecurity, movement restrictions)"
KD-029-R1,Malaria,Yes,MTWTFSS,Yes,
KD-029-R1,Labour and Delivery,Yes,Specific days,Yes,
KD-029-R1,Family Planning,Yes,MTWTFSS,No,"Attending training, meeting, or other official assignment"
KD-029-R2,Immunization,Yes,MTWTF,Yes,
KD-029-R2,Nutrition,No,,,
KD-029-R2,Antenatal Care,Yes,MTWTFSS,Yes,
KD-029-R2,Postnatal Care,Yes,Specific days,Yes,
KD-029-R2,IMCI,Yes,MTWTF,Yes,
KD-029-R2,Malaria,Yes,Specific days,Yes,
KD-029-R2,Labour and Delivery,Yes,MTWTFSS,Yes,
KD-029-R2,Family Planning,Yes,MTWTFSS,Yes,
KD-029-R3,Immunization,Yes,MTWTF,No,"Staff unavailable (leave, redeployment, strike)"
KD-029-R3,Nutrition,No,,,
KD-029-R3,Antenatal Care,Yes,MTWTF,No,"Attending training, meeting, or other official assignment"
KD-029-R3,Postnatal Care,Yes,On needs basis,Yes,
KD-029-R3,IMCI,Yes,MTWTF,No,"Security concerns (insecurity, movement restrictions)"
KD-029-R3,Malaria,Yes,MTWTF,Yes,
KD-029-R3,Labour and Delivery,Yes,MTWTF,No,Cold chain equipment failure
KD-029-R3,Family Planning,Yes,Specific days,No,"Staff unavailable (leave, redeployment, strike)"
KD-029-R4,Immunization,Yes,Specific days,No,Low community turnout / community resistance
KD-029-R4,Nutrition,No,,,
KD-029-R4,Antenatal Care,Yes,Specific days,Yes,
KD-029-R4,Postnatal Care,Yes,Specific days,Yes,
KD-029-R4,IMCI,Yes,MTWTF,No,Lack of transportation or logistics support
KD-029-R4,Malaria,Yes,Specific days,Yes,
KD-029-R4,Labour and Delivery,Yes,Specific days,Yes,
KD-029-R4,Family Planning,Yes,MTWTF,Yes,
KD-029-R5,Immunization,Yes,MTWTFSS,Yes,
KD-029-R5,Nutrition,No,,,
KD-029-R5,Antenatal Care,Yes,MTWTFSS,No,Lack of transportation or logistics support
KD-029-R5,Postnatal Care,Yes,Specific days,Yes,
KD-029-R5,IMCI,Yes,On needs basis,No,"Attending training, meeting, or other official assignment"
KD-029-R5,Malaria,Yes,MTWTFSS,Yes,
KD-029-R5,Labour and Delivery,Yes,Specific days,Yes,
KD-029-R5,Family Planning,Yes,MTWTFSS,No,Low community turnout / community resistance
KD-029-R6,Immunization,Yes,MTWTF,Yes,
KD-029-R6,Nutrition,No,,,
KD-029-R6,Antenatal Care,Yes,MTWTFSS,Yes,
KD-029-R6,Postnatal Care,Yes,Specific days,Yes,
KD-029-R6,IMCI,Yes,MTWTF,Yes,
KD-029-R6,Malaria,Yes,MTWTF,Yes,
KD-029-R6,Labour and Delivery,Yes,MTWTF,No,"Staff unavailable (leave, redeployment, strike)"
KD-029-R6,Family Planning,Yes,MTWTF,Yes,
KD-030-R1,Immunization,Yes,MTWTFSS,No,"Attending training, meeting, or other official assignment"
KD-030-R1,Nutrition,Yes,MTWTFSS,Yes,
KD-030-R1,Antenatal Care,Yes,MTWTFSS,Yes,
KD-030-R1,Postnatal Care,No,,,
KD-030-R1,IMCI,Yes,Specific days,Yes,
KD-030-R1,Malaria,Yes,MTWTFSS,Yes,
KD-030-R1,Labour and Delivery,Yes,Specific days,Yes,
KD-030-R1,Family Planning,Yes,Specific days,Yes,
KD-030-R2,Immunization,Yes,MTWTF,Yes,
KD-030-R2,Nutrition,Yes,On needs basis,No,Lack of transportation or logistics support
KD-030-R2,Antenatal Care,Yes,Specific days,No,"Security concerns (insecurity, movement restrictions)"
KD-030-R2,Postnatal Care,No,,,
KD-030-R2,IMCI,Yes,MTWTFSS,Yes,
KD-030-R2,Malaria,Yes,MTWTF,Yes,
KD-030-R2,Labour and Delivery,Yes,Specific days,Yes,
KD-030-R2,Family Planning,Yes,MTWTFSS,Yes,
KD-030-R3,Immunization,Yes,MTWTF,Yes,
KD-030-R3,Nutrition,Yes,MTWTFSS,Yes,
KD-030-R3,Antenatal Care,Yes,On needs basis,Yes,
KD-030-R3,Postnatal Care,No,,,
KD-030-R3,IMCI,Yes,MTWTF,Yes,
KD-030-R3,Malaria,Yes,MTWTF,Yes,
KD-030-R3,Labour and Delivery,Yes,MTWTF,Yes,
KD-030-R3,Family Planning,Yes,MTWTF,Yes,
KD-030-R4,Immunization,Yes,MTWTF,No,"Staff unavailable (leave, redeployment, strike)"
KD-030-R4,Nutrition,Yes,MTWTF,No,"Staff unavailable (leave, redeployment, strike)"
KD-030-R4,Antenatal Care,Yes,MTWTF,No,"Staff unavailable (leave, redeployment, strike)"
KD-030-R4,Postnatal Care,No,,,
KD-030-R4,IMCI,Yes,Specific days,Yes,
KD-030-R4,Malaria,Yes,MTWTFSS,Yes,
KD-030-R4,Labour and Delivery,Yes,MTWTF,Yes,
KD-030-R4,Family Planning,Yes,MTWTF,No,Lack of transportation or logistics support
KD-030-R5,Immunization,Yes,On needs basis,Yes,
KD-030-R5,Nutrition,Yes,MTWTFSS,No,"Staff unavailable (leave, redeployment, strike)"
KD-030-R5,Antenatal Care,Yes,Specific days,No,"Facility closed (holiday, strike, renovation)"
KD-030-R5,Postnatal Care,No,,,
KD-030-R5,IMCI,Yes,MTWTF,No,"Security concerns (insecurity, movement restrictions)"
KD-030-R5,Malaria,Yes,MTWTFSS,Yes,
KD-030-R5,Labour and Delivery,Yes,MTWTF,Yes,
KD-030-R5,Family Planning,Yes,Specific days,Yes,
KD-030-R6,Immunization,Yes,MTWTFSS,No,Weather or environmental conditions
KD-030-R6,Nutrition,Yes,Specific days,No,"Facility closed (holiday, strike, renovation)"
KD-030-R6,Antenatal Care,Yes,MTWTF,Yes,
KD-030-R6,Postnatal Care,No,,,
KD-030-R6,IMCI,Yes,Specific days,Yes,
KD-030-R6,Malaria,Yes,Specific days,No,"Facility closed (holiday, strike, renovation)"
KD-030-R6,Labour and Delivery,Yes,Specific days,Yes,
KD-030-R6,Family Planning,Yes,Specific days,No,"Staff unavailable (leave, redeployment, strike)"
KD-031-R1,Immunization,Yes,Specific days,Yes,
KD-031-R1,Nutrition,Yes,Specific days,Yes,
KD-031-R1,Antenatal Care,Yes,MTWTFSS,Yes,
KD-031-R1,Postnatal Care,Yes,MTWTF,Yes,
KD-031-R1,IMCI,Yes,MTWTF,No,"Security concerns (insecurity, movement restrictions)"
KD-031-R1,Malaria,Yes,MTWTFSS,Yes,
KD-031-R1,Labour and Delivery,Yes,MTWTFSS,No,Lack of transportation or logistics support
KD-031-R1,Family Planning,Yes,Specific days,Yes,
KD-031-R2,Immunization,Yes,Specific days,Yes,
KD-031-R2,Nutrition,Yes,Specific days,Yes,
KD-031-R2,Antenatal Care,Yes,MTWTFSS,Yes,
KD-031-R2,Postnatal Care,Yes,MTWTF,Yes,
KD-031-R2,IMCI,Yes,MTWTF,Yes,
KD-031-R2,Malaria,Yes,MTWTF,No,"Facility closed (holiday, strike, renovation)"
KD-031-R2,Labour and Delivery,Yes,Specific days,Yes,
KD-031-R2,Family Planning,Yes,MTWTF,Yes,
KD-031-R3,Immunization,Yes,MTWTFSS,Yes,
KD-031-R3,Nutrition,Yes,MTWTFSS,Yes,
KD-031-R3,Antenatal Care,Yes,Specific days,Yes,
KD-031-R3,Postnatal Care,Yes,MTWTFSS,Yes,
KD-031-R3,IMCI,Yes,On needs basis,Yes,
KD-031-R3,Malaria,Yes,MTWTFSS,No,"Staff unavailable (leave, redeployment, strike)"
KD-031-R3,Labour and Delivery,Yes,On needs basis,Yes,
KD-031-R3,Family Planning,Yes,MTWTF,Yes,
KD-031-R4,Immunization,Yes,MTWTFSS,No,"Staff unavailable (leave, redeployment, strike)"
KD-031-R4,Nutrition,Yes,Specific days,No,"Attending training, meeting, or other official assignment"
KD-031-R4,Antenatal Care,Yes,Specific days,Yes,
KD-031-R4,Postnatal Care,Yes,Specific days,Yes,
KD-031-R4,IMCI,Yes,Specific days,No,"Facility closed (holiday, strike, renovation)"
KD-031-R4,Malaria,Yes,Specific days,Yes,
KD-031-R4,Labour and Delivery,Yes,Specific days,No,"Attending training, meeting, or other official assignment"
KD-031-R4,Family Planning,Yes,MTWTFSS,Yes,
KD-031-R5,Immunization,Yes,MTWTF,Yes,
KD-031-R5,Nutrition,Yes,MTWTFSS,No,Weather or environmental conditions
KD-031-R5,Antenatal Care,Yes,Specific days,Yes,
KD-031-R5,Postnatal Care,Yes,MTWTF,Yes,
KD-031-R5,IMCI,Yes,Specific days,Yes,
KD-031-R5,Malaria,Yes,Specific days,Yes,
KD-031-R5,Labour and Delivery,Yes,MTWTF,Yes,
KD-031-R5,Family Planning,Yes,MTWTF,No,Low community turnout / community resistance
KD-031-R6,Immunization,Yes,Specific days,No,Low community turnout / community resistance
KD-031-R6,Nutrition,Yes,Specific days,Yes,
KD-031-R6,Antenatal Care,Yes,MTWTF,Yes,
KD-031-R6,Postnatal Care,Yes,Specific days,Yes,
KD-031-R6,IMCI,Yes,Specific days,Yes,
KD-031-R6,Malaria,Yes,Specific days,No,"Staff unavailable (leave, redeployment, strike)"
KD-031-R6,Labour and Delivery,Yes,Specific days,No,"Attending training, meeting, or other official assignment"
KD-031-R6,Family Planning,Yes,MTWTFSS,Yes,
KD-032-R1,Immunization,Yes,MTWTF,Yes,
KD-032-R1,Nutrition,Yes,Specific days,No,"Attending training, meeting, or other official assignment"
KD-032-R1,Antenatal Care,Yes,Specific days,No,"Security concerns (insecurity, movement restrictions)"
KD-032-R1,Postnatal Care,No,,,
KD-032-R1,IMCI,No,,,
KD-032-R1,Malaria,Yes,MTWTF,No,Low community turnout / community resistance
KD-032-R1,Labour and Delivery,No,,,
KD-032-R1,Family Planning,Yes,MTWTF,No,"Security concerns (insecurity, movement restrictions)"
KD-032-R2,Immunization,Yes,MTWTF,Yes,
KD-032-R2,Nutrition,Yes,MTWTF,Yes,
KD-032-R2,Antenatal Care,Yes,MTWTF,Yes,
KD-032-R2,Postnatal Care,No,,,
KD-032-R2,IMCI,No,,,
KD-032-R2,Malaria,Yes,Specific days,Yes,
KD-032-R2,Labour and Delivery,No,,,
KD-032-R2,Family Planning,Yes,MTWTF,Yes,
KD-032-R3,Immunization,Yes,Specific days,Yes,
KD-032-R3,Nutrition,Yes,MTWTF,Yes,
KD-032-R3,Antenatal Care,Yes,MTWTFSS,No,Lack of transportation or logistics support
KD-032-R3,Postnatal Care,No,,,
KD-032-R3,IMCI,No,,,
KD-032-R3,Malaria,Yes,MTWTF,Yes,
KD-032-R3,Labour and Delivery,No,,,
KD-032-R3,Family Planning,Yes,MTWTF,Yes,
KD-032-R4,Immunization,Yes,Specific days,No,Low community turnout / community resistance
KD-032-R4,Nutrition,Yes,MTWTF,No,Weather or environmental conditions
KD-032-R4,Antenatal Care,Yes,MTWTF,Yes,
KD-032-R4,Postnatal Care,No,,,
KD-032-R4,IMCI,No,,,
KD-032-R4,Malaria,Yes,Specific days,No,"Staff unavailable (leave, redeployment, strike)"
KD-032-R4,Labour and Delivery,No,,,
KD-032-R4,Family Planning,Yes,On needs basis,Yes,
KD-032-R5,Immunization,Yes,MTWTF,No,Cold chain equipment failure
KD-032-R5,Nutrition,Yes,MTWTF,Yes,
KD-032-R5,Antenatal Care,Yes,MTWTF,Yes,
KD-032-R5,Postnatal Care,No,,,
KD-032-R5,IMCI,No,,,
KD-032-R5,Malaria,Yes,Specific days,Yes,
KD-032-R5,Labour and Delivery,No,,,
KD-032-R5,Family Planning,Yes,Specific days,Yes,
KD-032-R6,Immunization,Yes,MTWTF,No,"Security concerns (insecurity, movement restrictions)"
KD-032-R6,Nutrition,Yes,MTWTFSS,No,Lack of transportation or logistics support
KD-032-R6,Antenatal Care,Yes,MTWTFSS,No,"Security concerns (insecurity, movement restrictions)"
KD-032-R6,Postnatal Care,No,,,
KD-032-R6,IMCI,No,,,
KD-032-R6,Malaria,Yes,Specific days,Yes,
KD-032-R6,Labour and Delivery,No,,,
KD-032-R6,Family Planning,Yes,MTWTF,No,"Security concerns (insecurity, movement restrictions)"
KD-033-R1,Immunization,Yes,Specific days,Yes,
KD-033-R1,Nutrition,No,,,
KD-033-R1,Antenatal Care,Yes,Specific days,Yes,
KD-033-R1,Postnatal Care,Yes,MTWTF,Yes,
KD-033-R1,IMCI,Yes,Specific days,No,"Staff unavailable (leave, redeployment, strike)"
KD-033-R1,Malaria,Yes,Specific days,Yes,
KD-033-R1,Labour and Delivery,No,,,
KD-033-R1,Family Planning,Yes,Specific days,Yes,
KD-033-R2,Immunization,Yes,MTWTFSS,Yes,
KD-033-R2,Nutrition,No,,,
KD-033-R2,Antenatal Care,Yes,MTWTFSS,Yes,
KD-033-R2,Postnatal Care,Yes,Specific days,Yes,
KD-033-R2,IMCI,Yes,Specific days,No,"Staff unavailable (leave, redeployment, strike)"
KD-033-R2,Malaria,Yes,MTWTF,Yes,
KD-033-R2,Labour and Delivery,No,,,
KD-033-R2,Family Planning,Yes,MTWTF,Yes,
KD-033-R3,Immunization,Yes,Specific days,Yes,
KD-033-R3,Nutrition,No,,,
KD-033-R3,Antenatal Care,Yes,MTWTF,Yes,
KD-033-R3,Postnatal Care,Yes,Specific days,Yes,
KD-033-R3,IMCI,Yes,Specific days,No,"Attending training, meeting, or other official assignment"
KD-033-R3,Malaria,Yes,Specific days,Yes,
KD-033-R3,Labour and Delivery,No,,,
KD-033-R3,Family Planning,Yes,On needs basis,No,"Facility closed (holiday, strike, renovation)"
KD-033-R4,Immunization,Yes,Specific days,Yes,
KD-033-R4,Nutrition,No,,,
KD-033-R4,Antenatal Care,Yes,Specific days,Yes,
KD-033-R4,Postnatal Care,Yes,On needs basis,Yes,
KD-033-R4,IMCI,Yes,On needs basis,Yes,
KD-033-R4,Malaria,Yes,MTWTF,Yes,
KD-033-R4,Labour and Delivery,No,,,
KD-033-R4,Family Planning,Yes,Specific days,Yes,
KD-033-R5,Immunization,Yes,MTWTFSS,Yes,
KD-033-R5,Nutrition,No,,,
KD-033-R5,Antenatal Care,Yes,Specific days,Yes,
KD-033-R5,Postnatal Care,Yes,Specific days,No,"Attending training, meeting, or other official assignment"
KD-033-R5,IMCI,Yes,MTWTFSS,Yes,
KD-033-R5,Malaria,Yes,MTWTFSS,Yes,
KD-033-R5,Labour and Delivery,No,,,
KD-033-R5,Family Planning,Yes,Specific days,Yes,
KD-033-R6,Immunization,Yes,MTWTF,Yes,
KD-033-R6,Nutrition,No,,,
KD-033-R6,Antenatal Care,Yes,Specific days,Yes,
KD-033-R6,Postnatal Care,Yes,Specific days,Yes,
KD-033-R6,IMCI,Yes,MTWTFSS,Yes,
KD-033-R6,Malaria,Yes,MTWTF,Yes,
KD-033-R6,Labour and Delivery,No,,,
KD-033-R6,Family Planning,Yes,Specific days,No,"Staff unavailable (leave, redeployment, strike)"
KD-034-R1,Immunization,Yes,On needs basis,No,"Staff unavailable (leave, redeployment, strike)"
KD-034-R1,Nutrition,Yes,MTWTF,Yes,
KD-034-R1,Antenatal Care,Yes,MTWTFSS,Yes,
KD-034-R1,Postnatal Care,Yes,Specific days,Yes,
KD-034-R1,IMCI,Yes,Specific days,Yes,
KD-034-R1,Malaria,Yes,On needs basis,Yes,
KD-034-R1,Labour and Delivery,Yes,Specific days,Yes,
KD-034-R1,Family Planning,Yes,Specific days,Yes,
KD-034-R2,Immunization,Yes,MTWTF,Yes,
KD-034-R2,Nutrition,Yes,On needs basis,Yes,
KD-034-R2,Antenatal Care,Yes,MTWTF,No,"Staff unavailable (leave, redeployment, strike)"
KD-034-R2,Postnatal Care,Yes,Specific days,No,Low community turnout / community resistance
KD-034-R2,IMCI,Yes,Specific days,Yes,
KD-034-R2,Malaria,Yes,Specific days,Yes,
KD-034-R2,Labour and Delivery,Yes,Specific days,Yes,
KD-034-R2,Family Planning,Yes,Specific days,Yes,
KD-034-R3,Immunization,Yes,Specific days,Yes,
KD-034-R3,Nutrition,Yes,On needs basis,Yes,
KD-034-R3,Antenatal Care,Yes,MTWTF,Yes,
KD-034-R3,Postnatal Care,Yes,MTWTF,Yes,
KD-034-R3,IMCI,Yes,Specific days,Yes,
KD-034-R3,Malaria,Yes,Specific days,Yes,
KD-034-R3,Labour and Delivery,Yes,MTWTF,Yes,
KD-034-R3,Family Planning,Yes,On needs basis,Yes,
KD-034-R4,Immunization,Yes,MTWTF,Yes,
KD-034-R4,Nutrition,Yes,MTWTF,Yes,
KD-034-R4,Antenatal Care,Yes,Specific days,Yes,
KD-034-R4,Postnatal Care,Yes,MTWTF,Yes,
KD-034-R4,IMCI,Yes,Specific days,No,"Staff unavailable (leave, redeployment, strike)"
KD-034-R4,Malaria,Yes,Specific days,Yes,
KD-034-R4,Labour and Delivery,Yes,Specific days,No,Low community turnout / community resistance
KD-034-R4,Family Planning,Yes,Specific days,Yes,
KD-034-R5,Immunization,Yes,On needs basis,Yes,
KD-034-R5,Nutrition,Yes,On needs basis,Yes,
KD-034-R5,Antenatal Care,Yes,Specific days,Yes,
KD-034-R5,Postnatal Care,Yes,Specific days,Yes,
KD-034-R5,IMCI,Yes,MTWTF,Yes,
KD-034-R5,Malaria,Yes,MTWTF,Yes,
KD-034-R5,Labour and Delivery,Yes,On needs basis,Yes,
KD-034-R5,Family Planning,Yes,Specific days,No,"Attending training, meeting, or other official assignment"
KD-034-R6,Immunization,Yes,Specific days,No,"Staff unavailable (leave, redeployment, strike)"
KD-034-R6,Nutrition,Yes,On needs basis,Yes,
KD-034-R6,Antenatal Care,Yes,MTWTF,Yes,
KD-034-R6,Postnatal Care,Yes,Specific days,Yes,
KD-034-R6,IMCI,Yes,Specific days,No,Weather or environmental conditions
KD-034-R6,Malaria,Yes,MTWTF,Yes,
KD-034-R6,Labour and Delivery,Yes,MTWTF,No,"Staff unavailable (leave, redeployment, strike)"
KD-034-R6,Family Planning,Yes,On needs basis,No,Lack of transportation or logistics support
KD-035-R1,Immunization,Yes,MTWTF,Yes,
KD-035-R1,Nutrition,Yes,Specific days,Yes,
KD-035-R1,Antenatal Care,Yes,Specific days,Yes,
KD-035-R1,Postnatal Care,No,,,
KD-035-R1,IMCI,Yes,Specific days,Yes,
KD-035-R1,Malaria,Yes,Specific days,Yes,
KD-035-R1,Labour and Delivery,Yes,Specific days,Yes,
KD-035-R1,Family Planning,Yes,MTWTF,Yes,
KD-035-R2,Immunization,Yes,Specific days,Yes,
KD-035-R2,Nutrition,Yes,MTWTFSS,Yes,
KD-035-R2,Antenatal Care,Yes,MTWTF,Yes,
KD-035-R2,Postnatal Care,No,,,
KD-035-R2,IMCI,Yes,Specific days,Yes,
KD-035-R2,Malaria,Yes,Specific days,Yes,
KD-035-R2,Labour and Delivery,Yes,MTWTF,Yes,
KD-035-R2,Family Planning,Yes,MTWTF,No,"Facility closed (holiday, strike, renovation)"
KD-035-R3,Immunization,Yes,MTWTFSS,Yes,
KD-035-R3,Nutrition,Yes,Specific days,Yes,
KD-035-R3,Antenatal Care,Yes,MTWTF,Yes,
KD-035-R3,Postnatal Care,No,,,
KD-035-R3,IMCI,Yes,Specific days,Yes,
KD-035-R3,Malaria,Yes,Specific days,Yes,
KD-035-R3,Labour and Delivery,Yes,Specific days,Yes,
KD-035-R3,Family Planning,Yes,MTWTFSS,Yes,
KD-035-R4,Immunization,Yes,MTWTF,No,Low community turnout / community resistance
KD-035-R4,Nutrition,Yes,MTWTF,Yes,
KD-035-R4,Antenatal Care,Yes,Specific days,Yes,
KD-035-R4,Postnatal Care,No,,,
KD-035-R4,IMCI,Yes,MTWTF,Yes,
KD-035-R4,Malaria,Yes,MTWTF,Yes,
KD-035-R4,Labour and Delivery,Yes,MTWTFSS,No,Low community turnout / community resistance
KD-035-R4,Family Planning,Yes,MTWTFSS,Yes,
KD-035-R5,Immunization,Yes,Specific days,Yes,
KD-035-R5,Nutrition,Yes,MTWTF,Yes,
KD-035-R5,Antenatal Care,Yes,Specific days,Yes,
KD-035-R5,Postnatal Care,No,,,
KD-035-R5,IMCI,Yes,Specific days,Yes,
KD-035-R5,Malaria,Yes,MTWTF,Yes,
KD-035-R5,Labour and Delivery,Yes,MTWTF,No,"Attending training, meeting, or other official assignment"
KD-035-R5,Family Planning,Yes,Specific days,Yes,
KD-035-R6,Immunization,Yes,MTWTFSS,Yes,
KD-035-R6,Nutrition,Yes,Specific days,Yes,
KD-035-R6,Antenatal Care,Yes,On needs basis,No,"Staff unavailable (leave, redeployment, strike)"
KD-035-R6,Postnatal Care,No,,,
KD-035-R6,IMCI,Yes,MTWTFSS,Yes,
KD-035-R6,Malaria,Yes,MTWTFSS,Yes,
KD-035-R6,Labour and Delivery,Yes,Specific days,Yes,
KD-035-R6,Family Planning,Yes,MTWTF,Yes,
KD-036-R1,Immunization,Yes,Specific days,Yes,
KD-036-R1,Nutrition,No,,,
KD-036-R1,Antenatal Care,Yes,Specific days,Yes,
KD-036-R1,Postnatal Care,Yes,Specific days,Yes,
KD-036-R1,IMCI,Yes,Specific days,No,"Attending training, meeting, or other official assignment"
KD-036-R1,Malaria,Yes,Specific days,Yes,
KD-036-R1,Labour and Delivery,Yes,Specific days,Yes,
KD-036-R1,Family Planning,Yes,Specific days,Yes,
KD-036-R2,Immunization,Yes,MTWTF,Yes,
KD-036-R2,Nutrition,No,,,
KD-036-R2,Antenatal Care,Yes,MTWTF,Yes,
KD-036-R2,Postnatal Care,Yes,Specific days,Yes,
KD-036-R2,IMCI,Yes,Specific days,Yes,
KD-036-R2,Malaria,Yes,MTWTF,Yes,
KD-036-R2,Labour and Delivery,Yes,On needs basis,No,"Facility closed (holiday, strike, renovation)"
KD-036-R2,Family Planning,Yes,On needs basis,Yes,
KD-036-R3,Immunization,Yes,Specific days,Yes,
KD-036-R3,Nutrition,No,,,
KD-036-R3,Antenatal Care,Yes,Specific days,Yes,
KD-036-R3,Postnatal Care,Yes,MTWTF,Yes,
KD-036-R3,IMCI,Yes,On needs basis,Yes,
KD-036-R3,Malaria,Yes,MTWTFSS,Yes,
KD-036-R3,Labour and Delivery,Yes,Specific days,Yes,
KD-036-R3,Family Planning,Yes,Specific days,Yes,
KD-036-R4,Immunization,Yes,On needs basis,Yes,
KD-036-R4,Nutrition,No,,,
KD-036-R4,Antenatal Care,Yes,On needs basis,Yes,
KD-036-R4,Postnatal Care,Yes,MTWTFSS,Yes,
KD-036-R4,IMCI,Yes,Specific days,Yes,
KD-036-R4,Malaria,Yes,MTWTF,Yes,
KD-036-R4,Labour and Delivery,Yes,Specific days,Yes,
KD-036-R4,Family Planning,Yes,MTWTF,Yes,
KD-036-R5,Immunization,Yes,On needs basis,Yes,
KD-036-R5,Nutrition,No,,,
KD-036-R5,Antenatal Care,Yes,Specific days,No,Low community turnout / community resistance
KD-036-R5,Postnatal Care,Yes,Specific days,Yes,
KD-036-R5,IMCI,Yes,Specific days,Yes,
KD-036-R5,Malaria,Yes,Specific days,Yes,
KD-036-R5,Labour and Delivery,Yes,MTWTF,Yes,
KD-036-R5,Family Planning,Yes,Specific days,No,Low community turnout / community resistance
KD-036-R6,Immunization,Yes,Specific days,No,"Staff unavailable (leave, redeployment, strike)"
KD-036-R6,Nutrition,No,,,
KD-036-R6,Antenatal Care,Yes,MTWTF,No,Lack of transportation or logistics support
KD-036-R6,Postnatal Care,Yes,On needs basis,No,"Staff unavailable (leave, redeployment, strike)"
KD-036-R6,IMCI,Yes,MTWTF,Yes,
KD-036-R6,Malaria,Yes,Specific days,No,"Staff unavailable (leave, redeployment, strike)"
KD-036-R6,Labour and Delivery,Yes,MTWTF,Yes,
KD-036-R6,Family Planning,Yes,MTWTF,Yes,
KD-037-R1,Immunization,No,,,
KD-037-R1,Nutrition,Yes,MTWTF,No,Lack of transportation or logistics support
KD-037-R1,Antenatal Care,Yes,Specific days,Yes,
KD-037-R1,Postnatal Care,Yes,MTWTF,Yes,
KD-037-R1,IMCI,No,,,
KD-037-R1,Malaria,Yes,MTWTF,No,Weather or environmental conditions
KD-037-R1,Labour and Delivery,Yes,Specific days,Yes,
KD-037-R1,Family Planning,Yes,Specific days,Yes,
KD-037-R2,Immunization,No,,,
KD-037-R2,Nutrition,Yes,Specific days,Yes,
KD-037-R2,Antenatal Care,Yes,MTWTF,Yes,
KD-037-R2,Postnatal Care,Yes,On needs basis,Yes,
KD-037-R2,IMCI,No,,,
KD-037-R2,Malaria,Yes,On needs basis,Yes,
KD-037-R2,Labour and Delivery,Yes,MTWTF,Yes,
KD-037-R2,Family Planning,Yes,Specific days,Yes,
KD-037-R3,Immunization,No,,,
KD-037-R3,Nutrition,Yes,MTWTFSS,Yes,
KD-037-R3,Antenatal Care,Yes,On needs basis,No,"Staff unavailable (leave, redeployment, strike)"
KD-037-R3,Postnatal Care,Yes,Specific days,Yes,
KD-037-R3,IMCI,No,,,
KD-037-R3,Malaria,Yes,MTWTF,Yes,
KD-037-R3,Labour and Delivery,Yes,Specific days,No,"Facility closed (holiday, strike, renovation)"
KD-037-R3,Family Planning,Yes,MTWTFSS,No,"Attending training, meeting, or other official assignment"
KD-037-R4,Immunization,No,,,
KD-037-R4,Nutrition,Yes,Specific days,No,"Facility closed (holiday, strike, renovation)"
KD-037-R4,Antenatal Care,Yes,MTWTF,Yes,
KD-037-R4,Postnatal Care,Yes,MTWTF,Yes,
KD-037-R4,IMCI,No,,,
KD-037-R4,Malaria,Yes,Specific days,No,"Staff unavailable (leave, redeployment, strike)"
KD-037-R4,Labour and Delivery,Yes,Specific days,Yes,
KD-037-R4,Family Planning,Yes,Specific days,Yes,
KD-037-R5,Immunization,No,,,
KD-037-R5,Nutrition,Yes,Specific days,No,"Staff unavailable (leave, redeployment, strike)"
KD-037-R5,Antenatal Care,Yes,MTWTF,Yes,
KD-037-R5,Postnatal Care,Yes,Specific days,Yes,
KD-037-R5,IMCI,No,,,
KD-037-R5,Malaria,Yes,MTWTFSS,Yes,
KD-037-R5,Labour and Delivery,Yes,MTWTFSS,Yes,
KD-037-R5,Family Planning,Yes,MTWTFSS,Yes,
KD-037-R6,Immunization,No,,,
KD-037-R6,Nutrition,Yes,Specific days,Yes,
KD-037-R6,Antenatal Care,Yes,MTWTF,Yes,
KD-037-R6,Postnatal Care,Yes,MTWTF,Yes,
KD-037-R6,IMCI,No,,,
KD-037-R6,Malaria,Yes,On needs basis,Yes,
KD-037-R6,Labour and Delivery,Yes,MTWTFSS,Yes,
KD-037-R6,Family Planning,Yes,On needs basis,Yes,
KD-038-R1,Immunization,Yes,Specific days,Yes,
KD-038-R1,Nutrition,Yes,Specific days,Yes,
KD-038-R1,Antenatal Care,Yes,MTWTF,Yes,
KD-038-R1,Postnatal Care,Yes,Specific days,Yes,
KD-038-R1,IMCI,No,,,
KD-038-R1,Malaria,Yes,Specific days,Yes,
KD-038-R1,Labour and Delivery,Yes,Specific days,No,Weather or environmental conditions
KD-038-R1,Family Planning,Yes,MTWTF,Yes,
KD-038-R2,Immunization,Yes,Specific days,Yes,
KD-038-R2,Nutrition,Yes,Specific days,Yes,
KD-038-R2,Antenatal Care,Yes,On needs basis,Yes,
KD-038-R2,Postnatal Care,Yes,Specific days,Yes,
KD-038-R2,IMCI,No,,,
KD-038-R2,Malaria,Yes,On needs basis,Yes,
KD-038-R2,Labour and Delivery,Yes,Specific days,Yes,
KD-038-R2,Family Planning,Yes,MTWTF,Yes,
KD-038-R3,Immunization,Yes,MTWTF,Yes,
KD-038-R3,Nutrition,Yes,Specific days,Yes,
KD-038-R3,Antenatal Care,Yes,MTWTF,Yes,
KD-038-R3,Postnatal Care,Yes,Specific days,Yes,
KD-038-R3,IMCI,No,,,
KD-038-R3,Malaria,Yes,MTWTF,Yes,
KD-038-R3,Labour and Delivery,Yes,MTWTF,Yes,
KD-038-R3,Family Planning,Yes,On needs basis,Yes,
KD-038-R4,Immunization,Yes,MTWTF,Yes,
KD-038-R4,Nutrition,Yes,Specific days,No,"Facility closed (holiday, strike, renovation)"
KD-038-R4,Antenatal Care,Yes,On needs basis,No,"Staff unavailable (leave, redeployment, strike)"
KD-038-R4,Postnatal Care,Yes,On needs basis,Yes,
KD-038-R4,IMCI,No,,,
KD-038-R4,Malaria,Yes,MTWTF,No,Low community turnout / community resistance
KD-038-R4,Labour and Delivery,Yes,Specific days,Yes,
KD-038-R4,Family Planning,Yes,MTWTF,No,"Staff unavailable (leave, redeployment, strike)"
KD-038-R5,Immunization,Yes,Specific days,No,"Staff unavailable (leave, redeployment, strike)"
KD-038-R5,Nutrition,Yes,Specific days,Yes,
KD-038-R5,Antenatal Care,Yes,Specific days,No,"Facility closed (holiday, strike, renovation)"
KD-038-R5,Postnatal Care,Yes,Specific days,Yes,
KD-038-R5,IMCI,No,,,
KD-038-R5,Malaria,Yes,MTWTF,Yes,
KD-038-R5,Labour and Delivery,Yes,Specific days,No,"Staff unavailable (leave, redeployment, strike)"
KD-038-R5,Family Planning,Yes,On needs basis,Yes,
KD-038-R6,Immunization,Yes,Specific days,No,"Facility closed (holiday, strike, renovation)"
KD-038-R6,Nutrition,Yes,MTWTF,Yes,
KD-038-R6,Antenatal Care,Yes,MTWTF,Yes,
KD-038-R6,Postnatal Care,Yes,MTWTFSS,Yes,
KD-038-R6,IMCI,No,,,
KD-038-R6,Malaria,Yes,Specific days,Yes,
KD-038-R6,Labour and Delivery,Yes,MTWTF,No,"Staff unavailable (leave, redeployment, strike)"
KD-038-R6,Family Planning,Yes,On needs basis,Yes,
KD-039-R1,Immunization,Yes,Specific days,Yes,
KD-039-R1,Nutrition,Yes,Specific days,No,Lack of transportation or logistics support
KD-039-R1,Antenatal Care,Yes,MTWTF,Yes,
KD-039-R1,Postnatal Care,Yes,MTWTFSS,Yes,
KD-039-R1,IMCI,Yes,MTWTFSS,Yes,
KD-039-R1,Malaria,Yes,Specific days,Yes,
KD-039-R1,Labour and Delivery,No,,,
KD-039-R1,Family Planning,Yes,MTWTF,Yes,
KD-039-R2,Immunization,Yes,Specific days,Yes,
KD-039-R2,Nutrition,Yes,MTWTF,Yes,
KD-039-R2,Antenatal Care,Yes,MTWTF,Yes,
KD-039-R2,Postnatal Care,Yes,MTWTF,Yes,
KD-039-R2,IMCI,Yes,MTWTF,No,"Staff unavailable (leave, redeployment, strike)"
KD-039-R2,Malaria,Yes,MTWTF,Yes,
KD-039-R2,Labour and Delivery,No,,,
KD-039-R2,Family Planning,Yes,MTWTFSS,No,Weather or environmental conditions
KD-039-R3,Immunization,Yes,MTWTF,Yes,
KD-039-R3,Nutrition,Yes,MTWTF,Yes,
KD-039-R3,Antenatal Care,Yes,MTWTF,Yes,
KD-039-R3,Postnatal Care,Yes,Specific days,Yes,
KD-039-R3,IMCI,Yes,Specific days,Yes,
KD-039-R3,Malaria,Yes,MTWTF,No,"Facility closed (holiday, strike, renovation)"
KD-039-R3,Labour and Delivery,No,,,
KD-039-R3,Family Planning,Yes,Specific days,No,Other
KD-039-R4,Immunization,Yes,MTWTF,No,"Staff unavailable (leave, redeployment, strike)"
KD-039-R4,Nutrition,Yes,MTWTF,Yes,
KD-039-R4,Antenatal Care,Yes,MTWTF,No,Low community turnout / community resistance
KD-039-R4,Postnatal Care,Yes,MTWTF,Yes,
KD-039-R4,IMCI,Yes,Specific days,No,"Staff unavailable (leave, redeployment, strike)"
KD-039-R4,Malaria,Yes,MTWTF,Yes,
KD-039-R4,Labour and Delivery,No,,,
KD-039-R4,Family Planning,Yes,Specific days,Yes,
KD-039-R5,Immunization,Yes,MTWTFSS,Yes,
KD-039-R5,Nutrition,Yes,MTWTFSS,Yes,
KD-039-R5,Antenatal Care,Yes,MTWTF,Yes,
KD-039-R5,Postnatal Care,Yes,MTWTFSS,Yes,
KD-039-R5,IMCI,Yes,MTWTF,Yes,
KD-039-R5,Malaria,Yes,Specific days,Yes,
KD-039-R5,Labour and Delivery,No,,,
KD-039-R5,Family Planning,Yes,MTWTF,Yes,
KD-039-R6,Immunization,Yes,On needs basis,Yes,
KD-039-R6,Nutrition,Yes,MTWTFSS,Yes,
KD-039-R6,Antenatal Care,Yes,Specific days,Yes,
KD-039-R6,Postnatal Care,Yes,MTWTFSS,No,"Staff unavailable (leave, redeployment, strike)"
KD-039-R6,IMCI,Yes,MTWTF,Yes,
KD-039-R6,Malaria,Yes,Specific days,Yes,
KD-039-R6,Labour and Delivery,No,,,
KD-039-R6,Family Planning,Yes,Specific days,Yes,
KD-040-R1,Immunization,No,,,
KD-040-R1,Nutrition,Yes,MTWTF,No,"Staff unavailable (leave, redeployment, strike)"
KD-040-R1,Antenatal Care,Yes,MTWTF,Yes,
KD-040-R1,Postnatal Care,No,,,
KD-040-R1,IMCI,Yes,MTWTFSS,No,"Facility closed (holiday, strike, renovation)"
KD-040-R1,Malaria,Yes,Specific days,Yes,
KD-040-R1,Labour and Delivery,No,,,
KD-040-R1,Family Planning,Yes,MTWTFSS,Yes,
KD-040-R2,Immunization,No,,,
KD-040-R2,Nutrition,Yes,Specific days,Yes,
KD-040-R2,Antenatal Care,Yes,MTWTFSS,Yes,
KD-040-R2,Postnatal Care,No,,,
KD-040-R2,IMCI,Yes,MTWTFSS,No,"Staff unavailable (leave, redeployment, strike)"
KD-040-R2,Malaria,Yes,MTWTFSS,No,"Security concerns (insecurity, movement restrictions)"
KD-040-R2,Labour and Delivery,No,,,
KD-040-R2,Family Planning,Yes,Specific days,Yes,
KD-040-R3,Immunization,No,,,
KD-040-R3,Nutrition,Yes,MTWTF,No,"Facility closed (holiday, strike, renovation)"
KD-040-R3,Antenatal Care,Yes,Specific days,Yes,
KD-040-R3,Postnatal Care,No,,,
KD-040-R3,IMCI,Yes,Specific days,Yes,
KD-040-R3,Malaria,Yes,MTWTF,Yes,
KD-040-R3,Labour and Delivery,No,,,
KD-040-R3,Family Planning,Yes,MTWTF,No,"Staff unavailable (leave, redeployment, strike)"
KD-040-R4,Immunization,No,,,
KD-040-R4,Nutrition,Yes,Specific days,Yes,
KD-040-R4,Antenatal Care,Yes,MTWTFSS,Yes,
KD-040-R4,Postnatal Care,No,,,
KD-040-R4,IMCI,Yes,Specific days,Yes,
KD-040-R4,Malaria,Yes,MTWTF,Yes,
KD-040-R4,Labour and Delivery,No,,,
KD-040-R4,Family Planning,Yes,Specific days,Yes,
KD-040-R5,Immunization,No,,,
KD-040-R5,Nutrition,Yes,MTWTF,Yes,
KD-040-R5,Antenatal Care,Yes,Specific days,Yes,
KD-040-R5,Postnatal Care,No,,,
KD-040-R5,IMCI,Yes,Specific days,Yes,
KD-040-R5,Malaria,Yes,MTWTF,Yes,
KD-040-R5,Labour and Delivery,No,,,
KD-040-R5,Family Planning,Yes,MTWTF,Yes,
KD-040-R6,Immunization,No,,,
KD-040-R6,Nutrition,Yes,Specific days,Yes,
KD-040-R6,Antenatal Care,Yes,Specific days,Yes,
KD-040-R6,Postnatal Care,No,,,
KD-040-R6,IMCI,Yes,MTWTF,Yes,
KD-040-R6,Malaria,Yes,Specific days,Yes,
KD-040-R6,Labour and Delivery,No,,,
KD-040-R6,Family Planning,Yes,MTWTFSS,Yes,
KD-041-R1,Immunization,Yes,Specific days,Yes,
KD-041-R1,Nutrition,Yes,MTWTF,Yes,
KD-041-R1,Antenatal Care,Yes,Specific days,Yes,
KD-041-R1,Postnatal Care,Yes,On needs basis,Yes,
KD-041-R1,IMCI,Yes,Specific days,Yes,
KD-041-R1,Malaria,Yes,Specific days,Yes,
KD-041-R1,Labour and Delivery,Yes,MTWTF,Yes,
KD-041-R1,Family Planning,Yes,MTWTF,Yes,
KD-041-R2,Immunization,Yes,Specific days,Yes,
KD-041-R2,Nutrition,Yes,MTWTF,Yes,
KD-041-R2,Antenatal Care,Yes,On needs basis,Yes,
KD-041-R2,Postnatal Care,Yes,Specific days,Yes,
KD-041-R2,IMCI,Yes,MTWTF,No,"Attending training, meeting, or other official assignment"
KD-041-R2,Malaria,Yes,MTWTF,Yes,
KD-041-R2,Labour and Delivery,Yes,On needs basis,Yes,
KD-041-R2,Family Planning,Yes,MTWTF,Yes,
KD-041-R3,Immunization,Yes,Specific days,Yes,
KD-041-R3,Nutrition,Yes,Specific days,No,"Staff unavailable (leave, redeployment, strike)"
KD-041-R3,Antenatal Care,Yes,MTWTFSS,Yes,
KD-041-R3,Postnatal Care,Yes,MTWTF,No,Low community turnout / community resistance
KD-041-R3,IMCI,Yes,Specific days,Yes,
KD-041-R3,Malaria,Yes,MTWTF,Yes,
KD-041-R3,Labour and Delivery,Yes,Specific days,Yes,
KD-041-R3,Family Planning,Yes,MTWTF,Yes,
KD-041-R4,Immunization,Yes,On needs basis,Yes,
KD-041-R4,Nutrition,Yes,MTWTF,Yes,
KD-041-R4,Antenatal Care,Yes,Specific days,Yes,
KD-041-R4,Postnatal Care,Yes,MTWTF,Yes,
KD-041-R4,IMCI,Yes,Specific days,Yes,
KD-041-R4,Malaria,Yes,MTWTF,No,"Facility closed (holiday, strike, renovation)"
KD-041-R4,Labour and Delivery,Yes,Specific days,No,"Staff unavailable (leave, redeployment, strike)"
KD-041-R4,Family Planning,Yes,On needs basis,Yes,
KD-041-R5,Immunization,Yes,MTWTF,Yes,
KD-041-R5,Nutrition,Yes,MTWTF,Yes,
KD-041-R5,Antenatal Care,Yes,Specific days,Yes,
KD-041-R5,Postnatal Care,Yes,On needs basis,Yes,
KD-041-R5,IMCI,Yes,MTWTF,Yes,
KD-041-R5,Malaria,Yes,Specific days,Yes,
KD-041-R5,Labour and Delivery,Yes,MTWTF,Yes,
KD-041-R5,Family Planning,Yes,MTWTF,Yes,
KD-041-R6,Immunization,Yes,MTWTF,Yes,
KD-041-R6,Nutrition,Yes,MTWTFSS,Yes,
KD-041-R6,Antenatal Care,Yes,On needs basis,Yes,
KD-041-R6,Postnatal Care,Yes,MTWTF,No,"Attending training, meeting, or other official assignment"
KD-041-R6,IMCI,Yes,On needs basis,Yes,
KD-041-R6,Malaria,Yes,Specific days,Yes,
KD-041-R6,Labour and Delivery,Yes,On needs basis,No,"Staff unavailable (leave, redeployment, strike)"
KD-041-R6,Family Planning,Yes,Specific days,Yes,
KD-042-R1,Immunization,No,,,
KD-042-R1,Nutrition,Yes,MTWTF,No,"Attending training, meeting, or other official assignment"
KD-042-R1,Antenatal Care,Yes,MTWTF,Yes,
KD-042-R1,Postnatal Care,Yes,MTWTF,Yes,
KD-042-R1,IMCI,Yes,Specific days,Yes,
KD-042-R1,Malaria,Yes,On needs basis,No,"Staff unavailable (leave, redeployment, strike)"
KD-042-R1,Labour and Delivery,No,,,
KD-042-R1,Family Planning,Yes,MTWTF,Yes,
KD-042-R2,Immunization,No,,,
KD-042-R2,Nutrition,Yes,Specific days,Yes,
KD-042-R2,Antenatal Care,Yes,On needs basis,No,Weather or environmental conditions
KD-042-R2,Postnatal Care,Yes,Specific days,No,"Facility closed (holiday, strike, renovation)"
KD-042-R2,IMCI,Yes,MTWTF,Yes,
KD-042-R2,Malaria,Yes,MTWTFSS,Yes,
KD-042-R2,Labour and Delivery,No,,,
KD-042-R2,Family Planning,Yes,Specific days,Yes,
KD-042-R3,Immunization,No,,,
KD-042-R3,Nutrition,Yes,MTWTF,Yes,
KD-042-R3,Antenatal Care,Yes,On needs basis,Yes,
KD-042-R3,Postnatal Care,Yes,Specific days,Yes,
KD-042-R3,IMCI,Yes,Specific days,Yes,
KD-042-R3,Malaria,Yes,MTWTF,Yes,
KD-042-R3,Labour and Delivery,No,,,
KD-042-R3,Family Planning,Yes,On needs basis,Yes,
KD-042-R4,Immunization,No,,,
KD-042-R4,Nutrition,Yes,MTWTFSS,Yes,
KD-042-R4,Antenatal Care,Yes,MTWTF,No,"Facility closed (holiday, strike, renovation)"
KD-042-R4,Postnatal Care,Yes,Specific days,Yes,
KD-042-R4,IMCI,Yes,Specific days,No,Weather or environmental conditions
KD-042-R4,Malaria,Yes,On needs basis,No,Weather or environmental conditions
KD-042-R4,Labour and Delivery,No,,,
KD-042-R4,Family Planning,Yes,MTWTFSS,Yes,
KD-042-R5,Immunization,No,,,
KD-042-R5,Nutrition,Yes,On needs basis,Yes,
KD-042-R5,Antenatal Care,Yes,Specific days,Yes,
KD-042-R5,Postnatal Care,Yes,Specific days,Yes,
KD-042-R5,IMCI,Yes,MTWTF,No,"Attending training, meeting, or other official assignment"
KD-042-R5,Malaria,Yes,MTWTF,No,"Security concerns (insecurity, movement restrictions)"
KD-042-R5,Labour and Delivery,No,,,
KD-042-R5,Family Planning,Yes,MTWTF,No,"Staff unavailable (leave, redeployment, strike)"
KD-042-R6,Immunization,No,,,
KD-042-R6,Nutrition,Yes,MTWTF,No,"Staff unavailable (leave, redeployment, strike)"
KD-042-R6,Antenatal Care,Yes,MTWTF,Yes,
KD-042-R6,Postnatal Care,Yes,On needs basis,Yes,
KD-042-R6,IMCI,Yes,On needs basis,Yes,
KD-042-R6,Malaria,Yes,MTWTF,Yes,
KD-042-R6,Labour and Delivery,No,,,
KD-042-R6,Family Planning,Yes,Specific days,Yes,
KD-043-R1,Immunization,Yes,MTWTFSS,Yes,
KD-043-R1,Nutrition,No,,,
KD-043-R1,Antenatal Care,Yes,Specific days,Yes,
KD-043-R1,Postnatal Care,Yes,On needs basis,Yes,
KD-043-R1,IMCI,Yes,Specific days,No,"Staff unavailable (leave, redeployment, strike)"
KD-043-R1,Malaria,Yes,On needs basis,Yes,
KD-043-R1,Labour and Delivery,No,,,
KD-043-R1,Family Planning,No,,,
KD-043-R2,Immunization,Yes,Specific days,Yes,
KD-043-R2,Nutrition,No,,,
KD-043-R2,Antenatal Care,Yes,Specific days,Yes,
KD-043-R2,Postnatal Care,Yes,MTWTF,Yes,
KD-043-R2,IMCI,Yes,MTWTF,Yes,
KD-043-R2,Malaria,Yes,MTWTF,Yes,
KD-043-R2,Labour and Delivery,No,,,
KD-043-R2,Family Planning,No,,,
KD-043-R3,Immunization,Yes,Specific days,No,"Security concerns (insecurity, movement restrictions)"
KD-043-R3,Nutrition,No,,,
KD-043-R3,Antenatal Care,Yes,MTWTF,No,"Attending training, meeting, or other official assignment"
KD-043-R3,Postnatal Care,Yes,Specific days,Yes,
KD-043-R3,IMCI,Yes,On needs basis,Yes,
KD-043-R3,Malaria,Yes,Specific days,Yes,
KD-043-R3,Labour and Delivery,No,,,
KD-043-R3,Family Planning,No,,,
KD-043-R4,Immunization,Yes,Specific days,Yes,
KD-043-R4,Nutrition,No,,,
KD-043-R4,Antenatal Care,Yes,Specific days,Yes,
KD-043-R4,Postnatal Care,Yes,MTWTF,Yes,
KD-043-R4,IMCI,Yes,Specific days,Yes,
KD-043-R4,Malaria,Yes,MTWTF,Yes,
KD-043-R4,Labour and Delivery,No,,,
KD-043-R4,Family Planning,No,,,
KD-043-R5,Immunization,Yes,Specific days,No,Vaccine stock-out
KD-043-R5,Nutrition,No,,,
KD-043-R5,Antenatal Care,Yes,Specific days,No,Weather or environmental conditions
KD-043-R5,Postnatal Care,Yes,On needs basis,Yes,
KD-043-R5,IMCI,Yes,MTWTF,Yes,
KD-043-R5,Malaria,Yes,MTWTFSS,Yes,
KD-043-R5,Labour and Delivery,No,,,
KD-043-R5,Family Planning,No,,,
KD-043-R6,Immunization,Yes,Specific days,Yes,
KD-043-R6,Nutrition,No,,,
KD-043-R6,Antenatal Care,Yes,On needs basis,Yes,
KD-043-R6,Postnatal Care,Yes,Specific days,Yes,
KD-043-R6,IMCI,Yes,Specific days,Yes,
KD-043-R6,Malaria,Yes,On needs basis,Yes,
KD-043-R6,Labour and Delivery,No,,,
KD-043-R6,Family Planning,No,,,
KD-044-R1,Immunization,Yes,Specific days,Yes,
KD-044-R1,Nutrition,Yes,Specific days,Yes,
KD-044-R1,Antenatal Care,No,,,
KD-044-R1,Postnatal Care,Yes,MTWTF,Yes,
KD-044-R1,IMCI,Yes,Specific days,Yes,
KD-044-R1,Malaria,Yes,MTWTF,Yes,
KD-044-R1,Labour and Delivery,Yes,MTWTF,Yes,
KD-044-R1,Family Planning,Yes,MTWTF,Yes,
KD-044-R2,Immunization,Yes,MTWTF,Yes,
KD-044-R2,Nutrition,Yes,Specific days,Yes,
KD-044-R2,Antenatal Care,No,,,
KD-044-R2,Postnatal Care,Yes,MTWTF,Yes,
KD-044-R2,IMCI,Yes,Specific days,Yes,
KD-044-R2,Malaria,Yes,MTWTFSS,Yes,
KD-044-R2,Labour and Delivery,Yes,MTWTFSS,Yes,
KD-044-R2,Family Planning,Yes,Specific days,Yes,
KD-044-R3,Immunization,Yes,MTWTF,Yes,
KD-044-R3,Nutrition,Yes,Specific days,Yes,
KD-044-R3,Antenatal Care,No,,,
KD-044-R3,Postnatal Care,Yes,MTWTF,Yes,
KD-044-R3,IMCI,Yes,Specific days,No,Vaccine stock-out
KD-044-R3,Malaria,Yes,MTWTF,Yes,
KD-044-R3,Labour and Delivery,Yes,On needs basis,Yes,
KD-044-R3,Family Planning,Yes,MTWTFSS,No,Lack of transportation or logistics support
KD-044-R4,Immunization,Yes,On needs basis,Yes,
KD-044-R4,Nutrition,Yes,Specific days,Yes,
KD-044-R4,Antenatal Care,No,,,
KD-044-R4,Postnatal Care,Yes,Specific days,Yes,
KD-044-R4,IMCI,Yes,Specific days,Yes,
KD-044-R4,Malaria,Yes,MTWTF,Yes,
KD-044-R4,Labour and Delivery,Yes,MTWTFSS,Yes,
KD-044-R4,Family Planning,Yes,MTWTFSS,Yes,
KD-044-R5,Immunization,Yes,MTWTF,No,Vaccine stock-out
KD-044-R5,Nutrition,Yes,MTWTF,Yes,
KD-044-R5,Antenatal Care,No,,,
KD-044-R5,Postnatal Care,Yes,MTWTFSS,No,Low community turnout / community resistance
KD-044-R5,IMCI,Yes,MTWTF,Yes,
KD-044-R5,Malaria,Yes,Specific days,Yes,
KD-044-R5,Labour and Delivery,Yes,Specific days,No,"Staff unavailable (leave, redeployment, strike)"
KD-044-R5,Family Planning,Yes,MTWTFSS,Yes,
KD-044-R6,Immunization,Yes,Specific days,Yes,
KD-044-R6,Nutrition,Yes,MTWTF,Yes,
KD-044-R6,Antenatal Care,No,,,
KD-044-R6,Postnatal Care,Yes,MTWTFSS,Yes,
KD-044-R6,IMCI,Yes,Specific days,Yes,
KD-044-R6,Malaria,Yes,MTWTFSS,Yes,
KD-044-R6,Labour and Delivery,Yes,MTWTFSS,Yes,
KD-044-R6,Family Planning,Yes,MTWTF,Yes,
KD-045-R1,Immunization,Yes,Specific days,No,"Facility closed (holiday, strike, renovation)"
KD-045-R1,Nutrition,No,,,
KD-045-R1,Antenatal Care,Yes,Specific days,Yes,
KD-045-R1,Postnatal Care,Yes,Specific days,Yes,
KD-045-R1,IMCI,Yes,MTWTF,Yes,
KD-045-R1,Malaria,Yes,MTWTF,Yes,
KD-045-R1,Labour and Delivery,No,,,
KD-045-R1,Family Planning,Yes,Specific days,No,Other
KD-045-R2,Immunization,Yes,Specific days,Yes,
KD-045-R2,Nutrition,No,,,
KD-045-R2,Antenatal Care,Yes,On needs basis,Yes,
KD-045-R2,Postnatal Care,Yes,MTWTF,Yes,
KD-045-R2,IMCI,Yes,Specific days,Yes,
KD-045-R2,Malaria,Yes,MTWTF,Yes,
KD-045-R2,Labour and Delivery,No,,,
KD-045-R2,Family Planning,Yes,Specific days,No,Vaccine stock-out
KD-045-R3,Immunization,Yes,Specific days,Yes,
KD-045-R3,Nutrition,No,,,
KD-045-R3,Antenatal Care,Yes,MTWTF,Yes,
KD-045-R3,Postnatal Care,Yes,MTWTF,Yes,
KD-045-R3,IMCI,Yes,MTWTF,No,"Staff unavailable (leave, redeployment, strike)"
KD-045-R3,Malaria,Yes,MTWTF,Yes,
KD-045-R3,Labour and Delivery,No,,,
KD-045-R3,Family Planning,Yes,MTWTF,Yes,
KD-045-R4,Immunization,Yes,MTWTF,Yes,
KD-045-R4,Nutrition,No,,,
KD-045-R4,Antenatal Care,Yes,Specific days,No,Low community turnout / community resistance
KD-045-R4,Postnatal Care,Yes,MTWTF,No,Low community turnout / community resistance
KD-045-R4,IMCI,Yes,MTWTF,Yes,
KD-045-R4,Malaria,Yes,Specific days,Yes,
KD-045-R4,Labour and Delivery,No,,,
KD-045-R4,Family Planning,Yes,Specific days,Yes,
KD-045-R5,Immunization,Yes,On needs basis,Yes,
KD-045-R5,Nutrition,No,,,
KD-045-R5,Antenatal Care,Yes,MTWTFSS,Yes,
KD-045-R5,Postnatal Care,Yes,Specific days,Yes,
KD-045-R5,IMCI,Yes,On needs basis,Yes,
KD-045-R5,Malaria,Yes,Specific days,Yes,
KD-045-R5,Labour and Delivery,No,,,
KD-045-R5,Family Planning,Yes,Specific days,Yes,
KD-045-R6,Immunization,Yes,Specific days,No,"Staff unavailable (leave, redeployment, strike)"
KD-045-R6,Nutrition,No,,,
KD-045-R6,Antenatal Care,Yes,Specific days,Yes,
KD-045-R6,Postnatal Care,Yes,On needs basis,No,"Staff unavailable (leave, redeployment, strike)"
KD-045-R6,IMCI,Yes,Specific days,No,Lack of transportation or logistics support
KD-045-R6,Malaria,Yes,Specific days,Yes,
KD-045-R6,Labour and Delivery,No,,,
KD-045-R6,Family Planning,Yes,Specific days,Yes,
KD-046-R1,Immunization,No,,,
KD-046-R1,Nutrition,Yes,MTWTF,Yes,
KD-046-R1,Antenatal Care,Yes,Specific days,Yes,
KD-046-R1,Postnatal Care,Yes,MTWTF,Yes,
KD-046-R1,IMCI,Yes,On needs basis,Yes,
KD-046-R1,Malaria,Yes,Specific days,Yes,
KD-046-R1,Labour and Delivery,Yes,MTWTF,Yes,
KD-046-R1,Family Planning,Yes,On needs basis,Yes,
KD-046-R2,Immunization,No,,,
KD-046-R2,Nutrition,Yes,Specific days,Yes,
KD-046-R2,Antenatal Care,Yes,MTWTFSS,Yes,
KD-046-R2,Postnatal Care,Yes,MTWTF,Yes,
KD-046-R2,IMCI,Yes,Specific days,Yes,
KD-046-R2,Malaria,Yes,MTWTF,No,"Staff unavailable (leave, redeployment, strike)"
KD-046-R2,Labour and Delivery,Yes,Specific days,Yes,
KD-046-R2,Family Planning,Yes,MTWTF,No,Low community turnout / community resistance
KD-046-R3,Immunization,No,,,
KD-046-R3,Nutrition,Yes,MTWTF,Yes,
KD-046-R3,Antenatal Care,Yes,Specific days,Yes,
KD-046-R3,Postnatal Care,Yes,MTWTF,Yes,
KD-046-R3,IMCI,Yes,On needs basis,Yes,
KD-046-R3,Malaria,Yes,Specific days,Yes,
KD-046-R3,Labour and Delivery,Yes,MTWTFSS,Yes,
KD-046-R3,Family Planning,Yes,Specific days,Yes,
KD-046-R4,Immunization,No,,,
KD-046-R4,Nutrition,Yes,Specific days,Yes,
KD-046-R4,Antenatal Care,Yes,MTWTFSS,Yes,
KD-046-R4,Postnatal Care,Yes,MTWTF,No,"Facility closed (holiday, strike, renovation)"
KD-046-R4,IMCI,Yes,Specific days,Yes,
KD-046-R4,Malaria,Yes,Specific days,Yes,
KD-046-R4,Labour and Delivery,Yes,MTWTF,Yes,
KD-046-R4,Family Planning,Yes,On needs basis,Yes,
KD-046-R5,Immunization,No,,,
KD-046-R5,Nutrition,Yes,Specific days,Yes,
KD-046-R5,Antenatal Care,Yes,Specific days,Yes,
KD-046-R5,Postnatal Care,Yes,Specific days,Yes,
KD-046-R5,IMCI,Yes,On needs basis,Yes,
KD-046-R5,Malaria,Yes,On needs basis,Yes,
KD-046-R5,Labour and Delivery,Yes,Specific days,Yes,
KD-046-R5,Family Planning,Yes,MTWTFSS,Yes,
KD-046-R6,Immunization,No,,,
KD-046-R6,Nutrition,Yes,Specific days,Yes,
KD-046-R6,Antenatal Care,Yes,Specific days,Yes,
KD-046-R6,Postnatal Care,Yes,MTWTF,No,"Staff unavailable (leave, redeployment, strike)"
KD-046-R6,IMCI,Yes,Specific days,Yes,
KD-046-R6,Malaria,Yes,MTWTF,Yes,
KD-046-R6,Labour and Delivery,Yes,On needs basis,No,"Staff unavailable (leave, redeployment, strike)"
KD-046-R6,Family Planning,Yes,MTWTF,Yes,
KD-047-R1,Immunization,Yes,Specific days,Yes,
KD-047-R1,Nutrition,Yes,MTWTF,Yes,
KD-047-R1,Antenatal Care,Yes,On needs basis,Yes,
KD-047-R1,Postnatal Care,Yes,MTWTFSS,No,Low community turnout / community resistance
KD-047-R1,IMCI,No,,,
KD-047-R1,Malaria,Yes,MTWTF,Yes,
KD-047-R1,Labour and Delivery,No,,,
KD-047-R1,Family Planning,Yes,Specific days,No,Lack of transportation or logistics support
KD-047-R2,Immunization,Yes,MTWTF,Yes,
KD-047-R2,Nutrition,Yes,MTWTF,Yes,
KD-047-R2,Antenatal Care,Yes,Specific days,Yes,
KD-047-R2,Postnatal Care,Yes,MTWTF,Yes,
KD-047-R2,IMCI,No,,,
KD-047-R2,Malaria,Yes,MTWTF,Yes,
KD-047-R2,Labour and Delivery,No,,,
KD-047-R2,Family Planning,Yes,Specific days,No,"Facility closed (holiday, strike, renovation)"
KD-047-R3,Immunization,Yes,MTWTFSS,Yes,
KD-047-R3,Nutrition,Yes,MTWTFSS,Yes,
KD-047-R3,Antenatal Care,Yes,Specific days,Yes,
KD-047-R3,Postnatal Care,Yes,MTWTFSS,Yes,
KD-047-R3,IMCI,No,,,
KD-047-R3,Malaria,Yes,Specific days,Yes,
KD-047-R3,Labour and Delivery,No,,,
KD-047-R3,Family Planning,Yes,MTWTF,Yes,
KD-047-R4,Immunization,Yes,Specific days,No,Vaccine stock-out
KD-047-R4,Nutrition,Yes,Specific days,Yes,
KD-047-R4,Antenatal Care,Yes,Specific days,Yes,
KD-047-R4,Postnatal Care,Yes,MTWTFSS,Yes,
KD-047-R4,IMCI,No,,,
KD-047-R4,Malaria,Yes,MTWTF,Yes,
KD-047-R4,Labour and Delivery,No,,,
KD-047-R4,Family Planning,Yes,MTWTF,Yes,
KD-047-R5,Immunization,Yes,Specific days,Yes,
KD-047-R5,Nutrition,Yes,MTWTFSS,No,"Facility closed (holiday, strike, renovation)"
KD-047-R5,Antenatal Care,Yes,MTWTFSS,Yes,
KD-047-R5,Postnatal Care,Yes,MTWTFSS,Yes,
KD-047-R5,IMCI,No,,,
KD-047-R5,Malaria,Yes,MTWTFSS,Yes,
KD-047-R5,Labour and Delivery,No,,,
KD-047-R5,Family Planning,Yes,MTWTFSS,No,Cold chain equipment failure
KD-047-R6,Immunization,Yes,MTWTFSS,Yes,
KD-047-R6,Nutrition,Yes,On needs basis,No,"Staff unavailable (leave, redeployment, strike)"
KD-047-R6,Antenatal Care,Yes,MTWTFSS,Yes,
KD-047-R6,Postnatal Care,Yes,On needs basis,Yes,
KD-047-R6,IMCI,No,,,
KD-047-R6,Malaria,Yes,MTWTF,No,Lack of transportation or logistics support
KD-047-R6,Labour and Delivery,No,,,
KD-047-R6,Family Planning,Yes,Specific days,Yes,
KD-048-R1,Immunization,Yes,MTWTF,Yes,
KD-048-R1,Nutrition,Yes,MTWTF,Yes,
KD-048-R1,Antenatal Care,Yes,MTWTF,Yes,
KD-048-R1,Postnatal Care,Yes,MTWTF,No,"Attending training, meeting, or other official assignment"
KD-048-R1,IMCI,Yes,On needs basis,Yes,
KD-048-R1,Malaria,Yes,MTWTF,Yes,
KD-048-R1,Labour and Delivery,No,,,
KD-048-R1,Family Planning,Yes,MTWTF,Yes,
KD-048-R2,Immunization,Yes,MTWTF,No,Cold chain equipment failure
KD-048-R2,Nutrition,Yes,Specific days,Yes,
KD-048-R2,Antenatal Care,Yes,Specific days,Yes,
KD-048-R2,Postnatal Care,Yes,Specific days,Yes,
KD-048-R2,IMCI,Yes,On needs basis,Yes,
KD-048-R2,Malaria,Yes,Specific days,Yes,
KD-048-R2,Labour and Delivery,No,,,
KD-048-R2,Family Planning,Yes,On needs basis,No,Low community turnout / community resistance
KD-048-R3,Immunization,Yes,Specific days,Yes,
KD-048-R3,Nutrition,Yes,On needs basis,No,"Staff unavailable (leave, redeployment, strike)"
KD-048-R3,Antenatal Care,Yes,Specific days,Yes,
KD-048-R3,Postnatal Care,Yes,Specific days,Yes,
KD-048-R3,IMCI,Yes,MTWTF,Yes,
KD-048-R3,Malaria,Yes,On needs basis,Yes,
KD-048-R3,Labour and Delivery,No,,,
KD-048-R3,Family Planning,Yes,On needs basis,No,"Staff unavailable (leave, redeployment, strike)"
KD-048-R4,Immunization,Yes,Specific days,Yes,
KD-048-R4,Nutrition,Yes,MTWTF,Yes,
KD-048-R4,Antenatal Care,Yes,Specific days,Yes,
KD-048-R4,Postnatal Care,Yes,MTWTF,Yes,
KD-048-R4,IMCI,Yes,On needs basis,Yes,
KD-048-R4,Malaria,Yes,MTWTF,Yes,
KD-048-R4,Labour and Delivery,No,,,
KD-048-R4,Family Planning,Yes,Specific days,Yes,
KD-048-R5,Immunization,Yes,Specific days,No,Vaccine stock-out
KD-048-R5,Nutrition,Yes,Specific days,Yes,
KD-048-R5,Antenatal Care,Yes,MTWTFSS,Yes,
KD-048-R5,Postnatal Care,Yes,MTWTF,No,Other
KD-048-R5,IMCI,Yes,MTWTF,Yes,
KD-048-R5,Malaria,Yes,Specific days,Yes,
KD-048-R5,Labour and Delivery,No,,,
KD-048-R5,Family Planning,Yes,Specific days,Yes,
KD-048-R6,Immunization,Yes,Specific days,Yes,
KD-048-R6,Nutrition,Yes,Specific days,Yes,
KD-048-R6,Antenatal Care,Yes,On needs basis,Yes,
KD-048-R6,Postnatal Care,Yes,MTWTF,Yes,
KD-048-R6,IMCI,Yes,MTWTF,No,"Staff unavailable (leave, redeployment, strike)"
KD-048-R6,Malaria,Yes,MTWTF,Yes,
KD-048-R6,Labour and Delivery,No,,,
KD-048-R6,Family Planning,Yes,Specific days,Yes,
KD-049-R1,Immunization,Yes,On needs basis,Yes,
KD-049-R1,Nutrition,No,,,
KD-049-R1,Antenatal Care,Yes,Specific days,Yes,
KD-049-R1,Postnatal Care,Yes,Specific days,Yes,
KD-049-R1,IMCI,Yes,Specific days,Yes,
KD-049-R1,Malaria,Yes,MTWTF,Yes,
KD-049-R1,Labour and Delivery,Yes,MTWTF,Yes,
KD-049-R1,Family Planning,No,,,
KD-049-R2,Immunization,Yes,MTWTFSS,Yes,
KD-049-R2,Nutrition,No,,,
KD-049-R2,Antenatal Care,Yes,MTWTF,Yes,
KD-049-R2,Postnatal Care,Yes,MTWTF,Yes,
KD-049-R2,IMCI,Yes,MTWTFSS,Yes,
KD-049-R2,Malaria,Yes,MTWTF,No,"Attending training, meeting, or other official assignment"
KD-049-R2,Labour and Delivery,Yes,Specific days,Yes,
KD-049-R2,Family Planning,No,,,
KD-049-R3,Immunization,Yes,Specific days,No,"Attending training, meeting, or other official assignment"
KD-049-R3,Nutrition,No,,,
KD-049-R3,Antenatal Care,Yes,MTWTF,Yes,
KD-049-R3,Postnatal Care,Yes,Specific days,Yes,
KD-049-R3,IMCI,Yes,Specific days,No,"Facility closed (holiday, strike, renovation)"
KD-049-R3,Malaria,Yes,Specific days,Yes,
KD-049-R3,Labour and Delivery,Yes,MTWTF,Yes,
KD-049-R3,Family Planning,No,,,
KD-049-R4,Immunization,Yes,Specific days,Yes,
KD-049-R4,Nutrition,No,,,
KD-049-R4,Antenatal Care,Yes,MTWTF,No,"Facility closed (holiday, strike, renovation)"
KD-049-R4,Postnatal Care,Yes,MTWTF,Yes,
KD-049-R4,IMCI,Yes,Specific days,No,"Attending training, meeting, or other official assignment"
KD-049-R4,Malaria,Yes,Specific days,Yes,
KD-049-R4,Labour and Delivery,Yes,Specific days,Yes,
KD-049-R4,Family Planning,No,,,
KD-049-R5,Immunization,Yes,MTWTF,Yes,
KD-049-R5,Nutrition,No,,,
KD-049-R5,Antenatal Care,Yes,Specific days,No,"Staff unavailable (leave, redeployment, strike)"
KD-049-R5,Postnatal Care,Yes,Specific days,Yes,
KD-049-R5,IMCI,Yes,Specific days,Yes,
KD-049-R5,Malaria,Yes,Specific days,Yes,
KD-049-R5,Labour and Delivery,Yes,Specific days,Yes,
KD-049-R5,Family Planning,No,,,
KD-049-R6,Immunization,Yes,MTWTF,Yes,
KD-049-R6,Nutrition,No,,,
KD-049-R6,Antenatal Care,Yes,MTWTF,Yes,
KD-049-R6,Postnatal Care,Yes,Specific days,Yes,
KD-049-R6,IMCI,Yes,Specific days,Yes,
KD-049-R6,Malaria,Yes,Specific days,Yes,
KD-049-R6,Labour and Delivery,Yes,Specific days,Yes,
KD-049-R6,Family Planning,No,,,
KD-050-R1,Immunization,Yes,MTWTF,No,"Facility closed (holiday, strike, renovation)"
KD-050-R1,Nutrition,No,,,
KD-050-R1,Antenatal Care,Yes,MTWTF,Yes,
KD-050-R1,Postnatal Care,Yes,Specific days,Yes,
KD-050-R1,IMCI,Yes,MTWTF,Yes,
KD-050-R1,Malaria,Yes,MTWTF,No,"Staff unavailable (leave, redeployment, strike)"
KD-050-R1,Labour and Delivery,Yes,Specific days,Yes,
KD-050-R1,Family Planning,Yes,Specific days,Yes,
KD-050-R2,Immunization,Yes,Specific days,No,"Staff unavailable (leave, redeployment, strike)"
KD-050-R2,Nutrition,No,,,
KD-050-R2,Antenatal Care,Yes,Specific days,Yes,
KD-050-R2,Postnatal Care,Yes,Specific days,Yes,
KD-050-R2,IMCI,Yes,MTWTF,Yes,
KD-050-R2,Malaria,Yes,MTWTFSS,Yes,
KD-050-R2,Labour and Delivery,Yes,MTWTFSS,Yes,
KD-050-R2,Family Planning,Yes,MTWTF,Yes,
KD-050-R3,Immunization,Yes,MTWTFSS,Yes,
KD-050-R3,Nutrition,No,,,
KD-050-R3,Antenatal Care,Yes,Specific days,Yes,
KD-050-R3,Postnatal Care,Yes,MTWTF,Yes,
KD-050-R3,IMCI,Yes,MTWTF,Yes,
KD-050-R3,Malaria,Yes,MTWTF,No,"Staff unavailable (leave, redeployment, strike)"
KD-050-R3,Labour and Delivery,Yes,On needs basis,Yes,
KD-050-R3,Family Planning,Yes,On needs basis,Yes,
KD-050-R4,Immunization,Yes,MTWTFSS,No,Vaccine stock-out
KD-050-R4,Nutrition,No,,,
KD-050-R4,Antenatal Care,Yes,Specific days,Yes,
KD-050-R4,Postnatal Care,Yes,On needs basis,Yes,
KD-050-R4,IMCI,Yes,Specific days,No,"Staff unavailable (leave, redeployment, strike)"
KD-050-R4,Malaria,Yes,Specific days,Yes,
KD-050-R4,Labour and Delivery,Yes,MTWTFSS,Yes,
KD-050-R4,Family Planning,Yes,MTWTFSS,Yes,
KD-050-R5,Immunization,Yes,MTWTF,Yes,
KD-050-R5,Nutrition,No,,,
KD-050-R5,Antenatal Care,Yes,MTWTF,Yes,
KD-050-R5,Postnatal Care,Yes,MTWTFSS,Yes,
KD-050-R5,IMCI,Yes,Specific days,No,Vaccine stock-out
KD-050-R5,Malaria,Yes,MTWTF,Yes,
KD-050-R5,Labour and Delivery,Yes,Specific days,Yes,
KD-050-R5,Family Planning,Yes,Specific days,Yes,
KD-050-R6,Immunization,Yes,Specific days,Yes,
KD-050-R6,Nutrition,No,,,
KD-050-R6,Antenatal Care,Yes,MTWTF,Yes,
KD-050-R6,Postnatal Care,Yes,MTWTF,Yes,
KD-050-R6,IMCI,Yes,MTWTFSS,Yes,
KD-050-R6,Malaria,Yes,Specific days,Yes,
KD-050-R6,Labour and Delivery,Yes,Specific days,Yes,
KD-050-R6,Family Planning,Yes,Specific days,No,Low community turnout / community resistance
KD-051-R1,Immunization,No,,,
KD-051-R1,Nutrition,Yes,On needs basis,Yes,
KD-051-R1,Antenatal Care,Yes,Specific days,Yes,
KD-051-R1,Postnatal Care,Yes,MTWTF,No,"Staff unavailable (leave, redeployment, strike)"
KD-051-R1,IMCI,No,,,
KD-051-R1,Malaria,Yes,MTWTF,No,"Facility closed (holiday, strike, renovation)"
KD-051-R1,Labour and Delivery,Yes,Specific days,Yes,
KD-051-R1,Family Planning,Yes,MTWTF,No,"Attending training, meeting, or other official assignment"
KD-051-R2,Immunization,No,,,
KD-051-R2,Nutrition,Yes,Specific days,Yes,
KD-051-R2,Antenatal Care,Yes,MTWTF,Yes,
KD-051-R2,Postnatal Care,Yes,Specific days,Yes,
KD-051-R2,IMCI,No,,,
KD-051-R2,Malaria,Yes,Specific days,Yes,
KD-051-R2,Labour and Delivery,Yes,Specific days,Yes,
KD-051-R2,Family Planning,Yes,Specific days,Yes,
KD-051-R3,Immunization,No,,,
KD-051-R3,Nutrition,Yes,MTWTF,Yes,
KD-051-R3,Antenatal Care,Yes,On needs basis,Yes,
KD-051-R3,Postnatal Care,Yes,On needs basis,Yes,
KD-051-R3,IMCI,No,,,
KD-051-R3,Malaria,Yes,MTWTF,Yes,
KD-051-R3,Labour and Delivery,Yes,Specific days,No,Lack of transportation or logistics support
KD-051-R3,Family Planning,Yes,MTWTF,No,"Attending training, meeting, or other official assignment"
KD-051-R4,Immunization,No,,,
KD-051-R4,Nutrition,Yes,On needs basis,Yes,
KD-051-R4,Antenatal Care,Yes,Specific days,Yes,
KD-051-R4,Postnatal Care,Yes,Specific days,Yes,
KD-051-R4,IMCI,No,,,
KD-051-R4,Malaria,Yes,Specific days,Yes,
KD-051-R4,Labour and Delivery,Yes,MTWTF,No,"Attending training, meeting, or other official assignment"
KD-051-R4,Family Planning,Yes,MTWTF,Yes,
KD-051-R5,Immunization,No,,,
KD-051-R5,Nutrition,Yes,MTWTF,Yes,
KD-051-R5,Antenatal Care,Yes,Specific days,Yes,
KD-051-R5,Postnatal Care,Yes,MTWTF,Yes,
KD-051-R5,IMCI,No,,,
KD-051-R5,Malaria,Yes,On needs basis,Yes,
KD-051-R5,Labour and Delivery,Yes,Specific days,Yes,
KD-051-R5,Family Planning,Yes,Specific days,Yes,
KD-051-R6,Immunization,No,,,
KD-051-R6,Nutrition,Yes,On needs basis,Yes,
KD-051-R6,Antenatal Care,Yes,MTWTF,Yes,
KD-051-R6,Postnatal Care,Yes,Specific days,Yes,
KD-051-R6,IMCI,No,,,
KD-051-R6,Malaria,Yes,On needs basis,Yes,
KD-051-R6,Labour and Delivery,Yes,MTWTF,Yes,
KD-051-R6,Family Planning,Yes,MTWTF,Yes,
KD-052-R1,Immunization,Yes,MTWTF,Yes,
KD-052-R1,Nutrition,No,,,
KD-052-R1,Antenatal Care,Yes,Specific days,Yes,
KD-052-R1,Postnatal Care,No,,,
KD-052-R1,IMCI,Yes,On needs basis,Yes,
KD-052-R1,Malaria,Yes,MTWTF,No,"Staff unavailable (leave, redeployment, strike)"
KD-052-R1,Labour and Delivery,No,,,
KD-052-R1,Family Planning,Yes,Specific days,Yes,
KD-052-R2,Immunization,Yes,MTWTF,Yes,
KD-052-R2,Nutrition,No,,,
KD-052-R2,Antenatal Care,Yes,MTWTF,No,"Attending training, meeting, or other official assignment"
KD-052-R2,Postnatal Care,No,,,
KD-052-R2,IMCI,Yes,MTWTFSS,Yes,
KD-052-R2,Malaria,Yes,MTWTF,No,"Facility closed (holiday, strike, renovation)"
KD-052-R2,Labour and Delivery,No,,,
KD-052-R2,Family Planning,Yes,On needs basis,Yes,
KD-052-R3,Immunization,Yes,MTWTF,Yes,
KD-052-R3,Nutrition,No,,,
KD-052-R3,Antenatal Care,Yes,MTWTF,Yes,
KD-052-R3,Postnatal Care,No,,,
KD-052-R3,IMCI,Yes,Specific days,Yes,
KD-052-R3,Malaria,Yes,Specific days,Yes,
KD-052-R3,Labour and Delivery,No,,,
KD-052-R3,Family Planning,Yes,Specific days,No,"Staff unavailable (leave, redeployment, strike)"
KD-052-R4,Immunization,Yes,MTWTF,Yes,
KD-052-R4,Nutrition,No,,,
KD-052-R4,Antenatal Care,Yes,Specific days,Yes,
KD-052-R4,Postnatal Care,No,,,
KD-052-R4,IMCI,Yes,Specific days,Yes,
KD-052-R4,Malaria,Yes,MTWTF,No,Lack of transportation or logistics support
KD-052-R4,Labour and Delivery,No,,,
KD-052-R4,Family Planning,Yes,MTWTF,No,"Staff unavailable (leave, redeployment, strike)"
KD-052-R5,Immunization,Yes,MTWTF,Yes,
KD-052-R5,Nutrition,No,,,
KD-052-R5,Antenatal Care,Yes,MTWTF,Yes,
KD-052-R5,Postnatal Care,No,,,
KD-052-R5,IMCI,Yes,On needs basis,Yes,
KD-052-R5,Malaria,Yes,MTWTF,Yes,
KD-052-R5,Labour and Delivery,No,,,
KD-052-R5,Family Planning,Yes,MTWTFSS,Yes,
KD-052-R6,Immunization,Yes,MTWTFSS,No,"Staff unavailable (leave, redeployment, strike)"
KD-052-R6,Nutrition,No,,,
KD-052-R6,Antenatal Care,Yes,MTWTF,Yes,
KD-052-R6,Postnatal Care,No,,,
KD-052-R6,IMCI,Yes,Specific days,Yes,
KD-052-R6,Malaria,Yes,MTWTF,Yes,
KD-052-R6,Labour and Delivery,No,,,
KD-052-R6,Family Planning,Yes,MTWTF,Yes,
KD-053-R1,Immunization,Yes,MTWTF,Yes,
KD-053-R1,Nutrition,No,,,
KD-053-R1,Antenatal Care,Yes,MTWTF,Yes,
KD-053-R1,Postnatal Care,Yes,Specific days,No,Cold chain equipment failure
KD-053-R1,IMCI,Yes,On needs basis,No,Weather or environmental conditions
KD-053-R1,Malaria,Yes,On needs basis,No,"Staff unavailable (leave, redeployment, strike)"
KD-053-R1,Labour and Delivery,Yes,On needs basis,Yes,
KD-053-R1,Family Planning,Yes,On needs basis,Yes,
KD-053-R2,Immunization,Yes,On needs basis,No,"Attending training, meeting, or other official assignment"
KD-053-R2,Nutrition,No,,,
KD-053-R2,Antenatal Care,Yes,MTWTF,Yes,
KD-053-R2,Postnatal Care,Yes,Specific days,Yes,
KD-053-R2,IMCI,Yes,MTWTF,Yes,
KD-053-R2,Malaria,Yes,Specific days,Yes,
KD-053-R2,Labour and Delivery,Yes,MTWTF,Yes,
KD-053-R2,Family Planning,Yes,Specific days,Yes,
KD-053-R3,Immunization,Yes,MTWTF,No,"Staff unavailable (leave, redeployment, strike)"
KD-053-R3,Nutrition,No,,,
KD-053-R3,Antenatal Care,Yes,Specific days,Yes,
KD-053-R3,Postnatal Care,Yes,Specific days,Yes,
KD-053-R3,IMCI,Yes,Specific days,Yes,
KD-053-R3,Malaria,Yes,MTWTF,No,"Staff unavailable (leave, redeployment, strike)"
KD-053-R3,Labour and Delivery,Yes,On needs basis,No,"Staff unavailable (leave, redeployment, strike)"
KD-053-R3,Family Planning,Yes,MTWTF,Yes,
KD-053-R4,Immunization,Yes,On needs basis,Yes,
KD-053-R4,Nutrition,No,,,
KD-053-R4,Antenatal Care,Yes,MTWTF,No,Lack of transportation or logistics support
KD-053-R4,Postnatal Care,Yes,Specific days,Yes,
KD-053-R4,IMCI,Yes,MTWTF,No,Other
KD-053-R4,Malaria,Yes,MTWTFSS,Yes,
KD-053-R4,Labour and Delivery,Yes,MTWTFSS,Yes,
KD-053-R4,Family Planning,Yes,Specific days,No,"Attending training, meeting, or other official assignment"
KD-053-R5,Immunization,Yes,MTWTF,No,Weather or environmental conditions
KD-053-R5,Nutrition,No,,,
KD-053-R5,Antenatal Care,Yes,On needs basis,Yes,
KD-053-R5,Postnatal Care,Yes,MTWTFSS,Yes,
KD-053-R5,IMCI,Yes,Specific days,Yes,
KD-053-R5,Malaria,Yes,Specific days,No,Weather or environmental conditions
KD-053-R5,Labour and Delivery,Yes,Specific days,Yes,
KD-053-R5,Family Planning,Yes,MTWTF,Yes,
KD-053-R6,Immunization,Yes,MTWTF,Yes,
KD-053-R6,Nutrition,No,,,
KD-053-R6,Antenatal Care,Yes,MTWTF,No,Low community turnout / community resistance
KD-053-R6,Postnatal Care,Yes,MTWTF,Yes,
KD-053-R6,IMCI,Yes,Specific days,Yes,
KD-053-R6,Malaria,Yes,On needs basis,No,"Staff unavailable (leave, redeployment, strike)"
KD-053-R6,Labour and Delivery,Yes,Specific days,Yes,
KD-053-R6,Family Planning,Yes,MTWTF,Yes,
KD-054-R1,Immunization,Yes,MTWTF,No,Vaccine stock-out
KD-054-R1,Nutrition,Yes,Specific days,Yes,
KD-054-R1,Antenatal Care,Yes,MTWTF,Yes,
KD-054-R1,Postnatal Care,Yes,On needs basis,Yes,
KD-054-R1,IMCI,Yes,MTWTF,Yes,
KD-054-R1,Malaria,Yes,MTWTF,Yes,
KD-054-R1,Labour and Delivery,Yes,Specific days,Yes,
KD-054-R1,Family Planning,Yes,MTWTF,Yes,
KD-054-R2,Immunization,Yes,MTWTF,No,"Facility closed (holiday, strike, renovation)"
KD-054-R2,Nutrition,Yes,On needs basis,Yes,
KD-054-R2,Antenatal Care,Yes,Specific days,Yes,
KD-054-R2,Postnatal Care,Yes,Specific days,No,Low community turnout / community resistance
KD-054-R2,IMCI,Yes,MTWTF,Yes,
KD-054-R2,Malaria,Yes,MTWTFSS,Yes,
KD-054-R2,Labour and Delivery,Yes,Specific days,Yes,
KD-054-R2,Family Planning,Yes,MTWTF,Yes,
KD-054-R3,Immunization,Yes,On needs basis,Yes,
KD-054-R3,Nutrition,Yes,Specific days,Yes,
KD-054-R3,Antenatal Care,Yes,Specific days,No,Weather or environmental conditions
KD-054-R3,Postnatal Care,Yes,MTWTF,Yes,
KD-054-R3,IMCI,Yes,MTWTF,Yes,
KD-054-R3,Malaria,Yes,MTWTF,Yes,
KD-054-R3,Labour and Delivery,Yes,MTWTF,Yes,
KD-054-R3,Family Planning,Yes,MTWTF,Yes,
KD-054-R4,Immunization,Yes,MTWTF,Yes,
KD-054-R4,Nutrition,Yes,Specific days,No,Lack of transportation or logistics support
KD-054-R4,Antenatal Care,Yes,On needs basis,Yes,
KD-054-R4,Postnatal Care,Yes,Specific days,Yes,
KD-054-R4,IMCI,Yes,MTWTF,Yes,
KD-054-R4,Malaria,Yes,MTWTF,Yes,
KD-054-R4,Labour and Delivery,Yes,Specific days,Yes,
KD-054-R4,Family Planning,Yes,MTWTF,Yes,
KD-054-R5,Immunization,Yes,MTWTF,Yes,
KD-054-R5,Nutrition,Yes,MTWTFSS,Yes,
KD-054-R5,Antenatal Care,Yes,Specific days,Yes,
KD-054-R5,Postnatal Care,Yes,Specific days,Yes,
KD-054-R5,IMCI,Yes,On needs basis,Yes,
KD-054-R5,Malaria,Yes,MTWTF,Yes,
KD-054-R5,Labour and Delivery,Yes,MTWTFSS,Yes,
KD-054-R5,Family Planning,Yes,Specific days,Yes,
KD-054-R6,Immunization,Yes,MTWTFSS,Yes,
KD-054-R6,Nutrition,Yes,On needs basis,Yes,
KD-054-R6,Antenatal Care,Yes,MTWTF,Yes,
KD-054-R6,Postnatal Care,Yes,MTWTF,Yes,
KD-054-R6,IMCI,Yes,Specific days,Yes,
KD-054-R6,Malaria,Yes,Specific days,Yes,
KD-054-R6,Labour and Delivery,Yes,Specific days,No,Lack of transportation or logistics support
KD-054-R6,Family Planning,Yes,Specific days,Yes,
KD-055-R1,Immunization,Yes,On needs basis,Yes,
KD-055-R1,Nutrition,Yes,MTWTFSS,Yes,
KD-055-R1,Antenatal Care,Yes,Specific days,No,"Staff unavailable (leave, redeployment, strike)"
KD-055-R1,Postnatal Care,Yes,Specific days,Yes,
KD-055-R1,IMCI,Yes,Specific days,Yes,
KD-055-R1,Malaria,Yes,On needs basis,Yes,
KD-055-R1,Labour and Delivery,Yes,MTWTF,Yes,
KD-055-R1,Family Planning,No,,,
KD-055-R2,Immunization,Yes,Specific days,Yes,
KD-055-R2,Nutrition,Yes,MTWTF,Yes,
KD-055-R2,Antenatal Care,Yes,MTWTF,Yes,
KD-055-R2,Postnatal Care,Yes,MTWTF,Yes,
KD-055-R2,IMCI,Yes,MTWTFSS,Yes,
KD-055-R2,Malaria,Yes,MTWTF,Yes,
KD-055-R2,Labour and Delivery,Yes,Specific days,Yes,
KD-055-R2,Family Planning,No,,,
KD-055-R3,Immunization,Yes,Specific days,Yes,
KD-055-R3,Nutrition,Yes,On needs basis,Yes,
KD-055-R3,Antenatal Care,Yes,On needs basis,Yes,
KD-055-R3,Postnatal Care,Yes,MTWTF,Yes,
KD-055-R3,IMCI,Yes,MTWTF,Yes,
KD-055-R3,Malaria,Yes,Specific days,Yes,
KD-055-R3,Labour and Delivery,Yes,Specific days,Yes,
KD-055-R3,Family Planning,No,,,
KD-055-R4,Immunization,Yes,Specific days,Yes,
KD-055-R4,Nutrition,Yes,MTWTFSS,Yes,
KD-055-R4,Antenatal Care,Yes,Specific days,Yes,
KD-055-R4,Postnatal Care,Yes,Specific days,Yes,
KD-055-R4,IMCI,Yes,MTWTF,Yes,
KD-055-R4,Malaria,Yes,Specific days,Yes,
KD-055-R4,Labour and Delivery,Yes,Specific days,Yes,
KD-055-R4,Family Planning,No,,,
KD-055-R5,Immunization,Yes,MTWTFSS,No,"Staff unavailable (leave, redeployment, strike)"
KD-055-R5,Nutrition,Yes,On needs basis,Yes,
KD-055-R5,Antenatal Care,Yes,MTWTF,Yes,
KD-055-R5,Postnatal Care,Yes,MTWTF,Yes,
KD-055-R5,IMCI,Yes,MTWTF,No,"Facility closed (holiday, strike, renovation)"
KD-055-R5,Malaria,Yes,On needs basis,Yes,
KD-055-R5,Labour and Delivery,Yes,MTWTF,Yes,
KD-055-R5,Family Planning,No,,,
KD-055-R6,Immunization,Yes,Specific days,No,Lack of transportation or logistics support
KD-055-R6,Nutrition,Yes,On needs basis,Yes,
KD-055-R6,Antenatal Care,Yes,MTWTF,Yes,
KD-055-R6,Postnatal Care,Yes,Specific days,No,Lack of transportation or logistics support
KD-055-R6,IMCI,Yes,On needs basis,Yes,
KD-055-R6,Malaria,Yes,MTWTF,Yes,
KD-055-R6,Labour and Delivery,Yes,Specific days,Yes,
KD-055-R6,Family Planning,No,,,
KD-056-R1,Immunization,Yes,MTWTFSS,Yes,
KD-056-R1,Nutrition,No,,,
KD-056-R1,Antenatal Care,No,,,
KD-056-R1,Postnatal Care,Yes,MTWTFSS,No,Weather or environmental conditions
KD-056-R1,IMCI,Yes,On needs basis,No,"Staff unavailable (leave, redeployment, strike)"
KD-056-R1,Malaria,Yes,MTWTF,Yes,
KD-056-R1,Labour and Delivery,No,,,
KD-056-R1,Family Planning,Yes,MTWTF,Yes,
KD-056-R2,Immunization,Yes,MTWTF,Yes,
KD-056-R2,Nutrition,No,,,
KD-056-R2,Antenatal Care,No,,,
KD-056-R2,Postnatal Care,Yes,Specific days,No,"Attending training, meeting, or other official assignment"
KD-056-R2,IMCI,Yes,MTWTF,Yes,
KD-056-R2,Malaria,Yes,MTWTF,Yes,
KD-056-R2,Labour and Delivery,No,,,
KD-056-R2,Family Planning,Yes,MTWTF,Yes,
KD-056-R3,Immunization,Yes,MTWTFSS,No,"Staff unavailable (leave, redeployment, strike)"
KD-056-R3,Nutrition,No,,,
KD-056-R3,Antenatal Care,No,,,
KD-056-R3,Postnatal Care,Yes,MTWTF,Yes,
KD-056-R3,IMCI,Yes,On needs basis,Yes,
KD-056-R3,Malaria,Yes,On needs basis,Yes,
KD-056-R3,Labour and Delivery,No,,,
KD-056-R3,Family Planning,Yes,Specific days,Yes,
KD-056-R4,Immunization,Yes,Specific days,Yes,
KD-056-R4,Nutrition,No,,,
KD-056-R4,Antenatal Care,No,,,
KD-056-R4,Postnatal Care,Yes,On needs basis,No,Low community turnout / community resistance
KD-056-R4,IMCI,Yes,MTWTF,Yes,
KD-056-R4,Malaria,Yes,Specific days,Yes,
KD-056-R4,Labour and Delivery,No,,,
KD-056-R4,Family Planning,Yes,On needs basis,Yes,
KD-056-R5,Immunization,Yes,MTWTF,Yes,
KD-056-R5,Nutrition,No,,,
KD-056-R5,Antenatal Care,No,,,
KD-056-R5,Postnatal Care,Yes,Specific days,Yes,
KD-056-R5,IMCI,Yes,MTWTF,Yes,
KD-056-R5,Malaria,Yes,Specific days,Yes,
KD-056-R5,Labour and Delivery,No,,,
KD-056-R5,Family Planning,Yes,MTWTF,Yes,
KD-056-R6,Immunization,Yes,MTWTF,No,Weather or environmental conditions
KD-056-R6,Nutrition,No,,,
KD-056-R6,Antenatal Care,No,,,
KD-056-R6,Postnatal Care,Yes,MTWTF,Yes,
KD-056-R6,IMCI,Yes,MTWTF,Yes,
KD-056-R6,Malaria,Yes,MTWTF,No,"Attending training, meeting, or other official assignment"
KD-056-R6,Labour and Delivery,No,,,
KD-056-R6,Family Planning,Yes,MTWTF,Yes,
KD-057-R1,Immunization,Yes,On needs basis,Yes,
KD-057-R1,Nutrition,Yes,Specific days,Yes,
KD-057-R1,Antenatal Care,Yes,MTWTF,No,Other
KD-057-R1,Postnatal Care,Yes,Specific days,Yes,
KD-057-R1,IMCI,Yes,MTWTF,Yes,
KD-057-R1,Malaria,Yes,Specific days,Yes,
KD-057-R1,Labour and Delivery,Yes,On needs basis,No,"Security concerns (insecurity, movement restrictions)"
KD-057-R1,Family Planning,Yes,Specific days,Yes,
KD-057-R2,Immunization,Yes,On needs basis,Yes,
KD-057-R2,Nutrition,Yes,MTWTF,Yes,
KD-057-R2,Antenatal Care,Yes,MTWTF,Yes,
KD-057-R2,Postnatal Care,Yes,MTWTF,No,"Staff unavailable (leave, redeployment, strike)"
KD-057-R2,IMCI,Yes,MTWTF,Yes,
KD-057-R2,Malaria,Yes,Specific days,Yes,
KD-057-R2,Labour and Delivery,Yes,MTWTF,Yes,
KD-057-R2,Family Planning,Yes,On needs basis,Yes,
KD-057-R3,Immunization,Yes,On needs basis,Yes,
KD-057-R3,Nutrition,Yes,Specific days,Yes,
KD-057-R3,Antenatal Care,Yes,MTWTFSS,Yes,
KD-057-R3,Postnatal Care,Yes,On needs basis,Yes,
KD-057-R3,IMCI,Yes,Specific days,Yes,
KD-057-R3,Malaria,Yes,MTWTF,Yes,
KD-057-R3,Labour and Delivery,Yes,Specific days,Yes,
KD-057-R3,Family Planning,Yes,Specific days,No,Lack of transportation or logistics support
KD-057-R4,Immunization,Yes,MTWTFSS,No,"Security concerns (insecurity, movement restrictions)"
KD-057-R4,Nutrition,Yes,Specific days,No,"Staff unavailable (leave, redeployment, strike)"
KD-057-R4,Antenatal Care,Yes,Specific days,No,"Security concerns (insecurity, movement restrictions)"
KD-057-R4,Postnatal Care,Yes,MTWTF,No,"Security concerns (insecurity, movement restrictions)"
KD-057-R4,IMCI,Yes,MTWTF,No,"Security concerns (insecurity, movement restrictions)"
KD-057-R4,Malaria,Yes,Specific days,No,Low community turnout / community resistance
KD-057-R4,Labour and Delivery,Yes,MTWTF,No,"Staff unavailable (leave, redeployment, strike)"
KD-057-R4,Family Planning,Yes,On needs basis,No,"Staff unavailable (leave, redeployment, strike)"
KD-057-R5,Immunization,Yes,MTWTF,No,Cold chain equipment failure
KD-057-R5,Nutrition,Yes,On needs basis,No,"Staff unavailable (leave, redeployment, strike)"
KD-057-R5,Antenatal Care,Yes,Specific days,Yes,
KD-057-R5,Postnatal Care,Yes,Specific days,No,Weather or environmental conditions
KD-057-R5,IMCI,Yes,Specific days,Yes,
KD-057-R5,Malaria,Yes,MTWTF,Yes,
KD-057-R5,Labour and Delivery,Yes,On needs basis,Yes,
KD-057-R5,Family Planning,Yes,MTWTF,Yes,
KD-057-R6,Immunization,Yes,On needs basis,Yes,
KD-057-R6,Nutrition,Yes,MTWTF,Yes,
KD-057-R6,Antenatal Care,Yes,Specific days,Yes,
KD-057-R6,Postnatal Care,Yes,On needs basis,No,"Security concerns (insecurity, movement restrictions)"
KD-057-R6,IMCI,Yes,On needs basis,Yes,
KD-057-R6,Malaria,Yes,On needs basis,No,"Attending training, meeting, or other official assignment"
KD-057-R6,Labour and Delivery,Yes,Specific days,Yes,
KD-057-R6,Family Planning,Yes,MTWTF,Yes,
KD-058-R1,Immunization,Yes,On needs basis,No,"Staff unavailable (leave, redeployment, strike)"
KD-058-R1,Nutrition,Yes,Specific days,Yes,
KD-058-R1,Antenatal Care,Yes,On needs basis,Yes,
KD-058-R1,Postnatal Care,Yes,On needs basis,Yes,
KD-058-R1,IMCI,Yes,MTWTF,Yes,
KD-058-R1,Malaria,Yes,Specific days,Yes,
KD-058-R1,Labour and Delivery,Yes,MTWTF,Yes,
KD-058-R1,Family Planning,Yes,Specific days,Yes,
KD-058-R2,Immunization,Yes,MTWTF,No,"Security concerns (insecurity, movement restrictions)"
KD-058-R2,Nutrition,Yes,MTWTF,Yes,
KD-058-R2,Antenatal Care,Yes,Specific days,Yes,
KD-058-R2,Postnatal Care,Yes,MTWTF,No,"Facility closed (holiday, strike, renovation)"
KD-058-R2,IMCI,Yes,Specific days,Yes,
KD-058-R2,Malaria,Yes,MTWTF,Yes,
KD-058-R2,Labour and Delivery,Yes,Specific days,Yes,
KD-058-R2,Family Planning,Yes,MTWTF,Yes,
KD-058-R3,Immunization,Yes,On needs basis,Yes,
KD-058-R3,Nutrition,Yes,MTWTF,No,"Security concerns (insecurity, movement restrictions)"
KD-058-R3,Antenatal Care,Yes,Specific days,No,"Security concerns (insecurity, movement restrictions)"
KD-058-R3,Postnatal Care,Yes,Specific days,No,Low community turnout / community resistance
KD-058-R3,IMCI,Yes,MTWTF,No,"Security concerns (insecurity, movement restrictions)"
KD-058-R3,Malaria,Yes,On needs basis,No,"Security concerns (insecurity, movement restrictions)"
KD-058-R3,Labour and Delivery,Yes,Specific days,No,"Security concerns (insecurity, movement restrictions)"
KD-058-R3,Family Planning,Yes,On needs basis,No,"Security concerns (insecurity, movement restrictions)"
KD-058-R4,Immunization,Yes,MTWTF,No,Vaccine stock-out
KD-058-R4,Nutrition,Yes,On needs basis,No,Low community turnout / community resistance
KD-058-R4,Antenatal Care,Yes,Specific days,No,"Staff unavailable (leave, redeployment, strike)"
KD-058-R4,Postnatal Care,Yes,Specific days,Yes,
KD-058-R4,IMCI,Yes,On needs basis,No,"Staff unavailable (leave, redeployment, strike)"
KD-058-R4,Malaria,Yes,On needs basis,Yes,
KD-058-R4,Labour and Delivery,Yes,MTWTF,No,Weather or environmental conditions
KD-058-R4,Family Planning,Yes,On needs basis,No,Weather or environmental conditions
KD-058-R5,Immunization,Yes,MTWTF,No,"Staff unavailable (leave, redeployment, strike)"
KD-058-R5,Nutrition,Yes,MTWTF,Yes,
KD-058-R5,Antenatal Care,Yes,MTWTF,Yes,
KD-058-R5,Postnatal Care,Yes,MTWTF,No,"Attending training, meeting, or other official assignment"
KD-058-R5,IMCI,Yes,Specific days,Yes,
KD-058-R5,Malaria,Yes,MTWTF,Yes,
KD-058-R5,Labour and Delivery,Yes,On needs basis,Yes,
KD-058-R5,Family Planning,Yes,Specific days,Yes,
KD-058-R6,Immunization,Yes,MTWTFSS,Yes,
KD-058-R6,Nutrition,Yes,MTWTF,Yes,
KD-058-R6,Antenatal Care,Yes,MTWTFSS,No,"Facility closed (holiday, strike, renovation)"
KD-058-R6,Postnatal Care,Yes,Specific days,Yes,
KD-058-R6,IMCI,Yes,Specific days,No,"Attending training, meeting, or other official assignment"
KD-058-R6,Malaria,Yes,Specific days,Yes,
KD-058-R6,Labour and Delivery,Yes,On needs basis,Yes,
KD-058-R6,Family Planning,Yes,On needs basis,Yes,
KD-059-R1,Immunization,Yes,MTWTF,No,"Security concerns (insecurity, movement restrictions)"
KD-059-R1,Nutrition,Yes,Specific days,Yes,
KD-059-R1,Antenatal Care,Yes,Specific days,Yes,
KD-059-R1,Postnatal Care,Yes,On needs basis,No,"Staff unavailable (leave, redeployment, strike)"
KD-059-R1,IMCI,Yes,MTWTF,No,"Staff unavailable (leave, redeployment, strike)"
KD-059-R1,Malaria,Yes,Specific days,No,Low community turnout / community resistance
KD-059-R1,Labour and Delivery,Yes,On needs basis,Yes,
KD-059-R1,Family Planning,Yes,Specific days,Yes,
KD-059-R2,Immunization,Yes,On needs basis,No,"Attending training, meeting, or other official assignment"
KD-059-R2,Nutrition,Yes,Specific days,Yes,
KD-059-R2,Antenatal Care,Yes,On needs basis,Yes,
KD-059-R2,Postnatal Care,Yes,On needs basis,Yes,
KD-059-R2,IMCI,Yes,MTWTF,Yes,
KD-059-R2,Malaria,Yes,On needs basis,Yes,
KD-059-R2,Labour and Delivery,Yes,On needs basis,Yes,
KD-059-R2,Family Planning,Yes,Specific days,Yes,
KD-059-R3,Immunization,Yes,MTWTFSS,Yes,
KD-059-R3,Nutrition,Yes,MTWTF,Yes,
KD-059-R3,Antenatal Care,Yes,MTWTF,No,"Security concerns (insecurity, movement restrictions)"
KD-059-R3,Postnatal Care,Yes,MTWTF,No,Weather or environmental conditions
KD-059-R3,IMCI,Yes,Specific days,Yes,
KD-059-R3,Malaria,Yes,MTWTF,Yes,
KD-059-R3,Labour and Delivery,Yes,MTWTF,Yes,
KD-059-R3,Family Planning,Yes,MTWTF,No,"Security concerns (insecurity, movement restrictions)"
KD-059-R4,Immunization,Yes,Specific days,Yes,
KD-059-R4,Nutrition,Yes,MTWTF,No,Weather or environmental conditions
KD-059-R4,Antenatal Care,Yes,Specific days,Yes,
KD-059-R4,Postnatal Care,Yes,On needs basis,Yes,
KD-059-R4,IMCI,Yes,Specific days,Yes,
KD-059-R4,Malaria,Yes,Specific days,No,"Staff unavailable (leave, redeployment, strike)"
KD-059-R4,Labour and Delivery,Yes,Specific days,Yes,
KD-059-R4,Family Planning,Yes,Specific days,Yes,
KD-059-R5,Immunization,Yes,On needs basis,Yes,
KD-059-R5,Nutrition,Yes,MTWTF,Yes,
KD-059-R5,Antenatal Care,Yes,Specific days,Yes,
KD-059-R5,Postnatal Care,Yes,On needs basis,Yes,
KD-059-R5,IMCI,Yes,MTWTFSS,No,"Facility closed (holiday, strike, renovation)"
KD-059-R5,Malaria,Yes,Specific days,Yes,
KD-059-R5,Labour and Delivery,Yes,Specific days,Yes,
KD-059-R5,Family Planning,Yes,On needs basis,Yes,
KD-059-R6,Immunization,Yes,On needs basis,Yes,
KD-059-R6,Nutrition,Yes,Specific days,No,"Attending training, meeting, or other official assignment"
KD-059-R6,Antenatal Care,Yes,Specific days,Yes,
KD-059-R6,Postnatal Care,Yes,Specific days,Yes,
KD-059-R6,IMCI,Yes,MTWTF,Yes,
KD-059-R6,Malaria,Yes,MTWTF,Yes,
KD-059-R6,Labour and Delivery,Yes,Specific days,Yes,
KD-059-R6,Family Planning,Yes,MTWTF,Yes,
KD-060-R1,Immunization,Yes,MTWTF,Yes,
KD-060-R1,Nutrition,Yes,MTWTF,No,"Staff unavailable (leave, redeployment, strike)"
KD-060-R1,Antenatal Care,Yes,Specific days,Yes,
KD-060-R1,Postnatal Care,Yes,MTWTF,Yes,
KD-060-R1,IMCI,Yes,Specific days,No,Other
KD-060-R1,Malaria,Yes,On needs basis,Yes,
KD-060-R1,Labour and Delivery,Yes,MTWTF,Yes,
KD-060-R1,Family Planning,No,,,
KD-060-R2,Immunization,Yes,MTWTF,No,"Staff unavailable (leave, redeployment, strike)"
KD-060-R2,Nutrition,Yes,Specific days,Yes,
KD-060-R2,Antenatal Care,Yes,On needs basis,Yes,
KD-060-R2,Postnatal Care,Yes,On needs basis,Yes,
KD-060-R2,IMCI,Yes,On needs basis,Yes,
KD-060-R2,Malaria,Yes,On needs basis,Yes,
KD-060-R2,Labour and Delivery,Yes,MTWTF,Yes,
KD-060-R2,Family Planning,No,,,
KD-060-R3,Immunization,Yes,MTWTF,Yes,
KD-060-R3,Nutrition,Yes,MTWTF,Yes,
KD-060-R3,Antenatal Care,Yes,MTWTF,Yes,
KD-060-R3,Postnatal Care,Yes,MTWTF,Yes,
KD-060-R3,IMCI,Yes,MTWTF,Yes,
KD-060-R3,Malaria,Yes,MTWTF,No,"Attending training, meeting, or other official assignment"
KD-060-R3,Labour and Delivery,Yes,Specific days,No,"Attending training, meeting, or other official assignment"
KD-060-R3,Family Planning,No,,,
KD-060-R4,Immunization,Yes,On needs basis,Yes,
KD-060-R4,Nutrition,Yes,Specific days,Yes,
KD-060-R4,Antenatal Care,Yes,MTWTF,Yes,
KD-060-R4,Postnatal Care,Yes,On needs basis,Yes,
KD-060-R4,IMCI,Yes,MTWTF,No,"Staff unavailable (leave, redeployment, strike)"
KD-060-R4,Malaria,Yes,Specific days,No,"Staff unavailable (leave, redeployment, strike)"
KD-060-R4,Labour and Delivery,Yes,Specific days,Yes,
KD-060-R4,Family Planning,No,,,
KD-060-R5,Immunization,Yes,Specific days,No,"Security concerns (insecurity, movement restrictions)"
KD-060-R5,Nutrition,Yes,MTWTF,No,"Security concerns (insecurity, movement restrictions)"
KD-060-R5,Antenatal Care,Yes,Specific days,No,Low community turnout / community resistance
KD-060-R5,Postnatal Care,Yes,MTWTF,No,"Security concerns (insecurity, movement restrictions)"
KD-060-R5,IMCI,Yes,MTWTF,No,"Staff unavailable (leave, redeployment, strike)"
KD-060-R5,Malaria,Yes,MTWTF,Yes,
KD-060-R5,Labour and Delivery,Yes,Specific days,Yes,
KD-060-R5,Family Planning,No,,,
KD-060-R6,Immunization,Yes,Specific days,Yes,
KD-060-R6,Nutrition,Yes,MTWTF,Yes,
KD-060-R6,Antenatal Care,Yes,Specific days,No,"Staff unavailable (leave, redeployment, strike)"
KD-060-R6,Postnatal Care,Yes,On needs basis,Yes,
KD-060-R6,IMCI,Yes,MTWTF,Yes,
KD-060-R6,Malaria,Yes,Specific days,Yes,
KD-060-R6,Labour and Delivery,Yes,Specific days,Yes,
KD-060-R6,Family Planning,No,,,
KD-061-R1,Immunization,Yes,MTWTF,No,"Attending training, meeting, or other official assignment"
KD-061-R1,Nutrition,Yes,MTWTF,Yes,
KD-061-R1,Antenatal Care,No,,,
KD-061-R1,Postnatal Care,Yes,MTWTFSS,Yes,
KD-061-R1,IMCI,Yes,Specific days,Yes,
KD-061-R1,Malaria,Yes,On needs basis,Yes,
KD-061-R1,Labour and Delivery,Yes,MTWTF,Yes,
KD-061-R1,Family Planning,Yes,Specific days,Yes,
KD-061-R2,Immunization,Yes,MTWTF,No,"Staff unavailable (leave, redeployment, strike)"
KD-061-R2,Nutrition,Yes,MTWTFSS,Yes,
KD-061-R2,Antenatal Care,No,,,
KD-061-R2,Postnatal Care,Yes,MTWTF,Yes,
KD-061-R2,IMCI,Yes,Specific days,Yes,
KD-061-R2,Malaria,Yes,MTWTFSS,Yes,
KD-061-R2,Labour and Delivery,Yes,Specific days,Yes,
KD-061-R2,Family Planning,Yes,MTWTF,No,Lack of transportation or logistics support
KD-061-R3,Immunization,Yes,MTWTF,No,"Security concerns (insecurity, movement restrictions)"
KD-061-R3,Nutrition,Yes,MTWTF,No,"Staff unavailable (leave, redeployment, strike)"
KD-061-R3,Antenatal Care,No,,,
KD-061-R3,Postnatal Care,Yes,MTWTFSS,Yes,
KD-061-R3,IMCI,Yes,Specific days,Yes,
KD-061-R3,Malaria,Yes,MTWTFSS,Yes,
KD-061-R3,Labour and Delivery,Yes,Specific days,Yes,
KD-061-R3,Family Planning,Yes,On needs basis,Yes,
KD-061-R4,Immunization,Yes,Specific days,Yes,
KD-061-R4,Nutrition,Yes,MTWTF,Yes,
KD-061-R4,Antenatal Care,No,,,
KD-061-R4,Postnatal Care,Yes,Specific days,Yes,
KD-061-R4,IMCI,Yes,MTWTF,Yes,
KD-061-R4,Malaria,Yes,Specific days,Yes,
KD-061-R4,Labour and Delivery,Yes,MTWTF,Yes,
KD-061-R4,Family Planning,Yes,MTWTFSS,Yes,
KD-061-R5,Immunization,Yes,Specific days,No,"Staff unavailable (leave, redeployment, strike)"
KD-061-R5,Nutrition,Yes,On needs basis,Yes,
KD-061-R5,Antenatal Care,No,,,
KD-061-R5,Postnatal Care,Yes,MTWTFSS,Yes,
KD-061-R5,IMCI,Yes,On needs basis,Yes,
KD-061-R5,Malaria,Yes,Specific days,No,"Attending training, meeting, or other official assignment"
KD-061-R5,Labour and Delivery,Yes,MTWTFSS,Yes,
KD-061-R5,Family Planning,Yes,Specific days,Yes,
KD-061-R6,Immunization,Yes,Specific days,Yes,
KD-061-R6,Nutrition,Yes,MTWTF,Yes,
KD-061-R6,Antenatal Care,No,,,
KD-061-R6,Postnatal Care,Yes,MTWTF,Yes,
KD-061-R6,IMCI,Yes,Specific days,No,Low community turnout / community resistance
KD-061-R6,Malaria,Yes,Specific days,Yes,
KD-061-R6,Labour and Delivery,Yes,MTWTFSS,Yes,
KD-061-R6,Family Planning,Yes,MTWTF,Yes,
KD-062-R1,Immunization,No,,,
KD-062-R1,Nutrition,Yes,MTWTF,No,"Security concerns (insecurity, movement restrictions)"
KD-062-R1,Antenatal Care,Yes,Specific days,Yes,
KD-062-R1,Postnatal Care,Yes,Specific days,Yes,
KD-062-R1,IMCI,Yes,MTWTF,No,"Security concerns (insecurity, movement restrictions)"
KD-062-R1,Malaria,Yes,Specific days,No,Vaccine stock-out
KD-062-R1,Labour and Delivery,Yes,MTWTFSS,No,Low community turnout / community resistance
KD-062-R1,Family Planning,Yes,MTWTF,Yes,
KD-062-R2,Immunization,No,,,
KD-062-R2,Nutrition,Yes,MTWTF,Yes,
KD-062-R2,Antenatal Care,Yes,Specific days,Yes,
KD-062-R2,Postnatal Care,Yes,MTWTF,Yes,
KD-062-R2,IMCI,Yes,MTWTF,Yes,
KD-062-R2,Malaria,Yes,Specific days,Yes,
KD-062-R2,Labour and Delivery,Yes,MTWTF,Yes,
KD-062-R2,Family Planning,Yes,MTWTF,Yes,
KD-062-R3,Immunization,No,,,
KD-062-R3,Nutrition,Yes,MTWTF,Yes,
KD-062-R3,Antenatal Care,Yes,Specific days,No,"Facility closed (holiday, strike, renovation)"
KD-062-R3,Postnatal Care,Yes,Specific days,No,"Staff unavailable (leave, redeployment, strike)"
KD-062-R3,IMCI,Yes,On needs basis,Yes,
KD-062-R3,Malaria,Yes,Specific days,Yes,
KD-062-R3,Labour and Delivery,Yes,Specific days,Yes,
KD-062-R3,Family Planning,Yes,MTWTF,Yes,
KD-062-R4,Immunization,No,,,
KD-062-R4,Nutrition,Yes,MTWTFSS,Yes,
KD-062-R4,Antenatal Care,Yes,MTWTF,No,Vaccine stock-out
KD-062-R4,Postnatal Care,Yes,Specific days,Yes,
KD-062-R4,IMCI,Yes,Specific days,No,"Facility closed (holiday, strike, renovation)"
KD-062-R4,Malaria,Yes,MTWTFSS,Yes,
KD-062-R4,Labour and Delivery,Yes,On needs basis,Yes,
KD-062-R4,Family Planning,Yes,On needs basis,Yes,
KD-062-R5,Immunization,No,,,
KD-062-R5,Nutrition,Yes,MTWTF,No,"Staff unavailable (leave, redeployment, strike)"
KD-062-R5,Antenatal Care,Yes,MTWTF,Yes,
KD-062-R5,Postnatal Care,Yes,Specific days,Yes,
KD-062-R5,IMCI,Yes,On needs basis,Yes,
KD-062-R5,Malaria,Yes,MTWTF,Yes,
KD-062-R5,Labour and Delivery,Yes,MTWTF,Yes,
KD-062-R5,Family Planning,Yes,MTWTF,Yes,
KD-062-R6,Immunization,No,,,
KD-062-R6,Nutrition,Yes,On needs basis,Yes,
KD-062-R6,Antenatal Care,Yes,Specific days,Yes,
KD-062-R6,Postnatal Care,Yes,On needs basis,Yes,
KD-062-R6,IMCI,Yes,MTWTF,No,"Attending training, meeting, or other official assignment"
KD-062-R6,Malaria,Yes,Specific days,Yes,
KD-062-R6,Labour and Delivery,Yes,On needs basis,Yes,
KD-062-R6,Family Planning,Yes,Specific days,Yes,
KD-063-R1,Immunization,Yes,On needs basis,Yes,
KD-063-R1,Nutrition,No,,,
KD-063-R1,Antenatal Care,Yes,MTWTF,Yes,
KD-063-R1,Postnatal Care,Yes,Specific days,Yes,
KD-063-R1,IMCI,Yes,MTWTFSS,Yes,
KD-063-R1,Malaria,Yes,MTWTF,Yes,
KD-063-R1,Labour and Delivery,Yes,Specific days,Yes,
KD-063-R1,Family Planning,Yes,MTWTFSS,Yes,
KD-063-R2,Immunization,Yes,MTWTFSS,Yes,
KD-063-R2,Nutrition,No,,,
KD-063-R2,Antenatal Care,Yes,MTWTF,No,"Facility closed (holiday, strike, renovation)"
KD-063-R2,Postnatal Care,Yes,MTWTF,Yes,
KD-063-R2,IMCI,Yes,MTWTFSS,Yes,
KD-063-R2,Malaria,Yes,Specific days,Yes,
KD-063-R2,Labour and Delivery,Yes,MTWTFSS,Yes,
KD-063-R2,Family Planning,Yes,Specific days,Yes,
KD-063-R3,Immunization,Yes,Specific days,Yes,
KD-063-R3,Nutrition,No,,,
KD-063-R3,Antenatal Care,Yes,Specific days,Yes,
KD-063-R3,Postnatal Care,Yes,MTWTFSS,Yes,
KD-063-R3,IMCI,Yes,MTWTFSS,Yes,
KD-063-R3,Malaria,Yes,Specific days,Yes,
KD-063-R3,Labour and Delivery,Yes,Specific days,Yes,
KD-063-R3,Family Planning,Yes,MTWTFSS,Yes,
KD-063-R4,Immunization,Yes,MTWTFSS,Yes,
KD-063-R4,Nutrition,No,,,
KD-063-R4,Antenatal Care,Yes,On needs basis,Yes,
KD-063-R4,Postnatal Care,Yes,MTWTF,Yes,
KD-063-R4,IMCI,Yes,Specific days,Yes,
KD-063-R4,Malaria,Yes,Specific days,No,"Facility closed (holiday, strike, renovation)"
KD-063-R4,Labour and Delivery,Yes,Specific days,Yes,
KD-063-R4,Family Planning,Yes,MTWTF,Yes,
KD-063-R5,Immunization,Yes,MTWTF,Yes,
KD-063-R5,Nutrition,No,,,
KD-063-R5,Antenatal Care,Yes,Specific days,Yes,
KD-063-R5,Postnatal Care,Yes,MTWTF,Yes,
KD-063-R5,IMCI,Yes,MTWTFSS,Yes,
KD-063-R5,Malaria,Yes,MTWTF,Yes,
KD-063-R5,Labour and Delivery,Yes,Specific days,Yes,
KD-063-R5,Family Planning,Yes,MTWTFSS,Yes,
KD-063-R6,Immunization,Yes,Specific days,Yes,
KD-063-R6,Nutrition,No,,,
KD-063-R6,Antenatal Care,Yes,MTWTFSS,Yes,
KD-063-R6,Postnatal Care,Yes,Specific days,Yes,
KD-063-R6,IMCI,Yes,Specific days,Yes,
KD-063-R6,Malaria,Yes,MTWTF,Yes,
KD-063-R6,Labour and Delivery,Yes,Specific days,Yes,
KD-063-R6,Family Planning,Yes,MTWTFSS,Yes,
KD-064-R1,Immunization,Yes,MTWTF,Yes,
KD-064-R1,Nutrition,Yes,On needs basis,Yes,
KD-064-R1,Antenatal Care,Yes,MTWTF,No,"Staff unavailable (leave, redeployment, strike)"
KD-064-R1,Postnatal Care,Yes,On needs basis,Yes,
KD-064-R1,IMCI,Yes,Specific days,Yes,
KD-064-R1,Malaria,Yes,MTWTF,Yes,
KD-064-R1,Labour and Delivery,Yes,On needs basis,No,"Security concerns (insecurity, movement restrictions)"
KD-064-R1,Family Planning,Yes,Specific days,No,"Staff unavailable (leave, redeployment, strike)"
KD-064-R2,Immunization,Yes,On needs basis,Yes,
KD-064-R2,Nutrition,Yes,MTWTFSS,No,Low community turnout / community resistance
KD-064-R2,Antenatal Care,Yes,On needs basis,Yes,
KD-064-R2,Postnatal Care,Yes,MTWTF,Yes,
KD-064-R2,IMCI,Yes,Specific days,Yes,
KD-064-R2,Malaria,Yes,MTWTFSS,Yes,
KD-064-R2,Labour and Delivery,Yes,MTWTF,Yes,
KD-064-R2,Family Planning,Yes,On needs basis,Yes,
KD-064-R3,Immunization,Yes,Specific days,Yes,
KD-064-R3,Nutrition,Yes,Specific days,No,"Attending training, meeting, or other official assignment"
KD-064-R3,Antenatal Care,Yes,Specific days,Yes,
KD-064-R3,Postnatal Care,Yes,On needs basis,Yes,
KD-064-R3,IMCI,Yes,Specific days,Yes,
KD-064-R3,Malaria,Yes,MTWTF,Yes,
KD-064-R3,Labour and Delivery,Yes,Specific days,Yes,
KD-064-R3,Family Planning,Yes,Specific days,No,"Facility closed (holiday, strike, renovation)"
KD-064-R4,Immunization,Yes,MTWTF,Yes,
KD-064-R4,Nutrition,Yes,Specific days,Yes,
KD-064-R4,Antenatal Care,Yes,MTWTF,Yes,
KD-064-R4,Postnatal Care,Yes,On needs basis,Yes,
KD-064-R4,IMCI,Yes,On needs basis,Yes,
KD-064-R4,Malaria,Yes,MTWTF,Yes,
KD-064-R4,Labour and Delivery,Yes,MTWTF,Yes,
KD-064-R4,Family Planning,Yes,On needs basis,No,"Staff unavailable (leave, redeployment, strike)"
KD-064-R5,Immunization,Yes,MTWTF,No,"Security concerns (insecurity, movement restrictions)"
KD-064-R5,Nutrition,Yes,MTWTF,Yes,
KD-064-R5,Antenatal Care,Yes,Specific days,Yes,
KD-064-R5,Postnatal Care,Yes,Specific days,No,"Staff unavailable (leave, redeployment, strike)"
KD-064-R5,IMCI,Yes,MTWTF,No,"Facility closed (holiday, strike, renovation)"
KD-064-R5,Malaria,Yes,On needs basis,No,"Staff unavailable (leave, redeployment, strike)"
KD-064-R5,Labour and Delivery,Yes,MTWTF,No,"Security concerns (insecurity, movement restrictions)"
KD-064-R5,Family Planning,Yes,On needs basis,Yes,
KD-064-R6,Immunization,Yes,On needs basis,Yes,
KD-064-R6,Nutrition,Yes,On needs basis,Yes,
KD-064-R6,Antenatal Care,Yes,On needs basis,No,"Staff unavailable (leave, redeployment, strike)"
KD-064-R6,Postnatal Care,Yes,On needs basis,Yes,
KD-064-R6,IMCI,Yes,On needs basis,Yes,
KD-064-R6,Malaria,Yes,Specific days,No,Low community turnout / community resistance
KD-064-R6,Labour and Delivery,Yes,On needs basis,Yes,
KD-064-R6,Family Planning,Yes,MTWTF,Yes,
KD-065-R1,Immunization,Yes,MTWTF,Yes,
KD-065-R1,Nutrition,No,,,
KD-065-R1,Antenatal Care,Yes,On needs basis,Yes,
KD-065-R1,Postnatal Care,Yes,MTWTF,Yes,
KD-065-R1,IMCI,Yes,On needs basis,Yes,
KD-065-R1,Malaria,Yes,On needs basis,Yes,
KD-065-R1,Labour and Delivery,Yes,On needs basis,Yes,
KD-065-R1,Family Planning,Yes,Specific days,No,"Staff unavailable (leave, redeployment, strike)"
KD-065-R2,Immunization,Yes,Specific days,Yes,
KD-065-R2,Nutrition,No,,,
KD-065-R2,Antenatal Care,Yes,MTWTF,No,Weather or environmental conditions
KD-065-R2,Postnatal Care,Yes,MTWTF,Yes,
KD-065-R2,IMCI,Yes,Specific days,Yes,
KD-065-R2,Malaria,Yes,MTWTF,Yes,
KD-065-R2,Labour and Delivery,Yes,On needs basis,Yes,
KD-065-R2,Family Planning,Yes,Specific days,Yes,
KD-065-R3,Immunization,Yes,Specific days,Yes,
KD-065-R3,Nutrition,No,,,
KD-065-R3,Antenatal Care,Yes,On needs basis,Yes,
KD-065-R3,Postnatal Care,Yes,Specific days,No,"Facility closed (holiday, strike, renovation)"
KD-065-R3,IMCI,Yes,Specific days,Yes,
KD-065-R3,Malaria,Yes,MTWTFSS,No,Other
KD-065-R3,Labour and Delivery,Yes,On needs basis,Yes,
KD-065-R3,Family Planning,Yes,Specific days,No,Lack of transportation or logistics support
KD-065-R4,Immunization,Yes,Specific days,Yes,
KD-065-R4,Nutrition,No,,,
KD-065-R4,Antenatal Care,Yes,Specific days,Yes,
KD-065-R4,Postnatal Care,Yes,MTWTF,No,"Staff unavailable (leave, redeployment, strike)"
KD-065-R4,IMCI,Yes,Specific days,Yes,
KD-065-R4,Malaria,Yes,Specific days,Yes,
KD-065-R4,Labour and Delivery,Yes,MTWTF,No,"Attending training, meeting, or other official assignment"
KD-065-R4,Family Planning,Yes,Specific days,Yes,
KD-065-R5,Immunization,Yes,Specific days,Yes,
KD-065-R5,Nutrition,No,,,
KD-065-R5,Antenatal Care,Yes,MTWTF,Yes,
KD-065-R5,Postnatal Care,Yes,On needs basis,Yes,
KD-065-R5,IMCI,Yes,Specific days,No,"Staff unavailable (leave, redeployment, strike)"
KD-065-R5,Malaria,Yes,MTWTF,Yes,
KD-065-R5,Labour and Delivery,Yes,On needs basis,Yes,
KD-065-R5,Family Planning,Yes,MTWTF,No,Lack of transportation or logistics support
KD-065-R6,Immunization,Yes,On needs basis,Yes,
KD-065-R6,Nutrition,No,,,
KD-065-R6,Antenatal Care,Yes,On needs basis,Yes,
KD-065-R6,Postnatal Care,Yes,On needs basis,Yes,
KD-065-R6,IMCI,Yes,On needs basis,Yes,
KD-065-R6,Malaria,Yes,On needs basis,Yes,
KD-065-R6,Labour and Delivery,Yes,Specific days,Yes,
KD-065-R6,Family Planning,Yes,MTWTF,No,"Staff unavailable (leave, redeployment, strike)"
KD-066-R1,Immunization,No,,,
KD-066-R1,Nutrition,Yes,Specific days,Yes,
KD-066-R1,Antenatal Care,Yes,Specific days,No,"Staff unavailable (leave, redeployment, strike)"
KD-066-R1,Postnatal Care,Yes,On needs basis,Yes,
KD-066-R1,IMCI,Yes,MTWTF,No,"Attending training, meeting, or other official assignment"
KD-066-R1,Malaria,Yes,MTWTFSS,Yes,
KD-066-R1,Labour and Delivery,Yes,Specific days,Yes,
KD-066-R1,Family Planning,No,,,
KD-066-R2,Immunization,No,,,
KD-066-R2,Nutrition,Yes,Specific days,No,"Facility closed (holiday, strike, renovation)"
KD-066-R2,Antenatal Care,Yes,Specific days,No,"Staff unavailable (leave, redeployment, strike)"
KD-066-R2,Postnatal Care,Yes,MTWTFSS,Yes,
KD-066-R2,IMCI,Yes,MTWTFSS,Yes,
KD-066-R2,Malaria,Yes,Specific days,Yes,
KD-066-R2,Labour and Delivery,Yes,MTWTFSS,Yes,
KD-066-R2,Family Planning,No,,,
KD-066-R3,Immunization,No,,,
KD-066-R3,Nutrition,Yes,Specific days,Yes,
KD-066-R3,Antenatal Care,Yes,Specific days,Yes,
KD-066-R3,Postnatal Care,Yes,MTWTFSS,Yes,
KD-066-R3,IMCI,Yes,MTWTFSS,Yes,
KD-066-R3,Malaria,Yes,MTWTF,Yes,
KD-066-R3,Labour and Delivery,Yes,Specific days,No,"Attending training, meeting, or other official assignment"
KD-066-R3,Family Planning,No,,,
KD-066-R4,Immunization,No,,,
KD-066-R4,Nutrition,Yes,MTWTF,Yes,
KD-066-R4,Antenatal Care,Yes,MTWTF,Yes,
KD-066-R4,Postnatal Care,Yes,Specific days,Yes,
KD-066-R4,IMCI,Yes,On needs basis,Yes,
KD-066-R4,Malaria,Yes,MTWTF,No,"Attending training, meeting, or other official assignment"
KD-066-R4,Labour and Delivery,Yes,MTWTF,No,"Facility closed (holiday, strike, renovation)"
KD-066-R4,Family Planning,No,,,
KD-066-R5,Immunization,No,,,
KD-066-R5,Nutrition,Yes,MTWTFSS,Yes,
KD-066-R5,Antenatal Care,Yes,MTWTF,Yes,
KD-066-R5,Postnatal Care,Yes,Specific days,No,"Staff unavailable (leave, redeployment, strike)"
KD-066-R5,IMCI,Yes,Specific days,Yes,
KD-066-R5,Malaria,Yes,Specific days,Yes,
KD-066-R5,Labour and Delivery,Yes,MTWTFSS,No,Other
KD-066-R5,Family Planning,No,,,
KD-066-R6,Immunization,No,,,
KD-066-R6,Nutrition,Yes,Specific days,Yes,
KD-066-R6,Antenatal Care,Yes,Specific days,Yes,
KD-066-R6,Postnatal Care,Yes,MTWTFSS,No,"Facility closed (holiday, strike, renovation)"
KD-066-R6,IMCI,Yes,MTWTF,No,Low community turnout / community resistance
KD-066-R6,Malaria,Yes,Specific days,Yes,
KD-066-R6,Labour and Delivery,Yes,Specific days,Yes,
KD-066-R6,Family Planning,No,,,
KD-067-R1,Immunization,Yes,MTWTF,Yes,
KD-067-R1,Nutrition,Yes,MTWTF,Yes,
KD-067-R1,Antenatal Care,Yes,Specific days,Yes,
KD-067-R1,Postnatal Care,Yes,MTWTF,No,"Attending training, meeting, or other official assignment"
KD-067-R1,IMCI,Yes,On needs basis,No,"Attending training, meeting, or other official assignment"
KD-067-R1,Malaria,Yes,Specific days,Yes,
KD-067-R1,Labour and Delivery,No,,,
KD-067-R1,Family Planning,Yes,Specific days,Yes,
KD-067-R2,Immunization,Yes,Specific days,Yes,
KD-067-R2,Nutrition,Yes,Specific days,Yes,
KD-067-R2,Antenatal Care,Yes,Specific days,Yes,
KD-067-R2,Postnatal Care,Yes,MTWTF,No,"Attending training, meeting, or other official assignment"
KD-067-R2,IMCI,Yes,MTWTF,Yes,
KD-067-R2,Malaria,Yes,MTWTF,Yes,
KD-067-R2,Labour and Delivery,No,,,
KD-067-R2,Family Planning,Yes,Specific days,No,"Attending training, meeting, or other official assignment"
KD-067-R3,Immunization,Yes,MTWTF,Yes,
KD-067-R3,Nutrition,Yes,Specific days,Yes,
KD-067-R3,Antenatal Care,Yes,MTWTFSS,Yes,
KD-067-R3,Postnatal Care,Yes,On needs basis,Yes,
KD-067-R3,IMCI,Yes,MTWTFSS,Yes,
KD-067-R3,Malaria,Yes,MTWTFSS,Yes,
KD-067-R3,Labour and Delivery,No,,,
KD-067-R3,Family Planning,Yes,On needs basis,Yes,
KD-067-R4,Immunization,Yes,MTWTF,Yes,
KD-067-R4,Nutrition,Yes,Specific days,No,Other
KD-067-R4,Antenatal Care,Yes,Specific days,No,Weather or environmental conditions
KD-067-R4,Postnatal Care,Yes,MTWTF,Yes,
KD-067-R4,IMCI,Yes,MTWTF,Yes,
KD-067-R4,Malaria,Yes,MTWTF,Yes,
KD-067-R4,Labour and Delivery,No,,,
KD-067-R4,Family Planning,Yes,MTWTF,Yes,
KD-067-R5,Immunization,Yes,MTWTF,Yes,
KD-067-R5,Nutrition,Yes,MTWTFSS,Yes,
KD-067-R5,Antenatal Care,Yes,MTWTFSS,Yes,
KD-067-R5,Postnatal Care,Yes,On needs basis,Yes,
KD-067-R5,IMCI,Yes,On needs basis,Yes,
KD-067-R5,Malaria,Yes,Specific days,Yes,
KD-067-R5,Labour and Delivery,No,,,
KD-067-R5,Family Planning,Yes,Specific days,No,Low community turnout / community resistance
KD-067-R6,Immunization,Yes,Specific days,Yes,
KD-067-R6,Nutrition,Yes,MTWTF,Yes,
KD-067-R6,Antenatal Care,Yes,MTWTF,Yes,
KD-067-R6,Postnatal Care,Yes,Specific days,Yes,
KD-067-R6,IMCI,Yes,Specific days,Yes,
KD-067-R6,Malaria,Yes,On needs basis,Yes,
KD-067-R6,Labour and Delivery,No,,,
KD-067-R6,Family Planning,Yes,MTWTF,Yes,
KD-068-R1,Immunization,Yes,Specific days,Yes,
KD-068-R1,Nutrition,Yes,Specific days,Yes,
KD-068-R1,Antenatal Care,Yes,On needs basis,Yes,
KD-068-R1,Postnatal Care,Yes,MTWTF,Yes,
KD-068-R1,IMCI,Yes,Specific days,No,"Staff unavailable (leave, redeployment, strike)"
KD-068-R1,Malaria,Yes,Specific days,Yes,
KD-068-R1,Labour and Delivery,No,,,
KD-068-R1,Family Planning,Yes,MTWTF,No,"Staff unavailable (leave, redeployment, strike)"
KD-068-R2,Immunization,Yes,On needs basis,Yes,
KD-068-R2,Nutrition,Yes,MTWTF,Yes,
KD-068-R2,Antenatal Care,Yes,MTWTF,Yes,
KD-068-R2,Postnatal Care,Yes,MTWTF,Yes,
KD-068-R2,IMCI,Yes,On needs basis,Yes,
KD-068-R2,Malaria,Yes,On needs basis,Yes,
KD-068-R2,Labour and Delivery,No,,,
KD-068-R2,Family Planning,Yes,Specific days,No,"Attending training, meeting, or other official assignment"
KD-068-R3,Immunization,Yes,Specific days,Yes,
KD-068-R3,Nutrition,Yes,MTWTFSS,Yes,
KD-068-R3,Antenatal Care,Yes,On needs basis,Yes,
KD-068-R3,Postnatal Care,Yes,MTWTFSS,Yes,
KD-068-R3,IMCI,Yes,Specific days,No,"Attending training, meeting, or other official assignment"
KD-068-R3,Malaria,Yes,MTWTF,Yes,
KD-068-R3,Labour and Delivery,No,,,
KD-068-R3,Family Planning,Yes,MTWTF,Yes,
KD-068-R4,Immunization,Yes,MTWTF,Yes,
KD-068-R4,Nutrition,Yes,On needs basis,Yes,
KD-068-R4,Antenatal Care,Yes,MTWTF,Yes,
KD-068-R4,Postnatal Care,Yes,On needs basis,No,Low community turnout / community resistance
KD-068-R4,IMCI,Yes,MTWTFSS,Yes,
KD-068-R4,Malaria,Yes,On needs basis,No,Low community turnout / community resistance
KD-068-R4,Labour and Delivery,No,,,
KD-068-R4,Family Planning,Yes,MTWTF,No,"Facility closed (holiday, strike, renovation)"
KD-068-R5,Immunization,Yes,On needs basis,No,Low community turnout / community resistance
KD-068-R5,Nutrition,Yes,MTWTF,Yes,
KD-068-R5,Antenatal Care,Yes,Specific days,No,Lack of transportation or logistics support
KD-068-R5,Postnatal Care,Yes,MTWTF,Yes,
KD-068-R5,IMCI,Yes,Specific days,No,"Attending training, meeting, or other official assignment"
KD-068-R5,Malaria,Yes,Specific days,Yes,
KD-068-R5,Labour and Delivery,No,,,
KD-068-R5,Family Planning,Yes,Specific days,Yes,
KD-068-R6,Immunization,Yes,MTWTF,Yes,
KD-068-R6,Nutrition,Yes,MTWTF,Yes,
KD-068-R6,Antenatal Care,Yes,Specific days,Yes,
KD-068-R6,Postnatal Care,Yes,Specific days,Yes,
KD-068-R6,IMCI,Yes,Specific days,Yes,
KD-068-R6,Malaria,Yes,On needs basis,Yes,
KD-068-R6,Labour and Delivery,No,,,
KD-068-R6,Family Planning,Yes,On needs basis,No,"Facility closed (holiday, strike, renovation)"
KD-069-R1,Immunization,Yes,MTWTF,Yes,
KD-069-R1,Nutrition,Yes,On needs basis,Yes,
KD-069-R1,Antenatal Care,Yes,Specific days,Yes,
KD-069-R1,Postnatal Care,Yes,Specific days,No,"Facility closed (holiday, strike, renovation)"
KD-069-R1,IMCI,Yes,Specific days,Yes,
KD-069-R1,Malaria,Yes,Specific days,Yes,
KD-069-R1,Labour and Delivery,No,,,
KD-069-R1,Family Planning,Yes,On needs basis,No,"Attending training, meeting, or other official assignment"
KD-069-R2,Immunization,Yes,Specific days,Yes,
KD-069-R2,Nutrition,Yes,On needs basis,Yes,
KD-069-R2,Antenatal Care,Yes,On needs basis,Yes,
KD-069-R2,Postnatal Care,Yes,On needs basis,Yes,
KD-069-R2,IMCI,Yes,On needs basis,Yes,
KD-069-R2,Malaria,Yes,Specific days,Yes,
KD-069-R2,Labour and Delivery,No,,,
KD-069-R2,Family Planning,Yes,MTWTFSS,Yes,
KD-069-R3,Immunization,Yes,On needs basis,Yes,
KD-069-R3,Nutrition,Yes,MTWTF,Yes,
KD-069-R3,Antenatal Care,Yes,MTWTF,No,"Staff unavailable (leave, redeployment, strike)"
KD-069-R3,Postnatal Care,Yes,Specific days,Yes,
KD-069-R3,IMCI,Yes,MTWTF,Yes,
KD-069-R3,Malaria,Yes,On needs basis,Yes,
KD-069-R3,Labour and Delivery,No,,,
KD-069-R3,Family Planning,Yes,MTWTFSS,Yes,
KD-069-R4,Immunization,Yes,MTWTF,Yes,
KD-069-R4,Nutrition,Yes,Specific days,Yes,
KD-069-R4,Antenatal Care,Yes,Specific days,Yes,
KD-069-R4,Postnatal Care,Yes,Specific days,Yes,
KD-069-R4,IMCI,Yes,MTWTF,Yes,
KD-069-R4,Malaria,Yes,Specific days,Yes,
KD-069-R4,Labour and Delivery,No,,,
KD-069-R4,Family Planning,Yes,Specific days,Yes,
KD-069-R5,Immunization,Yes,On needs basis,Yes,
KD-069-R5,Nutrition,Yes,MTWTF,Yes,
KD-069-R5,Antenatal Care,Yes,Specific days,Yes,
KD-069-R5,Postnatal Care,Yes,MTWTF,Yes,
KD-069-R5,IMCI,Yes,MTWTF,Yes,
KD-069-R5,Malaria,Yes,MTWTF,Yes,
KD-069-R5,Labour and Delivery,No,,,
KD-069-R5,Family Planning,Yes,MTWTF,Yes,
KD-069-R6,Immunization,Yes,MTWTF,Yes,
KD-069-R6,Nutrition,Yes,MTWTF,Yes,
KD-069-R6,Antenatal Care,Yes,MTWTF,Yes,
KD-069-R6,Postnatal Care,Yes,Specific days,Yes,
KD-069-R6,IMCI,Yes,Specific days,Yes,
KD-069-R6,Malaria,Yes,On needs basis,Yes,
KD-069-R6,Labour and Delivery,No,,,
KD-069-R6,Family Planning,Yes,MTWTF,Yes,
KD-070-R1,Immunization,No,,,
KD-070-R1,Nutrition,No,,,
KD-070-R1,Antenatal Care,Yes,Specific days,Yes,
KD-070-R1,Postnatal Care,Yes,Specific days,Yes,
KD-070-R1,IMCI,No,,,
KD-070-R1,Malaria,Yes,Specific days,No,"Staff unavailable (leave, redeployment, strike)"
KD-070-R1,Labour and Delivery,No,,,
KD-070-R1,Family Planning,No,,,
KD-070-R2,Immunization,No,,,
KD-070-R2,Nutrition,No,,,
KD-070-R2,Antenatal Care,Yes,On needs basis,Yes,
KD-070-R2,Postnatal Care,Yes,Specific days,Yes,
KD-070-R2,IMCI,No,,,
KD-070-R2,Malaria,Yes,Specific days,No,Low community turnout / community resistance
KD-070-R2,Labour and Delivery,No,,,
KD-070-R2,Family Planning,No,,,
KD-070-R3,Immunization,No,,,
KD-070-R3,Nutrition,No,,,
KD-070-R3,Antenatal Care,Yes,Specific days,Yes,
KD-070-R3,Postnatal Care,Yes,On needs basis,No,Lack of transportation or logistics support
KD-070-R3,IMCI,No,,,
KD-070-R3,Malaria,Yes,Specific days,Yes,
KD-070-R3,Labour and Delivery,No,,,
KD-070-R3,Family Planning,No,,,
KD-070-R4,Immunization,No,,,
KD-070-R4,Nutrition,No,,,
KD-070-R4,Antenatal Care,Yes,Specific days,No,Weather or environmental conditions
KD-070-R4,Postnatal Care,Yes,Specific days,Yes,
KD-070-R4,IMCI,No,,,
KD-070-R4,Malaria,Yes,On needs basis,Yes,
KD-070-R4,Labour and Delivery,No,,,
KD-070-R4,Family Planning,No,,,
KD-070-R5,Immunization,No,,,
KD-070-R5,Nutrition,No,,,
KD-070-R5,Antenatal Care,Yes,MTWTFSS,Yes,
KD-070-R5,Postnatal Care,Yes,On needs basis,Yes,
KD-070-R5,IMCI,No,,,
KD-070-R5,Malaria,Yes,Specific days,Yes,
KD-070-R5,Labour and Delivery,No,,,
KD-070-R5,Family Planning,No,,,
KD-070-R6,Immunization,No,,,
KD-070-R6,Nutrition,No,,,
KD-070-R6,Antenatal Care,Yes,MTWTF,Yes,
KD-070-R6,Postnatal Care,Yes,MTWTFSS,Yes,
KD-070-R6,IMCI,No,,,
KD-070-R6,Malaria,Yes,MTWTF,Yes,
KD-070-R6,Labour and Delivery,No,,,
KD-070-R6,Family Planning,No,,,
KD-071-R1,Immunization,Yes,Specific days,No,Vaccine stock-out
KD-071-R1,Nutrition,Yes,Specific days,Yes,
KD-071-R1,Antenatal Care,Yes,MTWTFSS,Yes,
KD-071-R1,Postnatal Care,Yes,Specific days,No,Other
KD-071-R1,IMCI,Yes,Specific days,Yes,
KD-071-R1,Malaria,Yes,MTWTF,Yes,
KD-071-R1,Labour and Delivery,Yes,MTWTFSS,Yes,
KD-071-R1,Family Planning,Yes,Specific days,Yes,
KD-071-R2,Immunization,Yes,On needs basis,No,"Attending training, meeting, or other official assignment"
KD-071-R2,Nutrition,Yes,MTWTFSS,Yes,
KD-071-R2,Antenatal Care,Yes,MTWTF,Yes,
KD-071-R2,Postnatal Care,Yes,MTWTFSS,Yes,
KD-071-R2,IMCI,Yes,MTWTFSS,Yes,
KD-071-R2,Malaria,Yes,MTWTF,No,Other
KD-071-R2,Labour and Delivery,Yes,MTWTFSS,Yes,
KD-071-R2,Family Planning,Yes,Specific days,Yes,
KD-071-R3,Immunization,Yes,Specific days,Yes,
KD-071-R3,Nutrition,Yes,MTWTFSS,Yes,
KD-071-R3,Antenatal Care,Yes,MTWTFSS,Yes,
KD-071-R3,Postnatal Care,Yes,Specific days,Yes,
KD-071-R3,IMCI,Yes,Specific days,Yes,
KD-071-R3,Malaria,Yes,On needs basis,Yes,
KD-071-R3,Labour and Delivery,Yes,MTWTFSS,No,"Staff unavailable (leave, redeployment, strike)"
KD-071-R3,Family Planning,Yes,MTWTFSS,Yes,
KD-071-R4,Immunization,Yes,MTWTF,Yes,
KD-071-R4,Nutrition,Yes,MTWTFSS,Yes,
KD-071-R4,Antenatal Care,Yes,MTWTFSS,Yes,
KD-071-R4,Postnatal Care,Yes,MTWTF,Yes,
KD-071-R4,IMCI,Yes,Specific days,Yes,
KD-071-R4,Malaria,Yes,Specific days,Yes,
KD-071-R4,Labour and Delivery,Yes,Specific days,Yes,
KD-071-R4,Family Planning,Yes,MTWTF,Yes,
KD-071-R5,Immunization,Yes,Specific days,Yes,
KD-071-R5,Nutrition,Yes,MTWTF,Yes,
KD-071-R5,Antenatal Care,Yes,On needs basis,Yes,
KD-071-R5,Postnatal Care,Yes,MTWTF,Yes,
KD-071-R5,IMCI,Yes,Specific days,Yes,
KD-071-R5,Malaria,Yes,Specific days,Yes,
KD-071-R5,Labour and Delivery,Yes,MTWTFSS,Yes,
KD-071-R5,Family Planning,Yes,Specific days,No,Lack of transportation or logistics support
KD-071-R6,Immunization,Yes,MTWTF,Yes,
KD-071-R6,Nutrition,Yes,MTWTFSS,Yes,
KD-071-R6,Antenatal Care,Yes,Specific days,No,"Facility closed (holiday, strike, renovation)"
KD-071-R6,Postnatal Care,Yes,Specific days,Yes,
KD-071-R6,IMCI,Yes,Specific days,Yes,
KD-071-R6,Malaria,Yes,MTWTF,Yes,
KD-071-R6,Labour and Delivery,Yes,MTWTF,Yes,
KD-071-R6,Family Planning,Yes,On needs basis,No,"Staff unavailable (leave, redeployment, strike)"
KD-072-R1,Immunization,Yes,MTWTF,No,"Staff unavailable (leave, redeployment, strike)"
KD-072-R1,Nutrition,Yes,MTWTF,Yes,
KD-072-R1,Antenatal Care,Yes,Specific days,Yes,
KD-072-R1,Postnatal Care,Yes,Specific days,Yes,
KD-072-R1,IMCI,Yes,Specific days,Yes,
KD-072-R1,Malaria,Yes,Specific days,Yes,
KD-072-R1,Labour and Delivery,Yes,Specific days,Yes,
KD-072-R1,Family Planning,Yes,Specific days,Yes,
KD-072-R2,Immunization,Yes,On needs basis,Yes,
KD-072-R2,Nutrition,Yes,Specific days,Yes,
KD-072-R2,Antenatal Care,Yes,Specific days,No,Weather or environmental conditions
KD-072-R2,Postnatal Care,Yes,MTWTF,Yes,
KD-072-R2,IMCI,Yes,MTWTF,Yes,
KD-072-R2,Malaria,Yes,MTWTFSS,Yes,
KD-072-R2,Labour and Delivery,Yes,MTWTF,Yes,
KD-072-R2,Family Planning,Yes,Specific days,No,Low community turnout / community resistance
KD-072-R3,Immunization,Yes,MTWTF,Yes,
KD-072-R3,Nutrition,Yes,MTWTFSS,Yes,
KD-072-R3,Antenatal Care,Yes,Specific days,Yes,
KD-072-R3,Postnatal Care,Yes,MTWTF,Yes,
KD-072-R3,IMCI,Yes,MTWTF,No,"Facility closed (holiday, strike, renovation)"
KD-072-R3,Malaria,Yes,MTWTF,Yes,
KD-072-R3,Labour and Delivery,Yes,Specific days,Yes,
KD-072-R3,Family Planning,Yes,MTWTF,Yes,
KD-072-R4,Immunization,Yes,On needs basis,Yes,
KD-072-R4,Nutrition,Yes,MTWTF,Yes,
KD-072-R4,Antenatal Care,Yes,Specific days,Yes,
KD-072-R4,Postnatal Care,Yes,MTWTFSS,No,"Staff unavailable (leave, redeployment, strike)"
KD-072-R4,IMCI,Yes,MTWTF,Yes,
KD-072-R4,Malaria,Yes,MTWTF,Yes,
KD-072-R4,Labour and Delivery,Yes,On needs basis,Yes,
KD-072-R4,Family Planning,Yes,Specific days,No,"Staff unavailable (leave, redeployment, strike)"
KD-072-R5,Immunization,Yes,Specific days,Yes,
KD-072-R5,Nutrition,Yes,MTWTF,Yes,
KD-072-R5,Antenatal Care,Yes,Specific days,Yes,
KD-072-R5,Postnatal Care,Yes,MTWTF,Yes,
KD-072-R5,IMCI,Yes,On needs basis,No,"Attending training, meeting, or other official assignment"
KD-072-R5,Malaria,Yes,On needs basis,Yes,
KD-072-R5,Labour and Delivery,Yes,Specific days,Yes,
KD-072-R5,Family Planning,Yes,Specific days,Yes,
KD-072-R6,Immunization,Yes,Specific days,Yes,
KD-072-R6,Nutrition,Yes,MTWTF,Yes,
KD-072-R6,Antenatal Care,Yes,Specific days,No,"Staff unavailable (leave, redeployment, strike)"
KD-072-R6,Postnatal Care,Yes,On needs basis,Yes,
KD-072-R6,IMCI,Yes,Specific days,Yes,
KD-072-R6,Malaria,Yes,Specific days,Yes,
KD-072-R6,Labour and Delivery,Yes,Specific days,Yes,
KD-072-R6,Family Planning,Yes,On needs basis,Yes,
KD-073-R1,Immunization,Yes,MTWTFSS,Yes,
KD-073-R1,Nutrition,Yes,MTWTF,Yes,
KD-073-R1,Antenatal Care,Yes,Specific days,Yes,
KD-073-R1,Postnatal Care,Yes,Specific days,Yes,
KD-073-R1,IMCI,No,,,
KD-073-R1,Malaria,Yes,MTWTF,Yes,
KD-073-R1,Labour and Delivery,Yes,MTWTFSS,Yes,
KD-073-R1,Family Planning,Yes,Specific days,Yes,
KD-073-R2,Immunization,Yes,MTWTF,Yes,
KD-073-R2,Nutrition,Yes,MTWTF,Yes,
KD-073-R2,Antenatal Care,Yes,Specific days,Yes,
KD-073-R2,Postnatal Care,Yes,On needs basis,Yes,
KD-073-R2,IMCI,No,,,
KD-073-R2,Malaria,Yes,Specific days,Yes,
KD-073-R2,Labour and Delivery,Yes,MTWTF,Yes,
KD-073-R2,Family Planning,Yes,On needs basis,Yes,
KD-073-R3,Immunization,Yes,On needs basis,Yes,
KD-073-R3,Nutrition,Yes,On needs basis,No,"Staff unavailable (leave, redeployment, strike)"
KD-073-R3,Antenatal Care,Yes,MTWTF,Yes,
KD-073-R3,Postnatal Care,Yes,On needs basis,Yes,
KD-073-R3,IMCI,No,,,
KD-073-R3,Malaria,Yes,Specific days,No,"Staff unavailable (leave, redeployment, strike)"
KD-073-R3,Labour and Delivery,Yes,Specific days,No,Low community turnout / community resistance
KD-073-R3,Family Planning,Yes,Specific days,No,"Facility closed (holiday, strike, renovation)"
KD-073-R4,Immunization,Yes,Specific days,No,"Staff unavailable (leave, redeployment, strike)"
KD-073-R4,Nutrition,Yes,On needs basis,Yes,
KD-073-R4,Antenatal Care,Yes,Specific days,Yes,
KD-073-R4,Postnatal Care,Yes,Specific days,No,"Facility closed (holiday, strike, renovation)"
KD-073-R4,IMCI,No,,,
KD-073-R4,Malaria,Yes,On needs basis,Yes,
KD-073-R4,Labour and Delivery,Yes,Specific days,Yes,
KD-073-R4,Family Planning,Yes,MTWTF,No,"Facility closed (holiday, strike, renovation)"
KD-073-R5,Immunization,Yes,Specific days,Yes,
KD-073-R5,Nutrition,Yes,MTWTF,Yes,
KD-073-R5,Antenatal Care,Yes,MTWTF,No,"Staff unavailable (leave, redeployment, strike)"
KD-073-R5,Postnatal Care,Yes,MTWTF,Yes,
KD-073-R5,IMCI,No,,,
KD-073-R5,Malaria,Yes,Specific days,Yes,
KD-073-R5,Labour and Delivery,Yes,MTWTF,No,"Facility closed (holiday, strike, renovation)"
KD-073-R5,Family Planning,Yes,On needs basis,No,"Staff unavailable (leave, redeployment, strike)"
KD-073-R6,Immunization,Yes,MTWTF,Yes,
KD-073-R6,Nutrition,Yes,Specific days,Yes,
KD-073-R6,Antenatal Care,Yes,MTWTFSS,Yes,
KD-073-R6,Postnatal Care,Yes,MTWTF,Yes,
KD-073-R6,IMCI,No,,,
KD-073-R6,Malaria,Yes,Specific days,Yes,
KD-073-R6,Labour and Delivery,Yes,MTWTF,Yes,
KD-073-R6,Family Planning,Yes,MTWTFSS,Yes,
KD-074-R1,Immunization,Yes,MTWTF,Yes,
KD-074-R1,Nutrition,Yes,MTWTF,Yes,
KD-074-R1,Antenatal Care,No,,,
KD-074-R1,Postnatal Care,Yes,MTWTF,Yes,
KD-074-R1,IMCI,Yes,MTWTF,Yes,
KD-074-R1,Malaria,Yes,Specific days,No,"Attending training, meeting, or other official assignment"
KD-074-R1,Labour and Delivery,No,,,
KD-074-R1,Family Planning,Yes,MTWTF,Yes,
KD-074-R2,Immunization,Yes,MTWTF,Yes,
KD-074-R2,Nutrition,Yes,Specific days,No,"Staff unavailable (leave, redeployment, strike)"
KD-074-R2,Antenatal Care,No,,,
KD-074-R2,Postnatal Care,Yes,MTWTFSS,Yes,
KD-074-R2,IMCI,Yes,On needs basis,Yes,
KD-074-R2,Malaria,Yes,MTWTFSS,Yes,
KD-074-R2,Labour and Delivery,No,,,
KD-074-R2,Family Planning,Yes,MTWTFSS,Yes,
KD-074-R3,Immunization,Yes,Specific days,Yes,
KD-074-R3,Nutrition,Yes,MTWTFSS,Yes,
KD-074-R3,Antenatal Care,No,,,
KD-074-R3,Postnatal Care,Yes,On needs basis,Yes,
KD-074-R3,IMCI,Yes,Specific days,Yes,
KD-074-R3,Malaria,Yes,MTWTFSS,Yes,
KD-074-R3,Labour and Delivery,No,,,
KD-074-R3,Family Planning,Yes,MTWTF,No,"Attending training, meeting, or other official assignment"
KD-074-R4,Immunization,Yes,Specific days,Yes,
KD-074-R4,Nutrition,Yes,Specific days,Yes,
KD-074-R4,Antenatal Care,No,,,
KD-074-R4,Postnatal Care,Yes,Specific days,Yes,
KD-074-R4,IMCI,Yes,MTWTF,Yes,
KD-074-R4,Malaria,Yes,MTWTF,Yes,
KD-074-R4,Labour and Delivery,No,,,
KD-074-R4,Family Planning,Yes,Specific days,No,"Staff unavailable (leave, redeployment, strike)"
KD-074-R5,Immunization,Yes,MTWTF,Yes,
KD-074-R5,Nutrition,Yes,MTWTF,Yes,
KD-074-R5,Antenatal Care,No,,,
KD-074-R5,Postnatal Care,Yes,On needs basis,Yes,
KD-074-R5,IMCI,Yes,Specific days,Yes,
KD-074-R5,Malaria,Yes,MTWTFSS,Yes,
KD-074-R5,Labour and Delivery,No,,,
KD-074-R5,Family Planning,Yes,MTWTF,No,Low community turnout / community resistance
KD-074-R6,Immunization,Yes,MTWTF,Yes,
KD-074-R6,Nutrition,Yes,MTWTFSS,Yes,
KD-074-R6,Antenatal Care,No,,,
KD-074-R6,Postnatal Care,Yes,MTWTF,Yes,
KD-074-R6,IMCI,Yes,MTWTFSS,Yes,
KD-074-R6,Malaria,Yes,MTWTF,Yes,
KD-074-R6,Labour and Delivery,No,,,
KD-074-R6,Family Planning,Yes,MTWTF,Yes,
KD-075-R1,Immunization,Yes,MTWTF,Yes,
KD-075-R1,Nutrition,No,,,
KD-075-R1,Antenatal Care,No,,,
KD-075-R1,Postnatal Care,Yes,MTWTF,Yes,
KD-075-R1,IMCI,Yes,MTWTFSS,Yes,
KD-075-R1,Malaria,Yes,On needs basis,Yes,
KD-075-R1,Labour and Delivery,Yes,MTWTF,No,Low community turnout / community resistance
KD-075-R1,Family Planning,Yes,MTWTF,Yes,
KD-075-R2,Immunization,Yes,Specific days,Yes,
KD-075-R2,Nutrition,No,,,
KD-075-R2,Antenatal Care,No,,,
KD-075-R2,Postnatal Care,Yes,Specific days,Yes,
KD-075-R2,IMCI,Yes,MTWTF,Yes,
KD-075-R2,Malaria,Yes,Specific days,Yes,
KD-075-R2,Labour and Delivery,Yes,Specific days,Yes,
KD-075-R2,Family Planning,Yes,On needs basis,Yes,
KD-075-R3,Immunization,Yes,Specific days,Yes,
KD-075-R3,Nutrition,No,,,
KD-075-R3,Antenatal Care,No,,,
KD-075-R3,Postnatal Care,Yes,MTWTF,No,Lack of transportation or logistics support
KD-075-R3,IMCI,Yes,MTWTF,No,"Staff unavailable (leave, redeployment, strike)"
KD-075-R3,Malaria,Yes,MTWTF,No,Low community turnout / community resistance
KD-075-R3,Labour and Delivery,Yes,MTWTF,Yes,
KD-075-R3,Family Planning,Yes,On needs basis,Yes,
KD-075-R4,Immunization,Yes,Specific days,Yes,
KD-075-R4,Nutrition,No,,,
KD-075-R4,Antenatal Care,No,,,
KD-075-R4,Postnatal Care,Yes,MTWTF,No,"Staff unavailable (leave, redeployment, strike)"
KD-075-R4,IMCI,Yes,MTWTF,Yes,
KD-075-R4,Malaria,Yes,MTWTF,Yes,
KD-075-R4,Labour and Delivery,Yes,On needs basis,Yes,
KD-075-R4,Family Planning,Yes,Specific days,Yes,
KD-075-R5,Immunization,Yes,MTWTF,Yes,
KD-075-R5,Nutrition,No,,,
KD-075-R5,Antenatal Care,No,,,
KD-075-R5,Postnatal Care,Yes,MTWTFSS,Yes,
KD-075-R5,IMCI,Yes,On needs basis,No,Other
KD-075-R5,Malaria,Yes,MTWTF,Yes,
KD-075-R5,Labour and Delivery,Yes,Specific days,Yes,
KD-075-R5,Family Planning,Yes,MTWTF,Yes,
KD-075-R6,Immunization,Yes,Specific days,Yes,
KD-075-R6,Nutrition,No,,,
KD-075-R6,Antenatal Care,No,,,
KD-075-R6,Postnatal Care,Yes,Specific days,No,"Staff unavailable (leave, redeployment, strike)"
KD-075-R6,IMCI,Yes,On needs basis,Yes,
KD-075-R6,Malaria,Yes,Specific days,Yes,
KD-075-R6,Labour and Delivery,Yes,MTWTF,Yes,
KD-075-R6,Family Planning,Yes,On needs basis,Yes,
KD-076-R1,Immunization,Yes,MTWTFSS,No,Low community turnout / community resistance
KD-076-R1,Nutrition,Yes,MTWTF,Yes,
KD-076-R1,Antenatal Care,Yes,On needs basis,Yes,
KD-076-R1,Postnatal Care,Yes,On needs basis,Yes,
KD-076-R1,IMCI,Yes,MTWTF,Yes,
KD-076-R1,Malaria,Yes,On needs basis,Yes,
KD-076-R1,Labour and Delivery,Yes,Specific days,No,"Facility closed (holiday, strike, renovation)"
KD-076-R1,Family Planning,Yes,MTWTF,Yes,
KD-076-R2,Immunization,Yes,On needs basis,Yes,
KD-076-R2,Nutrition,Yes,MTWTFSS,Yes,
KD-076-R2,Antenatal Care,Yes,MTWTF,Yes,
KD-076-R2,Postnatal Care,Yes,Specific days,Yes,
KD-076-R2,IMCI,Yes,MTWTF,Yes,
KD-076-R2,Malaria,Yes,Specific days,Yes,
KD-076-R2,Labour and Delivery,Yes,MTWTF,Yes,
KD-076-R2,Family Planning,Yes,On needs basis,No,Weather or environmental conditions
KD-076-R3,Immunization,Yes,On needs basis,Yes,
KD-076-R3,Nutrition,Yes,Specific days,No,Low community turnout / community resistance
KD-076-R3,Antenatal Care,Yes,MTWTF,Yes,
KD-076-R3,Postnatal Care,Yes,MTWTF,Yes,
KD-076-R3,IMCI,Yes,MTWTF,Yes,
KD-076-R3,Malaria,Yes,On needs basis,Yes,
KD-076-R3,Labour and Delivery,Yes,Specific days,Yes,
KD-076-R3,Family Planning,Yes,Specific days,Yes,
KD-076-R4,Immunization,Yes,On needs basis,No,"Staff unavailable (leave, redeployment, strike)"
KD-076-R4,Nutrition,Yes,Specific days,Yes,
KD-076-R4,Antenatal Care,Yes,Specific days,Yes,
KD-076-R4,Postnatal Care,Yes,Specific days,Yes,
KD-076-R4,IMCI,Yes,MTWTF,Yes,
KD-076-R4,Malaria,Yes,Specific days,No,"Attending training, meeting, or other official assignment"
KD-076-R4,Labour and Delivery,Yes,MTWTF,Yes,
KD-076-R4,Family Planning,Yes,MTWTF,Yes,
KD-076-R5,Immunization,Yes,MTWTF,Yes,
KD-076-R5,Nutrition,Yes,MTWTF,Yes,
KD-076-R5,Antenatal Care,Yes,Specific days,Yes,
KD-076-R5,Postnatal Care,Yes,Specific days,Yes,
KD-076-R5,IMCI,Yes,Specific days,Yes,
KD-076-R5,Malaria,Yes,On needs basis,Yes,
KD-076-R5,Labour and Delivery,Yes,Specific days,Yes,
KD-076-R5,Family Planning,Yes,MTWTF,Yes,
KD-076-R6,Immunization,Yes,MTWTF,Yes,
KD-076-R6,Nutrition,Yes,On needs basis,No,Lack of transportation or logistics support
KD-076-R6,Antenatal Care,Yes,Specific days,Yes,
KD-076-R6,Postnatal Care,Yes,Specific days,Yes,
KD-076-R6,IMCI,Yes,MTWTF,Yes,
KD-076-R6,Malaria,Yes,MTWTF,No,"Attending training, meeting, or other official assignment"
KD-076-R6,Labour and Delivery,Yes,MTWTF,No,"Staff unavailable (leave, redeployment, strike)"
KD-076-R6,Family Planning,Yes,MTWTF,Yes,
KD-077-R1,Immunization,Yes,MTWTF,No,"Attending training, meeting, or other official assignment"
KD-077-R1,Nutrition,No,,,
KD-077-R1,Antenatal Care,Yes,Specific days,Yes,
KD-077-R1,Postnatal Care,No,,,
KD-077-R1,IMCI,Yes,MTWTFSS,Yes,
KD-077-R1,Malaria,Yes,MTWTF,Yes,
KD-077-R1,Labour and Delivery,Yes,MTWTF,Yes,
KD-077-R1,Family Planning,Yes,MTWTF,Yes,
KD-077-R2,Immunization,Yes,MTWTF,Yes,
KD-077-R2,Nutrition,No,,,
KD-077-R2,Antenatal Care,Yes,MTWTF,Yes,
KD-077-R2,Postnatal Care,No,,,
KD-077-R2,IMCI,Yes,Specific days,Yes,
KD-077-R2,Malaria,Yes,Specific days,Yes,
KD-077-R2,Labour and Delivery,Yes,Specific days,Yes,
KD-077-R2,Family Planning,Yes,MTWTF,Yes,
KD-077-R3,Immunization,Yes,Specific days,No,Low community turnout / community resistance
KD-077-R3,Nutrition,No,,,
KD-077-R3,Antenatal Care,Yes,MTWTF,Yes,
KD-077-R3,Postnatal Care,No,,,
KD-077-R3,IMCI,Yes,Specific days,Yes,
KD-077-R3,Malaria,Yes,MTWTF,Yes,
KD-077-R3,Labour and Delivery,Yes,MTWTF,Yes,
KD-077-R3,Family Planning,Yes,Specific days,Yes,
KD-077-R4,Immunization,Yes,Specific days,Yes,
KD-077-R4,Nutrition,No,,,
KD-077-R4,Antenatal Care,Yes,Specific days,Yes,
KD-077-R4,Postnatal Care,No,,,
KD-077-R4,IMCI,Yes,Specific days,Yes,
KD-077-R4,Malaria,Yes,MTWTFSS,Yes,
KD-077-R4,Labour and Delivery,Yes,Specific days,Yes,
KD-077-R4,Family Planning,Yes,MTWTFSS,Yes,
KD-077-R5,Immunization,Yes,Specific days,Yes,
KD-077-R5,Nutrition,No,,,
KD-077-R5,Antenatal Care,Yes,MTWTFSS,No,Lack of transportation or logistics support
KD-077-R5,Postnatal Care,No,,,
KD-077-R5,IMCI,Yes,Specific days,Yes,
KD-077-R5,Malaria,Yes,Specific days,No,"Security concerns (insecurity, movement restrictions)"
KD-077-R5,Labour and Delivery,Yes,Specific days,Yes,
KD-077-R5,Family Planning,Yes,Specific days,Yes,
KD-077-R6,Immunization,Yes,MTWTF,Yes,
KD-077-R6,Nutrition,No,,,
KD-077-R6,Antenatal Care,Yes,MTWTFSS,Yes,
KD-077-R6,Postnatal Care,No,,,
KD-077-R6,IMCI,Yes,Specific days,No,Lack of transportation or logistics support
KD-077-R6,Malaria,Yes,MTWTF,Yes,
KD-077-R6,Labour and Delivery,Yes,MTWTF,Yes,
KD-077-R6,Family Planning,Yes,Specific days,Yes,
KD-078-R1,Immunization,Yes,On needs basis,Yes,
KD-078-R1,Nutrition,Yes,MTWTF,Yes,
KD-078-R1,Antenatal Care,Yes,MTWTF,Yes,
KD-078-R1,Postnatal Care,Yes,Specific days,Yes,
KD-078-R1,IMCI,Yes,MTWTF,Yes,
KD-078-R1,Malaria,Yes,Specific days,Yes,
KD-078-R1,Labour and Delivery,Yes,Specific days,Yes,
KD-078-R1,Family Planning,Yes,Specific days,Yes,
KD-078-R2,Immunization,Yes,MTWTF,Yes,
KD-078-R2,Nutrition,Yes,Specific days,Yes,
KD-078-R2,Antenatal Care,Yes,Specific days,Yes,
KD-078-R2,Postnatal Care,Yes,MTWTF,Yes,
KD-078-R2,IMCI,Yes,MTWTF,Yes,
KD-078-R2,Malaria,Yes,MTWTF,Yes,
KD-078-R2,Labour and Delivery,Yes,Specific days,Yes,
KD-078-R2,Family Planning,Yes,On needs basis,Yes,
KD-078-R3,Immunization,Yes,MTWTF,Yes,
KD-078-R3,Nutrition,Yes,MTWTF,Yes,
KD-078-R3,Antenatal Care,Yes,On needs basis,No,"Staff unavailable (leave, redeployment, strike)"
KD-078-R3,Postnatal Care,Yes,MTWTF,Yes,
KD-078-R3,IMCI,Yes,Specific days,Yes,
KD-078-R3,Malaria,Yes,MTWTF,No,"Attending training, meeting, or other official assignment"
KD-078-R3,Labour and Delivery,Yes,Specific days,Yes,
KD-078-R3,Family Planning,Yes,MTWTF,Yes,
KD-078-R4,Immunization,Yes,On needs basis,No,"Attending training, meeting, or other official assignment"
KD-078-R4,Nutrition,Yes,Specific days,Yes,
KD-078-R4,Antenatal Care,Yes,MTWTF,Yes,
KD-078-R4,Postnatal Care,Yes,MTWTF,Yes,
KD-078-R4,IMCI,Yes,MTWTFSS,Yes,
KD-078-R4,Malaria,Yes,Specific days,Yes,
KD-078-R4,Labour and Delivery,Yes,Specific days,Yes,
KD-078-R4,Family Planning,Yes,MTWTF,Yes,
KD-078-R5,Immunization,Yes,Specific days,Yes,
KD-078-R5,Nutrition,Yes,Specific days,Yes,
KD-078-R5,Antenatal Care,Yes,MTWTF,Yes,
KD-078-R5,Postnatal Care,Yes,Specific days,No,"Staff unavailable (leave, redeployment, strike)"
KD-078-R5,IMCI,Yes,Specific days,Yes,
KD-078-R5,Malaria,Yes,MTWTF,Yes,
KD-078-R5,Labour and Delivery,Yes,MTWTF,Yes,
KD-078-R5,Family Planning,Yes,MTWTF,Yes,
KD-078-R6,Immunization,Yes,Specific days,Yes,
KD-078-R6,Nutrition,Yes,Specific days,Yes,
KD-078-R6,Antenatal Care,Yes,Specific days,Yes,
KD-078-R6,Postnatal Care,Yes,Specific days,Yes,
KD-078-R6,IMCI,Yes,Specific days,Yes,
KD-078-R6,Malaria,Yes,MTWTF,Yes,
KD-078-R6,Labour and Delivery,Yes,MTWTF,Yes,
KD-078-R6,Family Planning,Yes,Specific days,No,Weather or environmental conditions
KD-079-R1,Immunization,No,,,
KD-079-R1,Nutrition,Yes,MTWTF,Yes,
KD-079-R1,Antenatal Care,Yes,Specific days,Yes,
KD-079-R1,Postnatal Care,Yes,MTWTF,Yes,
KD-079-R1,IMCI,Yes,On needs basis,Yes,
KD-079-R1,Malaria,Yes,MTWTF,No,Lack of transportation or logistics support
KD-079-R1,Labour and Delivery,Yes,On needs basis,Yes,
KD-079-R1,Family Planning,Yes,On needs basis,No,"Attending training, meeting, or other official assignment"
KD-079-R2,Immunization,No,,,
KD-079-R2,Nutrition,Yes,MTWTF,Yes,
KD-079-R2,Antenatal Care,Yes,On needs basis,Yes,
KD-079-R2,Postnatal Care,Yes,Specific days,Yes,
KD-079-R2,IMCI,Yes,MTWTF,Yes,
KD-079-R2,Malaria,Yes,Specific days,Yes,
KD-079-R2,Labour and Delivery,Yes,Specific days,No,Other
KD-079-R2,Family Planning,Yes,Specific days,Yes,
KD-079-R3,Immunization,No,,,
KD-079-R3,Nutrition,Yes,MTWTF,Yes,
KD-079-R3,Antenatal Care,Yes,Specific days,Yes,
KD-079-R3,Postnatal Care,Yes,On needs basis,Yes,
KD-079-R3,IMCI,Yes,MTWTF,Yes,
KD-079-R3,Malaria,Yes,MTWTF,Yes,
KD-079-R3,Labour and Delivery,Yes,MTWTF,No,"Security concerns (insecurity, movement restrictions)"
KD-079-R3,Family Planning,Yes,MTWTF,Yes,
KD-079-R4,Immunization,No,,,
KD-079-R4,Nutrition,Yes,MTWTF,No,"Staff unavailable (leave, redeployment, strike)"
KD-079-R4,Antenatal Care,Yes,Specific days,Yes,
KD-079-R4,Postnatal Care,Yes,Specific days,Yes,
KD-079-R4,IMCI,Yes,Specific days,Yes,
KD-079-R4,Malaria,Yes,On needs basis,Yes,
KD-079-R4,Labour and Delivery,Yes,On needs basis,Yes,
KD-079-R4,Family Planning,Yes,Specific days,Yes,
KD-079-R5,Immunization,No,,,
KD-079-R5,Nutrition,Yes,Specific days,Yes,
KD-079-R5,Antenatal Care,Yes,On needs basis,Yes,
KD-079-R5,Postnatal Care,Yes,Specific days,Yes,
KD-079-R5,IMCI,Yes,MTWTF,Yes,
KD-079-R5,Malaria,Yes,On needs basis,Yes,
KD-079-R5,Labour and Delivery,Yes,MTWTF,Yes,
KD-079-R5,Family Planning,Yes,Specific days,Yes,
KD-079-R6,Immunization,No,,,
KD-079-R6,Nutrition,Yes,Specific days,Yes,
KD-079-R6,Antenatal Care,Yes,MTWTF,Yes,
KD-079-R6,Postnatal Care,Yes,Specific days,Yes,
KD-079-R6,IMCI,Yes,MTWTFSS,Yes,
KD-079-R6,Malaria,Yes,MTWTFSS,Yes,
KD-079-R6,Labour and Delivery,Yes,Specific days,Yes,
KD-079-R6,Family Planning,Yes,Specific days,Yes,
KD-080-R1,Immunization,Yes,Specific days,No,"Facility closed (holiday, strike, renovation)"
KD-080-R1,Nutrition,Yes,MTWTF,No,"Facility closed (holiday, strike, renovation)"
KD-080-R1,Antenatal Care,Yes,MTWTF,Yes,
KD-080-R1,Postnatal Care,Yes,MTWTF,Yes,
KD-080-R1,IMCI,Yes,On needs basis,No,"Facility closed (holiday, strike, renovation)"
KD-080-R1,Malaria,Yes,On needs basis,Yes,
KD-080-R1,Labour and Delivery,Yes,MTWTF,Yes,
KD-080-R1,Family Planning,Yes,MTWTFSS,No,"Attending training, meeting, or other official assignment"
KD-080-R2,Immunization,Yes,MTWTF,Yes,
KD-080-R2,Nutrition,Yes,Specific days,No,"Facility closed (holiday, strike, renovation)"
KD-080-R2,Antenatal Care,Yes,Specific days,Yes,
KD-080-R2,Postnatal Care,Yes,Specific days,Yes,
KD-080-R2,IMCI,Yes,Specific days,Yes,
KD-080-R2,Malaria,Yes,On needs basis,Yes,
KD-080-R2,Labour and Delivery,Yes,MTWTF,Yes,
KD-080-R2,Family Planning,Yes,Specific days,Yes,
KD-080-R3,Immunization,Yes,MTWTFSS,No,"Staff unavailable (leave, redeployment, strike)"
KD-080-R3,Nutrition,Yes,On needs basis,Yes,
KD-080-R3,Antenatal Care,Yes,On needs basis,Yes,
KD-080-R3,Postnatal Care,Yes,Specific days,Yes,
KD-080-R3,IMCI,Yes,On needs basis,Yes,
KD-080-R3,Malaria,Yes,Specific days,No,"Staff unavailable (leave, redeployment, strike)"
KD-080-R3,Labour and Delivery,Yes,MTWTF,No,Weather or environmental conditions
KD-080-R3,Family Planning,Yes,MTWTF,Yes,
KD-080-R4,Immunization,Yes,MTWTF,Yes,
KD-080-R4,Nutrition,Yes,Specific days,Yes,
KD-080-R4,Antenatal Care,Yes,MTWTF,Yes,
KD-080-R4,Postnatal Care,Yes,Specific days,Yes,
KD-080-R4,IMCI,Yes,On needs basis,Yes,
KD-080-R4,Malaria,Yes,MTWTF,Yes,
KD-080-R4,Labour and Delivery,Yes,On needs basis,Yes,
KD-080-R4,Family Planning,Yes,MTWTF,Yes,
KD-080-R5,Immunization,Yes,MTWTF,No,"Facility closed (holiday, strike, renovation)"
KD-080-R5,Nutrition,Yes,Specific days,Yes,
KD-080-R5,Antenatal Care,Yes,Specific days,Yes,
KD-080-R5,Postnatal Care,Yes,Specific days,Yes,
KD-080-R5,IMCI,Yes,Specific days,Yes,
KD-080-R5,Malaria,Yes,MTWTF,No,"Staff unavailable (leave, redeployment, strike)"
KD-080-R5,Labour and Delivery,Yes,Specific days,Yes,
KD-080-R5,Family Planning,Yes,MTWTF,Yes,
KD-080-R6,Immunization,Yes,MTWTF,Yes,
KD-080-R6,Nutrition,Yes,On needs basis,Yes,
KD-080-R6,Antenatal Care,Yes,Specific days,No,Lack of transportation or logistics support
KD-080-R6,Postnatal Care,Yes,On needs basis,Yes,
KD-080-R6,IMCI,Yes,MTWTFSS,Yes,
KD-080-R6,Malaria,Yes,MTWTFSS,Yes,
KD-080-R6,Labour and Delivery,Yes,On needs basis,Yes,
KD-080-R6,Family Planning,Yes,Specific days,Yes,
KD-081-R1,Immunization,Yes,MTWTF,Yes,
KD-081-R1,Nutrition,Yes,MTWTF,Yes,
KD-081-R1,Antenatal Care,Yes,Specific days,Yes,
KD-081-R1,Postnatal Care,Yes,MTWTF,Yes,
KD-081-R1,IMCI,No,,,
KD-081-R1,Malaria,Yes,Specific days,Yes,
KD-081-R1,Labour and Delivery,Yes,MTWTFSS,Yes,
KD-081-R1,Family Planning,Yes,MTWTFSS,Yes,
KD-081-R2,Immunization,Yes,MTWTF,Yes,
KD-081-R2,Nutrition,Yes,MTWTF,Yes,
KD-081-R2,Antenatal Care,Yes,Specific days,Yes,
KD-081-R2,Postnatal Care,Yes,Specific days,Yes,
KD-081-R2,IMCI,No,,,
KD-081-R2,Malaria,Yes,Specific days,No,"Attending training, meeting, or other official assignment"
KD-081-R2,Labour and Delivery,Yes,Specific days,Yes,
KD-081-R2,Family Planning,Yes,MTWTFSS,Yes,
KD-081-R3,Immunization,Yes,Specific days,No,Weather or environmental conditions
KD-081-R3,Nutrition,Yes,MTWTF,Yes,
KD-081-R3,Antenatal Care,Yes,MTWTF,Yes,
KD-081-R3,Postnatal Care,Yes,Specific days,Yes,
KD-081-R3,IMCI,No,,,
KD-081-R3,Malaria,Yes,MTWTFSS,No,Weather or environmental conditions
KD-081-R3,Labour and Delivery,Yes,Specific days,Yes,
KD-081-R3,Family Planning,Yes,Specific days,Yes,
KD-081-R4,Immunization,Yes,MTWTF,Yes,
KD-081-R4,Nutrition,Yes,MTWTFSS,Yes,
KD-081-R4,Antenatal Care,Yes,On needs basis,Yes,
KD-081-R4,Postnatal Care,Yes,MTWTFSS,Yes,
KD-081-R4,IMCI,No,,,
KD-081-R4,Malaria,Yes,MTWTFSS,Yes,
KD-081-R4,Labour and Delivery,Yes,MTWTFSS,No,"Staff unavailable (leave, redeployment, strike)"
KD-081-R4,Family Planning,Yes,Specific days,Yes,
KD-081-R5,Immunization,Yes,MTWTF,Yes,
KD-081-R5,Nutrition,Yes,MTWTF,Yes,
KD-081-R5,Antenatal Care,Yes,On needs basis,Yes,
KD-081-R5,Postnatal Care,Yes,Specific days,Yes,
KD-081-R5,IMCI,No,,,
KD-081-R5,Malaria,Yes,MTWTF,Yes,
KD-081-R5,Labour and Delivery,Yes,On needs basis,No,"Attending training, meeting, or other official assignment"
KD-081-R5,Family Planning,Yes,MTWTF,Yes,
KD-081-R6,Immunization,Yes,MTWTF,Yes,
KD-081-R6,Nutrition,Yes,MTWTF,Yes,
KD-081-R6,Antenatal Care,Yes,MTWTFSS,Yes,
KD-081-R6,Postnatal Care,Yes,Specific days,Yes,
KD-081-R6,IMCI,No,,,
KD-081-R6,Malaria,Yes,MTWTF,Yes,
KD-081-R6,Labour and Delivery,Yes,MTWTFSS,No,"Attending training, meeting, or other official assignment"
KD-081-R6,Family Planning,Yes,MTWTFSS,Yes,
KD-082-R1,Immunization,Yes,MTWTF,Yes,
KD-082-R1,Nutrition,Yes,On needs basis,Yes,
KD-082-R1,Antenatal Care,No,,,
KD-082-R1,Postnatal Care,Yes,Specific days,Yes,
KD-082-R1,IMCI,Yes,Specific days,No,"Staff unavailable (leave, redeployment, strike)"
KD-082-R1,Malaria,Yes,MTWTFSS,Yes,
KD-082-R1,Labour and Delivery,Yes,MTWTFSS,Yes,
KD-082-R1,Family Planning,Yes,Specific days,Yes,
KD-082-R2,Immunization,Yes,Specific days,Yes,
KD-082-R2,Nutrition,Yes,Specific days,No,"Staff unavailable (leave, redeployment, strike)"
KD-082-R2,Antenatal Care,No,,,
KD-082-R2,Postnatal Care,Yes,Specific days,Yes,
KD-082-R2,IMCI,Yes,Specific days,Yes,
KD-082-R2,Malaria,Yes,Specific days,Yes,
KD-082-R2,Labour and Delivery,Yes,MTWTF,Yes,
KD-082-R2,Family Planning,Yes,Specific days,Yes,
KD-082-R3,Immunization,Yes,MTWTF,No,Weather or environmental conditions
KD-082-R3,Nutrition,Yes,MTWTF,No,"Staff unavailable (leave, redeployment, strike)"
KD-082-R3,Antenatal Care,No,,,
KD-082-R3,Postnatal Care,Yes,Specific days,Yes,
KD-082-R3,IMCI,Yes,Specific days,Yes,
KD-082-R3,Malaria,Yes,MTWTFSS,No,"Attending training, meeting, or other official assignment"
KD-082-R3,Labour and Delivery,Yes,Specific days,Yes,
KD-082-R3,Family Planning,Yes,MTWTF,Yes,
KD-082-R4,Immunization,Yes,MTWTFSS,Yes,
KD-082-R4,Nutrition,Yes,MTWTFSS,Yes,
KD-082-R4,Antenatal Care,No,,,
KD-082-R4,Postnatal Care,Yes,Specific days,Yes,
KD-082-R4,IMCI,Yes,MTWTFSS,Yes,
KD-082-R4,Malaria,Yes,MTWTFSS,Yes,
KD-082-R4,Labour and Delivery,Yes,Specific days,No,"Attending training, meeting, or other official assignment"
KD-082-R4,Family Planning,Yes,Specific days,Yes,
KD-082-R5,Immunization,Yes,MTWTFSS,Yes,
KD-082-R5,Nutrition,Yes,Specific days,Yes,
KD-082-R5,Antenatal Care,No,,,
KD-082-R5,Postnatal Care,Yes,Specific days,Yes,
KD-082-R5,IMCI,Yes,MTWTF,No,"Staff unavailable (leave, redeployment, strike)"
KD-082-R5,Malaria,Yes,MTWTF,Yes,
KD-082-R5,Labour and Delivery,Yes,Specific days,Yes,
KD-082-R5,Family Planning,Yes,Specific days,Yes,
KD-082-R6,Immunization,Yes,Specific days,Yes,
KD-082-R6,Nutrition,Yes,Specific days,Yes,
KD-082-R6,Antenatal Care,No,,,
KD-082-R6,Postnatal Care,Yes,MTWTF,Yes,
KD-082-R6,IMCI,Yes,MTWTF,Yes,
KD-082-R6,Malaria,Yes,MTWTF,Yes,
KD-082-R6,Labour and Delivery,Yes,Specific days,Yes,
KD-082-R6,Family Planning,Yes,MTWTF,Yes,
KD-083-R1,Immunization,Yes,Specific days,Yes,
KD-083-R1,Nutrition,No,,,
KD-083-R1,Antenatal Care,Yes,Specific days,Yes,
KD-083-R1,Postnatal Care,Yes,Specific days,Yes,
KD-083-R1,IMCI,Yes,MTWTF,No,Lack of transportation or logistics support
KD-083-R1,Malaria,Yes,Specific days,Yes,
KD-083-R1,Labour and Delivery,Yes,Specific days,Yes,
KD-083-R1,Family Planning,Yes,MTWTF,Yes,
KD-083-R2,Immunization,Yes,On needs basis,No,Cold chain equipment failure
KD-083-R2,Nutrition,No,,,
KD-083-R2,Antenatal Care,Yes,Specific days,No,"Staff unavailable (leave, redeployment, strike)"
KD-083-R2,Postnatal Care,Yes,Specific days,No,"Attending training, meeting, or other official assignment"
KD-083-R2,IMCI,Yes,MTWTF,Yes,
KD-083-R2,Malaria,Yes,Specific days,Yes,
KD-083-R2,Labour and Delivery,Yes,Specific days,Yes,
KD-083-R2,Family Planning,Yes,MTWTFSS,No,"Staff unavailable (leave, redeployment, strike)"
KD-083-R3,Immunization,Yes,MTWTF,Yes,
KD-083-R3,Nutrition,No,,,
KD-083-R3,Antenatal Care,Yes,MTWTF,Yes,
KD-083-R3,Postnatal Care,Yes,MTWTF,Yes,
KD-083-R3,IMCI,Yes,MTWTF,No,"Staff unavailable (leave, redeployment, strike)"
KD-083-R3,Malaria,Yes,Specific days,Yes,
KD-083-R3,Labour and Delivery,Yes,MTWTF,Yes,
KD-083-R3,Family Planning,Yes,MTWTF,Yes,
KD-083-R4,Immunization,Yes,MTWTF,No,"Staff unavailable (leave, redeployment, strike)"
KD-083-R4,Nutrition,No,,,
KD-083-R4,Antenatal Care,Yes,Specific days,Yes,
KD-083-R4,Postnatal Care,Yes,MTWTF,Yes,
KD-083-R4,IMCI,Yes,Specific days,No,"Staff unavailable (leave, redeployment, strike)"
KD-083-R4,Malaria,Yes,Specific days,Yes,
KD-083-R4,Labour and Delivery,Yes,Specific days,Yes,
KD-083-R4,Family Planning,Yes,MTWTF,No,"Staff unavailable (leave, redeployment, strike)"
KD-083-R5,Immunization,Yes,MTWTFSS,Yes,
KD-083-R5,Nutrition,No,,,
KD-083-R5,Antenatal Care,Yes,Specific days,Yes,
KD-083-R5,Postnatal Care,Yes,Specific days,Yes,
KD-083-R5,IMCI,Yes,MTWTFSS,Yes,
KD-083-R5,Malaria,Yes,Specific days,Yes,
KD-083-R5,Labour and Delivery,Yes,Specific days,Yes,
KD-083-R5,Family Planning,Yes,Specific days,Yes,
KD-083-R6,Immunization,Yes,On needs basis,Yes,
KD-083-R6,Nutrition,No,,,
KD-083-R6,Antenatal Care,Yes,MTWTF,Yes,
KD-083-R6,Postnatal Care,Yes,Specific days,Yes,
KD-083-R6,IMCI,Yes,Specific days,Yes,
KD-083-R6,Malaria,Yes,Specific days,No,"Facility closed (holiday, strike, renovation)"
KD-083-R6,Labour and Delivery,Yes,On needs basis,Yes,
KD-083-R6,Family Planning,Yes,Specific days,Yes,
KD-084-R1,Immunization,Yes,Specific days,Yes,
KD-084-R1,Nutrition,No,,,
KD-084-R1,Antenatal Care,Yes,On needs basis,Yes,
KD-084-R1,Postnatal Care,Yes,Specific days,Yes,
KD-084-R1,IMCI,Yes,Specific days,Yes,
KD-084-R1,Malaria,Yes,Specific days,No,"Attending training, meeting, or other official assignment"
KD-084-R1,Labour and Delivery,Yes,MTWTFSS,Yes,
KD-084-R1,Family Planning,Yes,On needs basis,Yes,
KD-084-R2,Immunization,Yes,MTWTF,Yes,
KD-084-R2,Nutrition,No,,,
KD-084-R2,Antenatal Care,Yes,Specific days,Yes,
KD-084-R2,Postnatal Care,Yes,MTWTFSS,Yes,
KD-084-R2,IMCI,Yes,On needs basis,Yes,
KD-084-R2,Malaria,Yes,Specific days,Yes,
KD-084-R2,Labour and Delivery,Yes,MTWTF,Yes,
KD-084-R2,Family Planning,Yes,MTWTF,Yes,
KD-084-R3,Immunization,Yes,MTWTF,Yes,
KD-084-R3,Nutrition,No,,,
KD-084-R3,Antenatal Care,Yes,Specific days,Yes,
KD-084-R3,Postnatal Care,Yes,MTWTF,Yes,
KD-084-R3,IMCI,Yes,MTWTF,Yes,
KD-084-R3,Malaria,Yes,MTWTFSS,Yes,
KD-084-R3,Labour and Delivery,Yes,MTWTF,Yes,
KD-084-R3,Family Planning,Yes,On needs basis,Yes,
KD-084-R4,Immunization,Yes,On needs basis,Yes,
KD-084-R4,Nutrition,No,,,
KD-084-R4,Antenatal Care,Yes,MTWTF,Yes,
KD-084-R4,Postnatal Care,Yes,Specific days,Yes,
KD-084-R4,IMCI,Yes,MTWTF,Yes,
KD-084-R4,Malaria,Yes,On needs basis,No,"Staff unavailable (leave, redeployment, strike)"
KD-084-R4,Labour and Delivery,Yes,On needs basis,Yes,
KD-084-R4,Family Planning,Yes,Specific days,No,"Staff unavailable (leave, redeployment, strike)"
KD-084-R5,Immunization,Yes,MTWTF,No,"Staff unavailable (leave, redeployment, strike)"
KD-084-R5,Nutrition,No,,,
KD-084-R5,Antenatal Care,Yes,MTWTF,Yes,
KD-084-R5,Postnatal Care,Yes,On needs basis,Yes,
KD-084-R5,IMCI,Yes,Specific days,Yes,
KD-084-R5,Malaria,Yes,Specific days,Yes,
KD-084-R5,Labour and Delivery,Yes,Specific days,No,"Facility closed (holiday, strike, renovation)"
KD-084-R5,Family Planning,Yes,Specific days,Yes,
KD-084-R6,Immunization,Yes,On needs basis,Yes,
KD-084-R6,Nutrition,No,,,
KD-084-R6,Antenatal Care,Yes,On needs basis,Yes,
KD-084-R6,Postnatal Care,Yes,MTWTF,Yes,
KD-084-R6,IMCI,Yes,On needs basis,Yes,
KD-084-R6,Malaria,Yes,Specific days,Yes,
KD-084-R6,Labour and Delivery,Yes,On needs basis,Yes,
KD-084-R6,Family Planning,Yes,Specific days,Yes,
KD-085-R1,Immunization,Yes,Specific days,Yes,
KD-085-R1,Nutrition,Yes,Specific days,Yes,
KD-085-R1,Antenatal Care,Yes,MTWTF,Yes,
KD-085-R1,Postnatal Care,Yes,Specific days,Yes,
KD-085-R1,IMCI,Yes,MTWTF,No,"Staff unavailable (leave, redeployment, strike)"
KD-085-R1,Malaria,Yes,MTWTF,Yes,
KD-085-R1,Labour and Delivery,Yes,MTWTF,Yes,
KD-085-R1,Family Planning,Yes,MTWTF,Yes,
KD-085-R2,Immunization,Yes,Specific days,No,Vaccine stock-out
KD-085-R2,Nutrition,Yes,MTWTF,Yes,
KD-085-R2,Antenatal Care,Yes,On needs basis,Yes,
KD-085-R2,Postnatal Care,Yes,Specific days,Yes,
KD-085-R2,IMCI,Yes,MTWTF,Yes,
KD-085-R2,Malaria,Yes,MTWTFSS,Yes,
KD-085-R2,Labour and Delivery,Yes,Specific days,No,Weather or environmental conditions
KD-085-R2,Family Planning,Yes,Specific days,Yes,
KD-085-R3,Immunization,Yes,Specific days,No,Lack of transportation or logistics support
KD-085-R3,Nutrition,Yes,Specific days,Yes,
KD-085-R3,Antenatal Care,Yes,MTWTF,Yes,
KD-085-R3,Postnatal Care,Yes,MTWTFSS,Yes,
KD-085-R3,IMCI,Yes,Specific days,Yes,
KD-085-R3,Malaria,Yes,Specific days,Yes,
KD-085-R3,Labour and Delivery,Yes,MTWTFSS,Yes,
KD-085-R3,Family Planning,Yes,Specific days,Yes,
KD-085-R4,Immunization,Yes,MTWTF,Yes,
KD-085-R4,Nutrition,Yes,Specific days,No,Weather or environmental conditions
KD-085-R4,Antenatal Care,Yes,Specific days,No,"Staff unavailable (leave, redeployment, strike)"
KD-085-R4,Postnatal Care,Yes,Specific days,No,"Staff unavailable (leave, redeployment, strike)"
KD-085-R4,IMCI,Yes,MTWTF,Yes,
KD-085-R4,Malaria,Yes,MTWTF,No,"Staff unavailable (leave, redeployment, strike)"
KD-085-R4,Labour and Delivery,Yes,On needs basis,No,"Staff unavailable (leave, redeployment, strike)"
KD-085-R4,Family Planning,Yes,On needs basis,Yes,
KD-085-R5,Immunization,Yes,Specific days,No,Weather or environmental conditions
KD-085-R5,Nutrition,Yes,MTWTF,Yes,
KD-085-R5,Antenatal Care,Yes,MTWTFSS,Yes,
KD-085-R5,Postnatal Care,Yes,MTWTF,Yes,
KD-085-R5,IMCI,Yes,MTWTFSS,Yes,
KD-085-R5,Malaria,Yes,MTWTF,Yes,
KD-085-R5,Labour and Delivery,Yes,MTWTF,Yes,
KD-085-R5,Family Planning,Yes,MTWTF,Yes,
KD-085-R6,Immunization,Yes,MTWTF,Yes,
KD-085-R6,Nutrition,Yes,MTWTFSS,No,Low community turnout / community resistance
KD-085-R6,Antenatal Care,Yes,Specific days,Yes,
KD-085-R6,Postnatal Care,Yes,Specific days,Yes,
KD-085-R6,IMCI,Yes,Specific days,No,Lack of transportation or logistics support
KD-085-R6,Malaria,Yes,MTWTFSS,No,Other
KD-085-R6,Labour and Delivery,Yes,MTWTF,Yes,
KD-085-R6,Family Planning,Yes,On needs basis,Yes,
KD-086-R1,Immunization,Yes,Specific days,Yes,
KD-086-R1,Nutrition,Yes,On needs basis,Yes,
KD-086-R1,Antenatal Care,Yes,MTWTF,Yes,
KD-086-R1,Postnatal Care,Yes,MTWTF,Yes,
KD-086-R1,IMCI,Yes,Specific days,Yes,
KD-086-R1,Malaria,Yes,Specific days,Yes,
KD-086-R1,Labour and Delivery,Yes,On needs basis,No,"Staff unavailable (leave, redeployment, strike)"
KD-086-R1,Family Planning,Yes,Specific days,Yes,
KD-086-R2,Immunization,Yes,On needs basis,No,Weather or environmental conditions
KD-086-R2,Nutrition,Yes,MTWTF,No,"Staff unavailable (leave, redeployment, strike)"
KD-086-R2,Antenatal Care,Yes,MTWTF,Yes,
KD-086-R2,Postnatal Care,Yes,MTWTF,Yes,
KD-086-R2,IMCI,Yes,MTWTF,Yes,
KD-086-R2,Malaria,Yes,MTWTF,Yes,
KD-086-R2,Labour and Delivery,Yes,MTWTF,Yes,
KD-086-R2,Family Planning,Yes,Specific days,Yes,
KD-086-R3,Immunization,Yes,MTWTF,Yes,
KD-086-R3,Nutrition,Yes,MTWTF,Yes,
KD-086-R3,Antenatal Care,Yes,On needs basis,No,Weather or environmental conditions
KD-086-R3,Postnatal Care,Yes,On needs basis,No,"Staff unavailable (leave, redeployment, strike)"
KD-086-R3,IMCI,Yes,Specific days,Yes,
KD-086-R3,Malaria,Yes,Specific days,Yes,
KD-086-R3,Labour and Delivery,Yes,Specific days,Yes,
KD-086-R3,Family Planning,Yes,MTWTF,Yes,
KD-086-R4,Immunization,Yes,On needs basis,Yes,
KD-086-R4,Nutrition,Yes,Specific days,Yes,
KD-086-R4,Antenatal Care,Yes,On needs basis,Yes,
KD-086-R4,Postnatal Care,Yes,MTWTF,Yes,
KD-086-R4,IMCI,Yes,MTWTF,Yes,
KD-086-R4,Malaria,Yes,MTWTF,Yes,
KD-086-R4,Labour and Delivery,Yes,MTWTF,No,"Attending training, meeting, or other official assignment"
KD-086-R4,Family Planning,Yes,MTWTF,No,"Facility closed (holiday, strike, renovation)"
KD-086-R5,Immunization,Yes,Specific days,No,"Attending training, meeting, or other official assignment"
KD-086-R5,Nutrition,Yes,MTWTF,Yes,
KD-086-R5,Antenatal Care,Yes,On needs basis,No,Low community turnout / community resistance
KD-086-R5,Postnatal Care,Yes,On needs basis,Yes,
KD-086-R5,IMCI,Yes,On needs basis,Yes,
KD-086-R5,Malaria,Yes,Specific days,No,Weather or environmental conditions
KD-086-R5,Labour and Delivery,Yes,MTWTF,No,"Staff unavailable (leave, redeployment, strike)"
KD-086-R5,Family Planning,Yes,MTWTF,Yes,
KD-086-R6,Immunization,Yes,Specific days,Yes,
KD-086-R6,Nutrition,Yes,MTWTF,Yes,
KD-086-R6,Antenatal Care,Yes,MTWTF,Yes,
KD-086-R6,Postnatal Care,Yes,MTWTF,Yes,
KD-086-R6,IMCI,Yes,On needs basis,Yes,
KD-086-R6,Malaria,Yes,On needs basis,Yes,
KD-086-R6,Labour and Delivery,Yes,Specific days,Yes,
KD-086-R6,Family Planning,Yes,Specific days,No,Low community turnout / community resistance
KD-087-R1,Immunization,Yes,MTWTF,Yes,
KD-087-R1,Nutrition,No,,,
KD-087-R1,Antenatal Care,Yes,Specific days,Yes,
KD-087-R1,Postnatal Care,Yes,Specific days,Yes,
KD-087-R1,IMCI,Yes,On needs basis,Yes,
KD-087-R1,Malaria,Yes,Specific days,Yes,
KD-087-R1,Labour and Delivery,Yes,On needs basis,Yes,
KD-087-R1,Family Planning,Yes,On needs basis,Yes,
KD-087-R2,Immunization,Yes,Specific days,Yes,
KD-087-R2,Nutrition,No,,,
KD-087-R2,Antenatal Care,Yes,MTWTF,No,"Staff unavailable (leave, redeployment, strike)"
KD-087-R2,Postnatal Care,Yes,Specific days,Yes,
KD-087-R2,IMCI,Yes,Specific days,Yes,
KD-087-R2,Malaria,Yes,MTWTF,Yes,
KD-087-R2,Labour and Delivery,Yes,Specific days,Yes,
KD-087-R2,Family Planning,Yes,MTWTF,Yes,
KD-087-R3,Immunization,Yes,On needs basis,Yes,
KD-087-R3,Nutrition,No,,,
KD-087-R3,Antenatal Care,Yes,MTWTFSS,Yes,
KD-087-R3,Postnatal Care,Yes,MTWTF,Yes,
KD-087-R3,IMCI,Yes,MTWTFSS,Yes,
KD-087-R3,Malaria,Yes,Specific days,Yes,
KD-087-R3,Labour and Delivery,Yes,Specific days,Yes,
KD-087-R3,Family Planning,Yes,MTWTF,Yes,
KD-087-R4,Immunization,Yes,On needs basis,Yes,
KD-087-R4,Nutrition,No,,,
KD-087-R4,Antenatal Care,Yes,On needs basis,Yes,
KD-087-R4,Postnatal Care,Yes,Specific days,Yes,
KD-087-R4,IMCI,Yes,MTWTF,No,"Staff unavailable (leave, redeployment, strike)"
KD-087-R4,Malaria,Yes,MTWTFSS,Yes,
KD-087-R4,Labour and Delivery,Yes,On needs basis,No,Low community turnout / community resistance
KD-087-R4,Family Planning,Yes,Specific days,Yes,
KD-087-R5,Immunization,Yes,MTWTF,Yes,
KD-087-R5,Nutrition,No,,,
KD-087-R5,Antenatal Care,Yes,MTWTF,Yes,
KD-087-R5,Postnatal Care,Yes,MTWTFSS,Yes,
KD-087-R5,IMCI,Yes,MTWTF,Yes,
KD-087-R5,Malaria,Yes,Specific days,Yes,
KD-087-R5,Labour and Delivery,Yes,On needs basis,Yes,
KD-087-R5,Family Planning,Yes,On needs basis,Yes,
KD-087-R6,Immunization,Yes,Specific days,Yes,
KD-087-R6,Nutrition,No,,,
KD-087-R6,Antenatal Care,Yes,Specific days,Yes,
KD-087-R6,Postnatal Care,Yes,On needs basis,Yes,
KD-087-R6,IMCI,Yes,Specific days,Yes,
KD-087-R6,Malaria,Yes,MTWTF,Yes,
KD-087-R6,Labour and Delivery,Yes,Specific days,Yes,
KD-087-R6,Family Planning,Yes,MTWTF,Yes,
KD-088-R1,Immunization,Yes,MTWTF,No,"Facility closed (holiday, strike, renovation)"
KD-088-R1,Nutrition,Yes,Specific days,Yes,
KD-088-R1,Antenatal Care,Yes,MTWTF,Yes,
KD-088-R1,Postnatal Care,Yes,Specific days,Yes,
KD-088-R1,IMCI,Yes,MTWTF,Yes,
KD-088-R1,Malaria,Yes,Specific days,Yes,
KD-088-R1,Labour and Delivery,Yes,MTWTF,Yes,
KD-088-R1,Family Planning,Yes,Specific days,No,"Staff unavailable (leave, redeployment, strike)"
KD-088-R2,Immunization,Yes,Specific days,Yes,
KD-088-R2,Nutrition,Yes,Specific days,Yes,
KD-088-R2,Antenatal Care,Yes,MTWTF,Yes,
KD-088-R2,Postnatal Care,Yes,Specific days,No,"Facility closed (holiday, strike, renovation)"
KD-088-R2,IMCI,Yes,On needs basis,Yes,
KD-088-R2,Malaria,Yes,Specific days,Yes,
KD-088-R2,Labour and Delivery,Yes,On needs basis,No,"Staff unavailable (leave, redeployment, strike)"
KD-088-R2,Family Planning,Yes,On needs basis,Yes,
KD-088-R3,Immunization,Yes,Specific days,No,"Attending training, meeting, or other official assignment"
KD-088-R3,Nutrition,Yes,On needs basis,No,"Facility closed (holiday, strike, renovation)"
KD-088-R3,Antenatal Care,Yes,Specific days,No,"Security concerns (insecurity, movement restrictions)"
KD-088-R3,Postnatal Care,Yes,On needs basis,No,"Attending training, meeting, or other official assignment"
KD-088-R3,IMCI,Yes,On needs basis,Yes,
KD-088-R3,Malaria,Yes,MTWTF,No,"Staff unavailable (leave, redeployment, strike)"
KD-088-R3,Labour and Delivery,Yes,On needs basis,Yes,
KD-088-R3,Family Planning,Yes,Specific days,No,"Facility closed (holiday, strike, renovation)"
KD-088-R4,Immunization,Yes,MTWTFSS,Yes,
KD-088-R4,Nutrition,Yes,MTWTF,Yes,
KD-088-R4,Antenatal Care,Yes,MTWTF,No,Low community turnout / community resistance
KD-088-R4,Postnatal Care,Yes,Specific days,No,"Attending training, meeting, or other official assignment"
KD-088-R4,IMCI,Yes,Specific days,Yes,
KD-088-R4,Malaria,Yes,Specific days,Yes,
KD-088-R4,Labour and Delivery,Yes,MTWTF,Yes,
KD-088-R4,Family Planning,Yes,MTWTF,Yes,
KD-088-R5,Immunization,Yes,Specific days,Yes,
KD-088-R5,Nutrition,Yes,Specific days,No,Low community turnout / community resistance
KD-088-R5,Antenatal Care,Yes,Specific days,Yes,
KD-088-R5,Postnatal Care,Yes,Specific days,Yes,
KD-088-R5,IMCI,Yes,Specific days,Yes,
KD-088-R5,Malaria,Yes,MTWTFSS,Yes,
KD-088-R5,Labour and Delivery,Yes,On needs basis,Yes,
KD-088-R5,Family Planning,Yes,MTWTF,Yes,
KD-088-R6,Immunization,Yes,Specific days,No,Other
KD-088-R6,Nutrition,Yes,Specific days,No,"Staff unavailable (leave, redeployment, strike)"
KD-088-R6,Antenatal Care,Yes,MTWTF,Yes,
KD-088-R6,Postnatal Care,Yes,Specific days,No,Weather or environmental conditions
KD-088-R6,IMCI,Yes,On needs basis,No,"Staff unavailable (leave, redeployment, strike)"
KD-088-R6,Malaria,Yes,MTWTF,Yes,
KD-088-R6,Labour and Delivery,Yes,Specific days,Yes,
KD-088-R6,Family Planning,Yes,Specific days,Yes,
KD-089-R1,Immunization,Yes,MTWTFSS,Yes,
KD-089-R1,Nutrition,Yes,Specific days,Yes,
KD-089-R1,Antenatal Care,No,,,
KD-089-R1,Postnatal Care,Yes,MTWTF,No,Weather or environmental conditions
KD-089-R1,IMCI,No,,,
KD-089-R1,Malaria,Yes,Specific days,Yes,
KD-089-R1,Labour and Delivery,Yes,MTWTF,Yes,
KD-089-R1,Family Planning,Yes,Specific days,Yes,
KD-089-R2,Immunization,Yes,Specific days,Yes,
KD-089-R2,Nutrition,Yes,On needs basis,No,"Security concerns (insecurity, movement restrictions)"
KD-089-R2,Antenatal Care,No,,,
KD-089-R2,Postnatal Care,Yes,MTWTF,No,"Security concerns (insecurity, movement restrictions)"
KD-089-R2,IMCI,No,,,
KD-089-R2,Malaria,Yes,Specific days,No,"Staff unavailable (leave, redeployment, strike)"
KD-089-R2,Labour and Delivery,Yes,On needs basis,Yes,
KD-089-R2,Family Planning,Yes,On needs basis,No,"Security concerns (insecurity, movement restrictions)"
KD-089-R3,Immunization,Yes,Specific days,Yes,
KD-089-R3,Nutrition,Yes,MTWTFSS,Yes,
KD-089-R3,Antenatal Care,No,,,
KD-089-R3,Postnatal Care,Yes,Specific days,Yes,
KD-089-R3,IMCI,No,,,
KD-089-R3,Malaria,Yes,Specific days,No,"Staff unavailable (leave, redeployment, strike)"
KD-089-R3,Labour and Delivery,Yes,MTWTF,No,"Facility closed (holiday, strike, renovation)"
KD-089-R3,Family Planning,Yes,Specific days,Yes,
KD-089-R4,Immunization,Yes,Specific days,No,Vaccine stock-out
KD-089-R4,Nutrition,Yes,MTWTF,No,"Staff unavailable (leave, redeployment, strike)"
KD-089-R4,Antenatal Care,No,,,
KD-089-R4,Postnatal Care,Yes,On needs basis,Yes,
KD-089-R4,IMCI,No,,,
KD-089-R4,Malaria,Yes,Specific days,No,"Facility closed (holiday, strike, renovation)"
KD-089-R4,Labour and Delivery,Yes,Specific days,No,Other
KD-089-R4,Family Planning,Yes,Specific days,No,"Security concerns (insecurity, movement restrictions)"
KD-089-R5,Immunization,Yes,MTWTF,No,"Staff unavailable (leave, redeployment, strike)"
KD-089-R5,Nutrition,Yes,Specific days,No,Lack of transportation or logistics support
KD-089-R5,Antenatal Care,No,,,
KD-089-R5,Postnatal Care,Yes,Specific days,Yes,
KD-089-R5,IMCI,No,,,
KD-089-R5,Malaria,Yes,MTWTF,Yes,
KD-089-R5,Labour and Delivery,Yes,On needs basis,Yes,
KD-089-R5,Family Planning,Yes,On needs basis,Yes,
KD-089-R6,Immunization,Yes,Specific days,Yes,
KD-089-R6,Nutrition,Yes,MTWTF,No,"Attending training, meeting, or other official assignment"
KD-089-R6,Antenatal Care,No,,,
KD-089-R6,Postnatal Care,Yes,On needs basis,Yes,
KD-089-R6,IMCI,No,,,
KD-089-R6,Malaria,Yes,MTWTF,Yes,
KD-089-R6,Labour and Delivery,Yes,Specific days,No,Vaccine stock-out
KD-089-R6,Family Planning,Yes,On needs basis,No,Cold chain equipment failure
KD-090-R1,Immunization,Yes,MTWTF,No,Low community turnout / community resistance
KD-090-R1,Nutrition,Yes,Specific days,Yes,
KD-090-R1,Antenatal Care,Yes,Specific days,Yes,
KD-090-R1,Postnatal Care,Yes,MTWTF,Yes,
KD-090-R1,IMCI,No,,,
KD-090-R1,Malaria,Yes,On needs basis,Yes,
KD-090-R1,Labour and Delivery,Yes,Specific days,Yes,
KD-090-R1,Family Planning,Yes,Specific days,Yes,
KD-090-R2,Immunization,Yes,Specific days,No,"Facility closed (holiday, strike, renovation)"
KD-090-R2,Nutrition,Yes,Specific days,No,"Attending training, meeting, or other official assignment"
KD-090-R2,Antenatal Care,Yes,MTWTF,Yes,
KD-090-R2,Postnatal Care,Yes,MTWTF,Yes,
KD-090-R2,IMCI,No,,,
KD-090-R2,Malaria,Yes,Specific days,No,Low community turnout / community resistance
KD-090-R2,Labour and Delivery,Yes,MTWTF,Yes,
KD-090-R2,Family Planning,Yes,Specific days,Yes,
KD-090-R3,Immunization,Yes,Specific days,No,Vaccine stock-out
KD-090-R3,Nutrition,Yes,Specific days,No,"Staff unavailable (leave, redeployment, strike)"
KD-090-R3,Antenatal Care,Yes,On needs basis,Yes,
KD-090-R3,Postnatal Care,Yes,Specific days,Yes,
KD-090-R3,IMCI,No,,,
KD-090-R3,Malaria,Yes,MTWTF,No,"Staff unavailable (leave, redeployment, strike)"
KD-090-R3,Labour and Delivery,Yes,Specific days,Yes,
KD-090-R3,Family Planning,Yes,Specific days,No,"Security concerns (insecurity, movement restrictions)"
KD-090-R4,Immunization,Yes,Specific days,Yes,
KD-090-R4,Nutrition,Yes,Specific days,Yes,
KD-090-R4,Antenatal Care,Yes,Specific days,Yes,
KD-090-R4,Postnatal Care,Yes,Specific days,Yes,
KD-090-R4,IMCI,No,,,
KD-090-R4,Malaria,Yes,MTWTF,Yes,
KD-090-R4,Labour and Delivery,Yes,Specific days,Yes,
KD-090-R4,Family Planning,Yes,Specific days,Yes,
KD-090-R5,Immunization,Yes,MTWTF,No,Low community turnout / community resistance
KD-090-R5,Nutrition,Yes,On needs basis,Yes,
KD-090-R5,Antenatal Care,Yes,Specific days,Yes,
KD-090-R5,Postnatal Care,Yes,MTWTF,Yes,
KD-090-R5,IMCI,No,,,
KD-090-R5,Malaria,Yes,Specific days,No,Lack of transportation or logistics support
KD-090-R5,Labour and Delivery,Yes,MTWTF,No,"Attending training, meeting, or other official assignment"
KD-090-R5,Family Planning,Yes,MTWTF,Yes,
KD-090-R6,Immunization,Yes,Specific days,Yes,
KD-090-R6,Nutrition,Yes,MTWTF,Yes,
KD-090-R6,Antenatal Care,Yes,MTWTF,Yes,
KD-090-R6,Postnatal Care,Yes,Specific days,No,Cold chain equipment failure
KD-090-R6,IMCI,No,,,
KD-090-R6,Malaria,Yes,On needs basis,Yes,
KD-090-R6,Labour and Delivery,Yes,Specific days,Yes,
KD-090-R6,Family Planning,Yes,On needs basis,Yes,
KD-091-R1,Immunization,Yes,MTWTF,No,"Staff unavailable (leave, redeployment, strike)"
KD-091-R1,Nutrition,No,,,
KD-091-R1,Antenatal Care,Yes,MTWTF,No,"Security concerns (insecurity, movement restrictions)"
KD-091-R1,Postnatal Care,No,,,
KD-091-R1,IMCI,Yes,On needs basis,No,"Attending training, meeting, or other official assignment"
KD-091-R1,Malaria,Yes,Specific days,Yes,
KD-091-R1,Labour and Delivery,Yes,Specific days,Yes,
KD-091-R1,Family Planning,Yes,MTWTFSS,Yes,
KD-091-R2,Immunization,Yes,MTWTFSS,No,"Security concerns (insecurity, movement restrictions)"
KD-091-R2,Nutrition,No,,,
KD-091-R2,Antenatal Care,Yes,Specific days,Yes,
KD-091-R2,Postnatal Care,No,,,
KD-091-R2,IMCI,Yes,Specific days,Yes,
KD-091-R2,Malaria,Yes,Specific days,Yes,
KD-091-R2,Labour and Delivery,Yes,On needs basis,Yes,
KD-091-R2,Family Planning,Yes,Specific days,Yes,
KD-091-R3,Immunization,Yes,Specific days,Yes,
KD-091-R3,Nutrition,No,,,
KD-091-R3,Antenatal Care,Yes,Specific days,No,"Staff unavailable (leave, redeployment, strike)"
KD-091-R3,Postnatal Care,No,,,
KD-091-R3,IMCI,Yes,Specific days,Yes,
KD-091-R3,Malaria,Yes,MTWTF,Yes,
KD-091-R3,Labour and Delivery,Yes,MTWTF,Yes,
KD-091-R3,Family Planning,Yes,Specific days,Yes,
KD-091-R4,Immunization,Yes,MTWTF,Yes,
KD-091-R4,Nutrition,No,,,
KD-091-R4,Antenatal Care,Yes,MTWTF,Yes,
KD-091-R4,Postnatal Care,No,,,
KD-091-R4,IMCI,Yes,MTWTF,No,Weather or environmental conditions
KD-091-R4,Malaria,Yes,Specific days,Yes,
KD-091-R4,Labour and Delivery,Yes,Specific days,Yes,
KD-091-R4,Family Planning,Yes,On needs basis,Yes,
KD-091-R5,Immunization,Yes,Specific days,Yes,
KD-091-R5,Nutrition,No,,,
KD-091-R5,Antenatal Care,Yes,MTWTF,Yes,
KD-091-R5,Postnatal Care,No,,,
KD-091-R5,IMCI,Yes,MTWTF,Yes,
KD-091-R5,Malaria,Yes,On needs basis,Yes,
KD-091-R5,Labour and Delivery,Yes,Specific days,Yes,
KD-091-R5,Family Planning,Yes,Specific days,Yes,
KD-091-R6,Immunization,Yes,MTWTF,Yes,
KD-091-R6,Nutrition,No,,,
KD-091-R6,Antenatal Care,Yes,MTWTF,Yes,
KD-091-R6,Postnatal Care,No,,,
KD-091-R6,IMCI,Yes,MTWTFSS,Yes,
KD-091-R6,Malaria,Yes,MTWTF,Yes,
KD-091-R6,Labour and Delivery,Yes,MTWTF,Yes,
KD-091-R6,Family Planning,Yes,On needs basis,Yes,
KD-092-R1,Immunization,No,,,
KD-092-R1,Nutrition,Yes,On needs basis,No,"Staff unavailable (leave, redeployment, strike)"
KD-092-R1,Antenatal Care,Yes,Specific days,Yes,
KD-092-R1,Postnatal Care,Yes,On needs basis,Yes,
KD-092-R1,IMCI,Yes,Specific days,No,"Staff unavailable (leave, redeployment, strike)"
KD-092-R1,Malaria,Yes,MTWTFSS,Yes,
KD-092-R1,Labour and Delivery,Yes,Specific days,Yes,
KD-092-R1,Family Planning,Yes,MTWTF,No,"Facility closed (holiday, strike, renovation)"
KD-092-R2,Immunization,No,,,
KD-092-R2,Nutrition,Yes,Specific days,Yes,
KD-092-R2,Antenatal Care,Yes,Specific days,Yes,
KD-092-R2,Postnatal Care,Yes,Specific days,No,"Attending training, meeting, or other official assignment"
KD-092-R2,IMCI,Yes,MTWTF,Yes,
KD-092-R2,Malaria,Yes,Specific days,Yes,
KD-092-R2,Labour and Delivery,Yes,On needs basis,Yes,
KD-092-R2,Family Planning,Yes,Specific days,Yes,
KD-092-R3,Immunization,No,,,
KD-092-R3,Nutrition,Yes,Specific days,Yes,
KD-092-R3,Antenatal Care,Yes,MTWTF,Yes,
KD-092-R3,Postnatal Care,Yes,Specific days,Yes,
KD-092-R3,IMCI,Yes,Specific days,Yes,
KD-092-R3,Malaria,Yes,Specific days,Yes,
KD-092-R3,Labour and Delivery,Yes,Specific days,No,"Staff unavailable (leave, redeployment, strike)"
KD-092-R3,Family Planning,Yes,MTWTF,No,"Attending training, meeting, or other official assignment"
KD-092-R4,Immunization,No,,,
KD-092-R4,Nutrition,Yes,MTWTF,No,"Security concerns (insecurity, movement restrictions)"
KD-092-R4,Antenatal Care,Yes,MTWTF,Yes,
KD-092-R4,Postnatal Care,Yes,Specific days,No,"Facility closed (holiday, strike, renovation)"
KD-092-R4,IMCI,Yes,MTWTF,Yes,
KD-092-R4,Malaria,Yes,MTWTF,Yes,
KD-092-R4,Labour and Delivery,Yes,MTWTF,Yes,
KD-092-R4,Family Planning,Yes,MTWTF,Yes,
KD-092-R5,Immunization,No,,,
KD-092-R5,Nutrition,Yes,On needs basis,No,Low community turnout / community resistance
KD-092-R5,Antenatal Care,Yes,MTWTF,Yes,
KD-092-R5,Postnatal Care,Yes,Specific days,Yes,
KD-092-R5,IMCI,Yes,Specific days,Yes,
KD-092-R5,Malaria,Yes,MTWTF,No,Low community turnout / community resistance
KD-092-R5,Labour and Delivery,Yes,Specific days,No,"Facility closed (holiday, strike, renovation)"
KD-092-R5,Family Planning,Yes,MTWTF,Yes,
KD-092-R6,Immunization,No,,,
KD-092-R6,Nutrition,Yes,Specific days,Yes,
KD-092-R6,Antenatal Care,Yes,Specific days,No,"Attending training, meeting, or other official assignment"
KD-092-R6,Postnatal Care,Yes,Specific days,Yes,
KD-092-R6,IMCI,Yes,MTWTF,No,"Staff unavailable (leave, redeployment, strike)"
KD-092-R6,Malaria,Yes,Specific days,Yes,
KD-092-R6,Labour and Delivery,Yes,Specific days,Yes,
KD-092-R6,Family Planning,Yes,On needs basis,Yes,
KD-093-R1,Immunization,Yes,MTWTF,Yes,
KD-093-R1,Nutrition,Yes,On needs basis,Yes,
KD-093-R1,Antenatal Care,Yes,On needs basis,No,"Attending training, meeting, or other official assignment"
KD-093-R1,Postnatal Care,Yes,On needs basis,No,"Security concerns (insecurity, movement restrictions)"
KD-093-R1,IMCI,No,,,
KD-093-R1,Malaria,Yes,MTWTF,Yes,
KD-093-R1,Labour and Delivery,No,,,
KD-093-R1,Family Planning,Yes,MTWTF,Yes,
KD-093-R2,Immunization,Yes,MTWTF,Yes,
KD-093-R2,Nutrition,Yes,MTWTF,Yes,
KD-093-R2,Antenatal Care,Yes,On needs basis,Yes,
KD-093-R2,Postnatal Care,Yes,MTWTFSS,Yes,
KD-093-R2,IMCI,No,,,
KD-093-R2,Malaria,Yes,Specific days,Yes,
KD-093-R2,Labour and Delivery,No,,,
KD-093-R2,Family Planning,Yes,On needs basis,Yes,
KD-093-R3,Immunization,Yes,On needs basis,Yes,
KD-093-R3,Nutrition,Yes,MTWTF,Yes,
KD-093-R3,Antenatal Care,Yes,MTWTF,Yes,
KD-093-R3,Postnatal Care,Yes,On needs basis,Yes,
KD-093-R3,IMCI,No,,,
KD-093-R3,Malaria,Yes,MTWTF,Yes,
KD-093-R3,Labour and Delivery,No,,,
KD-093-R3,Family Planning,Yes,Specific days,No,"Security concerns (insecurity, movement restrictions)"
KD-093-R4,Immunization,Yes,MTWTF,No,"Staff unavailable (leave, redeployment, strike)"
KD-093-R4,Nutrition,Yes,Specific days,Yes,
KD-093-R4,Antenatal Care,Yes,MTWTF,Yes,
KD-093-R4,Postnatal Care,Yes,MTWTF,No,"Attending training, meeting, or other official assignment"
KD-093-R4,IMCI,No,,,
KD-093-R4,Malaria,Yes,MTWTF,Yes,
KD-093-R4,Labour and Delivery,No,,,
KD-093-R4,Family Planning,Yes,Specific days,Yes,
KD-093-R5,Immunization,Yes,Specific days,Yes,
KD-093-R5,Nutrition,Yes,On needs basis,Yes,
KD-093-R5,Antenatal Care,Yes,On needs basis,Yes,
KD-093-R5,Postnatal Care,Yes,Specific days,No,"Attending training, meeting, or other official assignment"
KD-093-R5,IMCI,No,,,
KD-093-R5,Malaria,Yes,MTWTF,Yes,
KD-093-R5,Labour and Delivery,No,,,
KD-093-R5,Family Planning,Yes,MTWTFSS,No,"Staff unavailable (leave, redeployment, strike)"
KD-093-R6,Immunization,Yes,Specific days,Yes,
KD-093-R6,Nutrition,Yes,Specific days,No,"Staff unavailable (leave, redeployment, strike)"
KD-093-R6,Antenatal Care,Yes,MTWTF,No,"Staff unavailable (leave, redeployment, strike)"
KD-093-R6,Postnatal Care,Yes,On needs basis,Yes,
KD-093-R6,IMCI,No,,,
KD-093-R6,Malaria,Yes,MTWTF,Yes,
KD-093-R6,Labour and Delivery,No,,,
KD-093-R6,Family Planning,Yes,Specific days,Yes,
KD-094-R1,Immunization,Yes,MTWTF,Yes,
KD-094-R1,Nutrition,No,,,
KD-094-R1,Antenatal Care,Yes,Specific days,Yes,
KD-094-R1,Postnatal Care,Yes,MTWTF,No,"Staff unavailable (leave, redeployment, strike)"
KD-094-R1,IMCI,Yes,MTWTF,Yes,
KD-094-R1,Malaria,Yes,MTWTFSS,Yes,
KD-094-R1,Labour and Delivery,Yes,MTWTF,Yes,
KD-094-R1,Family Planning,Yes,Specific days,Yes,
KD-094-R2,Immunization,Yes,Specific days,Yes,
KD-094-R2,Nutrition,No,,,
KD-094-R2,Antenatal Care,Yes,Specific days,No,Other
KD-094-R2,Postnatal Care,Yes,Specific days,Yes,
KD-094-R2,IMCI,Yes,MTWTFSS,Yes,
KD-094-R2,Malaria,Yes,Specific days,Yes,
KD-094-R2,Labour and Delivery,Yes,MTWTF,No,"Security concerns (insecurity, movement restrictions)"
KD-094-R2,Family Planning,Yes,Specific days,Yes,
KD-094-R3,Immunization,Yes,Specific days,Yes,
KD-094-R3,Nutrition,No,,,
KD-094-R3,Antenatal Care,Yes,Specific days,Yes,
KD-094-R3,Postnatal Care,Yes,Specific days,Yes,
KD-094-R3,IMCI,Yes,MTWTF,Yes,
KD-094-R3,Malaria,Yes,MTWTF,Yes,
KD-094-R3,Labour and Delivery,Yes,MTWTF,No,"Staff unavailable (leave, redeployment, strike)"
KD-094-R3,Family Planning,Yes,Specific days,Yes,
KD-094-R4,Immunization,Yes,MTWTFSS,No,"Staff unavailable (leave, redeployment, strike)"
KD-094-R4,Nutrition,No,,,
KD-094-R4,Antenatal Care,Yes,On needs basis,Yes,
KD-094-R4,Postnatal Care,Yes,MTWTFSS,Yes,
KD-094-R4,IMCI,Yes,Specific days,No,"Facility closed (holiday, strike, renovation)"
KD-094-R4,Malaria,Yes,Specific days,Yes,
KD-094-R4,Labour and Delivery,Yes,MTWTFSS,Yes,
KD-094-R4,Family Planning,Yes,On needs basis,Yes,
KD-094-R5,Immunization,Yes,Specific days,Yes,
KD-094-R5,Nutrition,No,,,
KD-094-R5,Antenatal Care,Yes,Specific days,Yes,
KD-094-R5,Postnatal Care,Yes,MTWTF,No,Low community turnout / community resistance
KD-094-R5,IMCI,Yes,MTWTF,Yes,
KD-094-R5,Malaria,Yes,MTWTFSS,No,Low community turnout / community resistance
KD-094-R5,Labour and Delivery,Yes,Specific days,No,"Staff unavailable (leave, redeployment, strike)"
KD-094-R5,Family Planning,Yes,MTWTF,Yes,
KD-094-R6,Immunization,Yes,MTWTF,Yes,
KD-094-R6,Nutrition,No,,,
KD-094-R6,Antenatal Care,Yes,Specific days,Yes,
KD-094-R6,Postnatal Care,Yes,MTWTF,No,"Staff unavailable (leave, redeployment, strike)"
KD-094-R6,IMCI,Yes,MTWTFSS,Yes,
KD-094-R6,Malaria,Yes,Specific days,Yes,
KD-094-R6,Labour and Delivery,Yes,Specific days,Yes,
KD-094-R6,Family Planning,Yes,MTWTF,No,Low community turnout / community resistance
KD-095-R1,Immunization,Yes,On needs basis,No,"Staff unavailable (leave, redeployment, strike)"
KD-095-R1,Nutrition,Yes,On needs basis,Yes,
KD-095-R1,Antenatal Care,Yes,MTWTF,No,"Facility closed (holiday, strike, renovation)"
KD-095-R1,Postnatal Care,Yes,MTWTF,Yes,
KD-095-R1,IMCI,Yes,MTWTF,Yes,
KD-095-R1,Malaria,Yes,MTWTFSS,No,"Attending training, meeting, or other official assignment"
KD-095-R1,Labour and Delivery,Yes,MTWTF,No,"Facility closed (holiday, strike, renovation)"
KD-095-R1,Family Planning,Yes,MTWTF,Yes,
KD-095-R2,Immunization,Yes,On needs basis,Yes,
KD-095-R2,Nutrition,Yes,Specific days,Yes,
KD-095-R2,Antenatal Care,Yes,Specific days,No,Lack of transportation or logistics support
KD-095-R2,Postnatal Care,Yes,MTWTF,Yes,
KD-095-R2,IMCI,Yes,On needs basis,Yes,
KD-095-R2,Malaria,Yes,Specific days,Yes,
KD-095-R2,Labour and Delivery,Yes,On needs basis,No,"Facility closed (holiday, strike, renovation)"
KD-095-R2,Family Planning,Yes,On needs basis,No,"Attending training, meeting, or other official assignment"
KD-095-R3,Immunization,Yes,Specific days,Yes,
KD-095-R3,Nutrition,Yes,Specific days,Yes,
KD-095-R3,Antenatal Care,Yes,MTWTF,Yes,
KD-095-R3,Postnatal Care,Yes,On needs basis,No,Lack of transportation or logistics support
KD-095-R3,IMCI,Yes,MTWTF,Yes,
KD-095-R3,Malaria,Yes,Specific days,Yes,
KD-095-R3,Labour and Delivery,Yes,Specific days,Yes,
KD-095-R3,Family Planning,Yes,MTWTF,No,"Attending training, meeting, or other official assignment"
KD-095-R4,Immunization,Yes,Specific days,Yes,
KD-095-R4,Nutrition,Yes,Specific days,No,"Staff unavailable (leave, redeployment, strike)"
KD-095-R4,Antenatal Care,Yes,MTWTF,Yes,
KD-095-R4,Postnatal Care,Yes,On needs basis,Yes,
KD-095-R4,IMCI,Yes,Specific days,Yes,
KD-095-R4,Malaria,Yes,Specific days,Yes,
KD-095-R4,Labour and Delivery,Yes,Specific days,Yes,
KD-095-R4,Family Planning,Yes,Specific days,Yes,
KD-095-R5,Immunization,Yes,On needs basis,Yes,
KD-095-R5,Nutrition,Yes,Specific days,Yes,
KD-095-R5,Antenatal Care,Yes,Specific days,Yes,
KD-095-R5,Postnatal Care,Yes,MTWTF,Yes,
KD-095-R5,IMCI,Yes,Specific days,Yes,
KD-095-R5,Malaria,Yes,Specific days,Yes,
KD-095-R5,Labour and Delivery,Yes,Specific days,Yes,
KD-095-R5,Family Planning,Yes,MTWTF,Yes,
KD-095-R6,Immunization,Yes,On needs basis,Yes,
KD-095-R6,Nutrition,Yes,Specific days,Yes,
KD-095-R6,Antenatal Care,Yes,MTWTF,Yes,
KD-095-R6,Postnatal Care,Yes,Specific days,Yes,
KD-095-R6,IMCI,Yes,MTWTF,Yes,
KD-095-R6,Malaria,Yes,MTWTF,Yes,
KD-095-R6,Labour and Delivery,Yes,MTWTF,Yes,
KD-095-R6,Family Planning,Yes,Specific days,Yes,
KD-096-R1,Immunization,Yes,Specific days,Yes,
KD-096-R1,Nutrition,Yes,On needs basis,Yes,
KD-096-R1,Antenatal Care,Yes,MTWTFSS,No,"Attending training, meeting, or other official assignment"
KD-096-R1,Postnatal Care,Yes,On needs basis,Yes,
KD-096-R1,IMCI,Yes,On needs basis,No,"Security concerns (insecurity, movement restrictions)"
KD-096-R1,Malaria,Yes,MTWTF,Yes,
KD-096-R1,Labour and Delivery,No,,,
KD-096-R1,Family Planning,Yes,MTWTF,No,"Facility closed (holiday, strike, renovation)"
KD-096-R2,Immunization,Yes,MTWTF,Yes,
KD-096-R2,Nutrition,Yes,MTWTF,Yes,
KD-096-R2,Antenatal Care,Yes,MTWTF,No,"Staff unavailable (leave, redeployment, strike)"
KD-096-R2,Postnatal Care,Yes,MTWTF,No,"Facility closed (holiday, strike, renovation)"
KD-096-R2,IMCI,Yes,Specific days,Yes,
KD-096-R2,Malaria,Yes,On needs basis,Yes,
KD-096-R2,Labour and Delivery,No,,,
KD-096-R2,Family Planning,Yes,Specific days,No,"Staff unavailable (leave, redeployment, strike)"
KD-096-R3,Immunization,Yes,On needs basis,No,"Staff unavailable (leave, redeployment, strike)"
KD-096-R3,Nutrition,Yes,Specific days,No,Low community turnout / community resistance
KD-096-R3,Antenatal Care,Yes,On needs basis,Yes,
KD-096-R3,Postnatal Care,Yes,On needs basis,Yes,
KD-096-R3,IMCI,Yes,MTWTF,Yes,
KD-096-R3,Malaria,Yes,Specific days,No,"Staff unavailable (leave, redeployment, strike)"
KD-096-R3,Labour and Delivery,No,,,
KD-096-R3,Family Planning,Yes,Specific days,Yes,
KD-096-R4,Immunization,Yes,MTWTF,No,Weather or environmental conditions
KD-096-R4,Nutrition,Yes,MTWTF,No,"Attending training, meeting, or other official assignment"
KD-096-R4,Antenatal Care,Yes,MTWTF,Yes,
KD-096-R4,Postnatal Care,Yes,On needs basis,No,"Staff unavailable (leave, redeployment, strike)"
KD-096-R4,IMCI,Yes,Specific days,No,Weather or environmental conditions
KD-096-R4,Malaria,Yes,MTWTF,No,"Staff unavailable (leave, redeployment, strike)"
KD-096-R4,Labour and Delivery,No,,,
KD-096-R4,Family Planning,Yes,MTWTF,No,"Security concerns (insecurity, movement restrictions)"
KD-096-R5,Immunization,Yes,Specific days,No,"Security concerns (insecurity, movement restrictions)"
KD-096-R5,Nutrition,Yes,Specific days,No,"Security concerns (insecurity, movement restrictions)"
KD-096-R5,Antenatal Care,Yes,Specific days,No,"Security concerns (insecurity, movement restrictions)"
KD-096-R5,Postnatal Care,Yes,Specific days,Yes,
KD-096-R5,IMCI,Yes,Specific days,No,"Security concerns (insecurity, movement restrictions)"
KD-096-R5,Malaria,Yes,Specific days,No,"Security concerns (insecurity, movement restrictions)"
KD-096-R5,Labour and Delivery,No,,,
KD-096-R5,Family Planning,Yes,Specific days,No,"Attending training, meeting, or other official assignment"
KD-096-R6,Immunization,Yes,Specific days,Yes,
KD-096-R6,Nutrition,Yes,MTWTF,Yes,
KD-096-R6,Antenatal Care,Yes,MTWTF,Yes,
KD-096-R6,Postnatal Care,Yes,MTWTFSS,Yes,
KD-096-R6,IMCI,Yes,Specific days,No,"Staff unavailable (leave, redeployment, strike)"
KD-096-R6,Malaria,Yes,Specific days,Yes,
KD-096-R6,Labour and Delivery,No,,,
KD-096-R6,Family Planning,Yes,MTWTF,Yes,
KD-097-R1,Immunization,Yes,Specific days,Yes,
KD-097-R1,Nutrition,Yes,MTWTF,Yes,
KD-097-R1,Antenatal Care,Yes,Specific days,Yes,
KD-097-R1,Postnatal Care,Yes,Specific days,Yes,
KD-097-R1,IMCI,Yes,Specific days,No,Weather or environmental conditions
KD-097-R1,Malaria,Yes,MTWTF,Yes,
KD-097-R1,Labour and Delivery,No,,,
KD-097-R1,Family Planning,Yes,MTWTF,Yes,
KD-097-R2,Immunization,Yes,MTWTFSS,No,"Attending training, meeting, or other official assignment"
KD-097-R2,Nutrition,Yes,Specific days,Yes,
KD-097-R2,Antenatal Care,Yes,MTWTF,Yes,
KD-097-R2,Postnatal Care,Yes,Specific days,Yes,
KD-097-R2,IMCI,Yes,Specific days,Yes,
KD-097-R2,Malaria,Yes,Specific days,No,"Attending training, meeting, or other official assignment"
KD-097-R2,Labour and Delivery,No,,,
KD-097-R2,Family Planning,Yes,MTWTFSS,No,"Staff unavailable (leave, redeployment, strike)"
KD-097-R3,Immunization,Yes,Specific days,Yes,
KD-097-R3,Nutrition,Yes,MTWTFSS,Yes,
KD-097-R3,Antenatal Care,Yes,Specific days,Yes,
KD-097-R3,Postnatal Care,Yes,Specific days,Yes,
KD-097-R3,IMCI,Yes,MTWTF,Yes,
KD-097-R3,Malaria,Yes,MTWTFSS,Yes,
KD-097-R3,Labour and Delivery,No,,,
KD-097-R3,Family Planning,Yes,MTWTFSS,Yes,
KD-097-R4,Immunization,Yes,Specific days,No,"Facility closed (holiday, strike, renovation)"
KD-097-R4,Nutrition,Yes,MTWTF,Yes,
KD-097-R4,Antenatal Care,Yes,MTWTF,Yes,
KD-097-R4,Postnatal Care,Yes,Specific days,Yes,
KD-097-R4,IMCI,Yes,Specific days,No,Lack of transportation or logistics support
KD-097-R4,Malaria,Yes,MTWTFSS,Yes,
KD-097-R4,Labour and Delivery,No,,,
KD-097-R4,Family Planning,Yes,MTWTF,Yes,
KD-097-R5,Immunization,Yes,MTWTF,Yes,
KD-097-R5,Nutrition,Yes,Specific days,Yes,
KD-097-R5,Antenatal Care,Yes,MTWTF,No,"Attending training, meeting, or other official assignment"
KD-097-R5,Postnatal Care,Yes,MTWTFSS,Yes,
KD-097-R5,IMCI,Yes,Specific days,No,Weather or environmental conditions
KD-097-R5,Malaria,Yes,Specific days,No,"Attending training, meeting, or other official assignment"
KD-097-R5,Labour and Delivery,No,,,
KD-097-R5,Family Planning,Yes,MTWTF,Yes,
KD-097-R6,Immunization,Yes,MTWTFSS,Yes,
KD-097-R6,Nutrition,Yes,MTWTF,Yes,
KD-097-R6,Antenatal Care,Yes,Specific days,No,"Security concerns (insecurity, movement restrictions)"
KD-097-R6,Postnatal Care,Yes,Specific days,No,"Facility closed (holiday, strike, renovation)"
KD-097-R6,IMCI,Yes,MTWTFSS,No,Low community turnout / community resistance
KD-097-R6,Malaria,Yes,MTWTFSS,Yes,
KD-097-R6,Labour and Delivery,No,,,
KD-097-R6,Family Planning,Yes,MTWTF,Yes,
KD-098-R1,Immunization,Yes,MTWTFSS,Yes,
KD-098-R1,Nutrition,Yes,Specific days,Yes,
KD-098-R1,Antenatal Care,No,,,
KD-098-R1,Postnatal Care,Yes,MTWTFSS,Yes,
KD-098-R1,IMCI,Yes,Specific days,Yes,
KD-098-R1,Malaria,Yes,On needs basis,Yes,
KD-098-R1,Labour and Delivery,Yes,MTWTF,Yes,
KD-098-R1,Family Planning,Yes,MTWTFSS,Yes,
KD-098-R2,Immunization,Yes,MTWTF,Yes,
KD-098-R2,Nutrition,Yes,Specific days,Yes,
KD-098-R2,Antenatal Care,No,,,
KD-098-R2,Postnatal Care,Yes,Specific days,Yes,
KD-098-R2,IMCI,Yes,MTWTF,Yes,
KD-098-R2,Malaria,Yes,MTWTFSS,Yes,
KD-098-R2,Labour and Delivery,Yes,Specific days,Yes,
KD-098-R2,Family Planning,Yes,Specific days,Yes,
KD-098-R3,Immunization,Yes,MTWTF,Yes,
KD-098-R3,Nutrition,Yes,Specific days,Yes,
KD-098-R3,Antenatal Care,No,,,
KD-098-R3,Postnatal Care,Yes,Specific days,Yes,
KD-098-R3,IMCI,Yes,MTWTFSS,Yes,
KD-098-R3,Malaria,Yes,MTWTF,Yes,
KD-098-R3,Labour and Delivery,Yes,MTWTFSS,Yes,
KD-098-R3,Family Planning,Yes,Specific days,Yes,
KD-098-R4,Immunization,Yes,MTWTF,Yes,
KD-098-R4,Nutrition,Yes,On needs basis,Yes,
KD-098-R4,Antenatal Care,No,,,
KD-098-R4,Postnatal Care,Yes,MTWTFSS,Yes,
KD-098-R4,IMCI,Yes,MTWTFSS,Yes,
KD-098-R4,Malaria,Yes,MTWTF,Yes,
KD-098-R4,Labour and Delivery,Yes,Specific days,Yes,
KD-098-R4,Family Planning,Yes,Specific days,Yes,
KD-098-R5,Immunization,Yes,MTWTFSS,No,Low community turnout / community resistance
KD-098-R5,Nutrition,Yes,MTWTF,Yes,
KD-098-R5,Antenatal Care,No,,,
KD-098-R5,Postnatal Care,Yes,MTWTF,No,"Attending training, meeting, or other official assignment"
KD-098-R5,IMCI,Yes,MTWTF,Yes,
KD-098-R5,Malaria,Yes,MTWTFSS,Yes,
KD-098-R5,Labour and Delivery,Yes,MTWTFSS,Yes,
KD-098-R5,Family Planning,Yes,MTWTF,Yes,
KD-098-R6,Immunization,Yes,MTWTF,Yes,
KD-098-R6,Nutrition,Yes,MTWTFSS,Yes,
KD-098-R6,Antenatal Care,No,,,
KD-098-R6,Postnatal Care,Yes,MTWTF,Yes,
KD-098-R6,IMCI,Yes,Specific days,No,Weather or environmental conditions
KD-098-R6,Malaria,Yes,MTWTF,No,"Staff unavailable (leave, redeployment, strike)"
KD-098-R6,Labour and Delivery,Yes,MTWTF,Yes,
KD-098-R6,Family Planning,Yes,On needs basis,Yes,
KD-099-R1,Immunization,Yes,Specific days,Yes,
KD-099-R1,Nutrition,Yes,MTWTF,Yes,
KD-099-R1,Antenatal Care,Yes,MTWTF,Yes,
KD-099-R1,Postnatal Care,Yes,MTWTF,Yes,
KD-099-R1,IMCI,No,,,
KD-099-R1,Malaria,Yes,MTWTF,Yes,
KD-099-R1,Labour and Delivery,Yes,MTWTF,No,"Staff unavailable (leave, redeployment, strike)"
KD-099-R1,Family Planning,Yes,Specific days,Yes,
KD-099-R2,Immunization,Yes,MTWTF,Yes,
KD-099-R2,Nutrition,Yes,On needs basis,Yes,
KD-099-R2,Antenatal Care,Yes,MTWTF,Yes,
KD-099-R2,Postnatal Care,Yes,On needs basis,Yes,
KD-099-R2,IMCI,No,,,
KD-099-R2,Malaria,Yes,Specific days,Yes,
KD-099-R2,Labour and Delivery,Yes,MTWTFSS,Yes,
KD-099-R2,Family Planning,Yes,Specific days,Yes,
KD-099-R3,Immunization,Yes,Specific days,Yes,
KD-099-R3,Nutrition,Yes,MTWTF,Yes,
KD-099-R3,Antenatal Care,Yes,MTWTFSS,No,"Staff unavailable (leave, redeployment, strike)"
KD-099-R3,Postnatal Care,Yes,MTWTF,Yes,
KD-099-R3,IMCI,No,,,
KD-099-R3,Malaria,Yes,MTWTFSS,Yes,
KD-099-R3,Labour and Delivery,Yes,Specific days,Yes,
KD-099-R3,Family Planning,Yes,MTWTFSS,Yes,
KD-099-R4,Immunization,Yes,MTWTFSS,Yes,
KD-099-R4,Nutrition,Yes,Specific days,No,Low community turnout / community resistance
KD-099-R4,Antenatal Care,Yes,MTWTF,No,Weather or environmental conditions
KD-099-R4,Postnatal Care,Yes,MTWTF,No,"Attending training, meeting, or other official assignment"
KD-099-R4,IMCI,No,,,
KD-099-R4,Malaria,Yes,MTWTF,Yes,
KD-099-R4,Labour and Delivery,Yes,Specific days,Yes,
KD-099-R4,Family Planning,Yes,On needs basis,No,"Facility closed (holiday, strike, renovation)"
KD-099-R5,Immunization,Yes,Specific days,Yes,
KD-099-R5,Nutrition,Yes,MTWTF,Yes,
KD-099-R5,Antenatal Care,Yes,Specific days,Yes,
KD-099-R5,Postnatal Care,Yes,MTWTF,Yes,
KD-099-R5,IMCI,No,,,
KD-099-R5,Malaria,Yes,Specific days,Yes,
KD-099-R5,Labour and Delivery,Yes,Specific days,Yes,
KD-099-R5,Family Planning,Yes,On needs basis,No,"Staff unavailable (leave, redeployment, strike)"
KD-099-R6,Immunization,Yes,MTWTFSS,Yes,
KD-099-R6,Nutrition,Yes,MTWTF,No,Low community turnout / community resistance
KD-099-R6,Antenatal Care,Yes,MTWTFSS,Yes,
KD-099-R6,Postnatal Care,Yes,MTWTFSS,Yes,
KD-099-R6,IMCI,No,,,
KD-099-R6,Malaria,Yes,Specific days,Yes,
KD-099-R6,Labour and Delivery,Yes,Specific days,Yes,
KD-099-R6,Family Planning,Yes,Specific days,Yes,
KD-100-R1,Immunization,Yes,MTWTF,Yes,
KD-100-R1,Nutrition,Yes,On needs basis,No,"Staff unavailable (leave, redeployment, strike)"
KD-100-R1,Antenatal Care,Yes,MTWTF,No,"Staff unavailable (leave, redeployment, strike)"
KD-100-R1,Postnatal Care,Yes,Specific days,Yes,
KD-100-R1,IMCI,Yes,On needs basis,Yes,
KD-100-R1,Malaria,Yes,Specific days,No,"Staff unavailable (leave, redeployment, strike)"
KD-100-R1,Labour and Delivery,No,,,
KD-100-R1,Family Planning,Yes,Specific days,Yes,
KD-100-R2,Immunization,Yes,MTWTF,Yes,
KD-100-R2,Nutrition,Yes,Specific days,No,"Staff unavailable (leave, redeployment, strike)"
KD-100-R2,Antenatal Care,Yes,On needs basis,Yes,
KD-100-R2,Postnatal Care,Yes,Specific days,Yes,
KD-100-R2,IMCI,Yes,Specific days,No,Other
KD-100-R2,Malaria,Yes,Specific days,Yes,
KD-100-R2,Labour and Delivery,No,,,
KD-100-R2,Family Planning,Yes,MTWTF,Yes,
KD-100-R3,Immunization,Yes,On needs basis,Yes,
KD-100-R3,Nutrition,Yes,Specific days,Yes,
KD-100-R3,Antenatal Care,Yes,MTWTF,Yes,
KD-100-R3,Postnatal Care,Yes,MTWTF,Yes,
KD-100-R3,IMCI,Yes,Specific days,Yes,
KD-100-R3,Malaria,Yes,Specific days,Yes,
KD-100-R3,Labour and Delivery,No,,,
KD-100-R3,Family Planning,Yes,MTWTF,Yes,
KD-100-R4,Immunization,Yes,MTWTF,Yes,
KD-100-R4,Nutrition,Yes,MTWTF,No,"Staff unavailable (leave, redeployment, strike)"
KD-100-R4,Antenatal Care,Yes,MTWTF,Yes,
KD-100-R4,Postnatal Care,Yes,MTWTFSS,Yes,
KD-100-R4,IMCI,Yes,MTWTFSS,Yes,
KD-100-R4,Malaria,Yes,MTWTF,No,Lack of transportation or logistics support
KD-100-R4,Labour and Delivery,No,,,
KD-100-R4,Family Planning,Yes,On needs basis,No,"Staff unavailable (leave, redeployment, strike)"
KD-100-R5,Immunization,Yes,Specific days,Yes,
KD-100-R5,Nutrition,Yes,MTWTF,Yes,
KD-100-R5,Antenatal Care,Yes,Specific days,Yes,
KD-100-R5,Postnatal Care,Yes,MTWTF,Yes,
KD-100-R5,IMCI,Yes,MTWTF,Yes,
KD-100-R5,Malaria,Yes,Specific days,Yes,
KD-100-R5,Labour and Delivery,No,,,
KD-100-R5,Family Planning,Yes,MTWTF,Yes,
KD-100-R6,Immunization,Yes,MTWTFSS,Yes,
KD-100-R6,Nutrition,Yes,MTWTFSS,No,"Staff unavailable (leave, redeployment, strike)"
KD-100-R6,Antenatal Care,Yes,On needs basis,Yes,
KD-100-R6,Postnatal Care,Yes,MTWTF,Yes,
KD-100-R6,IMCI,Yes,Specific days,Yes,
KD-100-R6,Malaria,Yes,Specific days,Yes,
KD-100-R6,Labour and Delivery,No,,,
KD-100-R6,Family Planning,Yes,On needs basis,No,Low community turnout / community resistance
KD-101-R1,Immunization,Yes,MTWTF,Yes,
KD-101-R1,Nutrition,Yes,Specific days,Yes,
KD-101-R1,Antenatal Care,Yes,On needs basis,Yes,
KD-101-R1,Postnatal Care,No,,,
KD-101-R1,IMCI,Yes,Specific days,Yes,
KD-101-R1,Malaria,Yes,Specific days,Yes,
KD-101-R1,Labour and Delivery,Yes,On needs basis,Yes,
KD-101-R1,Family Planning,Yes,MTWTFSS,No,"Staff unavailable (leave, redeployment, strike)"
KD-101-R2,Immunization,Yes,On needs basis,No,Cold chain equipment failure
KD-101-R2,Nutrition,Yes,Specific days,Yes,
KD-101-R2,Antenatal Care,Yes,MTWTF,Yes,
KD-101-R2,Postnatal Care,No,,,
KD-101-R2,IMCI,Yes,Specific days,Yes,
KD-101-R2,Malaria,Yes,Specific days,Yes,
KD-101-R2,Labour and Delivery,Yes,MTWTF,Yes,
KD-101-R2,Family Planning,Yes,MTWTF,Yes,
KD-101-R3,Immunization,Yes,MTWTF,Yes,
KD-101-R3,Nutrition,Yes,MTWTF,Yes,
KD-101-R3,Antenatal Care,Yes,MTWTF,Yes,
KD-101-R3,Postnatal Care,No,,,
KD-101-R3,IMCI,Yes,MTWTF,No,"Staff unavailable (leave, redeployment, strike)"
KD-101-R3,Malaria,Yes,MTWTFSS,Yes,
KD-101-R3,Labour and Delivery,Yes,Specific days,Yes,
KD-101-R3,Family Planning,Yes,MTWTF,No,"Staff unavailable (leave, redeployment, strike)"
KD-101-R4,Immunization,Yes,MTWTFSS,No,Lack of transportation or logistics support
KD-101-R4,Nutrition,Yes,MTWTF,Yes,
KD-101-R4,Antenatal Care,Yes,MTWTFSS,Yes,
KD-101-R4,Postnatal Care,No,,,
KD-101-R4,IMCI,Yes,Specific days,Yes,
KD-101-R4,Malaria,Yes,MTWTF,Yes,
KD-101-R4,Labour and Delivery,Yes,MTWTF,Yes,
KD-101-R4,Family Planning,Yes,MTWTF,Yes,
KD-101-R5,Immunization,Yes,Specific days,Yes,
KD-101-R5,Nutrition,Yes,Specific days,Yes,
KD-101-R5,Antenatal Care,Yes,MTWTF,Yes,
KD-101-R5,Postnatal Care,No,,,
KD-101-R5,IMCI,Yes,MTWTF,Yes,
KD-101-R5,Malaria,Yes,MTWTF,Yes,
KD-101-R5,Labour and Delivery,Yes,Specific days,Yes,
KD-101-R5,Family Planning,Yes,Specific days,Yes,
KD-101-R6,Immunization,Yes,MTWTFSS,Yes,
KD-101-R6,Nutrition,Yes,Specific days,Yes,
KD-101-R6,Antenatal Care,Yes,MTWTFSS,Yes,
KD-101-R6,Postnatal Care,No,,,
KD-101-R6,IMCI,Yes,MTWTFSS,Yes,
KD-101-R6,Malaria,Yes,MTWTFSS,Yes,
KD-101-R6,Labour and Delivery,Yes,Specific days,Yes,
KD-101-R6,Family Planning,Yes,Specific days,Yes,
KD-102-R1,Immunization,Yes,Specific days,Yes,
KD-102-R1,Nutrition,No,,,
KD-102-R1,Antenatal Care,Yes,On needs basis,Yes,
KD-102-R1,Postnatal Care,Yes,MTWTF,Yes,
KD-102-R1,IMCI,Yes,MTWTFSS,Yes,
KD-102-R1,Malaria,Yes,Specific days,Yes,
KD-102-R1,Labour and Delivery,Yes,MTWTF,Yes,
KD-102-R1,Family Planning,Yes,On needs basis,Yes,
KD-102-R2,Immunization,Yes,Specific days,Yes,
KD-102-R2,Nutrition,No,,,
KD-102-R2,Antenatal Care,Yes,Specific days,Yes,
KD-102-R2,Postnatal Care,Yes,MTWTF,Yes,
KD-102-R2,IMCI,Yes,Specific days,Yes,
KD-102-R2,Malaria,Yes,MTWTFSS,No,Lack of transportation or logistics support
KD-102-R2,Labour and Delivery,Yes,MTWTF,Yes,
KD-102-R2,Family Planning,Yes,Specific days,Yes,
KD-102-R3,Immunization,Yes,MTWTF,Yes,
KD-102-R3,Nutrition,No,,,
KD-102-R3,Antenatal Care,Yes,Specific days,Yes,
KD-102-R3,Postnatal Care,Yes,Specific days,Yes,
KD-102-R3,IMCI,Yes,MTWTFSS,No,"Staff unavailable (leave, redeployment, strike)"
KD-102-R3,Malaria,Yes,Specific days,Yes,
KD-102-R3,Labour and Delivery,Yes,Specific days,Yes,
KD-102-R3,Family Planning,Yes,Specific days,Yes,
KD-102-R4,Immunization,Yes,MTWTF,Yes,
KD-102-R4,Nutrition,No,,,
KD-102-R4,Antenatal Care,Yes,MTWTF,Yes,
KD-102-R4,Postnatal Care,Yes,MTWTF,Yes,
KD-102-R4,IMCI,Yes,Specific days,Yes,
KD-102-R4,Malaria,Yes,Specific days,Yes,
KD-102-R4,Labour and Delivery,Yes,On needs basis,Yes,
KD-102-R4,Family Planning,Yes,MTWTF,Yes,
KD-102-R5,Immunization,Yes,Specific days,Yes,
KD-102-R5,Nutrition,No,,,
KD-102-R5,Antenatal Care,Yes,MTWTF,Yes,
KD-102-R5,Postnatal Care,Yes,Specific days,Yes,
KD-102-R5,IMCI,Yes,Specific days,Yes,
KD-102-R5,Malaria,Yes,MTWTF,Yes,
KD-102-R5,Labour and Delivery,Yes,Specific days,Yes,
KD-102-R5,Family Planning,Yes,Specific days,Yes,
KD-102-R6,Immunization,Yes,MTWTF,No,Low community turnout / community resistance
KD-102-R6,Nutrition,No,,,
KD-102-R6,Antenatal Care,Yes,MTWTF,Yes,
KD-102-R6,Postnatal Care,Yes,MTWTF,Yes,
KD-102-R6,IMCI,Yes,Specific days,Yes,
KD-102-R6,Malaria,Yes,MTWTFSS,No,"Attending training, meeting, or other official assignment"
KD-102-R6,Labour and Delivery,Yes,Specific days,Yes,
KD-102-R6,Family Planning,Yes,MTWTF,Yes,
KD-103-R1,Immunization,Yes,MTWTF,Yes,
KD-103-R1,Nutrition,Yes,On needs basis,No,"Staff unavailable (leave, redeployment, strike)"
KD-103-R1,Antenatal Care,Yes,Specific days,Yes,
KD-103-R1,Postnatal Care,Yes,Specific days,Yes,
KD-103-R1,IMCI,Yes,MTWTF,Yes,
KD-103-R1,Malaria,Yes,MTWTF,Yes,
KD-103-R1,Labour and Delivery,Yes,MTWTF,Yes,
KD-103-R1,Family Planning,Yes,MTWTF,No,"Staff unavailable (leave, redeployment, strike)"
KD-103-R2,Immunization,Yes,MTWTF,No,Low community turnout / community resistance
KD-103-R2,Nutrition,Yes,Specific days,Yes,
KD-103-R2,Antenatal Care,Yes,MTWTFSS,No,Lack of transportation or logistics support
KD-103-R2,Postnatal Care,Yes,MTWTFSS,Yes,
KD-103-R2,IMCI,Yes,MTWTFSS,Yes,
KD-103-R2,Malaria,Yes,Specific days,Yes,
KD-103-R2,Labour and Delivery,Yes,Specific days,No,"Attending training, meeting, or other official assignment"
KD-103-R2,Family Planning,Yes,MTWTF,Yes,
KD-103-R3,Immunization,Yes,Specific days,No,Cold chain equipment failure
KD-103-R3,Nutrition,Yes,MTWTF,Yes,
KD-103-R3,Antenatal Care,Yes,MTWTF,No,"Staff unavailable (leave, redeployment, strike)"
KD-103-R3,Postnatal Care,Yes,MTWTF,Yes,
KD-103-R3,IMCI,Yes,MTWTFSS,No,"Staff unavailable (leave, redeployment, strike)"
KD-103-R3,Malaria,Yes,Specific days,No,"Staff unavailable (leave, redeployment, strike)"
KD-103-R3,Labour and Delivery,Yes,MTWTFSS,Yes,
KD-103-R3,Family Planning,Yes,Specific days,No,"Staff unavailable (leave, redeployment, strike)"
KD-103-R4,Immunization,Yes,MTWTF,Yes,
KD-103-R4,Nutrition,Yes,Specific days,Yes,
KD-103-R4,Antenatal Care,Yes,Specific days,No,"Staff unavailable (leave, redeployment, strike)"
KD-103-R4,Postnatal Care,Yes,MTWTF,Yes,
KD-103-R4,IMCI,Yes,MTWTFSS,Yes,
KD-103-R4,Malaria,Yes,MTWTF,Yes,
KD-103-R4,Labour and Delivery,Yes,MTWTF,No,"Staff unavailable (leave, redeployment, strike)"
KD-103-R4,Family Planning,Yes,Specific days,Yes,
KD-103-R5,Immunization,Yes,Specific days,Yes,
KD-103-R5,Nutrition,Yes,MTWTF,Yes,
KD-103-R5,Antenatal Care,Yes,MTWTFSS,No,"Staff unavailable (leave, redeployment, strike)"
KD-103-R5,Postnatal Care,Yes,MTWTFSS,No,"Attending training, meeting, or other official assignment"
KD-103-R5,IMCI,Yes,On needs basis,Yes,
KD-103-R5,Malaria,Yes,MTWTF,Yes,
KD-103-R5,Labour and Delivery,Yes,MTWTFSS,No,Low community turnout / community resistance
KD-103-R5,Family Planning,Yes,Specific days,No,"Attending training, meeting, or other official assignment"
KD-103-R6,Immunization,Yes,Specific days,Yes,
KD-103-R6,Nutrition,Yes,Specific days,No,"Staff unavailable (leave, redeployment, strike)"
KD-103-R6,Antenatal Care,Yes,Specific days,Yes,
KD-103-R6,Postnatal Care,Yes,Specific days,Yes,
KD-103-R6,IMCI,Yes,Specific days,Yes,
KD-103-R6,Malaria,Yes,MTWTFSS,Yes,
KD-103-R6,Labour and Delivery,Yes,Specific days,No,"Attending training, meeting, or other official assignment"
KD-103-R6,Family Planning,Yes,MTWTFSS,Yes,
KD-104-R1,Immunization,Yes,Specific days,Yes,
KD-104-R1,Nutrition,Yes,MTWTF,Yes,
KD-104-R1,Antenatal Care,No,,,
KD-104-R1,Postnatal Care,Yes,Specific days,Yes,
KD-104-R1,IMCI,Yes,MTWTF,Yes,
KD-104-R1,Malaria,Yes,On needs basis,Yes,
KD-104-R1,Labour and Delivery,Yes,Specific days,Yes,
KD-104-R1,Family Planning,Yes,On needs basis,Yes,
KD-104-R2,Immunization,Yes,MTWTF,Yes,
KD-104-R2,Nutrition,Yes,Specific days,Yes,
KD-104-R2,Antenatal Care,No,,,
KD-104-R2,Postnatal Care,Yes,MTWTF,No,"Attending training, meeting, or other official assignment"
KD-104-R2,IMCI,Yes,Specific days,Yes,
KD-104-R2,Malaria,Yes,MTWTF,Yes,
KD-104-R2,Labour and Delivery,Yes,MTWTF,Yes,
KD-104-R2,Family Planning,Yes,Specific days,Yes,
KD-104-R3,Immunization,Yes,MTWTF,Yes,
KD-104-R3,Nutrition,Yes,Specific days,Yes,
KD-104-R3,Antenatal Care,No,,,
KD-104-R3,Postnatal Care,Yes,Specific days,Yes,
KD-104-R3,IMCI,Yes,Specific days,No,"Staff unavailable (leave, redeployment, strike)"
KD-104-R3,Malaria,Yes,Specific days,Yes,
KD-104-R3,Labour and Delivery,Yes,On needs basis,Yes,
KD-104-R3,Family Planning,Yes,MTWTF,No,"Staff unavailable (leave, redeployment, strike)"
KD-104-R4,Immunization,Yes,Specific days,Yes,
KD-104-R4,Nutrition,Yes,Specific days,Yes,
KD-104-R4,Antenatal Care,No,,,
KD-104-R4,Postnatal Care,Yes,On needs basis,Yes,
KD-104-R4,IMCI,Yes,MTWTF,Yes,
KD-104-R4,Malaria,Yes,Specific days,Yes,
KD-104-R4,Labour and Delivery,Yes,On needs basis,Yes,
KD-104-R4,Family Planning,Yes,MTWTF,Yes,
KD-104-R5,Immunization,Yes,MTWTFSS,Yes,
KD-104-R5,Nutrition,Yes,Specific days,Yes,
KD-104-R5,Antenatal Care,No,,,
KD-104-R5,Postnatal Care,Yes,MTWTF,Yes,
KD-104-R5,IMCI,Yes,Specific days,Yes,
KD-104-R5,Malaria,Yes,Specific days,Yes,
KD-104-R5,Labour and Delivery,Yes,Specific days,Yes,
KD-104-R5,Family Planning,Yes,Specific days,No,"Attending training, meeting, or other official assignment"
KD-104-R6,Immunization,Yes,MTWTF,Yes,
KD-104-R6,Nutrition,Yes,On needs basis,Yes,
KD-104-R6,Antenatal Care,No,,,
KD-104-R6,Postnatal Care,Yes,MTWTF,Yes,
KD-104-R6,IMCI,Yes,Specific days,Yes,
KD-104-R6,Malaria,Yes,On needs basis,No,"Attending training, meeting, or other official assignment"
KD-104-R6,Labour and Delivery,Yes,Specific days,Yes,
KD-104-R6,Family Planning,Yes,On needs basis,Yes,
KD-105-R1,Immunization,Yes,MTWTF,No,"Staff unavailable (leave, redeployment, strike)"
KD-105-R1,Nutrition,Yes,Specific days,No,"Attending training, meeting, or other official assignment"
KD-105-R1,Antenatal Care,Yes,MTWTF,Yes,
KD-105-R1,Postnatal Care,Yes,Specific days,No,Vaccine stock-out
KD-105-R1,IMCI,Yes,MTWTF,No,Low community turnout / community resistance
KD-105-R1,Malaria,Yes,MTWTFSS,No,Lack of transportation or logistics support
KD-105-R1,Labour and Delivery,No,,,
KD-105-R1,Family Planning,Yes,MTWTF,No,"Staff unavailable (leave, redeployment, strike)"
KD-105-R2,Immunization,Yes,Specific days,No,"Staff unavailable (leave, redeployment, strike)"
KD-105-R2,Nutrition,Yes,MTWTF,Yes,
KD-105-R2,Antenatal Care,Yes,MTWTF,No,"Facility closed (holiday, strike, renovation)"
KD-105-R2,Postnatal Care,Yes,Specific days,Yes,
KD-105-R2,IMCI,Yes,On needs basis,Yes,
KD-105-R2,Malaria,Yes,Specific days,Yes,
KD-105-R2,Labour and Delivery,No,,,
KD-105-R2,Family Planning,Yes,MTWTF,Yes,
KD-105-R3,Immunization,Yes,MTWTF,No,Vaccine stock-out
KD-105-R3,Nutrition,Yes,Specific days,Yes,
KD-105-R3,Antenatal Care,Yes,MTWTF,Yes,
KD-105-R3,Postnatal Care,Yes,MTWTF,No,Low community turnout / community resistance
KD-105-R3,IMCI,Yes,Specific days,Yes,
KD-105-R3,Malaria,Yes,Specific days,Yes,
KD-105-R3,Labour and Delivery,No,,,
KD-105-R3,Family Planning,Yes,Specific days,No,"Attending training, meeting, or other official assignment"
KD-105-R4,Immunization,Yes,Specific days,Yes,
KD-105-R4,Nutrition,Yes,Specific days,No,"Facility closed (holiday, strike, renovation)"
KD-105-R4,Antenatal Care,Yes,On needs basis,Yes,
KD-105-R4,Postnatal Care,Yes,MTWTF,Yes,
KD-105-R4,IMCI,Yes,MTWTF,Yes,
KD-105-R4,Malaria,Yes,Specific days,Yes,
KD-105-R4,Labour and Delivery,No,,,
KD-105-R4,Family Planning,Yes,MTWTF,No,Low community turnout / community resistance
KD-105-R5,Immunization,Yes,On needs basis,No,Cold chain equipment failure
KD-105-R5,Nutrition,Yes,On needs basis,Yes,
KD-105-R5,Antenatal Care,Yes,MTWTF,Yes,
KD-105-R5,Postnatal Care,Yes,Specific days,Yes,
KD-105-R5,IMCI,Yes,On needs basis,Yes,
KD-105-R5,Malaria,Yes,Specific days,Yes,
KD-105-R5,Labour and Delivery,No,,,
KD-105-R5,Family Planning,Yes,MTWTF,No,Lack of transportation or logistics support
KD-105-R6,Immunization,Yes,Specific days,Yes,
KD-105-R6,Nutrition,Yes,MTWTFSS,Yes,
KD-105-R6,Antenatal Care,Yes,MTWTF,Yes,
KD-105-R6,Postnatal Care,Yes,MTWTFSS,Yes,
KD-105-R6,IMCI,Yes,On needs basis,No,"Staff unavailable (leave, redeployment, strike)"
KD-105-R6,Malaria,Yes,MTWTF,Yes,
KD-105-R6,Labour and Delivery,No,,,
KD-105-R6,Family Planning,Yes,Specific days,No,Other
KD-106-R1,Immunization,Yes,MTWTF,Yes,
KD-106-R1,Nutrition,No,,,
KD-106-R1,Antenatal Care,Yes,On needs basis,Yes,
KD-106-R1,Postnatal Care,Yes,MTWTF,No,Low community turnout / community resistance
KD-106-R1,IMCI,Yes,Specific days,Yes,
KD-106-R1,Malaria,Yes,MTWTF,Yes,
KD-106-R1,Labour and Delivery,Yes,Specific days,Yes,
KD-106-R1,Family Planning,Yes,Specific days,Yes,
KD-106-R2,Immunization,Yes,MTWTF,Yes,
KD-106-R2,Nutrition,No,,,
KD-106-R2,Antenatal Care,Yes,Specific days,Yes,
KD-106-R2,Postnatal Care,Yes,MTWTF,Yes,
KD-106-R2,IMCI,Yes,MTWTF,Yes,
KD-106-R2,Malaria,Yes,On needs basis,Yes,
KD-106-R2,Labour and Delivery,Yes,MTWTF,Yes,
KD-106-R2,Family Planning,Yes,MTWTF,Yes,
KD-106-R3,Immunization,Yes,MTWTF,No,"Security concerns (insecurity, movement restrictions)"
KD-106-R3,Nutrition,No,,,
KD-106-R3,Antenatal Care,Yes,On needs basis,Yes,
KD-106-R3,Postnatal Care,Yes,Specific days,No,"Attending training, meeting, or other official assignment"
KD-106-R3,IMCI,Yes,On needs basis,Yes,
KD-106-R3,Malaria,Yes,On needs basis,Yes,
KD-106-R3,Labour and Delivery,Yes,Specific days,Yes,
KD-106-R3,Family Planning,Yes,On needs basis,Yes,
KD-106-R4,Immunization,Yes,Specific days,Yes,
KD-106-R4,Nutrition,No,,,
KD-106-R4,Antenatal Care,Yes,MTWTF,No,"Staff unavailable (leave, redeployment, strike)"
KD-106-R4,Postnatal Care,Yes,Specific days,Yes,
KD-106-R4,IMCI,Yes,Specific days,Yes,
KD-106-R4,Malaria,Yes,Specific days,Yes,
KD-106-R4,Labour and Delivery,Yes,MTWTF,Yes,
KD-106-R4,Family Planning,Yes,MTWTF,Yes,
KD-106-R5,Immunization,Yes,Specific days,No,"Attending training, meeting, or other official assignment"
KD-106-R5,Nutrition,No,,,
KD-106-R5,Antenatal Care,Yes,Specific days,Yes,
KD-106-R5,Postnatal Care,Yes,MTWTF,Yes,
KD-106-R5,IMCI,Yes,On needs basis,Yes,
KD-106-R5,Malaria,Yes,MTWTF,Yes,
KD-106-R5,Labour and Delivery,Yes,Specific days,Yes,
KD-106-R5,Family Planning,Yes,Specific days,Yes,
KD-106-R6,Immunization,Yes,Specific days,Yes,
KD-106-R6,Nutrition,No,,,
KD-106-R6,Antenatal Care,Yes,MTWTF,No,"Staff unavailable (leave, redeployment, strike)"
KD-106-R6,Postnatal Care,Yes,MTWTF,Yes,
KD-106-R6,IMCI,Yes,On needs basis,Yes,
KD-106-R6,Malaria,Yes,On needs basis,No,"Staff unavailable (leave, redeployment, strike)"
KD-106-R6,Labour and Delivery,Yes,MTWTF,Yes,
KD-106-R6,Family Planning,Yes,On needs basis,Yes,
KD-107-R1,Immunization,Yes,MTWTF,Yes,
KD-107-R1,Nutrition,No,,,
KD-107-R1,Antenatal Care,Yes,Specific days,No,"Staff unavailable (leave, redeployment, strike)"
KD-107-R1,Postnatal Care,Yes,Specific days,Yes,
KD-107-R1,IMCI,No,,,
KD-107-R1,Malaria,Yes,On needs basis,No,"Attending training, meeting, or other official assignment"
KD-107-R1,Labour and Delivery,Yes,On needs basis,No,"Staff unavailable (leave, redeployment, strike)"
KD-107-R1,Family Planning,Yes,Specific days,Yes,
KD-107-R2,Immunization,Yes,MTWTF,Yes,
KD-107-R2,Nutrition,No,,,
KD-107-R2,Antenatal Care,Yes,MTWTF,Yes,
KD-107-R2,Postnatal Care,Yes,Specific days,Yes,
KD-107-R2,IMCI,No,,,
KD-107-R2,Malaria,Yes,MTWTFSS,Yes,
KD-107-R2,Labour and Delivery,Yes,Specific days,Yes,
KD-107-R2,Family Planning,Yes,Specific days,Yes,
KD-107-R3,Immunization,Yes,MTWTF,Yes,
KD-107-R3,Nutrition,No,,,
KD-107-R3,Antenatal Care,Yes,Specific days,Yes,
KD-107-R3,Postnatal Care,Yes,Specific days,Yes,
KD-107-R3,IMCI,No,,,
KD-107-R3,Malaria,Yes,MTWTF,Yes,
KD-107-R3,Labour and Delivery,Yes,Specific days,No,Cold chain equipment failure
KD-107-R3,Family Planning,Yes,MTWTFSS,Yes,
KD-107-R4,Immunization,Yes,MTWTFSS,Yes,
KD-107-R4,Nutrition,No,,,
KD-107-R4,Antenatal Care,Yes,Specific days,Yes,
KD-107-R4,Postnatal Care,Yes,MTWTF,Yes,
KD-107-R4,IMCI,No,,,
KD-107-R4,Malaria,Yes,MTWTF,Yes,
KD-107-R4,Labour and Delivery,Yes,MTWTFSS,Yes,
KD-107-R4,Family Planning,Yes,MTWTF,Yes,
KD-107-R5,Immunization,Yes,MTWTFSS,No,"Facility closed (holiday, strike, renovation)"
KD-107-R5,Nutrition,No,,,
KD-107-R5,Antenatal Care,Yes,MTWTF,Yes,
KD-107-R5,Postnatal Care,Yes,MTWTFSS,Yes,
KD-107-R5,IMCI,No,,,
KD-107-R5,Malaria,Yes,MTWTF,Yes,
KD-107-R5,Labour and Delivery,Yes,MTWTFSS,Yes,
KD-107-R5,Family Planning,Yes,MTWTFSS,No,"Staff unavailable (leave, redeployment, strike)"
KD-107-R6,Immunization,Yes,MTWTFSS,Yes,
KD-107-R6,Nutrition,No,,,
KD-107-R6,Antenatal Care,Yes,MTWTF,Yes,
KD-107-R6,Postnatal Care,Yes,MTWTF,Yes,
KD-107-R6,IMCI,No,,,
KD-107-R6,Malaria,Yes,MTWTF,Yes,
KD-107-R6,Labour and Delivery,Yes,MTWTF,No,"Staff unavailable (leave, redeployment, strike)"
KD-107-R6,Family Planning,Yes,MTWTF,Yes,
KD-108-R1,Immunization,Yes,MTWTF,Yes,
KD-108-R1,Nutrition,Yes,MTWTF,No,"Attending training, meeting, or other official assignment"
KD-108-R1,Antenatal Care,Yes,MTWTFSS,Yes,
KD-108-R1,Postnatal Care,No,,,
KD-108-R1,IMCI,Yes,Specific days,Yes,
KD-108-R1,Malaria,Yes,MTWTF,Yes,
KD-108-R1,Labour and Delivery,No,,,
KD-108-R1,Family Planning,Yes,Specific days,No,"Staff unavailable (leave, redeployment, strike)"
KD-108-R2,Immunization,Yes,MTWTF,Yes,
KD-108-R2,Nutrition,Yes,MTWTF,Yes,
KD-108-R2,Antenatal Care,Yes,Specific days,No,"Facility closed (holiday, strike, renovation)"
KD-108-R2,Postnatal Care,No,,,
KD-108-R2,IMCI,Yes,On needs basis,Yes,
KD-108-R2,Malaria,Yes,MTWTF,Yes,
KD-108-R2,Labour and Delivery,No,,,
KD-108-R2,Family Planning,Yes,Specific days,Yes,
KD-108-R3,Immunization,Yes,Specific days,No,"Facility closed (holiday, strike, renovation)"
KD-108-R3,Nutrition,Yes,MTWTF,Yes,
KD-108-R3,Antenatal Care,Yes,MTWTF,Yes,
KD-108-R3,Postnatal Care,No,,,
KD-108-R3,IMCI,Yes,MTWTFSS,Yes,
KD-108-R3,Malaria,Yes,Specific days,No,"Attending training, meeting, or other official assignment"
KD-108-R3,Labour and Delivery,No,,,
KD-108-R3,Family Planning,Yes,MTWTFSS,Yes,
KD-108-R4,Immunization,Yes,MTWTF,Yes,
KD-108-R4,Nutrition,Yes,Specific days,Yes,
KD-108-R4,Antenatal Care,Yes,Specific days,Yes,
KD-108-R4,Postnatal Care,No,,,
KD-108-R4,IMCI,Yes,MTWTFSS,Yes,
KD-108-R4,Malaria,Yes,MTWTF,Yes,
KD-108-R4,Labour and Delivery,No,,,
KD-108-R4,Family Planning,Yes,On needs basis,Yes,
KD-108-R5,Immunization,Yes,Specific days,Yes,
KD-108-R5,Nutrition,Yes,Specific days,Yes,
KD-108-R5,Antenatal Care,Yes,Specific days,No,"Staff unavailable (leave, redeployment, strike)"
KD-108-R5,Postnatal Care,No,,,
KD-108-R5,IMCI,Yes,Specific days,Yes,
KD-108-R5,Malaria,Yes,Specific days,Yes,
KD-108-R5,Labour and Delivery,No,,,
KD-108-R5,Family Planning,Yes,Specific days,Yes,
KD-108-R6,Immunization,Yes,MTWTF,No,Vaccine stock-out
KD-108-R6,Nutrition,Yes,MTWTF,No,"Staff unavailable (leave, redeployment, strike)"
KD-108-R6,Antenatal Care,Yes,Specific days,No,"Staff unavailable (leave, redeployment, strike)"
KD-108-R6,Postnatal Care,No,,,
KD-108-R6,IMCI,Yes,Specific days,No,"Staff unavailable (leave, redeployment, strike)"
KD-108-R6,Malaria,Yes,Specific days,Yes,
KD-108-R6,Labour and Delivery,No,,,
KD-108-R6,Family Planning,Yes,Specific days,Yes,
KD-109-R1,Immunization,No,,,
KD-109-R1,Nutrition,Yes,Specific days,Yes,
KD-109-R1,Antenatal Care,Yes,MTWTF,Yes,
KD-109-R1,Postnatal Care,Yes,Specific days,Yes,
KD-109-R1,IMCI,Yes,Specific days,Yes,
KD-109-R1,Malaria,Yes,Specific days,Yes,
KD-109-R1,Labour and Delivery,Yes,MTWTF,Yes,
KD-109-R1,Family Planning,Yes,MTWTF,Yes,
KD-109-R2,Immunization,No,,,
KD-109-R2,Nutrition,Yes,Specific days,No,Low community turnout / community resistance
KD-109-R2,Antenatal Care,Yes,MTWTF,Yes,
KD-109-R2,Postnatal Care,Yes,Specific days,Yes,
KD-109-R2,IMCI,Yes,MTWTFSS,No,"Staff unavailable (leave, redeployment, strike)"
KD-109-R2,Malaria,Yes,MTWTF,Yes,
KD-109-R2,Labour and Delivery,Yes,On needs basis,Yes,
KD-109-R2,Family Planning,Yes,Specific days,Yes,
KD-109-R3,Immunization,No,,,
KD-109-R3,Nutrition,Yes,Specific days,No,"Facility closed (holiday, strike, renovation)"
KD-109-R3,Antenatal Care,Yes,On needs basis,No,Low community turnout / community resistance
KD-109-R3,Postnatal Care,Yes,Specific days,Yes,
KD-109-R3,IMCI,Yes,MTWTFSS,Yes,
KD-109-R3,Malaria,Yes,MTWTF,Yes,
KD-109-R3,Labour and Delivery,Yes,Specific days,No,Low community turnout / community resistance
KD-109-R3,Family Planning,Yes,On needs basis,No,Weather or environmental conditions
KD-109-R4,Immunization,No,,,
KD-109-R4,Nutrition,Yes,MTWTFSS,No,"Staff unavailable (leave, redeployment, strike)"
KD-109-R4,Antenatal Care,Yes,Specific days,Yes,
KD-109-R4,Postnatal Care,Yes,MTWTF,Yes,
KD-109-R4,IMCI,Yes,MTWTF,Yes,
KD-109-R4,Malaria,Yes,MTWTF,Yes,
KD-109-R4,Labour and Delivery,Yes,Specific days,Yes,
KD-109-R4,Family Planning,Yes,Specific days,Yes,
KD-109-R5,Immunization,No,,,
KD-109-R5,Nutrition,Yes,Specific days,Yes,
KD-109-R5,Antenatal Care,Yes,Specific days,No,"Facility closed (holiday, strike, renovation)"
KD-109-R5,Postnatal Care,Yes,MTWTFSS,No,"Attending training, meeting, or other official assignment"
KD-109-R5,IMCI,Yes,Specific days,Yes,
KD-109-R5,Malaria,Yes,MTWTFSS,Yes,
KD-109-R5,Labour and Delivery,Yes,Specific days,Yes,
KD-109-R5,Family Planning,Yes,Specific days,Yes,
KD-109-R6,Immunization,No,,,
KD-109-R6,Nutrition,Yes,MTWTF,Yes,
KD-109-R6,Antenatal Care,Yes,Specific days,No,"Staff unavailable (leave, redeployment, strike)"
KD-109-R6,Postnatal Care,Yes,MTWTF,No,"Staff unavailable (leave, redeployment, strike)"
KD-109-R6,IMCI,Yes,Specific days,No,"Security concerns (insecurity, movement restrictions)"
KD-109-R6,Malaria,Yes,Specific days,Yes,
KD-109-R6,Labour and Delivery,Yes,Specific days,Yes,
KD-109-R6,Family Planning,Yes,MTWTF,Yes,
KD-110-R1,Immunization,Yes,MTWTF,Yes,
KD-110-R1,Nutrition,Yes,MTWTFSS,Yes,
KD-110-R1,Antenatal Care,Yes,MTWTF,Yes,
KD-110-R1,Postnatal Care,Yes,Specific days,No,"Facility closed (holiday, strike, renovation)"
KD-110-R1,IMCI,Yes,Specific days,Yes,
KD-110-R1,Malaria,Yes,MTWTFSS,No,"Staff unavailable (leave, redeployment, strike)"
KD-110-R1,Labour and Delivery,Yes,Specific days,Yes,
KD-110-R1,Family Planning,Yes,MTWTF,Yes,
KD-110-R2,Immunization,Yes,Specific days,Yes,
KD-110-R2,Nutrition,Yes,MTWTFSS,No,Low community turnout / community resistance
KD-110-R2,Antenatal Care,Yes,MTWTFSS,Yes,
KD-110-R2,Postnatal Care,Yes,MTWTF,No,"Staff unavailable (leave, redeployment, strike)"
KD-110-R2,IMCI,Yes,Specific days,Yes,
KD-110-R2,Malaria,Yes,MTWTFSS,Yes,
KD-110-R2,Labour and Delivery,Yes,Specific days,Yes,
KD-110-R2,Family Planning,Yes,MTWTF,Yes,
KD-110-R3,Immunization,Yes,Specific days,Yes,
KD-110-R3,Nutrition,Yes,MTWTF,Yes,
KD-110-R3,Antenatal Care,Yes,Specific days,Yes,
KD-110-R3,Postnatal Care,Yes,MTWTFSS,Yes,
KD-110-R3,IMCI,Yes,MTWTF,Yes,
KD-110-R3,Malaria,Yes,MTWTF,Yes,
KD-110-R3,Labour and Delivery,Yes,Specific days,Yes,
KD-110-R3,Family Planning,Yes,Specific days,Yes,
KD-110-R4,Immunization,Yes,MTWTF,Yes,
KD-110-R4,Nutrition,Yes,MTWTF,Yes,
KD-110-R4,Antenatal Care,Yes,Specific days,Yes,
KD-110-R4,Postnatal Care,Yes,Specific days,No,"Security concerns (insecurity, movement restrictions)"
KD-110-R4,IMCI,Yes,On needs basis,Yes,
KD-110-R4,Malaria,Yes,MTWTF,No,Low community turnout / community resistance
KD-110-R4,Labour and Delivery,Yes,MTWTFSS,Yes,
KD-110-R4,Family Planning,Yes,MTWTFSS,Yes,
KD-110-R5,Immunization,Yes,Specific days,Yes,
KD-110-R5,Nutrition,Yes,On needs basis,Yes,
KD-110-R5,Antenatal Care,Yes,Specific days,Yes,
KD-110-R5,Postnatal Care,Yes,On needs basis,No,"Staff unavailable (leave, redeployment, strike)"
KD-110-R5,IMCI,Yes,MTWTFSS,Yes,
KD-110-R5,Malaria,Yes,MTWTF,Yes,
KD-110-R5,Labour and Delivery,Yes,On needs basis,Yes,
KD-110-R5,Family Planning,Yes,MTWTF,Yes,
KD-110-R6,Immunization,Yes,Specific days,Yes,
KD-110-R6,Nutrition,Yes,On needs basis,Yes,
KD-110-R6,Antenatal Care,Yes,MTWTF,Yes,
KD-110-R6,Postnatal Care,Yes,MTWTFSS,Yes,
KD-110-R6,IMCI,Yes,Specific days,No,"Attending training, meeting, or other official assignment"
KD-110-R6,Malaria,Yes,MTWTF,Yes,
KD-110-R6,Labour and Delivery,Yes,MTWTF,Yes,
KD-110-R6,Family Planning,Yes,MTWTF,No,"Attending training, meeting, or other official assignment"
KD-111-R1,Immunization,Yes,MTWTFSS,Yes,
KD-111-R1,Nutrition,No,,,
KD-111-R1,Antenatal Care,Yes,Specific days,No,"Staff unavailable (leave, redeployment, strike)"
KD-111-R1,Postnatal Care,Yes,MTWTF,Yes,
KD-111-R1,IMCI,Yes,Specific days,No,"Staff unavailable (leave, redeployment, strike)"
KD-111-R1,Malaria,Yes,Specific days,Yes,
KD-111-R1,Labour and Delivery,Yes,MTWTFSS,Yes,
KD-111-R1,Family Planning,Yes,On needs basis,Yes,
KD-111-R2,Immunization,Yes,MTWTF,Yes,
KD-111-R2,Nutrition,No,,,
KD-111-R2,Antenatal Care,Yes,MTWTF,Yes,
KD-111-R2,Postnatal Care,Yes,MTWTF,Yes,
KD-111-R2,IMCI,Yes,MTWTFSS,Yes,
KD-111-R2,Malaria,Yes,MTWTF,Yes,
KD-111-R2,Labour and Delivery,Yes,MTWTF,No,Lack of transportation or logistics support
KD-111-R2,Family Planning,Yes,Specific days,Yes,
KD-111-R3,Immunization,Yes,MTWTFSS,No,Cold chain equipment failure
KD-111-R3,Nutrition,No,,,
KD-111-R3,Antenatal Care,Yes,MTWTF,No,"Staff unavailable (leave, redeployment, strike)"
KD-111-R3,Postnatal Care,Yes,MTWTFSS,Yes,
KD-111-R3,IMCI,Yes,MTWTF,Yes,
KD-111-R3,Malaria,Yes,MTWTF,Yes,
KD-111-R3,Labour and Delivery,Yes,Specific days,Yes,
KD-111-R3,Family Planning,Yes,MTWTFSS,No,"Facility closed (holiday, strike, renovation)"
KD-111-R4,Immunization,Yes,MTWTFSS,Yes,
KD-111-R4,Nutrition,No,,,
KD-111-R4,Antenatal Care,Yes,Specific days,No,"Facility closed (holiday, strike, renovation)"
KD-111-R4,Postnatal Care,Yes,MTWTFSS,Yes,
KD-111-R4,IMCI,Yes,MTWTFSS,Yes,
KD-111-R4,Malaria,Yes,On needs basis,No,"Attending training, meeting, or other official assignment"
KD-111-R4,Labour and Delivery,Yes,MTWTFSS,Yes,
KD-111-R4,Family Planning,Yes,Specific days,Yes,
KD-111-R5,Immunization,Yes,On needs basis,No,"Staff unavailable (leave, redeployment, strike)"
KD-111-R5,Nutrition,No,,,
KD-111-R5,Antenatal Care,Yes,Specific days,Yes,
KD-111-R5,Postnatal Care,Yes,Specific days,Yes,
KD-111-R5,IMCI,Yes,Specific days,Yes,
KD-111-R5,Malaria,Yes,Specific days,Yes,
KD-111-R5,Labour and Delivery,Yes,MTWTF,Yes,
KD-111-R5,Family Planning,Yes,Specific days,Yes,
KD-111-R6,Immunization,Yes,MTWTF,Yes,
KD-111-R6,Nutrition,No,,,
KD-111-R6,Antenatal Care,Yes,Specific days,Yes,
KD-111-R6,Postnatal Care,Yes,MTWTF,No,Low community turnout / community resistance
KD-111-R6,IMCI,Yes,MTWTF,Yes,
KD-111-R6,Malaria,Yes,MTWTFSS,Yes,
KD-111-R6,Labour and Delivery,Yes,MTWTF,No,"Staff unavailable (leave, redeployment, strike)"
KD-111-R6,Family Planning,Yes,Specific days,Yes,
KD-112-R1,Immunization,Yes,Specific days,Yes,
KD-112-R1,Nutrition,Yes,MTWTF,Yes,
KD-112-R1,Antenatal Care,Yes,MTWTF,Yes,
KD-112-R1,Postnatal Care,Yes,MTWTF,No,Lack of transportation or logistics support
KD-112-R1,IMCI,Yes,MTWTF,Yes,
KD-112-R1,Malaria,Yes,MTWTF,Yes,
KD-112-R1,Labour and Delivery,Yes,Specific days,Yes,
KD-112-R1,Family Planning,Yes,MTWTFSS,No,Low community turnout / community resistance
KD-112-R2,Immunization,Yes,MTWTF,Yes,
KD-112-R2,Nutrition,Yes,MTWTF,Yes,
KD-112-R2,Antenatal Care,Yes,Specific days,No,Other
KD-112-R2,Postnatal Care,Yes,Specific days,Yes,
KD-112-R2,IMCI,Yes,Specific days,Yes,
KD-112-R2,Malaria,Yes,Specific days,Yes,
KD-112-R2,Labour and Delivery,Yes,On needs basis,Yes,
KD-112-R2,Family Planning,Yes,Specific days,Yes,
KD-112-R3,Immunization,Yes,Specific days,Yes,
KD-112-R3,Nutrition,Yes,On needs basis,Yes,
KD-112-R3,Antenatal Care,Yes,MTWTF,No,Other
KD-112-R3,Postnatal Care,Yes,Specific days,Yes,
KD-112-R3,IMCI,Yes,MTWTF,Yes,
KD-112-R3,Malaria,Yes,On needs basis,Yes,
KD-112-R3,Labour and Delivery,Yes,MTWTF,Yes,
KD-112-R3,Family Planning,Yes,MTWTF,No,"Facility closed (holiday, strike, renovation)"
KD-112-R4,Immunization,Yes,MTWTF,Yes,
KD-112-R4,Nutrition,Yes,MTWTFSS,Yes,
KD-112-R4,Antenatal Care,Yes,Specific days,Yes,
KD-112-R4,Postnatal Care,Yes,MTWTF,Yes,
KD-112-R4,IMCI,Yes,On needs basis,No,"Attending training, meeting, or other official assignment"
KD-112-R4,Malaria,Yes,MTWTF,Yes,
KD-112-R4,Labour and Delivery,Yes,Specific days,Yes,
KD-112-R4,Family Planning,Yes,Specific days,No,Low community turnout / community resistance
KD-112-R5,Immunization,Yes,Specific days,Yes,
KD-112-R5,Nutrition,Yes,Specific days,Yes,
KD-112-R5,Antenatal Care,Yes,Specific days,Yes,
KD-112-R5,Postnatal Care,Yes,Specific days,Yes,
KD-112-R5,IMCI,Yes,Specific days,Yes,
KD-112-R5,Malaria,Yes,MTWTF,Yes,
KD-112-R5,Labour and Delivery,Yes,On needs basis,Yes,
KD-112-R5,Family Planning,Yes,Specific days,Yes,
KD-112-R6,Immunization,Yes,Specific days,Yes,
KD-112-R6,Nutrition,Yes,MTWTF,Yes,
KD-112-R6,Antenatal Care,Yes,Specific days,Yes,
KD-112-R6,Postnatal Care,Yes,MTWTF,Yes,
KD-112-R6,IMCI,Yes,MTWTF,Yes,
KD-112-R6,Malaria,Yes,MTWTF,Yes,
KD-112-R6,Labour and Delivery,Yes,Specific days,Yes,
KD-112-R6,Family Planning,Yes,MTWTF,Yes,
KD-113-R1,Immunization,Yes,MTWTFSS,Yes,
KD-113-R1,Nutrition,No,,,
KD-113-R1,Antenatal Care,Yes,MTWTF,Yes,
KD-113-R1,Postnatal Care,Yes,Specific days,Yes,
KD-113-R1,IMCI,Yes,MTWTF,Yes,
KD-113-R1,Malaria,Yes,MTWTF,Yes,
KD-113-R1,Labour and Delivery,Yes,MTWTFSS,Yes,
KD-113-R1,Family Planning,Yes,Specific days,Yes,
KD-113-R2,Immunization,Yes,On needs basis,No,Vaccine stock-out
KD-113-R2,Nutrition,No,,,
KD-113-R2,Antenatal Care,Yes,MTWTF,Yes,
KD-113-R2,Postnatal Care,Yes,Specific days,Yes,
KD-113-R2,IMCI,Yes,Specific days,Yes,
KD-113-R2,Malaria,Yes,MTWTF,Yes,
KD-113-R2,Labour and Delivery,Yes,Specific days,Yes,
KD-113-R2,Family Planning,Yes,On needs basis,Yes,
KD-113-R3,Immunization,Yes,Specific days,No,Cold chain equipment failure
KD-113-R3,Nutrition,No,,,
KD-113-R3,Antenatal Care,Yes,On needs basis,Yes,
KD-113-R3,Postnatal Care,Yes,On needs basis,Yes,
KD-113-R3,IMCI,Yes,Specific days,Yes,
KD-113-R3,Malaria,Yes,Specific days,Yes,
KD-113-R3,Labour and Delivery,Yes,MTWTF,No,"Staff unavailable (leave, redeployment, strike)"
KD-113-R3,Family Planning,Yes,MTWTF,Yes,
KD-113-R4,Immunization,Yes,On needs basis,Yes,
KD-113-R4,Nutrition,No,,,
KD-113-R4,Antenatal Care,Yes,Specific days,Yes,
KD-113-R4,Postnatal Care,Yes,On needs basis,No,"Attending training, meeting, or other official assignment"
KD-113-R4,IMCI,Yes,Specific days,Yes,
KD-113-R4,Malaria,Yes,MTWTFSS,Yes,
KD-113-R4,Labour and Delivery,Yes,Specific days,No,"Staff unavailable (leave, redeployment, strike)"
KD-113-R4,Family Planning,Yes,Specific days,No,"Facility closed (holiday, strike, renovation)"
KD-113-R5,Immunization,Yes,MTWTFSS,Yes,
KD-113-R5,Nutrition,No,,,
KD-113-R5,Antenatal Care,Yes,Specific days,Yes,
KD-113-R5,Postnatal Care,Yes,Specific days,Yes,
KD-113-R5,IMCI,Yes,On needs basis,Yes,
KD-113-R5,Malaria,Yes,Specific days,Yes,
KD-113-R5,Labour and Delivery,Yes,Specific days,Yes,
KD-113-R5,Family Planning,Yes,MTWTF,Yes,
KD-113-R6,Immunization,Yes,MTWTF,No,Cold chain equipment failure
KD-113-R6,Nutrition,No,,,
KD-113-R6,Antenatal Care,Yes,Specific days,Yes,
KD-113-R6,Postnatal Care,Yes,Specific days,Yes,
KD-113-R6,IMCI,Yes,MTWTFSS,Yes,
KD-113-R6,Malaria,Yes,Specific days,Yes,
KD-113-R6,Labour and Delivery,Yes,Specific days,Yes,
KD-113-R6,Family Planning,Yes,Specific days,Yes,
KD-114-R1,Immunization,Yes,MTWTF,Yes,
KD-114-R1,Nutrition,Yes,On needs basis,Yes,
KD-114-R1,Antenatal Care,Yes,On needs basis,Yes,
KD-114-R1,Postnatal Care,No,,,
KD-114-R1,IMCI,Yes,Specific days,No,"Attending training, meeting, or other official assignment"
KD-114-R1,Malaria,Yes,Specific days,Yes,
KD-114-R1,Labour and Delivery,No,,,
KD-114-R1,Family Planning,Yes,MTWTF,Yes,
KD-114-R2,Immunization,Yes,MTWTF,Yes,
KD-114-R2,Nutrition,Yes,Specific days,Yes,
KD-114-R2,Antenatal Care,Yes,Specific days,Yes,
KD-114-R2,Postnatal Care,No,,,
KD-114-R2,IMCI,Yes,Specific days,Yes,
KD-114-R2,Malaria,Yes,On needs basis,Yes,
KD-114-R2,Labour and Delivery,No,,,
KD-114-R2,Family Planning,Yes,MTWTF,No,"Staff unavailable (leave, redeployment, strike)"
KD-114-R3,Immunization,Yes,On needs basis,Yes,
KD-114-R3,Nutrition,Yes,MTWTF,Yes,
KD-114-R3,Antenatal Care,Yes,On needs basis,No,"Staff unavailable (leave, redeployment, strike)"
KD-114-R3,Postnatal Care,No,,,
KD-114-R3,IMCI,Yes,On needs basis,Yes,
KD-114-R3,Malaria,Yes,Specific days,Yes,
KD-114-R3,Labour and Delivery,No,,,
KD-114-R3,Family Planning,Yes,MTWTFSS,Yes,
KD-114-R4,Immunization,Yes,On needs basis,Yes,
KD-114-R4,Nutrition,Yes,On needs basis,No,Other
KD-114-R4,Antenatal Care,Yes,Specific days,Yes,
KD-114-R4,Postnatal Care,No,,,
KD-114-R4,IMCI,Yes,Specific days,Yes,
KD-114-R4,Malaria,Yes,Specific days,Yes,
KD-114-R4,Labour and Delivery,No,,,
KD-114-R4,Family Planning,Yes,MTWTFSS,Yes,
KD-114-R5,Immunization,Yes,Specific days,Yes,
KD-114-R5,Nutrition,Yes,On needs basis,Yes,
KD-114-R5,Antenatal Care,Yes,On needs basis,Yes,
KD-114-R5,Postnatal Care,No,,,
KD-114-R5,IMCI,Yes,Specific days,Yes,
KD-114-R5,Malaria,Yes,MTWTF,Yes,
KD-114-R5,Labour and Delivery,No,,,
KD-114-R5,Family Planning,Yes,MTWTF,Yes,
KD-114-R6,Immunization,Yes,MTWTF,No,"Staff unavailable (leave, redeployment, strike)"
KD-114-R6,Nutrition,Yes,MTWTF,Yes,
KD-114-R6,Antenatal Care,Yes,Specific days,Yes,
KD-114-R6,Postnatal Care,No,,,
KD-114-R6,IMCI,Yes,MTWTF,Yes,
KD-114-R6,Malaria,Yes,Specific days,Yes,
KD-114-R6,Labour and Delivery,No,,,
KD-114-R6,Family Planning,Yes,On needs basis,Yes,
KD-115-R1,Immunization,Yes,MTWTFSS,Yes,
KD-115-R1,Nutrition,No,,,
KD-115-R1,Antenatal Care,Yes,Specific days,Yes,
KD-115-R1,Postnatal Care,Yes,MTWTF,Yes,
KD-115-R1,IMCI,No,,,
KD-115-R1,Malaria,Yes,MTWTF,Yes,
KD-115-R1,Labour and Delivery,Yes,MTWTF,Yes,
KD-115-R1,Family Planning,Yes,Specific days,Yes,
KD-115-R2,Immunization,Yes,Specific days,Yes,
KD-115-R2,Nutrition,No,,,
KD-115-R2,Antenatal Care,Yes,Specific days,Yes,
KD-115-R2,Postnatal Care,Yes,Specific days,Yes,
KD-115-R2,IMCI,No,,,
KD-115-R2,Malaria,Yes,Specific days,No,"Attending training, meeting, or other official assignment"
KD-115-R2,Labour and Delivery,Yes,MTWTF,Yes,
KD-115-R2,Family Planning,Yes,On needs basis,Yes,
KD-115-R3,Immunization,Yes,Specific days,No,Cold chain equipment failure
KD-115-R3,Nutrition,No,,,
KD-115-R3,Antenatal Care,Yes,MTWTF,Yes,
KD-115-R3,Postnatal Care,Yes,On needs basis,Yes,
KD-115-R3,IMCI,No,,,
KD-115-R3,Malaria,Yes,Specific days,Yes,
KD-115-R3,Labour and Delivery,Yes,MTWTF,Yes,
KD-115-R3,Family Planning,Yes,MTWTFSS,Yes,
KD-115-R4,Immunization,Yes,MTWTF,No,"Security concerns (insecurity, movement restrictions)"
KD-115-R4,Nutrition,No,,,
KD-115-R4,Antenatal Care,Yes,Specific days,No,"Staff unavailable (leave, redeployment, strike)"
KD-115-R4,Postnatal Care,Yes,MTWTF,Yes,
KD-115-R4,IMCI,No,,,
KD-115-R4,Malaria,Yes,Specific days,No,"Attending training, meeting, or other official assignment"
KD-115-R4,Labour and Delivery,Yes,MTWTF,Yes,
KD-115-R4,Family Planning,Yes,On needs basis,No,"Staff unavailable (leave, redeployment, strike)"
KD-115-R5,Immunization,Yes,On needs basis,Yes,
KD-115-R5,Nutrition,No,,,
KD-115-R5,Antenatal Care,Yes,Specific days,Yes,
KD-115-R5,Postnatal Care,Yes,MTWTF,Yes,
KD-115-R5,IMCI,No,,,
KD-115-R5,Malaria,Yes,Specific days,Yes,
KD-115-R5,Labour and Delivery,Yes,On needs basis,Yes,
KD-115-R5,Family Planning,Yes,On needs basis,Yes,
KD-115-R6,Immunization,Yes,MTWTFSS,No,"Attending training, meeting, or other official assignment"
KD-115-R6,Nutrition,No,,,
KD-115-R6,Antenatal Care,Yes,MTWTFSS,Yes,
KD-115-R6,Postnatal Care,Yes,On needs basis,Yes,
KD-115-R6,IMCI,No,,,
KD-115-R6,Malaria,Yes,MTWTF,Yes,
KD-115-R6,Labour and Delivery,Yes,Specific days,Yes,
KD-115-R6,Family Planning,Yes,On needs basis,Yes,
KD-116-R1,Immunization,Yes,MTWTF,No,Other
KD-116-R1,Nutrition,Yes,MTWTF,Yes,
KD-116-R1,Antenatal Care,Yes,On needs basis,Yes,
KD-116-R1,Postnatal Care,Yes,Specific days,Yes,
KD-116-R1,IMCI,No,,,
KD-116-R1,Malaria,Yes,Specific days,Yes,
KD-116-R1,Labour and Delivery,Yes,On needs basis,Yes,
KD-116-R1,Family Planning,Yes,On needs basis,Yes,
KD-116-R2,Immunization,Yes,MTWTFSS,Yes,
KD-116-R2,Nutrition,Yes,On needs basis,Yes,
KD-116-R2,Antenatal Care,Yes,MTWTF,No,Vaccine stock-out
KD-116-R2,Postnatal Care,Yes,MTWTF,Yes,
KD-116-R2,IMCI,No,,,
KD-116-R2,Malaria,Yes,MTWTFSS,No,"Facility closed (holiday, strike, renovation)"
KD-116-R2,Labour and Delivery,Yes,Specific days,No,"Facility closed (holiday, strike, renovation)"
KD-116-R2,Family Planning,Yes,MTWTF,Yes,
KD-116-R3,Immunization,Yes,On needs basis,Yes,
KD-116-R3,Nutrition,Yes,Specific days,Yes,
KD-116-R3,Antenatal Care,Yes,Specific days,No,"Staff unavailable (leave, redeployment, strike)"
KD-116-R3,Postnatal Care,Yes,Specific days,No,"Staff unavailable (leave, redeployment, strike)"
KD-116-R3,IMCI,No,,,
KD-116-R3,Malaria,Yes,On needs basis,Yes,
KD-116-R3,Labour and Delivery,Yes,Specific days,Yes,
KD-116-R3,Family Planning,Yes,Specific days,Yes,
KD-116-R4,Immunization,Yes,MTWTF,No,Cold chain equipment failure
KD-116-R4,Nutrition,Yes,On needs basis,No,"Staff unavailable (leave, redeployment, strike)"
KD-116-R4,Antenatal Care,Yes,Specific days,Yes,
KD-116-R4,Postnatal Care,Yes,Specific days,Yes,
KD-116-R4,IMCI,No,,,
KD-116-R4,Malaria,Yes,Specific days,No,"Staff unavailable (leave, redeployment, strike)"
KD-116-R4,Labour and Delivery,Yes,Specific days,No,"Staff unavailable (leave, redeployment, strike)"
KD-116-R4,Family Planning,Yes,MTWTF,Yes,
KD-116-R5,Immunization,Yes,Specific days,Yes,
KD-116-R5,Nutrition,Yes,On needs basis,Yes,
KD-116-R5,Antenatal Care,Yes,Specific days,Yes,
KD-116-R5,Postnatal Care,Yes,MTWTF,Yes,
KD-116-R5,IMCI,No,,,
KD-116-R5,Malaria,Yes,On needs basis,Yes,
KD-116-R5,Labour and Delivery,Yes,MTWTF,No,"Staff unavailable (leave, redeployment, strike)"
KD-116-R5,Family Planning,Yes,On needs basis,Yes,
KD-116-R6,Immunization,Yes,MTWTF,Yes,
KD-116-R6,Nutrition,Yes,Specific days,No,"Staff unavailable (leave, redeployment, strike)"
KD-116-R6,Antenatal Care,Yes,Specific days,No,"Security concerns (insecurity, movement restrictions)"
KD-116-R6,Postnatal Care,Yes,MTWTF,Yes,
KD-116-R6,IMCI,No,,,
KD-116-R6,Malaria,Yes,On needs basis,Yes,
KD-116-R6,Labour and Delivery,Yes,Specific days,No,"Staff unavailable (leave, redeployment, strike)"
KD-116-R6,Family Planning,Yes,MTWTF,Yes,
KD-117-R1,Immunization,Yes,Specific days,Yes,
KD-117-R1,Nutrition,Yes,Specific days,No,"Attending training, meeting, or other official assignment"
KD-117-R1,Antenatal Care,Yes,Specific days,No,"Staff unavailable (leave, redeployment, strike)"
KD-117-R1,Postnatal Care,Yes,On needs basis,Yes,
KD-117-R1,IMCI,Yes,Specific days,Yes,
KD-117-R1,Malaria,Yes,Specific days,No,Lack of transportation or logistics support
KD-117-R1,Labour and Delivery,Yes,Specific days,Yes,
KD-117-R1,Family Planning,Yes,Specific days,Yes,
KD-117-R2,Immunization,Yes,MTWTF,Yes,
KD-117-R2,Nutrition,Yes,Specific days,No,"Staff unavailable (leave, redeployment, strike)"
KD-117-R2,Antenatal Care,Yes,MTWTF,Yes,
KD-117-R2,Postnatal Care,Yes,MTWTFSS,Yes,
KD-117-R2,IMCI,Yes,MTWTF,Yes,
KD-117-R2,Malaria,Yes,On needs basis,Yes,
KD-117-R2,Labour and Delivery,Yes,MTWTFSS,Yes,
KD-117-R2,Family Planning,Yes,MTWTF,Yes,
KD-117-R3,Immunization,Yes,Specific days,Yes,
KD-117-R3,Nutrition,Yes,MTWTF,Yes,
KD-117-R3,Antenatal Care,Yes,MTWTF,No,"Staff unavailable (leave, redeployment, strike)"
KD-117-R3,Postnatal Care,Yes,Specific days,No,"Staff unavailable (leave, redeployment, strike)"
KD-117-R3,IMCI,Yes,MTWTF,Yes,
KD-117-R3,Malaria,Yes,Specific days,Yes,
KD-117-R3,Labour and Delivery,Yes,Specific days,No,Lack of transportation or logistics support
KD-117-R3,Family Planning,Yes,Specific days,Yes,
KD-117-R4,Immunization,Yes,MTWTF,No,Lack of transportation or logistics support
KD-117-R4,Nutrition,Yes,Specific days,Yes,
KD-117-R4,Antenatal Care,Yes,MTWTFSS,Yes,
KD-117-R4,Postnatal Care,Yes,Specific days,No,"Attending training, meeting, or other official assignment"
KD-117-R4,IMCI,Yes,Specific days,No,"Facility closed (holiday, strike, renovation)"
KD-117-R4,Malaria,Yes,Specific days,No,"Staff unavailable (leave, redeployment, strike)"
KD-117-R4,Labour and Delivery,Yes,Specific days,Yes,
KD-117-R4,Family Planning,Yes,MTWTF,No,"Facility closed (holiday, strike, renovation)"
KD-117-R5,Immunization,Yes,MTWTF,Yes,
KD-117-R5,Nutrition,Yes,MTWTF,Yes,
KD-117-R5,Antenatal Care,Yes,On needs basis,Yes,
KD-117-R5,Postnatal Care,Yes,MTWTF,Yes,
KD-117-R5,IMCI,Yes,Specific days,Yes,
KD-117-R5,Malaria,Yes,MTWTF,No,"Staff unavailable (leave, redeployment, strike)"
KD-117-R5,Labour and Delivery,Yes,Specific days,Yes,
KD-117-R5,Family Planning,Yes,On needs basis,Yes,
KD-117-R6,Immunization,Yes,MTWTF,No,"Staff unavailable (leave, redeployment, strike)"
KD-117-R6,Nutrition,Yes,MTWTF,No,"Facility closed (holiday, strike, renovation)"
KD-117-R6,Antenatal Care,Yes,Specific days,Yes,
KD-117-R6,Postnatal Care,Yes,On needs basis,Yes,
KD-117-R6,IMCI,Yes,MTWTF,Yes,
KD-117-R6,Malaria,Yes,MTWTF,Yes,
KD-117-R6,Labour and Delivery,Yes,Specific days,Yes,
KD-117-R6,Family Planning,Yes,MTWTF,Yes,
KD-118-R1,Immunization,No,,,
KD-118-R1,Nutrition,Yes,On needs basis,No,Low community turnout / community resistance
KD-118-R1,Antenatal Care,Yes,MTWTF,Yes,
KD-118-R1,Postnatal Care,Yes,MTWTF,Yes,
KD-118-R1,IMCI,Yes,Specific days,Yes,
KD-118-R1,Malaria,Yes,MTWTF,Yes,
KD-118-R1,Labour and Delivery,Yes,MTWTF,No,"Staff unavailable (leave, redeployment, strike)"
KD-118-R1,Family Planning,Yes,MTWTF,Yes,
KD-118-R2,Immunization,No,,,
KD-118-R2,Nutrition,Yes,Specific days,Yes,
KD-118-R2,Antenatal Care,Yes,Specific days,Yes,
KD-118-R2,Postnatal Care,Yes,Specific days,Yes,
KD-118-R2,IMCI,Yes,On needs basis,Yes,
KD-118-R2,Malaria,Yes,MTWTF,Yes,
KD-118-R2,Labour and Delivery,Yes,Specific days,Yes,
KD-118-R2,Family Planning,Yes,MTWTF,Yes,
KD-118-R3,Immunization,No,,,
KD-118-R3,Nutrition,Yes,Specific days,No,Low community turnout / community resistance
KD-118-R3,Antenatal Care,Yes,Specific days,Yes,
KD-118-R3,Postnatal Care,Yes,Specific days,Yes,
KD-118-R3,IMCI,Yes,Specific days,No,"Facility closed (holiday, strike, renovation)"
KD-118-R3,Malaria,Yes,MTWTF,Yes,
KD-118-R3,Labour and Delivery,Yes,On needs basis,Yes,
KD-118-R3,Family Planning,Yes,Specific days,Yes,
KD-118-R4,Immunization,No,,,
KD-118-R4,Nutrition,Yes,On needs basis,Yes,
KD-118-R4,Antenatal Care,Yes,Specific days,Yes,
KD-118-R4,Postnatal Care,Yes,Specific days,Yes,
KD-118-R4,IMCI,Yes,Specific days,No,"Facility closed (holiday, strike, renovation)"
KD-118-R4,Malaria,Yes,MTWTF,Yes,
KD-118-R4,Labour and Delivery,Yes,Specific days,No,"Attending training, meeting, or other official assignment"
KD-118-R4,Family Planning,Yes,Specific days,Yes,
KD-118-R5,Immunization,No,,,
KD-118-R5,Nutrition,Yes,MTWTF,Yes,
KD-118-R5,Antenatal Care,Yes,MTWTF,No,"Security concerns (insecurity, movement restrictions)"
KD-118-R5,Postnatal Care,Yes,MTWTF,Yes,
KD-118-R5,IMCI,Yes,Specific days,Yes,
KD-118-R5,Malaria,Yes,MTWTF,Yes,
KD-118-R5,Labour and Delivery,Yes,MTWTF,Yes,
KD-118-R5,Family Planning,Yes,MTWTF,Yes,
KD-118-R6,Immunization,No,,,
KD-118-R6,Nutrition,Yes,Specific days,Yes,
KD-118-R6,Antenatal Care,Yes,On needs basis,Yes,
KD-118-R6,Postnatal Care,Yes,Specific days,Yes,
KD-118-R6,IMCI,Yes,On needs basis,Yes,
KD-118-R6,Malaria,Yes,MTWTF,No,Other
KD-118-R6,Labour and Delivery,Yes,MTWTF,Yes,
KD-118-R6,Family Planning,Yes,Specific days,Yes,
KD-119-R1,Immunization,Yes,Specific days,Yes,
KD-119-R1,Nutrition,Yes,MTWTF,No,"Facility closed (holiday, strike, renovation)"
KD-119-R1,Antenatal Care,Yes,Specific days,No,Low community turnout / community resistance
KD-119-R1,Postnatal Care,Yes,MTWTF,No,"Staff unavailable (leave, redeployment, strike)"
KD-119-R1,IMCI,Yes,Specific days,Yes,
KD-119-R1,Malaria,Yes,MTWTF,Yes,
KD-119-R1,Labour and Delivery,Yes,Specific days,Yes,
KD-119-R1,Family Planning,No,,,
KD-119-R2,Immunization,Yes,On needs basis,No,Vaccine stock-out
KD-119-R2,Nutrition,Yes,Specific days,Yes,
KD-119-R2,Antenatal Care,Yes,Specific days,No,Other
KD-119-R2,Postnatal Care,Yes,MTWTF,Yes,
KD-119-R2,IMCI,Yes,MTWTF,Yes,
KD-119-R2,Malaria,Yes,MTWTF,Yes,
KD-119-R2,Labour and Delivery,Yes,Specific days,Yes,
KD-119-R2,Family Planning,No,,,
KD-119-R3,Immunization,Yes,MTWTF,Yes,
KD-119-R3,Nutrition,Yes,MTWTFSS,Yes,
KD-119-R3,Antenatal Care,Yes,On needs basis,Yes,
KD-119-R3,Postnatal Care,Yes,MTWTF,Yes,
KD-119-R3,IMCI,Yes,MTWTF,No,"Staff unavailable (leave, redeployment, strike)"
KD-119-R3,Malaria,Yes,Specific days,Yes,
KD-119-R3,Labour and Delivery,Yes,Specific days,Yes,
KD-119-R3,Family Planning,No,,,
KD-119-R4,Immunization,Yes,MTWTF,Yes,
KD-119-R4,Nutrition,Yes,Specific days,Yes,
KD-119-R4,Antenatal Care,Yes,Specific days,Yes,
KD-119-R4,Postnatal Care,Yes,Specific days,Yes,
KD-119-R4,IMCI,Yes,Specific days,No,"Staff unavailable (leave, redeployment, strike)"
KD-119-R4,Malaria,Yes,Specific days,Yes,
KD-119-R4,Labour and Delivery,Yes,MTWTF,Yes,
KD-119-R4,Family Planning,No,,,
KD-119-R5,Immunization,Yes,MTWTF,Yes,
KD-119-R5,Nutrition,Yes,MTWTF,No,"Staff unavailable (leave, redeployment, strike)"
KD-119-R5,Antenatal Care,Yes,MTWTFSS,Yes,
KD-119-R5,Postnatal Care,Yes,Specific days,No,"Facility closed (holiday, strike, renovation)"
KD-119-R5,IMCI,Yes,On needs basis,Yes,
KD-119-R5,Malaria,Yes,MTWTF,Yes,
KD-119-R5,Labour and Delivery,Yes,MTWTF,Yes,
KD-119-R5,Family Planning,No,,,
KD-119-R6,Immunization,Yes,Specific days,Yes,
KD-119-R6,Nutrition,Yes,MTWTF,No,Lack of transportation or logistics support
KD-119-R6,Antenatal Care,Yes,Specific days,Yes,
KD-119-R6,Postnatal Care,Yes,MTWTF,Yes,
KD-119-R6,IMCI,Yes,MTWTF,No,"Facility closed (holiday, strike, renovation)"
KD-119-R6,Malaria,Yes,MTWTF,Yes,
KD-119-R6,Labour and Delivery,Yes,Specific days,Yes,
KD-119-R6,Family Planning,No,,,
KD-120-R1,Immunization,Yes,On needs basis,Yes,
KD-120-R1,Nutrition,No,,,
KD-120-R1,Antenatal Care,Yes,Specific days,Yes,
KD-120-R1,Postnatal Care,Yes,MTWTF,Yes,
KD-120-R1,IMCI,Yes,MTWTF,Yes,
KD-120-R1,Malaria,Yes,MTWTF,No,"Staff unavailable (leave, redeployment, strike)"
KD-120-R1,Labour and Delivery,No,,,
KD-120-R1,Family Planning,Yes,MTWTF,Yes,
KD-120-R2,Immunization,Yes,Specific days,Yes,
KD-120-R2,Nutrition,No,,,
KD-120-R2,Antenatal Care,Yes,MTWTF,Yes,
KD-120-R2,Postnatal Care,Yes,Specific days,No,"Attending training, meeting, or other official assignment"
KD-120-R2,IMCI,Yes,Specific days,Yes,
KD-120-R2,Malaria,Yes,Specific days,Yes,
KD-120-R2,Labour and Delivery,No,,,
KD-120-R2,Family Planning,Yes,Specific days,Yes,
KD-120-R3,Immunization,Yes,MTWTF,Yes,
KD-120-R3,Nutrition,No,,,
KD-120-R3,Antenatal Care,Yes,MTWTFSS,Yes,
KD-120-R3,Postnatal Care,Yes,On needs basis,Yes,
KD-120-R3,IMCI,Yes,MTWTF,Yes,
KD-120-R3,Malaria,Yes,MTWTF,Yes,
KD-120-R3,Labour and Delivery,No,,,
KD-120-R3,Family Planning,Yes,On needs basis,No,Low community turnout / community resistance
KD-120-R4,Immunization,Yes,Specific days,No,"Staff unavailable (leave, redeployment, strike)"
KD-120-R4,Nutrition,No,,,
KD-120-R4,Antenatal Care,Yes,MTWTF,Yes,
KD-120-R4,Postnatal Care,Yes,MTWTF,No,"Staff unavailable (leave, redeployment, strike)"
KD-120-R4,IMCI,Yes,Specific days,Yes,
KD-120-R4,Malaria,Yes,On needs basis,No,Lack of transportation or logistics support
KD-120-R4,Labour and Delivery,No,,,
KD-120-R4,Family Planning,Yes,MTWTF,Yes,
KD-120-R5,Immunization,Yes,On needs basis,Yes,
KD-120-R5,Nutrition,No,,,
KD-120-R5,Antenatal Care,Yes,MTWTF,Yes,
KD-120-R5,Postnatal Care,Yes,On needs basis,Yes,
KD-120-R5,IMCI,Yes,MTWTF,Yes,
KD-120-R5,Malaria,Yes,MTWTF,No,Vaccine stock-out
KD-120-R5,Labour and Delivery,No,,,
KD-120-R5,Family Planning,Yes,MTWTF,Yes,
KD-120-R6,Immunization,Yes,Specific days,Yes,
KD-120-R6,Nutrition,No,,,
KD-120-R6,Antenatal Care,Yes,MTWTF,Yes,
KD-120-R6,Postnatal Care,Yes,Specific days,Yes,
KD-120-R6,IMCI,Yes,Specific days,Yes,
KD-120-R6,Malaria,Yes,Specific days,Yes,
KD-120-R6,Labour and Delivery,No,,,
KD-120-R6,Family Planning,Yes,MTWTFSS,No,"Attending training, meeting, or other official assignment"
KD-121-R1,Immunization,Yes,MTWTF,Yes,
KD-121-R1,Nutrition,Yes,MTWTF,No,"Security concerns (insecurity, movement restrictions)"
KD-121-R1,Antenatal Care,Yes,MTWTF,No,"Staff unavailable (leave, redeployment, strike)"
KD-121-R1,Postnatal Care,Yes,MTWTF,No,Vaccine stock-out
KD-121-R1,IMCI,Yes,Specific days,Yes,
KD-121-R1,Malaria,Yes,Specific days,Yes,
KD-121-R1,Labour and Delivery,Yes,MTWTFSS,Yes,
KD-121-R1,Family Planning,Yes,MTWTF,Yes,
KD-121-R2,Immunization,Yes,Specific days,Yes,
KD-121-R2,Nutrition,Yes,Specific days,Yes,
KD-121-R2,Antenatal Care,Yes,Specific days,No,Cold chain equipment failure
KD-121-R2,Postnatal Care,Yes,On needs basis,No,Low community turnout / community resistance
KD-121-R2,IMCI,Yes,MTWTF,Yes,
KD-121-R2,Malaria,Yes,MTWTF,No,"Staff unavailable (leave, redeployment, strike)"
KD-121-R2,Labour and Delivery,Yes,MTWTF,Yes,
KD-121-R2,Family Planning,Yes,MTWTFSS,Yes,
KD-121-R3,Immunization,Yes,MTWTFSS,Yes,
KD-121-R3,Nutrition,Yes,MTWTF,No,"Staff unavailable (leave, redeployment, strike)"
KD-121-R3,Antenatal Care,Yes,MTWTFSS,No,"Staff unavailable (leave, redeployment, strike)"
KD-121-R3,Postnatal Care,Yes,Specific days,Yes,
KD-121-R3,IMCI,Yes,Specific days,Yes,
KD-121-R3,Malaria,Yes,Specific days,Yes,
KD-121-R3,Labour and Delivery,Yes,Specific days,Yes,
KD-121-R3,Family Planning,Yes,MTWTF,No,"Facility closed (holiday, strike, renovation)"
KD-121-R4,Immunization,Yes,Specific days,Yes,
KD-121-R4,Nutrition,Yes,MTWTF,No,Weather or environmental conditions
KD-121-R4,Antenatal Care,Yes,MTWTF,No,Lack of transportation or logistics support
KD-121-R4,Postnatal Care,Yes,MTWTF,Yes,
KD-121-R4,IMCI,Yes,Specific days,Yes,
KD-121-R4,Malaria,Yes,Specific days,Yes,
KD-121-R4,Labour and Delivery,Yes,MTWTFSS,Yes,
KD-121-R4,Family Planning,Yes,Specific days,Yes,
KD-121-R5,Immunization,Yes,Specific days,No,"Facility closed (holiday, strike, renovation)"
KD-121-R5,Nutrition,Yes,MTWTFSS,No,Lack of transportation or logistics support
KD-121-R5,Antenatal Care,Yes,MTWTF,Yes,
KD-121-R5,Postnatal Care,Yes,Specific days,Yes,
KD-121-R5,IMCI,Yes,MTWTFSS,Yes,
KD-121-R5,Malaria,Yes,Specific days,No,"Staff unavailable (leave, redeployment, strike)"
KD-121-R5,Labour and Delivery,Yes,Specific days,No,Weather or environmental conditions
KD-121-R5,Family Planning,Yes,MTWTF,No,"Attending training, meeting, or other official assignment"
KD-121-R6,Immunization,Yes,MTWTF,Yes,
KD-121-R6,Nutrition,Yes,MTWTF,Yes,
KD-121-R6,Antenatal Care,Yes,Specific days,Yes,
KD-121-R6,Postnatal Care,Yes,MTWTF,Yes,
KD-121-R6,IMCI,Yes,Specific days,Yes,
KD-121-R6,Malaria,Yes,MTWTF,No,Lack of transportation or logistics support
KD-121-R6,Labour and Delivery,Yes,Specific days,Yes,
KD-121-R6,Family Planning,Yes,Specific days,Yes,
KD-122-R1,Immunization,Yes,Specific days,No,Weather or environmental conditions
KD-122-R1,Nutrition,Yes,MTWTF,Yes,
KD-122-R1,Antenatal Care,Yes,MTWTF,Yes,
KD-122-R1,Postnatal Care,Yes,Specific days,Yes,
KD-122-R1,IMCI,Yes,MTWTF,Yes,
KD-122-R1,Malaria,Yes,MTWTF,Yes,
KD-122-R1,Labour and Delivery,Yes,Specific days,Yes,
KD-122-R1,Family Planning,Yes,Specific days,Yes,
KD-122-R2,Immunization,Yes,Specific days,Yes,
KD-122-R2,Nutrition,Yes,MTWTF,No,"Staff unavailable (leave, redeployment, strike)"
KD-122-R2,Antenatal Care,Yes,MTWTFSS,No,"Staff unavailable (leave, redeployment, strike)"
KD-122-R2,Postnatal Care,Yes,MTWTF,No,"Facility closed (holiday, strike, renovation)"
KD-122-R2,IMCI,Yes,Specific days,Yes,
KD-122-R2,Malaria,Yes,Specific days,No,"Attending training, meeting, or other official assignment"
KD-122-R2,Labour and Delivery,Yes,MTWTF,No,"Staff unavailable (leave, redeployment, strike)"
KD-122-R2,Family Planning,Yes,Specific days,Yes,
KD-122-R3,Immunization,Yes,MTWTF,Yes,
KD-122-R3,Nutrition,Yes,Specific days,Yes,
KD-122-R3,Antenatal Care,Yes,Specific days,No,"Facility closed (holiday, strike, renovation)"
KD-122-R3,Postnatal Care,Yes,MTWTF,Yes,
KD-122-R3,IMCI,Yes,Specific days,Yes,
KD-122-R3,Malaria,Yes,MTWTF,No,Lack of transportation or logistics support
KD-122-R3,Labour and Delivery,Yes,Specific days,Yes,
KD-122-R3,Family Planning,Yes,MTWTF,Yes,
KD-122-R4,Immunization,Yes,MTWTFSS,Yes,
KD-122-R4,Nutrition,Yes,MTWTF,Yes,
KD-122-R4,Antenatal Care,Yes,MTWTFSS,Yes,
KD-122-R4,Postnatal Care,Yes,MTWTFSS,Yes,
KD-122-R4,IMCI,Yes,Specific days,No,"Attending training, meeting, or other official assignment"
KD-122-R4,Malaria,Yes,MTWTF,No,"Security concerns (insecurity, movement restrictions)"
KD-122-R4,Labour and Delivery,Yes,MTWTF,Yes,
KD-122-R4,Family Planning,Yes,MTWTF,No,Other
KD-122-R5,Immunization,Yes,MTWTF,Yes,
KD-122-R5,Nutrition,Yes,Specific days,Yes,
KD-122-R5,Antenatal Care,Yes,Specific days,Yes,
KD-122-R5,Postnatal Care,Yes,MTWTF,No,Other
KD-122-R5,IMCI,Yes,MTWTF,Yes,
KD-122-R5,Malaria,Yes,Specific days,Yes,
KD-122-R5,Labour and Delivery,Yes,Specific days,Yes,
KD-122-R5,Family Planning,Yes,MTWTF,Yes,
KD-122-R6,Immunization,Yes,MTWTFSS,Yes,
KD-122-R6,Nutrition,Yes,MTWTF,Yes,
KD-122-R6,Antenatal Care,Yes,Specific days,Yes,
KD-122-R6,Postnatal Care,Yes,MTWTFSS,Yes,
KD-122-R6,IMCI,Yes,Specific days,Yes,
KD-122-R6,Malaria,Yes,MTWTFSS,Yes,
KD-122-R6,Labour and Delivery,Yes,MTWTF,Yes,
KD-122-R6,Family Planning,Yes,MTWTF,Yes,
KD-123-R1,Immunization,Yes,MTWTFSS,Yes,
KD-123-R1,Nutrition,No,,,
KD-123-R1,Antenatal Care,Yes,MTWTF,Yes,
KD-123-R1,Postnatal Care,Yes,MTWTF,No,"Facility closed (holiday, strike, renovation)"
KD-123-R1,IMCI,Yes,Specific days,Yes,
KD-123-R1,Malaria,Yes,MTWTFSS,No,Lack of transportation or logistics support
KD-123-R1,Labour and Delivery,Yes,On needs basis,Yes,
KD-123-R1,Family Planning,Yes,MTWTFSS,Yes,
KD-123-R2,Immunization,Yes,MTWTF,Yes,
KD-123-R2,Nutrition,No,,,
KD-123-R2,Antenatal Care,Yes,MTWTFSS,Yes,
KD-123-R2,Postnatal Care,Yes,Specific days,Yes,
KD-123-R2,IMCI,Yes,MTWTF,Yes,
KD-123-R2,Malaria,Yes,On needs basis,Yes,
KD-123-R2,Labour and Delivery,Yes,Specific days,Yes,
KD-123-R2,Family Planning,Yes,MTWTF,Yes,
KD-123-R3,Immunization,Yes,Specific days,Yes,
KD-123-R3,Nutrition,No,,,
KD-123-R3,Antenatal Care,Yes,Specific days,Yes,
KD-123-R3,Postnatal Care,Yes,MTWTF,Yes,
KD-123-R3,IMCI,Yes,Specific days,No,"Attending training, meeting, or other official assignment"
KD-123-R3,Malaria,Yes,MTWTF,Yes,
KD-123-R3,Labour and Delivery,Yes,MTWTF,Yes,
KD-123-R3,Family Planning,Yes,MTWTF,Yes,
KD-123-R4,Immunization,Yes,MTWTFSS,Yes,
KD-123-R4,Nutrition,No,,,
KD-123-R4,Antenatal Care,Yes,MTWTF,Yes,
KD-123-R4,Postnatal Care,Yes,Specific days,No,"Attending training, meeting, or other official assignment"
KD-123-R4,IMCI,Yes,Specific days,Yes,
KD-123-R4,Malaria,Yes,Specific days,Yes,
KD-123-R4,Labour and Delivery,Yes,Specific days,Yes,
KD-123-R4,Family Planning,Yes,MTWTF,Yes,
KD-123-R5,Immunization,Yes,Specific days,Yes,
KD-123-R5,Nutrition,No,,,
KD-123-R5,Antenatal Care,Yes,MTWTF,Yes,
KD-123-R5,Postnatal Care,Yes,MTWTF,Yes,
KD-123-R5,IMCI,Yes,On needs basis,No,"Attending training, meeting, or other official assignment"
KD-123-R5,Malaria,Yes,Specific days,Yes,
KD-123-R5,Labour and Delivery,Yes,MTWTF,Yes,
KD-123-R5,Family Planning,Yes,On needs basis,Yes,
KD-123-R6,Immunization,Yes,MTWTF,Yes,
KD-123-R6,Nutrition,No,,,
KD-123-R6,Antenatal Care,Yes,Specific days,Yes,
KD-123-R6,Postnatal Care,Yes,Specific days,Yes,
KD-123-R6,IMCI,Yes,Specific days,Yes,
KD-123-R6,Malaria,Yes,Specific days,Yes,
KD-123-R6,Labour and Delivery,Yes,Specific days,Yes,
KD-123-R6,Family Planning,Yes,Specific days,Yes,
KD-124-R1,Immunization,Yes,Specific days,Yes,
KD-124-R1,Nutrition,Yes,Specific days,No,"Attending training, meeting, or other official assignment"
KD-124-R1,Antenatal Care,Yes,On needs basis,Yes,
KD-124-R1,Postnatal Care,No,,,
KD-124-R1,IMCI,Yes,Specific days,Yes,
KD-124-R1,Malaria,Yes,Specific days,Yes,
KD-124-R1,Labour and Delivery,No,,,
KD-124-R1,Family Planning,Yes,Specific days,Yes,
KD-124-R2,Immunization,Yes,MTWTFSS,Yes,
KD-124-R2,Nutrition,Yes,Specific days,Yes,
KD-124-R2,Antenatal Care,Yes,On needs basis,Yes,
KD-124-R2,Postnatal Care,No,,,
KD-124-R2,IMCI,Yes,Specific days,Yes,
KD-124-R2,Malaria,Yes,MTWTF,Yes,
KD-124-R2,Labour and Delivery,No,,,
KD-124-R2,Family Planning,Yes,Specific days,Yes,
KD-124-R3,Immunization,Yes,Specific days,Yes,
KD-124-R3,Nutrition,Yes,On needs basis,Yes,
KD-124-R3,Antenatal Care,Yes,Specific days,Yes,
KD-124-R3,Postnatal Care,No,,,
KD-124-R3,IMCI,Yes,Specific days,Yes,
KD-124-R3,Malaria,Yes,On needs basis,Yes,
KD-124-R3,Labour and Delivery,No,,,
KD-124-R3,Family Planning,Yes,Specific days,Yes,
KD-124-R4,Immunization,Yes,Specific days,No,"Facility closed (holiday, strike, renovation)"
KD-124-R4,Nutrition,Yes,Specific days,Yes,
KD-124-R4,Antenatal Care,Yes,Specific days,No,Vaccine stock-out
KD-124-R4,Postnatal Care,No,,,
KD-124-R4,IMCI,Yes,On needs basis,Yes,
KD-124-R4,Malaria,Yes,On needs basis,Yes,
KD-124-R4,Labour and Delivery,No,,,
KD-124-R4,Family Planning,Yes,MTWTF,No,Low community turnout / community resistance
KD-124-R5,Immunization,Yes,Specific days,Yes,
KD-124-R5,Nutrition,Yes,Specific days,Yes,
KD-124-R5,Antenatal Care,Yes,MTWTFSS,Yes,
KD-124-R5,Postnatal Care,No,,,
KD-124-R5,IMCI,Yes,Specific days,Yes,
KD-124-R5,Malaria,Yes,MTWTF,No,"Staff unavailable (leave, redeployment, strike)"
KD-124-R5,Labour and Delivery,No,,,
KD-124-R5,Family Planning,Yes,MTWTF,Yes,
KD-124-R6,Immunization,Yes,Specific days,Yes,
KD-124-R6,Nutrition,Yes,Specific days,Yes,
KD-124-R6,Antenatal Care,Yes,Specific days,Yes,
KD-124-R6,Postnatal Care,No,,,
KD-124-R6,IMCI,Yes,MTWTF,No,"Staff unavailable (leave, redeployment, strike)"
KD-124-R6,Malaria,Yes,Specific days,Yes,
KD-124-R6,Labour and Delivery,No,,,
KD-124-R6,Family Planning,Yes,MTWTF,No,"Attending training, meeting, or other official assignment"
KD-125-R1,Immunization,No,,,
KD-125-R1,Nutrition,Yes,MTWTF,Yes,
KD-125-R1,Antenatal Care,No,,,
KD-125-R1,Postnatal Care,Yes,On needs basis,No,"Staff unavailable (leave, redeployment, strike)"
KD-125-R1,IMCI,Yes,On needs basis,Yes,
KD-125-R1,Malaria,Yes,MTWTF,Yes,
KD-125-R1,Labour and Delivery,Yes,MTWTFSS,Yes,
KD-125-R1,Family Planning,No,,,
KD-125-R2,Immunization,No,,,
KD-125-R2,Nutrition,Yes,On needs basis,No,Other
KD-125-R2,Antenatal Care,No,,,
KD-125-R2,Postnatal Care,Yes,Specific days,Yes,
KD-125-R2,IMCI,Yes,MTWTF,No,Low community turnout / community resistance
KD-125-R2,Malaria,Yes,Specific days,Yes,
KD-125-R2,Labour and Delivery,Yes,MTWTF,No,"Security concerns (insecurity, movement restrictions)"
KD-125-R2,Family Planning,No,,,
KD-125-R3,Immunization,No,,,
KD-125-R3,Nutrition,Yes,MTWTF,Yes,
KD-125-R3,Antenatal Care,No,,,
KD-125-R3,Postnatal Care,Yes,Specific days,Yes,
KD-125-R3,IMCI,Yes,On needs basis,Yes,
KD-125-R3,Malaria,Yes,MTWTF,No,Low community turnout / community resistance
KD-125-R3,Labour and Delivery,Yes,Specific days,Yes,
KD-125-R3,Family Planning,No,,,
KD-125-R4,Immunization,No,,,
KD-125-R4,Nutrition,Yes,Specific days,Yes,
KD-125-R4,Antenatal Care,No,,,
KD-125-R4,Postnatal Care,Yes,Specific days,No,"Staff unavailable (leave, redeployment, strike)"
KD-125-R4,IMCI,Yes,Specific days,Yes,
KD-125-R4,Malaria,Yes,Specific days,No,Weather or environmental conditions
KD-125-R4,Labour and Delivery,Yes,Specific days,No,Lack of transportation or logistics support
KD-125-R4,Family Planning,No,,,
KD-125-R5,Immunization,No,,,
KD-125-R5,Nutrition,Yes,MTWTF,No,"Facility closed (holiday, strike, renovation)"
KD-125-R5,Antenatal Care,No,,,
KD-125-R5,Postnatal Care,Yes,Specific days,Yes,
KD-125-R5,IMCI,Yes,MTWTFSS,Yes,
KD-125-R5,Malaria,Yes,MTWTFSS,Yes,
KD-125-R5,Labour and Delivery,Yes,Specific days,Yes,
KD-125-R5,Family Planning,No,,,
KD-125-R6,Immunization,No,,,
KD-125-R6,Nutrition,Yes,On needs basis,Yes,
KD-125-R6,Antenatal Care,No,,,
KD-125-R6,Postnatal Care,Yes,MTWTF,Yes,
KD-125-R6,IMCI,Yes,Specific days,Yes,
KD-125-R6,Malaria,Yes,MTWTF,No,"Staff unavailable (leave, redeployment, strike)"
KD-125-R6,Labour and Delivery,Yes,Specific days,No,"Staff unavailable (leave, redeployment, strike)"
KD-125-R6,Family Planning,No,,,
KD-126-R1,Immunization,Yes,Specific days,Yes,
KD-126-R1,Nutrition,Yes,On needs basis,Yes,
KD-126-R1,Antenatal Care,Yes,Specific days,Yes,
KD-126-R1,Postnatal Care,No,,,
KD-126-R1,IMCI,No,,,
KD-126-R1,Malaria,Yes,MTWTF,Yes,
KD-126-R1,Labour and Delivery,Yes,MTWTF,No,"Facility closed (holiday, strike, renovation)"
KD-126-R1,Family Planning,Yes,Specific days,Yes,
KD-126-R2,Immunization,Yes,MTWTF,No,"Attending training, meeting, or other official assignment"
KD-126-R2,Nutrition,Yes,On needs basis,Yes,
KD-126-R2,Antenatal Care,Yes,On needs basis,Yes,
KD-126-R2,Postnatal Care,No,,,
KD-126-R2,IMCI,No,,,
KD-126-R2,Malaria,Yes,Specific days,Yes,
KD-126-R2,Labour and Delivery,Yes,On needs basis,Yes,
KD-126-R2,Family Planning,Yes,Specific days,No,Weather or environmental conditions
KD-126-R3,Immunization,Yes,MTWTF,Yes,
KD-126-R3,Nutrition,Yes,MTWTF,Yes,
KD-126-R3,Antenatal Care,Yes,MTWTF,Yes,
KD-126-R3,Postnatal Care,No,,,
KD-126-R3,IMCI,No,,,
KD-126-R3,Malaria,Yes,MTWTF,Yes,
KD-126-R3,Labour and Delivery,Yes,Specific days,Yes,
KD-126-R3,Family Planning,Yes,Specific days,Yes,
KD-126-R4,Immunization,Yes,On needs basis,No,"Attending training, meeting, or other official assignment"
KD-126-R4,Nutrition,Yes,On needs basis,Yes,
KD-126-R4,Antenatal Care,Yes,Specific days,Yes,
KD-126-R4,Postnatal Care,No,,,
KD-126-R4,IMCI,No,,,
KD-126-R4,Malaria,Yes,MTWTF,No,"Facility closed (holiday, strike, renovation)"
KD-126-R4,Labour and Delivery,Yes,MTWTF,Yes,
KD-126-R4,Family Planning,Yes,On needs basis,No,"Staff unavailable (leave, redeployment, strike)"
KD-126-R5,Immunization,Yes,Specific days,No,Vaccine stock-out
KD-126-R5,Nutrition,Yes,On needs basis,Yes,
KD-126-R5,Antenatal Care,Yes,MTWTF,No,"Facility closed (holiday, strike, renovation)"
KD-126-R5,Postnatal Care,No,,,
KD-126-R5,IMCI,No,,,
KD-126-R5,Malaria,Yes,Specific days,Yes,
KD-126-R5,Labour and Delivery,Yes,MTWTF,Yes,
KD-126-R5,Family Planning,Yes,MTWTF,Yes,
KD-126-R6,Immunization,Yes,MTWTF,Yes,
KD-126-R6,Nutrition,Yes,MTWTF,Yes,
KD-126-R6,Antenatal Care,Yes,Specific days,Yes,
KD-126-R6,Postnatal Care,No,,,
KD-126-R6,IMCI,No,,,
KD-126-R6,Malaria,Yes,MTWTF,No,"Staff unavailable (leave, redeployment, strike)"
KD-126-R6,Labour and Delivery,Yes,On needs basis,Yes,
KD-126-R6,Family Planning,Yes,Specific days,Yes,
KD-127-R1,Immunization,Yes,On needs basis,Yes,
KD-127-R1,Nutrition,No,,,
KD-127-R1,Antenatal Care,Yes,Specific days,Yes,
KD-127-R1,Postnatal Care,Yes,MTWTFSS,Yes,
KD-127-R1,IMCI,Yes,Specific days,Yes,
KD-127-R1,Malaria,Yes,Specific days,Yes,
KD-127-R1,Labour and Delivery,Yes,On needs basis,Yes,
KD-127-R1,Family Planning,Yes,On needs basis,Yes,
KD-127-R2,Immunization,Yes,MTWTF,Yes,
KD-127-R2,Nutrition,No,,,
KD-127-R2,Antenatal Care,Yes,On needs basis,Yes,
KD-127-R2,Postnatal Care,Yes,Specific days,Yes,
KD-127-R2,IMCI,Yes,MTWTF,No,"Staff unavailable (leave, redeployment, strike)"
KD-127-R2,Malaria,Yes,On needs basis,No,"Staff unavailable (leave, redeployment, strike)"
KD-127-R2,Labour and Delivery,Yes,MTWTFSS,Yes,
KD-127-R2,Family Planning,Yes,On needs basis,No,"Staff unavailable (leave, redeployment, strike)"
KD-127-R3,Immunization,Yes,Specific days,Yes,
KD-127-R3,Nutrition,No,,,
KD-127-R3,Antenatal Care,Yes,Specific days,Yes,
KD-127-R3,Postnatal Care,Yes,Specific days,Yes,
KD-127-R3,IMCI,Yes,MTWTF,Yes,
KD-127-R3,Malaria,Yes,MTWTFSS,Yes,
KD-127-R3,Labour and Delivery,Yes,MTWTF,No,"Facility closed (holiday, strike, renovation)"
KD-127-R3,Family Planning,Yes,MTWTF,Yes,
KD-127-R4,Immunization,Yes,MTWTF,Yes,
KD-127-R4,Nutrition,No,,,
KD-127-R4,Antenatal Care,Yes,MTWTF,Yes,
KD-127-R4,Postnatal Care,Yes,On needs basis,No,"Staff unavailable (leave, redeployment, strike)"
KD-127-R4,IMCI,Yes,MTWTF,Yes,
KD-127-R4,Malaria,Yes,Specific days,Yes,
KD-127-R4,Labour and Delivery,Yes,Specific days,Yes,
KD-127-R4,Family Planning,Yes,MTWTF,No,"Staff unavailable (leave, redeployment, strike)"
KD-127-R5,Immunization,Yes,On needs basis,Yes,
KD-127-R5,Nutrition,No,,,
KD-127-R5,Antenatal Care,Yes,Specific days,Yes,
KD-127-R5,Postnatal Care,Yes,Specific days,Yes,
KD-127-R5,IMCI,Yes,On needs basis,Yes,
KD-127-R5,Malaria,Yes,On needs basis,Yes,
KD-127-R5,Labour and Delivery,Yes,MTWTF,Yes,
KD-127-R5,Family Planning,Yes,On needs basis,Yes,
KD-127-R6,Immunization,Yes,On needs basis,Yes,
KD-127-R6,Nutrition,No,,,
KD-127-R6,Antenatal Care,Yes,Specific days,Yes,
KD-127-R6,Postnatal Care,Yes,MTWTF,No,"Attending training, meeting, or other official assignment"
KD-127-R6,IMCI,Yes,MTWTF,Yes,
KD-127-R6,Malaria,Yes,On needs basis,Yes,
KD-127-R6,Labour and Delivery,Yes,MTWTFSS,Yes,
KD-127-R6,Family Planning,Yes,Specific days,Yes,
KD-128-R1,Immunization,Yes,Specific days,Yes,
KD-128-R1,Nutrition,Yes,Specific days,No,"Staff unavailable (leave, redeployment, strike)"
KD-128-R1,Antenatal Care,Yes,Specific days,Yes,
KD-128-R1,Postnatal Care,Yes,On needs basis,Yes,
KD-128-R1,IMCI,Yes,Specific days,Yes,
KD-128-R1,Malaria,Yes,Specific days,No,"Security concerns (insecurity, movement restrictions)"
KD-128-R1,Labour and Delivery,No,,,
KD-128-R1,Family Planning,No,,,
KD-128-R2,Immunization,Yes,Specific days,Yes,
KD-128-R2,Nutrition,Yes,Specific days,Yes,
KD-128-R2,Antenatal Care,Yes,Specific days,Yes,
KD-128-R2,Postnatal Care,Yes,MTWTFSS,No,"Staff unavailable (leave, redeployment, strike)"
KD-128-R2,IMCI,Yes,Specific days,Yes,
KD-128-R2,Malaria,Yes,MTWTF,Yes,
KD-128-R2,Labour and Delivery,No,,,
KD-128-R2,Family Planning,No,,,
KD-128-R3,Immunization,Yes,MTWTFSS,Yes,
KD-128-R3,Nutrition,Yes,Specific days,Yes,
KD-128-R3,Antenatal Care,Yes,MTWTF,No,Low community turnout / community resistance
KD-128-R3,Postnatal Care,Yes,MTWTFSS,Yes,
KD-128-R3,IMCI,Yes,MTWTFSS,Yes,
KD-128-R3,Malaria,Yes,Specific days,Yes,
KD-128-R3,Labour and Delivery,No,,,
KD-128-R3,Family Planning,No,,,
KD-128-R4,Immunization,Yes,MTWTFSS,Yes,
KD-128-R4,Nutrition,Yes,Specific days,No,Low community turnout / community resistance
KD-128-R4,Antenatal Care,Yes,MTWTF,Yes,
KD-128-R4,Postnatal Care,Yes,MTWTFSS,No,"Attending training, meeting, or other official assignment"
KD-128-R4,IMCI,Yes,Specific days,No,"Staff unavailable (leave, redeployment, strike)"
KD-128-R4,Malaria,Yes,MTWTF,Yes,
KD-128-R4,Labour and Delivery,No,,,
KD-128-R4,Family Planning,No,,,
KD-128-R5,Immunization,Yes,MTWTF,Yes,
KD-128-R5,Nutrition,Yes,Specific days,Yes,
KD-128-R5,Antenatal Care,Yes,MTWTFSS,Yes,
KD-128-R5,Postnatal Care,Yes,MTWTF,No,Low community turnout / community resistance
KD-128-R5,IMCI,Yes,Specific days,Yes,
KD-128-R5,Malaria,Yes,Specific days,Yes,
KD-128-R5,Labour and Delivery,No,,,
KD-128-R5,Family Planning,No,,,
KD-128-R6,Immunization,Yes,MTWTF,Yes,
KD-128-R6,Nutrition,Yes,MTWTF,Yes,
KD-128-R6,Antenatal Care,Yes,MTWTF,Yes,
KD-128-R6,Postnatal Care,Yes,MTWTF,Yes,
KD-128-R6,IMCI,Yes,MTWTF,Yes,
KD-128-R6,Malaria,Yes,MTWTF,Yes,
KD-128-R6,Labour and Delivery,No,,,
KD-128-R6,Family Planning,No,,,
KD-129-R1,Immunization,Yes,Specific days,Yes,
KD-129-R1,Nutrition,Yes,MTWTF,No,Weather or environmental conditions
KD-129-R1,Antenatal Care,Yes,MTWTF,Yes,
KD-129-R1,Postnatal Care,No,,,
KD-129-R1,IMCI,Yes,MTWTF,Yes,
KD-129-R1,Malaria,Yes,On needs basis,Yes,
KD-129-R1,Labour and Delivery,Yes,MTWTF,Yes,
KD-129-R1,Family Planning,Yes,Specific days,No,"Security concerns (insecurity, movement restrictions)"
KD-129-R2,Immunization,Yes,Specific days,No,Other
KD-129-R2,Nutrition,Yes,MTWTF,Yes,
KD-129-R2,Antenatal Care,Yes,Specific days,Yes,
KD-129-R2,Postnatal Care,No,,,
KD-129-R2,IMCI,Yes,Specific days,No,Lack of transportation or logistics support
KD-129-R2,Malaria,Yes,Specific days,Yes,
KD-129-R2,Labour and Delivery,Yes,MTWTF,Yes,
KD-129-R2,Family Planning,Yes,MTWTF,Yes,
KD-129-R3,Immunization,Yes,MTWTF,Yes,
KD-129-R3,Nutrition,Yes,MTWTF,Yes,
KD-129-R3,Antenatal Care,Yes,MTWTF,No,Low community turnout / community resistance
KD-129-R3,Postnatal Care,No,,,
KD-129-R3,IMCI,Yes,MTWTF,No,"Staff unavailable (leave, redeployment, strike)"
KD-129-R3,Malaria,Yes,Specific days,Yes,
KD-129-R3,Labour and Delivery,Yes,Specific days,No,"Staff unavailable (leave, redeployment, strike)"
KD-129-R3,Family Planning,Yes,On needs basis,Yes,
KD-129-R4,Immunization,Yes,Specific days,No,"Facility closed (holiday, strike, renovation)"
KD-129-R4,Nutrition,Yes,On needs basis,Yes,
KD-129-R4,Antenatal Care,Yes,Specific days,Yes,
KD-129-R4,Postnatal Care,No,,,
KD-129-R4,IMCI,Yes,Specific days,Yes,
KD-129-R4,Malaria,Yes,On needs basis,Yes,
KD-129-R4,Labour and Delivery,Yes,On needs basis,Yes,
KD-129-R4,Family Planning,Yes,On needs basis,Yes,
KD-129-R5,Immunization,Yes,MTWTF,No,"Staff unavailable (leave, redeployment, strike)"
KD-129-R5,Nutrition,Yes,Specific days,Yes,
KD-129-R5,Antenatal Care,Yes,On needs basis,Yes,
KD-129-R5,Postnatal Care,No,,,
KD-129-R5,IMCI,Yes,Specific days,Yes,
KD-129-R5,Malaria,Yes,MTWTF,No,"Attending training, meeting, or other official assignment"
KD-129-R5,Labour and Delivery,Yes,MTWTF,Yes,
KD-129-R5,Family Planning,Yes,MTWTF,Yes,
KD-129-R6,Immunization,Yes,MTWTFSS,Yes,
KD-129-R6,Nutrition,Yes,MTWTF,No,"Staff unavailable (leave, redeployment, strike)"
KD-129-R6,Antenatal Care,Yes,Specific days,Yes,
KD-129-R6,Postnatal Care,No,,,
KD-129-R6,IMCI,Yes,On needs basis,Yes,
KD-129-R6,Malaria,Yes,MTWTF,No,Low community turnout / community resistance
KD-129-R6,Labour and Delivery,Yes,MTWTFSS,Yes,
KD-129-R6,Family Planning,Yes,Specific days,Yes,
KD-130-R1,Immunization,Yes,MTWTF,Yes,
KD-130-R1,Nutrition,No,,,
KD-130-R1,Antenatal Care,Yes,Specific days,No,"Staff unavailable (leave, redeployment, strike)"
KD-130-R1,Postnatal Care,Yes,Specific days,No,Lack of transportation or logistics support
KD-130-R1,IMCI,Yes,MTWTF,No,"Staff unavailable (leave, redeployment, strike)"
KD-130-R1,Malaria,Yes,MTWTF,Yes,
KD-130-R1,Labour and Delivery,Yes,MTWTF,Yes,
KD-130-R1,Family Planning,Yes,Specific days,No,Vaccine stock-out
KD-130-R2,Immunization,Yes,MTWTF,Yes,
KD-130-R2,Nutrition,No,,,
KD-130-R2,Antenatal Care,Yes,Specific days,No,"Staff unavailable (leave, redeployment, strike)"
KD-130-R2,Postnatal Care,Yes,Specific days,Yes,
KD-130-R2,IMCI,Yes,MTWTF,No,"Staff unavailable (leave, redeployment, strike)"
KD-130-R2,Malaria,Yes,Specific days,Yes,
KD-130-R2,Labour and Delivery,Yes,Specific days,No,Cold chain equipment failure
KD-130-R2,Family Planning,Yes,On needs basis,Yes,
KD-130-R3,Immunization,Yes,MTWTF,Yes,
KD-130-R3,Nutrition,No,,,
KD-130-R3,Antenatal Care,Yes,MTWTF,No,"Attending training, meeting, or other official assignment"
KD-130-R3,Postnatal Care,Yes,MTWTF,Yes,
KD-130-R3,IMCI,Yes,Specific days,Yes,
KD-130-R3,Malaria,Yes,MTWTF,Yes,
KD-130-R3,Labour and Delivery,Yes,On needs basis,Yes,
KD-130-R3,Family Planning,Yes,MTWTF,Yes,
KD-130-R4,Immunization,Yes,MTWTF,Yes,
KD-130-R4,Nutrition,No,,,
KD-130-R4,Antenatal Care,Yes,Specific days,Yes,
KD-130-R4,Postnatal Care,Yes,Specific days,Yes,
KD-130-R4,IMCI,Yes,Specific days,Yes,
KD-130-R4,Malaria,Yes,On needs basis,Yes,
KD-130-R4,Labour and Delivery,Yes,MTWTF,No,"Staff unavailable (leave, redeployment, strike)"
KD-130-R4,Family Planning,Yes,MTWTF,No,"Facility closed (holiday, strike, renovation)"
KD-130-R5,Immunization,Yes,Specific days,No,"Staff unavailable (leave, redeployment, strike)"
KD-130-R5,Nutrition,No,,,
KD-130-R5,Antenatal Care,Yes,Specific days,Yes,
KD-130-R5,Postnatal Care,Yes,Specific days,Yes,
KD-130-R5,IMCI,Yes,Specific days,Yes,
KD-130-R5,Malaria,Yes,MTWTF,Yes,
KD-130-R5,Labour and Delivery,Yes,Specific days,Yes,
KD-130-R5,Family Planning,Yes,On needs basis,Yes,
KD-130-R6,Immunization,Yes,MTWTF,Yes,
KD-130-R6,Nutrition,No,,,
KD-130-R6,Antenatal Care,Yes,Specific days,Yes,
KD-130-R6,Postnatal Care,Yes,On needs basis,No,"Staff unavailable (leave, redeployment, strike)"
KD-130-R6,IMCI,Yes,On needs basis,Yes,
KD-130-R6,Malaria,Yes,MTWTF,Yes,
KD-130-R6,Labour and Delivery,Yes,Specific days,Yes,
KD-130-R6,Family Planning,Yes,Specific days,Yes,
KD-131-R1,Immunization,Yes,MTWTF,Yes,
KD-131-R1,Nutrition,No,,,
KD-131-R1,Antenatal Care,Yes,MTWTF,Yes,
KD-131-R1,Postnatal Care,Yes,Specific days,Yes,
KD-131-R1,IMCI,Yes,On needs basis,Yes,
KD-131-R1,Malaria,Yes,Specific days,Yes,
KD-131-R1,Labour and Delivery,Yes,Specific days,No,"Staff unavailable (leave, redeployment, strike)"
KD-131-R1,Family Planning,Yes,MTWTF,Yes,
KD-131-R2,Immunization,Yes,MTWTF,Yes,
KD-131-R2,Nutrition,No,,,
KD-131-R2,Antenatal Care,Yes,MTWTF,Yes,
KD-131-R2,Postnatal Care,Yes,On needs basis,Yes,
KD-131-R2,IMCI,Yes,MTWTF,Yes,
KD-131-R2,Malaria,Yes,On needs basis,Yes,
KD-131-R2,Labour and Delivery,Yes,MTWTFSS,Yes,
KD-131-R2,Family Planning,Yes,MTWTF,Yes,
KD-131-R3,Immunization,Yes,MTWTF,Yes,
KD-131-R3,Nutrition,No,,,
KD-131-R3,Antenatal Care,Yes,MTWTF,Yes,
KD-131-R3,Postnatal Care,Yes,Specific days,Yes,
KD-131-R3,IMCI,Yes,MTWTFSS,Yes,
KD-131-R3,Malaria,Yes,MTWTF,Yes,
KD-131-R3,Labour and Delivery,Yes,MTWTF,Yes,
KD-131-R3,Family Planning,Yes,Specific days,Yes,
KD-131-R4,Immunization,Yes,MTWTFSS,Yes,
KD-131-R4,Nutrition,No,,,
KD-131-R4,Antenatal Care,Yes,On needs basis,Yes,
KD-131-R4,Postnatal Care,Yes,Specific days,Yes,
KD-131-R4,IMCI,Yes,MTWTF,No,"Staff unavailable (leave, redeployment, strike)"
KD-131-R4,Malaria,Yes,Specific days,Yes,
KD-131-R4,Labour and Delivery,Yes,MTWTF,No,Low community turnout / community resistance
KD-131-R4,Family Planning,Yes,MTWTF,Yes,
KD-131-R5,Immunization,Yes,MTWTF,Yes,
KD-131-R5,Nutrition,No,,,
KD-131-R5,Antenatal Care,Yes,MTWTF,Yes,
KD-131-R5,Postnatal Care,Yes,MTWTF,Yes,
KD-131-R5,IMCI,Yes,MTWTF,Yes,
KD-131-R5,Malaria,Yes,Specific days,Yes,
KD-131-R5,Labour and Delivery,Yes,MTWTFSS,Yes,
KD-131-R5,Family Planning,Yes,MTWTF,Yes,
KD-131-R6,Immunization,Yes,MTWTF,Yes,
KD-131-R6,Nutrition,No,,,
KD-131-R6,Antenatal Care,Yes,MTWTF,No,"Staff unavailable (leave, redeployment, strike)"
KD-131-R6,Postnatal Care,Yes,Specific days,Yes,
KD-131-R6,IMCI,Yes,MTWTF,Yes,
KD-131-R6,Malaria,Yes,MTWTF,Yes,
KD-131-R6,Labour and Delivery,Yes,Specific days,Yes,
KD-131-R6,Family Planning,Yes,Specific days,Yes,
KD-132-R1,Immunization,Yes,MTWTF,Yes,
KD-132-R1,Nutrition,Yes,Specific days,No,Low community turnout / community resistance
KD-132-R1,Antenatal Care,Yes,MTWTF,Yes,
KD-132-R1,Postnatal Care,Yes,MTWTFSS,Yes,
KD-132-R1,IMCI,Yes,Specific days,Yes,
KD-132-R1,Malaria,Yes,MTWTFSS,No,"Staff unavailable (leave, redeployment, strike)"
KD-132-R1,Labour and Delivery,Yes,MTWTF,Yes,
KD-132-R1,Family Planning,No,,,
KD-132-R2,Immunization,Yes,MTWTFSS,Yes,
KD-132-R2,Nutrition,Yes,Specific days,No,"Staff unavailable (leave, redeployment, strike)"
KD-132-R2,Antenatal Care,Yes,Specific days,Yes,
KD-132-R2,Postnatal Care,Yes,Specific days,Yes,
KD-132-R2,IMCI,Yes,Specific days,Yes,
KD-132-R2,Malaria,Yes,Specific days,Yes,
KD-132-R2,Labour and Delivery,Yes,MTWTFSS,Yes,
KD-132-R2,Family Planning,No,,,
KD-132-R3,Immunization,Yes,MTWTF,Yes,
KD-132-R3,Nutrition,Yes,MTWTF,Yes,
KD-132-R3,Antenatal Care,Yes,MTWTFSS,No,"Facility closed (holiday, strike, renovation)"
KD-132-R3,Postnatal Care,Yes,Specific days,Yes,
KD-132-R3,IMCI,Yes,MTWTFSS,Yes,
KD-132-R3,Malaria,Yes,MTWTF,Yes,
KD-132-R3,Labour and Delivery,Yes,Specific days,No,"Attending training, meeting, or other official assignment"
KD-132-R3,Family Planning,No,,,
KD-132-R4,Immunization,Yes,MTWTF,Yes,
KD-132-R4,Nutrition,Yes,Specific days,Yes,
KD-132-R4,Antenatal Care,Yes,MTWTF,No,"Staff unavailable (leave, redeployment, strike)"
KD-132-R4,Postnatal Care,Yes,MTWTFSS,No,Lack of transportation or logistics support
KD-132-R4,IMCI,Yes,Specific days,Yes,
KD-132-R4,Malaria,Yes,MTWTF,Yes,
KD-132-R4,Labour and Delivery,Yes,MTWTF,Yes,
KD-132-R4,Family Planning,No,,,
KD-132-R5,Immunization,Yes,MTWTF,Yes,
KD-132-R5,Nutrition,Yes,MTWTF,Yes,
KD-132-R5,Antenatal Care,Yes,MTWTFSS,Yes,
KD-132-R5,Postnatal Care,Yes,Specific days,Yes,
KD-132-R5,IMCI,Yes,MTWTFSS,Yes,
KD-132-R5,Malaria,Yes,MTWTF,Yes,
KD-132-R5,Labour and Delivery,Yes,Specific days,Yes,
KD-132-R5,Family Planning,No,,,
KD-132-R6,Immunization,Yes,Specific days,Yes,
KD-132-R6,Nutrition,Yes,Specific days,No,"Staff unavailable (leave, redeployment, strike)"
KD-132-R6,Antenatal Care,Yes,MTWTF,Yes,
KD-132-R6,Postnatal Care,Yes,Specific days,Yes,
KD-132-R6,IMCI,Yes,Specific days,Yes,
KD-132-R6,Malaria,Yes,Specific days,Yes,
KD-132-R6,Labour and Delivery,Yes,Specific days,Yes,
KD-132-R6,Family Planning,No,,,
KD-133-R1,Immunization,No,,,
KD-133-R1,Nutrition,Yes,MTWTF,No,"Staff unavailable (leave, redeployment, strike)"
KD-133-R1,Antenatal Care,Yes,Specific days,Yes,
KD-133-R1,Postnatal Care,Yes,MTWTF,No,"Attending training, meeting, or other official assignment"
KD-133-R1,IMCI,No,,,
KD-133-R1,Malaria,Yes,Specific days,Yes,
KD-133-R1,Labour and Delivery,Yes,On needs basis,No,"Facility closed (holiday, strike, renovation)"
KD-133-R1,Family Planning,No,,,
KD-133-R2,Immunization,No,,,
KD-133-R2,Nutrition,Yes,Specific days,No,Vaccine stock-out
KD-133-R2,Antenatal Care,Yes,Specific days,No,"Staff unavailable (leave, redeployment, strike)"
KD-133-R2,Postnatal Care,Yes,Specific days,Yes,
KD-133-R2,IMCI,No,,,
KD-133-R2,Malaria,Yes,MTWTF,Yes,
KD-133-R2,Labour and Delivery,Yes,Specific days,No,Low community turnout / community resistance
KD-133-R2,Family Planning,No,,,
KD-133-R3,Immunization,No,,,
KD-133-R3,Nutrition,Yes,MTWTF,Yes,
KD-133-R3,Antenatal Care,Yes,On needs basis,Yes,
KD-133-R3,Postnatal Care,Yes,On needs basis,Yes,
KD-133-R3,IMCI,No,,,
KD-133-R3,Malaria,Yes,Specific days,Yes,
KD-133-R3,Labour and Delivery,Yes,Specific days,Yes,
KD-133-R3,Family Planning,No,,,
KD-133-R4,Immunization,No,,,
KD-133-R4,Nutrition,Yes,Specific days,Yes,
KD-133-R4,Antenatal Care,Yes,MTWTF,Yes,
KD-133-R4,Postnatal Care,Yes,MTWTF,Yes,
KD-133-R4,IMCI,No,,,
KD-133-R4,Malaria,Yes,MTWTF,No,"Staff unavailable (leave, redeployment, strike)"
KD-133-R4,Labour and Delivery,Yes,Specific days,No,Low community turnout / community resistance
KD-133-R4,Family Planning,No,,,
KD-133-R5,Immunization,No,,,
KD-133-R5,Nutrition,Yes,On needs basis,Yes,
KD-133-R5,Antenatal Care,Yes,MTWTF,Yes,
KD-133-R5,Postnatal Care,Yes,Specific days,Yes,
KD-133-R5,IMCI,No,,,
KD-133-R5,Malaria,Yes,On needs basis,No,"Staff unavailable (leave, redeployment, strike)"
KD-133-R5,Labour and Delivery,Yes,Specific days,Yes,
KD-133-R5,Family Planning,No,,,
KD-133-R6,Immunization,No,,,
KD-133-R6,Nutrition,Yes,MTWTF,Yes,
KD-133-R6,Antenatal Care,Yes,On needs basis,Yes,
KD-133-R6,Postnatal Care,Yes,Specific days,Yes,
KD-133-R6,IMCI,No,,,
KD-133-R6,Malaria,Yes,Specific days,Yes,
KD-133-R6,Labour and Delivery,Yes,MTWTF,Yes,
KD-133-R6,Family Planning,No,,,
KD-134-R1,Immunization,Yes,Specific days,Yes,
KD-134-R1,Nutrition,No,,,
KD-134-R1,Antenatal Care,Yes,MTWTF,No,"Staff unavailable (leave, redeployment, strike)"
KD-134-R1,Postnatal Care,Yes,Specific days,Yes,
KD-134-R1,IMCI,Yes,On needs basis,Yes,
KD-134-R1,Malaria,Yes,On needs basis,Yes,
KD-134-R1,Labour and Delivery,Yes,MTWTF,Yes,
KD-134-R1,Family Planning,Yes,Specific days,Yes,
KD-134-R2,Immunization,Yes,Specific days,Yes,
KD-134-R2,Nutrition,No,,,
KD-134-R2,Antenatal Care,Yes,Specific days,Yes,
KD-134-R2,Postnatal Care,Yes,Specific days,Yes,
KD-134-R2,IMCI,Yes,Specific days,Yes,
KD-134-R2,Malaria,Yes,Specific days,Yes,
KD-134-R2,Labour and Delivery,Yes,MTWTF,Yes,
KD-134-R2,Family Planning,Yes,On needs basis,Yes,
KD-134-R3,Immunization,Yes,Specific days,Yes,
KD-134-R3,Nutrition,No,,,
KD-134-R3,Antenatal Care,Yes,MTWTF,Yes,
KD-134-R3,Postnatal Care,Yes,MTWTF,Yes,
KD-134-R3,IMCI,Yes,Specific days,No,"Attending training, meeting, or other official assignment"
KD-134-R3,Malaria,Yes,MTWTF,No,"Staff unavailable (leave, redeployment, strike)"
KD-134-R3,Labour and Delivery,Yes,On needs basis,Yes,
KD-134-R3,Family Planning,Yes,Specific days,Yes,
KD-134-R4,Immunization,Yes,MTWTF,No,"Security concerns (insecurity, movement restrictions)"
KD-134-R4,Nutrition,No,,,
KD-134-R4,Antenatal Care,Yes,Specific days,Yes,
KD-134-R4,Postnatal Care,Yes,Specific days,Yes,
KD-134-R4,IMCI,Yes,MTWTF,Yes,
KD-134-R4,Malaria,Yes,Specific days,Yes,
KD-134-R4,Labour and Delivery,Yes,MTWTF,No,"Staff unavailable (leave, redeployment, strike)"
KD-134-R4,Family Planning,Yes,Specific days,Yes,
KD-134-R5,Immunization,Yes,On needs basis,Yes,
KD-134-R5,Nutrition,No,,,
KD-134-R5,Antenatal Care,Yes,MTWTF,Yes,
KD-134-R5,Postnatal Care,Yes,MTWTF,No,"Facility closed (holiday, strike, renovation)"
KD-134-R5,IMCI,Yes,Specific days,Yes,
KD-134-R5,Malaria,Yes,Specific days,No,"Attending training, meeting, or other official assignment"
KD-134-R5,Labour and Delivery,Yes,MTWTF,Yes,
KD-134-R5,Family Planning,Yes,MTWTFSS,Yes,
KD-134-R6,Immunization,Yes,MTWTFSS,No,"Staff unavailable (leave, redeployment, strike)"
KD-134-R6,Nutrition,No,,,
KD-134-R6,Antenatal Care,Yes,On needs basis,No,"Attending training, meeting, or other official assignment"
KD-134-R6,Postnatal Care,Yes,On needs basis,Yes,
KD-134-R6,IMCI,Yes,MTWTFSS,No,"Staff unavailable (leave, redeployment, strike)"
KD-134-R6,Malaria,Yes,Specific days,Yes,
KD-134-R6,Labour and Delivery,Yes,On needs basis,Yes,
KD-134-R6,Family Planning,Yes,Specific days,No,"Security concerns (insecurity, movement restrictions)"
KD-135-R1,Immunization,No,,,
KD-135-R1,Nutrition,Yes,MTWTFSS,Yes,
KD-135-R1,Antenatal Care,Yes,Specific days,Yes,
KD-135-R1,Postnatal Care,Yes,On needs basis,No,"Staff unavailable (leave, redeployment, strike)"
KD-135-R1,IMCI,No,,,
KD-135-R1,Malaria,Yes,Specific days,Yes,
KD-135-R1,Labour and Delivery,Yes,MTWTF,No,"Staff unavailable (leave, redeployment, strike)"
KD-135-R1,Family Planning,Yes,MTWTF,No,Low community turnout / community resistance
KD-135-R2,Immunization,No,,,
KD-135-R2,Nutrition,Yes,MTWTF,Yes,
KD-135-R2,Antenatal Care,Yes,Specific days,Yes,
KD-135-R2,Postnatal Care,Yes,MTWTF,Yes,
KD-135-R2,IMCI,No,,,
KD-135-R2,Malaria,Yes,Specific days,Yes,
KD-135-R2,Labour and Delivery,Yes,On needs basis,Yes,
KD-135-R2,Family Planning,Yes,Specific days,Yes,
KD-135-R3,Immunization,No,,,
KD-135-R3,Nutrition,Yes,MTWTFSS,Yes,
KD-135-R3,Antenatal Care,Yes,Specific days,Yes,
KD-135-R3,Postnatal Care,Yes,MTWTF,Yes,
KD-135-R3,IMCI,No,,,
KD-135-R3,Malaria,Yes,Specific days,Yes,
KD-135-R3,Labour and Delivery,Yes,Specific days,Yes,
KD-135-R3,Family Planning,Yes,Specific days,Yes,
KD-135-R4,Immunization,No,,,
KD-135-R4,Nutrition,Yes,MTWTFSS,Yes,
KD-135-R4,Antenatal Care,Yes,On needs basis,No,"Staff unavailable (leave, redeployment, strike)"
KD-135-R4,Postnatal Care,Yes,MTWTF,Yes,
KD-135-R4,IMCI,No,,,
KD-135-R4,Malaria,Yes,Specific days,No,Lack of transportation or logistics support
KD-135-R4,Labour and Delivery,Yes,MTWTF,Yes,
KD-135-R4,Family Planning,Yes,MTWTFSS,Yes,
KD-135-R5,Immunization,No,,,
KD-135-R5,Nutrition,Yes,MTWTF,Yes,
KD-135-R5,Antenatal Care,Yes,Specific days,Yes,
KD-135-R5,Postnatal Care,Yes,MTWTF,Yes,
KD-135-R5,IMCI,No,,,
KD-135-R5,Malaria,Yes,Specific days,Yes,
KD-135-R5,Labour and Delivery,Yes,Specific days,Yes,
KD-135-R5,Family Planning,Yes,Specific days,Yes,
KD-135-R6,Immunization,No,,,
KD-135-R6,Nutrition,Yes,MTWTF,Yes,
KD-135-R6,Antenatal Care,Yes,Specific days,No,"Facility closed (holiday, strike, renovation)"
KD-135-R6,Postnatal Care,Yes,MTWTFSS,Yes,
KD-135-R6,IMCI,No,,,
KD-135-R6,Malaria,Yes,MTWTF,Yes,
KD-135-R6,Labour and Delivery,Yes,MTWTFSS,Yes,
KD-135-R6,Family Planning,Yes,MTWTFSS,Yes,
KD-136-R1,Immunization,Yes,MTWTF,No,Cold chain equipment failure
KD-136-R1,Nutrition,Yes,On needs basis,Yes,
KD-136-R1,Antenatal Care,Yes,Specific days,Yes,
KD-136-R1,Postnatal Care,Yes,MTWTF,Yes,
KD-136-R1,IMCI,Yes,Specific days,No,"Staff unavailable (leave, redeployment, strike)"
KD-136-R1,Malaria,Yes,MTWTF,Yes,
KD-136-R1,Labour and Delivery,Yes,Specific days,Yes,
KD-136-R1,Family Planning,Yes,Specific days,No,"Staff unavailable (leave, redeployment, strike)"
KD-136-R2,Immunization,Yes,MTWTFSS,Yes,
KD-136-R2,Nutrition,Yes,Specific days,No,"Staff unavailable (leave, redeployment, strike)"
KD-136-R2,Antenatal Care,Yes,MTWTF,No,"Attending training, meeting, or other official assignment"
KD-136-R2,Postnatal Care,Yes,Specific days,Yes,
KD-136-R2,IMCI,Yes,MTWTF,Yes,
KD-136-R2,Malaria,Yes,Specific days,Yes,
KD-136-R2,Labour and Delivery,Yes,Specific days,Yes,
KD-136-R2,Family Planning,Yes,MTWTF,Yes,
KD-136-R3,Immunization,Yes,Specific days,Yes,
KD-136-R3,Nutrition,Yes,Specific days,Yes,
KD-136-R3,Antenatal Care,Yes,Specific days,Yes,
KD-136-R3,Postnatal Care,Yes,Specific days,No,"Facility closed (holiday, strike, renovation)"
KD-136-R3,IMCI,Yes,Specific days,Yes,
KD-136-R3,Malaria,Yes,MTWTFSS,Yes,
KD-136-R3,Labour and Delivery,Yes,MTWTF,Yes,
KD-136-R3,Family Planning,Yes,Specific days,Yes,
KD-136-R4,Immunization,Yes,Specific days,Yes,
KD-136-R4,Nutrition,Yes,MTWTF,Yes,
KD-136-R4,Antenatal Care,Yes,Specific days,No,Other
KD-136-R4,Postnatal Care,Yes,Specific days,Yes,
KD-136-R4,IMCI,Yes,Specific days,Yes,
KD-136-R4,Malaria,Yes,Specific days,No,"Staff unavailable (leave, redeployment, strike)"
KD-136-R4,Labour and Delivery,Yes,On needs basis,Yes,
KD-136-R4,Family Planning,Yes,MTWTF,Yes,
KD-136-R5,Immunization,Yes,Specific days,No,"Security concerns (insecurity, movement restrictions)"
KD-136-R5,Nutrition,Yes,On needs basis,Yes,
KD-136-R5,Antenatal Care,Yes,MTWTFSS,No,Weather or environmental conditions
KD-136-R5,Postnatal Care,Yes,Specific days,Yes,
KD-136-R5,IMCI,Yes,Specific days,No,"Attending training, meeting, or other official assignment"
KD-136-R5,Malaria,Yes,Specific days,Yes,
KD-136-R5,Labour and Delivery,Yes,Specific days,Yes,
KD-136-R5,Family Planning,Yes,MTWTF,Yes,
KD-136-R6,Immunization,Yes,MTWTF,No,Other
KD-136-R6,Nutrition,Yes,On needs basis,Yes,
KD-136-R6,Antenatal Care,Yes,Specific days,Yes,
KD-136-R6,Postnatal Care,Yes,MTWTFSS,Yes,
KD-136-R6,IMCI,Yes,Specific days,Yes,
KD-136-R6,Malaria,Yes,MTWTF,Yes,
KD-136-R6,Labour and Delivery,Yes,MTWTFSS,Yes,
KD-136-R6,Family Planning,Yes,On needs basis,Yes,
KD-137-R1,Immunization,Yes,MTWTF,Yes,
KD-137-R1,Nutrition,No,,,
KD-137-R1,Antenatal Care,Yes,MTWTF,Yes,
KD-137-R1,Postnatal Care,Yes,MTWTFSS,Yes,
KD-137-R1,IMCI,Yes,Specific days,Yes,
KD-137-R1,Malaria,Yes,MTWTFSS,Yes,
KD-137-R1,Labour and Delivery,No,,,
KD-137-R1,Family Planning,Yes,Specific days,Yes,
KD-137-R2,Immunization,Yes,MTWTFSS,Yes,
KD-137-R2,Nutrition,No,,,
KD-137-R2,Antenatal Care,Yes,On needs basis,Yes,
KD-137-R2,Postnatal Care,Yes,Specific days,Yes,
KD-137-R2,IMCI,Yes,Specific days,Yes,
KD-137-R2,Malaria,Yes,MTWTF,Yes,
KD-137-R2,Labour and Delivery,No,,,
KD-137-R2,Family Planning,Yes,Specific days,Yes,
KD-137-R3,Immunization,Yes,Specific days,Yes,
KD-137-R3,Nutrition,No,,,
KD-137-R3,Antenatal Care,Yes,Specific days,Yes,
KD-137-R3,Postnatal Care,Yes,Specific days,Yes,
KD-137-R3,IMCI,Yes,Specific days,Yes,
KD-137-R3,Malaria,Yes,MTWTFSS,Yes,
KD-137-R3,Labour and Delivery,No,,,
KD-137-R3,Family Planning,Yes,MTWTF,Yes,
KD-137-R4,Immunization,Yes,MTWTFSS,Yes,
KD-137-R4,Nutrition,No,,,
KD-137-R4,Antenatal Care,Yes,MTWTFSS,Yes,
KD-137-R4,Postnatal Care,Yes,MTWTF,No,"Facility closed (holiday, strike, renovation)"
KD-137-R4,IMCI,Yes,MTWTF,Yes,
KD-137-R4,Malaria,Yes,MTWTF,No,"Staff unavailable (leave, redeployment, strike)"
KD-137-R4,Labour and Delivery,No,,,
KD-137-R4,Family Planning,Yes,MTWTF,Yes,
KD-137-R5,Immunization,Yes,MTWTF,Yes,
KD-137-R5,Nutrition,No,,,
KD-137-R5,Antenatal Care,Yes,Specific days,Yes,
KD-137-R5,Postnatal Care,Yes,MTWTF,No,"Facility closed (holiday, strike, renovation)"
KD-137-R5,IMCI,Yes,MTWTF,No,"Staff unavailable (leave, redeployment, strike)"
KD-137-R5,Malaria,Yes,MTWTFSS,Yes,
KD-137-R5,Labour and Delivery,No,,,
KD-137-R5,Family Planning,Yes,Specific days,Yes,
KD-137-R6,Immunization,Yes,Specific days,Yes,
KD-137-R6,Nutrition,No,,,
KD-137-R6,Antenatal Care,Yes,Specific days,Yes,
KD-137-R6,Postnatal Care,Yes,MTWTF,Yes,
KD-137-R6,IMCI,Yes,Specific days,Yes,
KD-137-R6,Malaria,Yes,MTWTF,Yes,
KD-137-R6,Labour and Delivery,No,,,
KD-137-R6,Family Planning,Yes,MTWTF,Yes,
KD-138-R1,Immunization,No,,,
KD-138-R1,Nutrition,Yes,MTWTF,Yes,
KD-138-R1,Antenatal Care,Yes,Specific days,Yes,
KD-138-R1,Postnatal Care,Yes,MTWTFSS,Yes,
KD-138-R1,IMCI,Yes,Specific days,Yes,
KD-138-R1,Malaria,Yes,MTWTF,Yes,
KD-138-R1,Labour and Delivery,No,,,
KD-138-R1,Family Planning,Yes,Specific days,Yes,
KD-138-R2,Immunization,No,,,
KD-138-R2,Nutrition,Yes,Specific days,No,"Staff unavailable (leave, redeployment, strike)"
KD-138-R2,Antenatal Care,Yes,MTWTF,No,"Security concerns (insecurity, movement restrictions)"
KD-138-R2,Postnatal Care,Yes,Specific days,Yes,
KD-138-R2,IMCI,Yes,Specific days,Yes,
KD-138-R2,Malaria,Yes,Specific days,Yes,
KD-138-R2,Labour and Delivery,No,,,
KD-138-R2,Family Planning,Yes,MTWTF,No,"Facility closed (holiday, strike, renovation)"
KD-138-R3,Immunization,No,,,
KD-138-R3,Nutrition,Yes,Specific days,Yes,
KD-138-R3,Antenatal Care,Yes,Specific days,Yes,
KD-138-R3,Postnatal Care,Yes,Specific days,Yes,
KD-138-R3,IMCI,Yes,On needs basis,Yes,
KD-138-R3,Malaria,Yes,MTWTF,Yes,
KD-138-R3,Labour and Delivery,No,,,
KD-138-R3,Family Planning,Yes,MTWTFSS,Yes,
KD-138-R4,Immunization,No,,,
KD-138-R4,Nutrition,Yes,Specific days,No,"Staff unavailable (leave, redeployment, strike)"
KD-138-R4,Antenatal Care,Yes,Specific days,Yes,
KD-138-R4,Postnatal Care,Yes,MTWTF,Yes,
KD-138-R4,IMCI,Yes,Specific days,Yes,
KD-138-R4,Malaria,Yes,Specific days,Yes,
KD-138-R4,Labour and Delivery,No,,,
KD-138-R4,Family Planning,Yes,Specific days,Yes,
KD-138-R5,Immunization,No,,,
KD-138-R5,Nutrition,Yes,Specific days,No,"Attending training, meeting, or other official assignment"
KD-138-R5,Antenatal Care,Yes,MTWTF,Yes,
KD-138-R5,Postnatal Care,Yes,MTWTF,Yes,
KD-138-R5,IMCI,Yes,MTWTFSS,Yes,
KD-138-R5,Malaria,Yes,MTWTFSS,No,"Attending training, meeting, or other official assignment"
KD-138-R5,Labour and Delivery,No,,,
KD-138-R5,Family Planning,Yes,MTWTFSS,Yes,
KD-138-R6,Immunization,No,,,
KD-138-R6,Nutrition,Yes,Specific days,Yes,
KD-138-R6,Antenatal Care,Yes,MTWTF,Yes,
KD-138-R6,Postnatal Care,Yes,Specific days,Yes,
KD-138-R6,IMCI,Yes,Specific days,No,"Attending training, meeting, or other official assignment"
KD-138-R6,Malaria,Yes,MTWTF,Yes,
KD-138-R6,Labour and Delivery,No,,,
KD-138-R6,Family Planning,Yes,MTWTFSS,No,"Attending training, meeting, or other official assignment"
KD-139-R1,Immunization,Yes,Specific days,Yes,
KD-139-R1,Nutrition,No,,,
KD-139-R1,Antenatal Care,Yes,On needs basis,Yes,
KD-139-R1,Postnatal Care,Yes,MTWTFSS,Yes,
KD-139-R1,IMCI,Yes,Specific days,Yes,
KD-139-R1,Malaria,Yes,Specific days,Yes,
KD-139-R1,Labour and Delivery,Yes,MTWTFSS,Yes,
KD-139-R1,Family Planning,Yes,Specific days,Yes,
KD-139-R2,Immunization,Yes,Specific days,No,"Facility closed (holiday, strike, renovation)"
KD-139-R2,Nutrition,No,,,
KD-139-R2,Antenatal Care,Yes,MTWTF,Yes,
KD-139-R2,Postnatal Care,Yes,Specific days,Yes,
KD-139-R2,IMCI,Yes,Specific days,Yes,
KD-139-R2,Malaria,Yes,MTWTF,Yes,
KD-139-R2,Labour and Delivery,Yes,Specific days,Yes,
KD-139-R2,Family Planning,Yes,MTWTFSS,Yes,
KD-139-R3,Immunization,Yes,On needs basis,Yes,
KD-139-R3,Nutrition,No,,,
KD-139-R3,Antenatal Care,Yes,Specific days,Yes,
KD-139-R3,Postnatal Care,Yes,MTWTF,Yes,
KD-139-R3,IMCI,Yes,Specific days,Yes,
KD-139-R3,Malaria,Yes,MTWTF,No,"Staff unavailable (leave, redeployment, strike)"
KD-139-R3,Labour and Delivery,Yes,Specific days,Yes,
KD-139-R3,Family Planning,Yes,MTWTFSS,Yes,
KD-139-R4,Immunization,Yes,Specific days,No,"Staff unavailable (leave, redeployment, strike)"
KD-139-R4,Nutrition,No,,,
KD-139-R4,Antenatal Care,Yes,Specific days,Yes,
KD-139-R4,Postnatal Care,Yes,MTWTFSS,Yes,
KD-139-R4,IMCI,Yes,Specific days,No,Vaccine stock-out
KD-139-R4,Malaria,Yes,Specific days,No,"Security concerns (insecurity, movement restrictions)"
KD-139-R4,Labour and Delivery,Yes,Specific days,No,"Attending training, meeting, or other official assignment"
KD-139-R4,Family Planning,Yes,Specific days,Yes,
KD-139-R5,Immunization,Yes,On needs basis,No,Other
KD-139-R5,Nutrition,No,,,
KD-139-R5,Antenatal Care,Yes,MTWTF,Yes,
KD-139-R5,Postnatal Care,Yes,Specific days,No,"Facility closed (holiday, strike, renovation)"
KD-139-R5,IMCI,Yes,MTWTFSS,Yes,
KD-139-R5,Malaria,Yes,MTWTF,Yes,
KD-139-R5,Labour and Delivery,Yes,MTWTF,Yes,
KD-139-R5,Family Planning,Yes,Specific days,Yes,
KD-139-R6,Immunization,Yes,Specific days,No,Lack of transportation or logistics support
KD-139-R6,Nutrition,No,,,
KD-139-R6,Antenatal Care,Yes,MTWTF,Yes,
KD-139-R6,Postnatal Care,Yes,Specific days,No,"Facility closed (holiday, strike, renovation)"
KD-139-R6,IMCI,Yes,Specific days,Yes,
KD-139-R6,Malaria,Yes,MTWTFSS,No,"Staff unavailable (leave, redeployment, strike)"
KD-139-R6,Labour and Delivery,Yes,Specific days,Yes,
KD-139-R6,Family Planning,Yes,MTWTF,Yes,
KD-140-R1,Immunization,No,,,
KD-140-R1,Nutrition,No,,,
KD-140-R1,Antenatal Care,No,,,
KD-140-R1,Postnatal Care,Yes,MTWTF,Yes,
KD-140-R1,IMCI,Yes,Specific days,Yes,
KD-140-R1,Malaria,Yes,On needs basis,Yes,
KD-140-R1,Labour and Delivery,Yes,Specific days,Yes,
KD-140-R1,Family Planning,Yes,MTWTF,No,"Staff unavailable (leave, redeployment, strike)"
KD-140-R2,Immunization,No,,,
KD-140-R2,Nutrition,No,,,
KD-140-R2,Antenatal Care,No,,,
KD-140-R2,Postnatal Care,Yes,Specific days,No,"Facility closed (holiday, strike, renovation)"
KD-140-R2,IMCI,Yes,MTWTF,Yes,
KD-140-R2,Malaria,Yes,Specific days,Yes,
KD-140-R2,Labour and Delivery,Yes,On needs basis,Yes,
KD-140-R2,Family Planning,Yes,MTWTF,No,"Attending training, meeting, or other official assignment"
KD-140-R3,Immunization,No,,,
KD-140-R3,Nutrition,No,,,
KD-140-R3,Antenatal Care,No,,,
KD-140-R3,Postnatal Care,Yes,Specific days,Yes,
KD-140-R3,IMCI,Yes,On needs basis,Yes,
KD-140-R3,Malaria,Yes,Specific days,Yes,
KD-140-R3,Labour and Delivery,Yes,MTWTF,Yes,
KD-140-R3,Family Planning,Yes,MTWTFSS,Yes,
KD-140-R4,Immunization,No,,,
KD-140-R4,Nutrition,No,,,
KD-140-R4,Antenatal Care,No,,,
KD-140-R4,Postnatal Care,Yes,Specific days,No,"Attending training, meeting, or other official assignment"
KD-140-R4,IMCI,Yes,MTWTF,Yes,
KD-140-R4,Malaria,Yes,MTWTF,No,"Attending training, meeting, or other official assignment"
KD-140-R4,Labour and Delivery,Yes,MTWTF,Yes,
KD-140-R4,Family Planning,Yes,Specific days,Yes,
KD-140-R5,Immunization,No,,,
KD-140-R5,Nutrition,No,,,
KD-140-R5,Antenatal Care,No,,,
KD-140-R5,Postnatal Care,Yes,MTWTF,Yes,
KD-140-R5,IMCI,Yes,MTWTFSS,Yes,
KD-140-R5,Malaria,Yes,MTWTF,Yes,
KD-140-R5,Labour and Delivery,Yes,MTWTF,No,"Staff unavailable (leave, redeployment, strike)"
KD-140-R5,Family Planning,Yes,MTWTF,Yes,
KD-140-R6,Immunization,No,,,
KD-140-R6,Nutrition,No,,,
KD-140-R6,Antenatal Care,No,,,
KD-140-R6,Postnatal Care,Yes,MTWTF,No,"Staff unavailable (leave, redeployment, strike)"
KD-140-R6,IMCI,Yes,MTWTF,Yes,
KD-140-R6,Malaria,Yes,MTWTF,Yes,
KD-140-R6,Labour and Delivery,Yes,Specific days,No,"Attending training, meeting, or other official assignment"
KD-140-R6,Family Planning,Yes,MTWTF,Yes,
KD-141-R1,Immunization,Yes,Specific days,Yes,
KD-141-R1,Nutrition,Yes,MTWTF,No,"Staff unavailable (leave, redeployment, strike)"
KD-141-R1,Antenatal Care,Yes,MTWTF,Yes,
KD-141-R1,Postnatal Care,Yes,MTWTF,No,Lack of transportation or logistics support
KD-141-R1,IMCI,Yes,On needs basis,No,"Staff unavailable (leave, redeployment, strike)"
KD-141-R1,Malaria,Yes,On needs basis,No,Lack of transportation or logistics support
KD-141-R1,Labour and Delivery,Yes,On needs basis,No,"Security concerns (insecurity, movement restrictions)"
KD-141-R1,Family Planning,Yes,MTWTF,Yes,
KD-141-R2,Immunization,Yes,MTWTF,Yes,
KD-141-R2,Nutrition,Yes,Specific days,Yes,
KD-141-R2,Antenatal Care,Yes,Specific days,Yes,
KD-141-R2,Postnatal Care,Yes,MTWTF,Yes,
KD-141-R2,IMCI,Yes,Specific days,Yes,
KD-141-R2,Malaria,Yes,Specific days,Yes,
KD-141-R2,Labour and Delivery,Yes,Specific days,Yes,
KD-141-R2,Family Planning,Yes,MTWTF,Yes,
KD-141-R3,Immunization,Yes,On needs basis,No,"Staff unavailable (leave, redeployment, strike)"
KD-141-R3,Nutrition,Yes,MTWTFSS,No,"Staff unavailable (leave, redeployment, strike)"
KD-141-R3,Antenatal Care,Yes,MTWTF,Yes,
KD-141-R3,Postnatal Care,Yes,MTWTF,Yes,
KD-141-R3,IMCI,Yes,Specific days,No,"Staff unavailable (leave, redeployment, strike)"
KD-141-R3,Malaria,Yes,MTWTF,No,"Staff unavailable (leave, redeployment, strike)"
KD-141-R3,Labour and Delivery,Yes,On needs basis,No,Lack of transportation or logistics support
KD-141-R3,Family Planning,Yes,MTWTF,Yes,
KD-141-R4,Immunization,Yes,MTWTF,Yes,
KD-141-R4,Nutrition,Yes,On needs basis,Yes,
KD-141-R4,Antenatal Care,Yes,MTWTF,No,Lack of transportation or logistics support
KD-141-R4,Postnatal Care,Yes,On needs basis,Yes,
KD-141-R4,IMCI,Yes,On needs basis,Yes,
KD-141-R4,Malaria,Yes,Specific days,Yes,
KD-141-R4,Labour and Delivery,Yes,Specific days,Yes,
KD-141-R4,Family Planning,Yes,On needs basis,Yes,
KD-141-R5,Immunization,Yes,Specific days,Yes,
KD-141-R5,Nutrition,Yes,MTWTF,Yes,
KD-141-R5,Antenatal Care,Yes,MTWTFSS,Yes,
KD-141-R5,Postnatal Care,Yes,Specific days,Yes,
KD-141-R5,IMCI,Yes,MTWTF,Yes,
KD-141-R5,Malaria,Yes,MTWTF,Yes,
KD-141-R5,Labour and Delivery,Yes,On needs basis,Yes,
KD-141-R5,Family Planning,Yes,Specific days,Yes,
KD-141-R6,Immunization,Yes,On needs basis,Yes,
KD-141-R6,Nutrition,Yes,Specific days,Yes,
KD-141-R6,Antenatal Care,Yes,On needs basis,Yes,
KD-141-R6,Postnatal Care,Yes,MTWTF,Yes,
KD-141-R6,IMCI,Yes,MTWTF,No,Low community turnout / community resistance
KD-141-R6,Malaria,Yes,Specific days,No,"Attending training, meeting, or other official assignment"
KD-141-R6,Labour and Delivery,Yes,MTWTFSS,Yes,
KD-141-R6,Family Planning,Yes,MTWTF,Yes,
KD-142-R1,Immunization,Yes,MTWTFSS,Yes,
KD-142-R1,Nutrition,Yes,Specific days,No,"Facility closed (holiday, strike, renovation)"
KD-142-R1,Antenatal Care,Yes,MTWTFSS,Yes,
KD-142-R1,Postnatal Care,Yes,MTWTF,Yes,
KD-142-R1,IMCI,Yes,MTWTF,No,Weather or environmental conditions
KD-142-R1,Malaria,Yes,MTWTF,Yes,
KD-142-R1,Labour and Delivery,No,,,
KD-142-R1,Family Planning,Yes,MTWTF,Yes,
KD-142-R2,Immunization,Yes,MTWTF,Yes,
KD-142-R2,Nutrition,Yes,Specific days,No,"Staff unavailable (leave, redeployment, strike)"
KD-142-R2,Antenatal Care,Yes,MTWTFSS,Yes,
KD-142-R2,Postnatal Care,Yes,Specific days,Yes,
KD-142-R2,IMCI,Yes,MTWTFSS,Yes,
KD-142-R2,Malaria,Yes,Specific days,No,Low community turnout / community resistance
KD-142-R2,Labour and Delivery,No,,,
KD-142-R2,Family Planning,Yes,MTWTF,Yes,
KD-142-R3,Immunization,Yes,Specific days,Yes,
KD-142-R3,Nutrition,Yes,MTWTF,Yes,
KD-142-R3,Antenatal Care,Yes,MTWTF,Yes,
KD-142-R3,Postnatal Care,Yes,MTWTFSS,Yes,
KD-142-R3,IMCI,Yes,MTWTF,Yes,
KD-142-R3,Malaria,Yes,On needs basis,Yes,
KD-142-R3,Labour and Delivery,No,,,
KD-142-R3,Family Planning,Yes,MTWTFSS,Yes,
KD-142-R4,Immunization,Yes,MTWTFSS,Yes,
KD-142-R4,Nutrition,Yes,MTWTF,Yes,
KD-142-R4,Antenatal Care,Yes,Specific days,Yes,
KD-142-R4,Postnatal Care,Yes,MTWTF,Yes,
KD-142-R4,IMCI,Yes,Specific days,Yes,
KD-142-R4,Malaria,Yes,Specific days,Yes,
KD-142-R4,Labour and Delivery,No,,,
KD-142-R4,Family Planning,Yes,MTWTF,No,"Staff unavailable (leave, redeployment, strike)"
KD-142-R5,Immunization,Yes,MTWTF,No,Vaccine stock-out
KD-142-R5,Nutrition,Yes,MTWTF,No,Vaccine stock-out
KD-142-R5,Antenatal Care,Yes,Specific days,Yes,
KD-142-R5,Postnatal Care,Yes,MTWTFSS,Yes,
KD-142-R5,IMCI,Yes,MTWTF,Yes,
KD-142-R5,Malaria,Yes,MTWTFSS,No,Low community turnout / community resistance
KD-142-R5,Labour and Delivery,No,,,
KD-142-R5,Family Planning,Yes,Specific days,Yes,
KD-142-R6,Immunization,Yes,On needs basis,Yes,
KD-142-R6,Nutrition,Yes,MTWTFSS,Yes,
KD-142-R6,Antenatal Care,Yes,MTWTF,Yes,
KD-142-R6,Postnatal Care,Yes,Specific days,No,Lack of transportation or logistics support
KD-142-R6,IMCI,Yes,MTWTF,Yes,
KD-142-R6,Malaria,Yes,MTWTFSS,Yes,
KD-142-R6,Labour and Delivery,No,,,
KD-142-R6,Family Planning,Yes,MTWTF,Yes,
KD-143-R1,Immunization,Yes,MTWTF,Yes,
KD-143-R1,Nutrition,Yes,Specific days,Yes,
KD-143-R1,Antenatal Care,Yes,MTWTF,No,"Staff unavailable (leave, redeployment, strike)"
KD-143-R1,Postnatal Care,Yes,MTWTFSS,Yes,
KD-143-R1,IMCI,No,,,
KD-143-R1,Malaria,Yes,MTWTFSS,Yes,
KD-143-R1,Labour and Delivery,Yes,MTWTF,Yes,
KD-143-R1,Family Planning,Yes,MTWTF,Yes,
KD-143-R2,Immunization,Yes,MTWTF,Yes,
KD-143-R2,Nutrition,Yes,MTWTFSS,Yes,
KD-143-R2,Antenatal Care,Yes,Specific days,Yes,
KD-143-R2,Postnatal Care,Yes,Specific days,Yes,
KD-143-R2,IMCI,No,,,
KD-143-R2,Malaria,Yes,MTWTF,Yes,
KD-143-R2,Labour and Delivery,Yes,MTWTFSS,Yes,
KD-143-R2,Family Planning,Yes,MTWTF,Yes,
KD-143-R3,Immunization,Yes,MTWTF,Yes,
KD-143-R3,Nutrition,Yes,Specific days,Yes,
KD-143-R3,Antenatal Care,Yes,Specific days,Yes,
KD-143-R3,Postnatal Care,Yes,MTWTFSS,Yes,
KD-143-R3,IMCI,No,,,
KD-143-R3,Malaria,Yes,MTWTFSS,Yes,
KD-143-R3,Labour and Delivery,Yes,MTWTF,Yes,
KD-143-R3,Family Planning,Yes,MTWTFSS,No,Other
KD-143-R4,Immunization,Yes,Specific days,Yes,
KD-143-R4,Nutrition,Yes,MTWTFSS,No,Weather or environmental conditions
KD-143-R4,Antenatal Care,Yes,MTWTF,No,Low community turnout / community resistance
KD-143-R4,Postnatal Care,Yes,Specific days,Yes,
KD-143-R4,IMCI,No,,,
KD-143-R4,Malaria,Yes,MTWTF,Yes,
KD-143-R4,Labour and Delivery,Yes,MTWTFSS,Yes,
KD-143-R4,Family Planning,Yes,Specific days,Yes,
KD-143-R5,Immunization,Yes,Specific days,No,"Staff unavailable (leave, redeployment, strike)"
KD-143-R5,Nutrition,Yes,MTWTF,No,"Staff unavailable (leave, redeployment, strike)"
KD-143-R5,Antenatal Care,Yes,MTWTF,Yes,
KD-143-R5,Postnatal Care,Yes,Specific days,Yes,
KD-143-R5,IMCI,No,,,
KD-143-R5,Malaria,Yes,Specific days,Yes,
KD-143-R5,Labour and Delivery,Yes,Specific days,Yes,
KD-143-R5,Family Planning,Yes,MTWTF,Yes,
KD-143-R6,Immunization,Yes,MTWTFSS,Yes,
KD-143-R6,Nutrition,Yes,Specific days,Yes,
KD-143-R6,Antenatal Care,Yes,Specific days,Yes,
KD-143-R6,Postnatal Care,Yes,Specific days,Yes,
KD-143-R6,IMCI,No,,,
KD-143-R6,Malaria,Yes,MTWTFSS,No,"Staff unavailable (leave, redeployment, strike)"
KD-143-R6,Labour and Delivery,Yes,MTWTF,Yes,
KD-143-R6,Family Planning,Yes,MTWTF,Yes,
KD-144-R1,Immunization,Yes,MTWTF,Yes,
KD-144-R1,Nutrition,Yes,MTWTF,Yes,
KD-144-R1,Antenatal Care,Yes,MTWTF,Yes,
KD-144-R1,Postnatal Care,Yes,Specific days,Yes,
KD-144-R1,IMCI,Yes,MTWTFSS,Yes,
KD-144-R1,Malaria,Yes,Specific days,Yes,
KD-144-R1,Labour and Delivery,Yes,MTWTF,Yes,
KD-144-R1,Family Planning,Yes,MTWTF,Yes,
KD-144-R2,Immunization,Yes,On needs basis,Yes,
KD-144-R2,Nutrition,Yes,MTWTF,No,Other
KD-144-R2,Antenatal Care,Yes,MTWTF,Yes,
KD-144-R2,Postnatal Care,Yes,MTWTF,Yes,
KD-144-R2,IMCI,Yes,MTWTF,Yes,
KD-144-R2,Malaria,Yes,MTWTF,Yes,
KD-144-R2,Labour and Delivery,Yes,MTWTFSS,Yes,
KD-144-R2,Family Planning,Yes,On needs basis,Yes,
KD-144-R3,Immunization,Yes,Specific days,Yes,
KD-144-R3,Nutrition,Yes,Specific days,Yes,
KD-144-R3,Antenatal Care,Yes,On needs basis,Yes,
KD-144-R3,Postnatal Care,Yes,Specific days,Yes,
KD-144-R3,IMCI,Yes,MTWTF,Yes,
KD-144-R3,Malaria,Yes,On needs basis,Yes,
KD-144-R3,Labour and Delivery,Yes,MTWTF,Yes,
KD-144-R3,Family Planning,Yes,MTWTF,Yes,
KD-144-R4,Immunization,Yes,On needs basis,No,Low community turnout / community resistance
KD-144-R4,Nutrition,Yes,Specific days,Yes,
KD-144-R4,Antenatal Care,Yes,Specific days,Yes,
KD-144-R4,Postnatal Care,Yes,On needs basis,Yes,
KD-144-R4,IMCI,Yes,Specific days,Yes,
KD-144-R4,Malaria,Yes,MTWTF,No,Lack of transportation or logistics support
KD-144-R4,Labour and Delivery,Yes,MTWTF,Yes,
KD-144-R4,Family Planning,Yes,MTWTF,No,"Facility closed (holiday, strike, renovation)"
KD-144-R5,Immunization,Yes,Specific days,No,"Attending training, meeting, or other official assignment"
KD-144-R5,Nutrition,Yes,On needs basis,Yes,
KD-144-R5,Antenatal Care,Yes,Specific days,Yes,
KD-144-R5,Postnatal Care,Yes,MTWTF,No,"Facility closed (holiday, strike, renovation)"
KD-144-R5,IMCI,Yes,MTWTF,Yes,
KD-144-R5,Malaria,Yes,Specific days,Yes,
KD-144-R5,Labour and Delivery,Yes,MTWTF,Yes,
KD-144-R5,Family Planning,Yes,MTWTF,Yes,
KD-144-R6,Immunization,Yes,On needs basis,Yes,
KD-144-R6,Nutrition,Yes,On needs basis,Yes,
KD-144-R6,Antenatal Care,Yes,MTWTF,Yes,
KD-144-R6,Postnatal Care,Yes,Specific days,Yes,
KD-144-R6,IMCI,Yes,On needs basis,Yes,
KD-144-R6,Malaria,Yes,On needs basis,Yes,
KD-144-R6,Labour and Delivery,Yes,Specific days,Yes,
KD-144-R6,Family Planning,Yes,Specific days,Yes,
KD-145-R1,Immunization,Yes,MTWTF,Yes,
KD-145-R1,Nutrition,Yes,Specific days,Yes,
KD-145-R1,Antenatal Care,Yes,MTWTFSS,No,"Attending training, meeting, or other official assignment"
KD-145-R1,Postnatal Care,Yes,Specific days,Yes,
KD-145-R1,IMCI,Yes,Specific days,No,"Staff unavailable (leave, redeployment, strike)"
KD-145-R1,Malaria,Yes,Specific days,Yes,
KD-145-R1,Labour and Delivery,No,,,
KD-145-R1,Family Planning,Yes,MTWTF,Yes,
KD-145-R2,Immunization,Yes,On needs basis,Yes,
KD-145-R2,Nutrition,Yes,Specific days,Yes,
KD-145-R2,Antenatal Care,Yes,On needs basis,Yes,
KD-145-R2,Postnatal Care,Yes,MTWTF,Yes,
KD-145-R2,IMCI,Yes,On needs basis,Yes,
KD-145-R2,Malaria,Yes,Specific days,Yes,
KD-145-R2,Labour and Delivery,No,,,
KD-145-R2,Family Planning,Yes,MTWTF,Yes,
KD-145-R3,Immunization,Yes,Specific days,Yes,
KD-145-R3,Nutrition,Yes,MTWTF,Yes,
KD-145-R3,Antenatal Care,Yes,MTWTF,Yes,
KD-145-R3,Postnatal Care,Yes,MTWTF,Yes,
KD-145-R3,IMCI,Yes,Specific days,Yes,
KD-145-R3,Malaria,Yes,On needs basis,Yes,
KD-145-R3,Labour and Delivery,No,,,
KD-145-R3,Family Planning,Yes,MTWTF,Yes,
KD-145-R4,Immunization,Yes,On needs basis,Yes,
KD-145-R4,Nutrition,Yes,MTWTF,Yes,
KD-145-R4,Antenatal Care,Yes,On needs basis,Yes,
KD-145-R4,Postnatal Care,Yes,MTWTF,Yes,
KD-145-R4,IMCI,Yes,Specific days,Yes,
KD-145-R4,Malaria,Yes,MTWTF,Yes,
KD-145-R4,Labour and Delivery,No,,,
KD-145-R4,Family Planning,Yes,MTWTF,Yes,
KD-145-R5,Immunization,Yes,On needs basis,Yes,
KD-145-R5,Nutrition,Yes,MTWTF,Yes,
KD-145-R5,Antenatal Care,Yes,Specific days,Yes,
KD-145-R5,Postnatal Care,Yes,MTWTFSS,No,"Staff unavailable (leave, redeployment, strike)"
KD-145-R5,IMCI,Yes,Specific days,Yes,
KD-145-R5,Malaria,Yes,MTWTF,Yes,
KD-145-R5,Labour and Delivery,No,,,
KD-145-R5,Family Planning,Yes,MTWTF,Yes,
KD-145-R6,Immunization,Yes,Specific days,Yes,
KD-145-R6,Nutrition,Yes,MTWTF,Yes,
KD-145-R6,Antenatal Care,Yes,MTWTFSS,No,"Staff unavailable (leave, redeployment, strike)"
KD-145-R6,Postnatal Care,Yes,MTWTF,Yes,
KD-145-R6,IMCI,Yes,On needs basis,Yes,
KD-145-R6,Malaria,Yes,MTWTF,Yes,
KD-145-R6,Labour and Delivery,No,,,
KD-145-R6,Family Planning,Yes,On needs basis,No,"Staff unavailable (leave, redeployment, strike)"
KD-146-R1,Immunization,Yes,MTWTF,Yes,
KD-146-R1,Nutrition,Yes,MTWTF,Yes,
KD-146-R1,Antenatal Care,Yes,Specific days,Yes,
KD-146-R1,Postnatal Care,Yes,MTWTF,Yes,
KD-146-R1,IMCI,Yes,MTWTF,No,"Facility closed (holiday, strike, renovation)"
KD-146-R1,Malaria,Yes,Specific days,Yes,
KD-146-R1,Labour and Delivery,Yes,MTWTF,Yes,
KD-146-R1,Family Planning,Yes,Specific days,No,"Staff unavailable (leave, redeployment, strike)"
KD-146-R2,Immunization,Yes,MTWTFSS,Yes,
KD-146-R2,Nutrition,Yes,MTWTF,Yes,
KD-146-R2,Antenatal Care,Yes,Specific days,No,"Facility closed (holiday, strike, renovation)"
KD-146-R2,Postnatal Care,Yes,Specific days,Yes,
KD-146-R2,IMCI,Yes,Specific days,No,"Facility closed (holiday, strike, renovation)"
KD-146-R2,Malaria,Yes,Specific days,Yes,
KD-146-R2,Labour and Delivery,Yes,On needs basis,Yes,
KD-146-R2,Family Planning,Yes,Specific days,Yes,
KD-146-R3,Immunization,Yes,Specific days,No,Cold chain equipment failure
KD-146-R3,Nutrition,Yes,MTWTF,No,"Facility closed (holiday, strike, renovation)"
KD-146-R3,Antenatal Care,Yes,MTWTF,Yes,
KD-146-R3,Postnatal Care,Yes,Specific days,No,"Attending training, meeting, or other official assignment"
KD-146-R3,IMCI,Yes,MTWTF,Yes,
KD-146-R3,Malaria,Yes,MTWTF,No,"Attending training, meeting, or other official assignment"
KD-146-R3,Labour and Delivery,Yes,MTWTF,Yes,
KD-146-R3,Family Planning,Yes,Specific days,Yes,
KD-146-R4,Immunization,Yes,Specific days,Yes,
KD-146-R4,Nutrition,Yes,MTWTF,No,"Staff unavailable (leave, redeployment, strike)"
KD-146-R4,Antenatal Care,Yes,On needs basis,No,Weather or environmental conditions
KD-146-R4,Postnatal Care,Yes,Specific days,No,"Staff unavailable (leave, redeployment, strike)"
KD-146-R4,IMCI,Yes,Specific days,Yes,
KD-146-R4,Malaria,Yes,On needs basis,Yes,
KD-146-R4,Labour and Delivery,Yes,Specific days,Yes,
KD-146-R4,Family Planning,Yes,On needs basis,Yes,
KD-146-R5,Immunization,Yes,Specific days,Yes,
KD-146-R5,Nutrition,Yes,MTWTF,No,"Security concerns (insecurity, movement restrictions)"
KD-146-R5,Antenatal Care,Yes,On needs basis,Yes,
KD-146-R5,Postnatal Care,Yes,On needs basis,Yes,
KD-146-R5,IMCI,Yes,On needs basis,Yes,
KD-146-R5,Malaria,Yes,MTWTF,Yes,
KD-146-R5,Labour and Delivery,Yes,On needs basis,No,Low community turnout / community resistance
KD-146-R5,Family Planning,Yes,MTWTF,Yes,
KD-146-R6,Immunization,Yes,On needs basis,Yes,
KD-146-R6,Nutrition,Yes,MTWTFSS,Yes,
KD-146-R6,Antenatal Care,Yes,On needs basis,Yes,
KD-146-R6,Postnatal Care,Yes,Specific days,Yes,
KD-146-R6,IMCI,Yes,Specific days,Yes,
KD-146-R6,Malaria,Yes,On needs basis,Yes,
KD-146-R6,Labour and Delivery,Yes,On needs basis,Yes,
KD-146-R6,Family Planning,Yes,Specific days,No,"Staff unavailable (leave, redeployment, strike)"
KD-147-R1,Immunization,No,,,
KD-147-R1,Nutrition,Yes,Specific days,Yes,
KD-147-R1,Antenatal Care,Yes,Specific days,No,Vaccine stock-out
KD-147-R1,Postnatal Care,Yes,Specific days,Yes,
KD-147-R1,IMCI,Yes,On needs basis,No,Weather or environmental conditions
KD-147-R1,Malaria,Yes,MTWTF,Yes,
KD-147-R1,Labour and Delivery,No,,,
KD-147-R1,Family Planning,Yes,MTWTF,Yes,
KD-147-R2,Immunization,No,,,
KD-147-R2,Nutrition,Yes,MTWTF,Yes,
KD-147-R2,Antenatal Care,Yes,Specific days,Yes,
KD-147-R2,Postnatal Care,Yes,Specific days,Yes,
KD-147-R2,IMCI,Yes,Specific days,Yes,
KD-147-R2,Malaria,Yes,MTWTF,Yes,
KD-147-R2,Labour and Delivery,No,,,
KD-147-R2,Family Planning,Yes,On needs basis,Yes,
KD-147-R3,Immunization,No,,,
KD-147-R3,Nutrition,Yes,Specific days,No,"Staff unavailable (leave, redeployment, strike)"
KD-147-R3,Antenatal Care,Yes,MTWTFSS,Yes,
KD-147-R3,Postnatal Care,Yes,MTWTF,Yes,
KD-147-R3,IMCI,Yes,MTWTF,Yes,
KD-147-R3,Malaria,Yes,Specific days,Yes,
KD-147-R3,Labour and Delivery,No,,,
KD-147-R3,Family Planning,Yes,Specific days,Yes,
KD-147-R4,Immunization,No,,,
KD-147-R4,Nutrition,Yes,MTWTF,Yes,
KD-147-R4,Antenatal Care,Yes,MTWTF,Yes,
KD-147-R4,Postnatal Care,Yes,On needs basis,No,"Staff unavailable (leave, redeployment, strike)"
KD-147-R4,IMCI,Yes,MTWTF,Yes,
KD-147-R4,Malaria,Yes,On needs basis,Yes,
KD-147-R4,Labour and Delivery,No,,,
KD-147-R4,Family Planning,Yes,On needs basis,No,"Attending training, meeting, or other official assignment"
KD-147-R5,Immunization,No,,,
KD-147-R5,Nutrition,Yes,On needs basis,No,"Facility closed (holiday, strike, renovation)"
KD-147-R5,Antenatal Care,Yes,MTWTF,Yes,
KD-147-R5,Postnatal Care,Yes,MTWTF,Yes,
KD-147-R5,IMCI,Yes,Specific days,Yes,
KD-147-R5,Malaria,Yes,MTWTF,Yes,
KD-147-R5,Labour and Delivery,No,,,
KD-147-R5,Family Planning,Yes,Specific days,Yes,
KD-147-R6,Immunization,No,,,
KD-147-R6,Nutrition,Yes,Specific days,Yes,
KD-147-R6,Antenatal Care,Yes,On needs basis,Yes,
KD-147-R6,Postnatal Care,Yes,On needs basis,Yes,
KD-147-R6,IMCI,Yes,Specific days,Yes,
KD-147-R6,Malaria,Yes,On needs basis,Yes,
KD-147-R6,Labour and Delivery,No,,,
KD-147-R6,Family Planning,Yes,Specific days,Yes,
KD-148-R1,Immunization,Yes,Specific days,Yes,
KD-148-R1,Nutrition,Yes,MTWTF,Yes,
KD-148-R1,Antenatal Care,Yes,On needs basis,Yes,
KD-148-R1,Postnatal Care,Yes,MTWTFSS,No,"Staff unavailable (leave, redeployment, strike)"
KD-148-R1,IMCI,Yes,MTWTF,Yes,
KD-148-R1,Malaria,Yes,Specific days,Yes,
KD-148-R1,Labour and Delivery,Yes,On needs basis,No,"Attending training, meeting, or other official assignment"
KD-148-R1,Family Planning,Yes,MTWTF,Yes,
KD-148-R2,Immunization,Yes,Specific days,Yes,
KD-148-R2,Nutrition,Yes,On needs basis,Yes,
KD-148-R2,Antenatal Care,Yes,Specific days,Yes,
KD-148-R2,Postnatal Care,Yes,Specific days,No,"Staff unavailable (leave, redeployment, strike)"
KD-148-R2,IMCI,Yes,Specific days,Yes,
KD-148-R2,Malaria,Yes,On needs basis,No,"Facility closed (holiday, strike, renovation)"
KD-148-R2,Labour and Delivery,Yes,MTWTF,Yes,
KD-148-R2,Family Planning,Yes,On needs basis,Yes,
KD-148-R3,Immunization,Yes,Specific days,Yes,
KD-148-R3,Nutrition,Yes,Specific days,Yes,
KD-148-R3,Antenatal Care,Yes,Specific days,Yes,
KD-148-R3,Postnatal Care,Yes,MTWTF,Yes,
KD-148-R3,IMCI,Yes,MTWTF,Yes,
KD-148-R3,Malaria,Yes,Specific days,No,"Staff unavailable (leave, redeployment, strike)"
KD-148-R3,Labour and Delivery,Yes,Specific days,Yes,
KD-148-R3,Family Planning,Yes,On needs basis,Yes,
KD-148-R4,Immunization,Yes,On needs basis,Yes,
KD-148-R4,Nutrition,Yes,Specific days,Yes,
KD-148-R4,Antenatal Care,Yes,Specific days,Yes,
KD-148-R4,Postnatal Care,Yes,MTWTF,No,"Staff unavailable (leave, redeployment, strike)"
KD-148-R4,IMCI,Yes,Specific days,No,Low community turnout / community resistance
KD-148-R4,Malaria,Yes,Specific days,Yes,
KD-148-R4,Labour and Delivery,Yes,On needs basis,Yes,
KD-148-R4,Family Planning,Yes,Specific days,Yes,
KD-148-R5,Immunization,Yes,On needs basis,Yes,
KD-148-R5,Nutrition,Yes,On needs basis,Yes,
KD-148-R5,Antenatal Care,Yes,Specific days,Yes,
KD-148-R5,Postnatal Care,Yes,On needs basis,Yes,
KD-148-R5,IMCI,Yes,MTWTF,No,Low community turnout / community resistance
KD-148-R5,Malaria,Yes,Specific days,Yes,
KD-148-R5,Labour and Delivery,Yes,MTWTF,No,"Staff unavailable (leave, redeployment, strike)"
KD-148-R5,Family Planning,Yes,Specific days,No,"Staff unavailable (leave, redeployment, strike)"
KD-148-R6,Immunization,Yes,Specific days,Yes,
KD-148-R6,Nutrition,Yes,MTWTFSS,Yes,
KD-148-R6,Antenatal Care,Yes,MTWTFSS,Yes,
KD-148-R6,Postnatal Care,Yes,Specific days,No,Low community turnout / community resistance
KD-148-R6,IMCI,Yes,Specific days,No,"Staff unavailable (leave, redeployment, strike)"
KD-148-R6,Malaria,Yes,Specific days,Yes,
KD-148-R6,Labour and Delivery,Yes,Specific days,Yes,
KD-148-R6,Family Planning,Yes,MTWTFSS,Yes,
KD-149-R1,Immunization,No,,,
KD-149-R1,Nutrition,No,,,
KD-149-R1,Antenatal Care,Yes,Specific days,Yes,
KD-149-R1,Postnatal Care,Yes,MTWTF,Yes,
KD-149-R1,IMCI,Yes,Specific days,Yes,
KD-149-R1,Malaria,Yes,Specific days,Yes,
KD-149-R1,Labour and Delivery,Yes,MTWTF,Yes,
KD-149-R1,Family Planning,Yes,Specific days,Yes,
KD-149-R2,Immunization,No,,,
KD-149-R2,Nutrition,No,,,
KD-149-R2,Antenatal Care,Yes,Specific days,No,"Attending training, meeting, or other official assignment"
KD-149-R2,Postnatal Care,Yes,Specific days,Yes,
KD-149-R2,IMCI,Yes,Specific days,Yes,
KD-149-R2,Malaria,Yes,On needs basis,Yes,
KD-149-R2,Labour and Delivery,Yes,On needs basis,No,Low community turnout / community resistance
KD-149-R2,Family Planning,Yes,MTWTF,No,Low community turnout / community resistance
KD-149-R3,Immunization,No,,,
KD-149-R3,Nutrition,No,,,
KD-149-R3,Antenatal Care,Yes,Specific days,Yes,
KD-149-R3,Postnatal Care,Yes,Specific days,Yes,
KD-149-R3,IMCI,Yes,MTWTF,Yes,
KD-149-R3,Malaria,Yes,Specific days,Yes,
KD-149-R3,Labour and Delivery,Yes,Specific days,Yes,
KD-149-R3,Family Planning,Yes,MTWTF,No,"Staff unavailable (leave, redeployment, strike)"
KD-149-R4,Immunization,No,,,
KD-149-R4,Nutrition,No,,,
KD-149-R4,Antenatal Care,Yes,On needs basis,No,Low community turnout / community resistance
KD-149-R4,Postnatal Care,Yes,Specific days,No,"Attending training, meeting, or other official assignment"
KD-149-R4,IMCI,Yes,Specific days,No,"Staff unavailable (leave, redeployment, strike)"
KD-149-R4,Malaria,Yes,On needs basis,Yes,
KD-149-R4,Labour and Delivery,Yes,Specific days,No,Low community turnout / community resistance
KD-149-R4,Family Planning,Yes,MTWTF,Yes,
KD-149-R5,Immunization,No,,,
KD-149-R5,Nutrition,No,,,
KD-149-R5,Antenatal Care,Yes,MTWTF,Yes,
KD-149-R5,Postnatal Care,Yes,MTWTF,Yes,
KD-149-R5,IMCI,Yes,On needs basis,Yes,
KD-149-R5,Malaria,Yes,MTWTF,Yes,
KD-149-R5,Labour and Delivery,Yes,MTWTF,Yes,
KD-149-R5,Family Planning,Yes,Specific days,Yes,
KD-149-R6,Immunization,No,,,
KD-149-R6,Nutrition,No,,,
KD-149-R6,Antenatal Care,Yes,On needs basis,Yes,
KD-149-R6,Postnatal Care,Yes,MTWTFSS,Yes,
KD-149-R6,IMCI,Yes,Specific days,Yes,
KD-149-R6,Malaria,Yes,MTWTF,Yes,
KD-149-R6,Labour and Delivery,Yes,On needs basis,Yes,
KD-149-R6,Family Planning,Yes,Specific days,Yes,
KD-150-R1,Immunization,Yes,MTWTFSS,Yes,
KD-150-R1,Nutrition,Yes,Specific days,Yes,
KD-150-R1,Antenatal Care,Yes,On needs basis,Yes,
KD-150-R1,Postnatal Care,Yes,MTWTF,Yes,
KD-150-R1,IMCI,No,,,
KD-150-R1,Malaria,Yes,Specific days,Yes,
KD-150-R1,Labour and Delivery,Yes,MTWTF,Yes,
KD-150-R1,Family Planning,Yes,On needs basis,Yes,
KD-150-R2,Immunization,Yes,Specific days,Yes,
KD-150-R2,Nutrition,Yes,On needs basis,Yes,
KD-150-R2,Antenatal Care,Yes,MTWTF,Yes,
KD-150-R2,Postnatal Care,Yes,Specific days,Yes,
KD-150-R2,IMCI,No,,,
KD-150-R2,Malaria,Yes,MTWTF,Yes,
KD-150-R2,Labour and Delivery,Yes,Specific days,Yes,
KD-150-R2,Family Planning,Yes,Specific days,Yes,
KD-150-R3,Immunization,Yes,MTWTF,No,Cold chain equipment failure
KD-150-R3,Nutrition,Yes,MTWTF,Yes,
KD-150-R3,Antenatal Care,Yes,Specific days,Yes,
KD-150-R3,Postnatal Care,Yes,MTWTF,Yes,
KD-150-R3,IMCI,No,,,
KD-150-R3,Malaria,Yes,Specific days,Yes,
KD-150-R3,Labour and Delivery,Yes,MTWTF,Yes,
KD-150-R3,Family Planning,Yes,Specific days,Yes,
KD-150-R4,Immunization,Yes,Specific days,No,"Staff unavailable (leave, redeployment, strike)"
KD-150-R4,Nutrition,Yes,MTWTF,Yes,
KD-150-R4,Antenatal Care,Yes,Specific days,No,"Staff unavailable (leave, redeployment, strike)"
KD-150-R4,Postnatal Care,Yes,Specific days,Yes,
KD-150-R4,IMCI,No,,,
KD-150-R4,Malaria,Yes,MTWTFSS,Yes,
KD-150-R4,Labour and Delivery,Yes,Specific days,No,"Facility closed (holiday, strike, renovation)"
KD-150-R4,Family Planning,Yes,Specific days,Yes,
KD-150-R5,Immunization,Yes,MTWTF,No,"Facility closed (holiday, strike, renovation)"
KD-150-R5,Nutrition,Yes,Specific days,Yes,
KD-150-R5,Antenatal Care,Yes,MTWTF,Yes,
KD-150-R5,Postnatal Care,Yes,MTWTF,Yes,
KD-150-R5,IMCI,No,,,
KD-150-R5,Malaria,Yes,Specific days,No,"Attending training, meeting, or other official assignment"
KD-150-R5,Labour and Delivery,Yes,MTWTF,Yes,
KD-150-R5,Family Planning,Yes,Specific days,Yes,
KD-150-R6,Immunization,Yes,On needs basis,Yes,
KD-150-R6,Nutrition,Yes,Specific days,Yes,
KD-150-R6,Antenatal Care,Yes,MTWTFSS,Yes,
KD-150-R6,Postnatal Care,Yes,MTWTF,Yes,
KD-150-R6,IMCI,No,,,
KD-150-R6,Malaria,Yes,MTWTF,Yes,
KD-150-R6,Labour and Delivery,Yes,Specific days,Yes,
KD-150-R6,Family Planning,Yes,Specific days,Yes,
KD-151-R1,Immunization,No,,,
KD-151-R1,Nutrition,Yes,Specific days,Yes,
KD-151-R1,Antenatal Care,Yes,Specific days,Yes,
KD-151-R1,Postnatal Care,Yes,MTWTF,No,"Staff unavailable (leave, redeployment, strike)"
KD-151-R1,IMCI,Yes,Specific days,Yes,
KD-151-R1,Malaria,Yes,MTWTF,Yes,
KD-151-R1,Labour and Delivery,No,,,
KD-151-R1,Family Planning,Yes,Specific days,No,"Facility closed (holiday, strike, renovation)"
KD-151-R2,Immunization,No,,,
KD-151-R2,Nutrition,Yes,MTWTF,Yes,
KD-151-R2,Antenatal Care,Yes,Specific days,No,"Staff unavailable (leave, redeployment, strike)"
KD-151-R2,Postnatal Care,Yes,MTWTF,Yes,
KD-151-R2,IMCI,Yes,MTWTF,Yes,
KD-151-R2,Malaria,Yes,MTWTFSS,Yes,
KD-151-R2,Labour and Delivery,No,,,
KD-151-R2,Family Planning,Yes,MTWTF,Yes,
KD-151-R3,Immunization,No,,,
KD-151-R3,Nutrition,Yes,Specific days,Yes,
KD-151-R3,Antenatal Care,Yes,Specific days,No,"Staff unavailable (leave, redeployment, strike)"
KD-151-R3,Postnatal Care,Yes,MTWTF,No,"Staff unavailable (leave, redeployment, strike)"
KD-151-R3,IMCI,Yes,Specific days,Yes,
KD-151-R3,Malaria,Yes,MTWTFSS,No,"Staff unavailable (leave, redeployment, strike)"
KD-151-R3,Labour and Delivery,No,,,
KD-151-R3,Family Planning,Yes,MTWTF,Yes,
KD-151-R4,Immunization,No,,,
KD-151-R4,Nutrition,Yes,Specific days,Yes,
KD-151-R4,Antenatal Care,Yes,Specific days,No,"Facility closed (holiday, strike, renovation)"
KD-151-R4,Postnatal Care,Yes,MTWTF,Yes,
KD-151-R4,IMCI,Yes,MTWTF,Yes,
KD-151-R4,Malaria,Yes,MTWTFSS,Yes,
KD-151-R4,Labour and Delivery,No,,,
KD-151-R4,Family Planning,Yes,Specific days,No,"Attending training, meeting, or other official assignment"
KD-151-R5,Immunization,No,,,
KD-151-R5,Nutrition,Yes,Specific days,Yes,
KD-151-R5,Antenatal Care,Yes,MTWTF,No,"Staff unavailable (leave, redeployment, strike)"
KD-151-R5,Postnatal Care,Yes,Specific days,No,Lack of transportation or logistics support
KD-151-R5,IMCI,Yes,Specific days,Yes,
KD-151-R5,Malaria,Yes,MTWTF,Yes,
KD-151-R5,Labour and Delivery,No,,,
KD-151-R5,Family Planning,Yes,Specific days,Yes,
KD-151-R6,Immunization,No,,,
KD-151-R6,Nutrition,Yes,Specific days,Yes,
KD-151-R6,Antenatal Care,Yes,MTWTF,Yes,
KD-151-R6,Postnatal Care,Yes,Specific days,Yes,
KD-151-R6,IMCI,Yes,Specific days,Yes,
KD-151-R6,Malaria,Yes,MTWTF,Yes,
KD-151-R6,Labour and Delivery,No,,,
KD-151-R6,Family Planning,Yes,MTWTF,Yes,
KD-152-R1,Immunization,Yes,MTWTF,Yes,
KD-152-R1,Nutrition,No,,,
KD-152-R1,Antenatal Care,Yes,MTWTF,Yes,
KD-152-R1,Postnatal Care,Yes,MTWTF,No,"Facility closed (holiday, strike, renovation)"
KD-152-R1,IMCI,No,,,
KD-152-R1,Malaria,Yes,Specific days,Yes,
KD-152-R1,Labour and Delivery,Yes,Specific days,Yes,
KD-152-R1,Family Planning,No,,,
KD-152-R2,Immunization,Yes,Specific days,Yes,
KD-152-R2,Nutrition,No,,,
KD-152-R2,Antenatal Care,Yes,MTWTFSS,Yes,
KD-152-R2,Postnatal Care,Yes,Specific days,No,Weather or environmental conditions
KD-152-R2,IMCI,No,,,
KD-152-R2,Malaria,Yes,MTWTF,Yes,
KD-152-R2,Labour and Delivery,Yes,MTWTFSS,Yes,
KD-152-R2,Family Planning,No,,,
KD-152-R3,Immunization,Yes,Specific days,Yes,
KD-152-R3,Nutrition,No,,,
KD-152-R3,Antenatal Care,Yes,Specific days,Yes,
KD-152-R3,Postnatal Care,Yes,MTWTFSS,Yes,
KD-152-R3,IMCI,No,,,
KD-152-R3,Malaria,Yes,MTWTFSS,No,"Staff unavailable (leave, redeployment, strike)"
KD-152-R3,Labour and Delivery,Yes,MTWTF,Yes,
KD-152-R3,Family Planning,No,,,
KD-152-R4,Immunization,Yes,Specific days,Yes,
KD-152-R4,Nutrition,No,,,
KD-152-R4,Antenatal Care,Yes,Specific days,No,"Attending training, meeting, or other official assignment"
KD-152-R4,Postnatal Care,Yes,MTWTF,Yes,
KD-152-R4,IMCI,No,,,
KD-152-R4,Malaria,Yes,Specific days,Yes,
KD-152-R4,Labour and Delivery,Yes,MTWTFSS,No,"Attending training, meeting, or other official assignment"
KD-152-R4,Family Planning,No,,,
KD-152-R5,Immunization,Yes,Specific days,Yes,
KD-152-R5,Nutrition,No,,,
KD-152-R5,Antenatal Care,Yes,Specific days,Yes,
KD-152-R5,Postnatal Care,Yes,Specific days,Yes,
KD-152-R5,IMCI,No,,,
KD-152-R5,Malaria,Yes,MTWTFSS,Yes,
KD-152-R5,Labour and Delivery,Yes,Specific days,Yes,
KD-152-R5,Family Planning,No,,,
KD-152-R6,Immunization,Yes,MTWTF,Yes,
KD-152-R6,Nutrition,No,,,
KD-152-R6,Antenatal Care,Yes,Specific days,No,"Facility closed (holiday, strike, renovation)"
KD-152-R6,Postnatal Care,Yes,Specific days,Yes,
KD-152-R6,IMCI,No,,,
KD-152-R6,Malaria,Yes,Specific days,Yes,
KD-152-R6,Labour and Delivery,Yes,Specific days,Yes,
KD-152-R6,Family Planning,No,,,
KD-153-R1,Immunization,Yes,On needs basis,Yes,
KD-153-R1,Nutrition,Yes,MTWTF,Yes,
KD-153-R1,Antenatal Care,Yes,Specific days,Yes,
KD-153-R1,Postnatal Care,Yes,Specific days,Yes,
KD-153-R1,IMCI,Yes,MTWTF,Yes,
KD-153-R1,Malaria,Yes,On needs basis,Yes,
KD-153-R1,Labour and Delivery,Yes,MTWTF,Yes,
KD-153-R1,Family Planning,Yes,On needs basis,Yes,
KD-153-R2,Immunization,Yes,Specific days,Yes,
KD-153-R2,Nutrition,Yes,MTWTF,Yes,
KD-153-R2,Antenatal Care,Yes,Specific days,Yes,
KD-153-R2,Postnatal Care,Yes,MTWTF,Yes,
KD-153-R2,IMCI,Yes,MTWTF,Yes,
KD-153-R2,Malaria,Yes,On needs basis,Yes,
KD-153-R2,Labour and Delivery,Yes,Specific days,Yes,
KD-153-R2,Family Planning,Yes,Specific days,Yes,
KD-153-R3,Immunization,Yes,Specific days,Yes,
KD-153-R3,Nutrition,Yes,Specific days,Yes,
KD-153-R3,Antenatal Care,Yes,MTWTF,Yes,
KD-153-R3,Postnatal Care,Yes,MTWTF,Yes,
KD-153-R3,IMCI,Yes,Specific days,Yes,
KD-153-R3,Malaria,Yes,Specific days,Yes,
KD-153-R3,Labour and Delivery,Yes,On needs basis,Yes,
KD-153-R3,Family Planning,Yes,MTWTF,Yes,
KD-153-R4,Immunization,Yes,Specific days,Yes,
KD-153-R4,Nutrition,Yes,Specific days,Yes,
KD-153-R4,Antenatal Care,Yes,Specific days,Yes,
KD-153-R4,Postnatal Care,Yes,MTWTF,Yes,
KD-153-R4,IMCI,Yes,MTWTFSS,Yes,
KD-153-R4,Malaria,Yes,Specific days,No,Cold chain equipment failure
KD-153-R4,Labour and Delivery,Yes,MTWTF,Yes,
KD-153-R4,Family Planning,Yes,MTWTF,No,"Attending training, meeting, or other official assignment"
KD-153-R5,Immunization,Yes,MTWTFSS,Yes,
KD-153-R5,Nutrition,Yes,Specific days,Yes,
KD-153-R5,Antenatal Care,Yes,Specific days,Yes,
KD-153-R5,Postnatal Care,Yes,Specific days,Yes,
KD-153-R5,IMCI,Yes,Specific days,Yes,
KD-153-R5,Malaria,Yes,On needs basis,Yes,
KD-153-R5,Labour and Delivery,Yes,Specific days,Yes,
KD-153-R5,Family Planning,Yes,On needs basis,Yes,
KD-153-R6,Immunization,Yes,On needs basis,Yes,
KD-153-R6,Nutrition,Yes,Specific days,Yes,
KD-153-R6,Antenatal Care,Yes,MTWTF,Yes,
KD-153-R6,Postnatal Care,Yes,Specific days,Yes,
KD-153-R6,IMCI,Yes,Specific days,Yes,
KD-153-R6,Malaria,Yes,On needs basis,Yes,
KD-153-R6,Labour and Delivery,Yes,MTWTF,Yes,
KD-153-R6,Family Planning,Yes,Specific days,Yes,
KD-154-R1,Immunization,Yes,MTWTF,No,Weather or environmental conditions
KD-154-R1,Nutrition,Yes,MTWTF,Yes,
KD-154-R1,Antenatal Care,Yes,Specific days,Yes,
KD-154-R1,Postnatal Care,Yes,On needs basis,Yes,
KD-154-R1,IMCI,Yes,MTWTF,Yes,
KD-154-R1,Malaria,Yes,Specific days,No,"Staff unavailable (leave, redeployment, strike)"
KD-154-R1,Labour and Delivery,Yes,Specific days,Yes,
KD-154-R1,Family Planning,Yes,Specific days,Yes,
KD-154-R2,Immunization,Yes,Specific days,Yes,
KD-154-R2,Nutrition,Yes,Specific days,Yes,
KD-154-R2,Antenatal Care,Yes,Specific days,Yes,
KD-154-R2,Postnatal Care,Yes,On needs basis,Yes,
KD-154-R2,IMCI,Yes,Specific days,Yes,
KD-154-R2,Malaria,Yes,On needs basis,Yes,
KD-154-R2,Labour and Delivery,Yes,On needs basis,Yes,
KD-154-R2,Family Planning,Yes,MTWTFSS,Yes,
KD-154-R3,Immunization,Yes,MTWTF,Yes,
KD-154-R3,Nutrition,Yes,Specific days,Yes,
KD-154-R3,Antenatal Care,Yes,MTWTF,Yes,
KD-154-R3,Postnatal Care,Yes,On needs basis,Yes,
KD-154-R3,IMCI,Yes,On needs basis,Yes,
KD-154-R3,Malaria,Yes,MTWTF,Yes,
KD-154-R3,Labour and Delivery,Yes,Specific days,Yes,
KD-154-R3,Family Planning,Yes,MTWTF,Yes,
KD-154-R4,Immunization,Yes,On needs basis,No,"Facility closed (holiday, strike, renovation)"
KD-154-R4,Nutrition,Yes,MTWTF,Yes,
KD-154-R4,Antenatal Care,Yes,Specific days,No,"Attending training, meeting, or other official assignment"
KD-154-R4,Postnatal Care,Yes,MTWTF,Yes,
KD-154-R4,IMCI,Yes,MTWTF,Yes,
KD-154-R4,Malaria,Yes,On needs basis,Yes,
KD-154-R4,Labour and Delivery,Yes,On needs basis,Yes,
KD-154-R4,Family Planning,Yes,Specific days,Yes,
KD-154-R5,Immunization,Yes,On needs basis,Yes,
KD-154-R5,Nutrition,Yes,MTWTF,Yes,
KD-154-R5,Antenatal Care,Yes,Specific days,Yes,
KD-154-R5,Postnatal Care,Yes,Specific days,Yes,
KD-154-R5,IMCI,Yes,Specific days,Yes,
KD-154-R5,Malaria,Yes,Specific days,Yes,
KD-154-R5,Labour and Delivery,Yes,Specific days,Yes,
KD-154-R5,Family Planning,Yes,On needs basis,No,Low community turnout / community resistance
KD-154-R6,Immunization,Yes,On needs basis,No,"Staff unavailable (leave, redeployment, strike)"
KD-154-R6,Nutrition,Yes,Specific days,Yes,
KD-154-R6,Antenatal Care,Yes,Specific days,Yes,
KD-154-R6,Postnatal Care,Yes,Specific days,Yes,
KD-154-R6,IMCI,Yes,On needs basis,Yes,
KD-154-R6,Malaria,Yes,On needs basis,Yes,
KD-154-R6,Labour and Delivery,Yes,Specific days,Yes,
KD-154-R6,Family Planning,Yes,MTWTF,Yes,
KD-155-R1,Immunization,Yes,Specific days,Yes,
KD-155-R1,Nutrition,No,,,
KD-155-R1,Antenatal Care,Yes,Specific days,Yes,
KD-155-R1,Postnatal Care,Yes,Specific days,Yes,
KD-155-R1,IMCI,No,,,
KD-155-R1,Malaria,Yes,Specific days,Yes,
KD-155-R1,Labour and Delivery,Yes,MTWTF,Yes,
KD-155-R1,Family Planning,Yes,Specific days,Yes,
KD-155-R2,Immunization,Yes,Specific days,Yes,
KD-155-R2,Nutrition,No,,,
KD-155-R2,Antenatal Care,Yes,On needs basis,Yes,
KD-155-R2,Postnatal Care,Yes,MTWTFSS,Yes,
KD-155-R2,IMCI,No,,,
KD-155-R2,Malaria,Yes,Specific days,Yes,
KD-155-R2,Labour and Delivery,Yes,MTWTF,Yes,
KD-155-R2,Family Planning,Yes,Specific days,Yes,
KD-155-R3,Immunization,Yes,MTWTFSS,Yes,
KD-155-R3,Nutrition,No,,,
KD-155-R3,Antenatal Care,Yes,MTWTF,Yes,
KD-155-R3,Postnatal Care,Yes,MTWTF,Yes,
KD-155-R3,IMCI,No,,,
KD-155-R3,Malaria,Yes,Specific days,Yes,
KD-155-R3,Labour and Delivery,Yes,Specific days,Yes,
KD-155-R3,Family Planning,Yes,MTWTF,Yes,
KD-155-R4,Immunization,Yes,MTWTF,Yes,
KD-155-R4,Nutrition,No,,,
KD-155-R4,Antenatal Care,Yes,MTWTFSS,Yes,
KD-155-R4,Postnatal Care,Yes,Specific days,Yes,
KD-155-R4,IMCI,No,,,
KD-155-R4,Malaria,Yes,MTWTF,No,"Staff unavailable (leave, redeployment, strike)"
KD-155-R4,Labour and Delivery,Yes,Specific days,Yes,
KD-155-R4,Family Planning,Yes,MTWTF,No,"Facility closed (holiday, strike, renovation)"
KD-155-R5,Immunization,Yes,MTWTFSS,Yes,
KD-155-R5,Nutrition,No,,,
KD-155-R5,Antenatal Care,Yes,Specific days,Yes,
KD-155-R5,Postnatal Care,Yes,MTWTF,Yes,
KD-155-R5,IMCI,No,,,
KD-155-R5,Malaria,Yes,MTWTF,Yes,
KD-155-R5,Labour and Delivery,Yes,MTWTFSS,Yes,
KD-155-R5,Family Planning,Yes,Specific days,Yes,
KD-155-R6,Immunization,Yes,Specific days,Yes,
KD-155-R6,Nutrition,No,,,
KD-155-R6,Antenatal Care,Yes,Specific days,Yes,
KD-155-R6,Postnatal Care,Yes,MTWTFSS,Yes,
KD-155-R6,IMCI,No,,,
KD-155-R6,Malaria,Yes,MTWTFSS,Yes,
KD-155-R6,Labour and Delivery,Yes,Specific days,No,"Staff unavailable (leave, redeployment, strike)"
KD-155-R6,Family Planning,Yes,Specific days,Yes,
KD-156-R1,Immunization,Yes,MTWTF,No,"Staff unavailable (leave, redeployment, strike)"
KD-156-R1,Nutrition,No,,,
KD-156-R1,Antenatal Care,No,,,
KD-156-R1,Postnatal Care,Yes,Specific days,Yes,
KD-156-R1,IMCI,Yes,Specific days,Yes,
KD-156-R1,Malaria,Yes,Specific days,Yes,
KD-156-R1,Labour and Delivery,Yes,MTWTF,No,Weather or environmental conditions
KD-156-R1,Family Planning,Yes,On needs basis,Yes,
KD-156-R2,Immunization,Yes,MTWTFSS,Yes,
KD-156-R2,Nutrition,No,,,
KD-156-R2,Antenatal Care,No,,,
KD-156-R2,Postnatal Care,Yes,MTWTFSS,Yes,
KD-156-R2,IMCI,Yes,Specific days,Yes,
KD-156-R2,Malaria,Yes,MTWTFSS,Yes,
KD-156-R2,Labour and Delivery,Yes,MTWTFSS,Yes,
KD-156-R2,Family Planning,Yes,Specific days,Yes,
KD-156-R3,Immunization,Yes,Specific days,Yes,
KD-156-R3,Nutrition,No,,,
KD-156-R3,Antenatal Care,No,,,
KD-156-R3,Postnatal Care,Yes,MTWTF,No,"Facility closed (holiday, strike, renovation)"
KD-156-R3,IMCI,Yes,MTWTFSS,Yes,
KD-156-R3,Malaria,Yes,MTWTFSS,Yes,
KD-156-R3,Labour and Delivery,Yes,MTWTF,No,"Attending training, meeting, or other official assignment"
KD-156-R3,Family Planning,Yes,Specific days,Yes,
KD-156-R4,Immunization,Yes,Specific days,Yes,
KD-156-R4,Nutrition,No,,,
KD-156-R4,Antenatal Care,No,,,
KD-156-R4,Postnatal Care,Yes,MTWTF,No,Low community turnout / community resistance
KD-156-R4,IMCI,Yes,MTWTF,No,"Attending training, meeting, or other official assignment"
KD-156-R4,Malaria,Yes,MTWTF,No,Low community turnout / community resistance
KD-156-R4,Labour and Delivery,Yes,On needs basis,Yes,
KD-156-R4,Family Planning,Yes,On needs basis,Yes,
KD-156-R5,Immunization,Yes,MTWTF,Yes,
KD-156-R5,Nutrition,No,,,
KD-156-R5,Antenatal Care,No,,,
KD-156-R5,Postnatal Care,Yes,Specific days,Yes,
KD-156-R5,IMCI,Yes,MTWTFSS,Yes,
KD-156-R5,Malaria,Yes,MTWTF,Yes,
KD-156-R5,Labour and Delivery,Yes,Specific days,Yes,
KD-156-R5,Family Planning,Yes,Specific days,Yes,
KD-156-R6,Immunization,Yes,Specific days,Yes,
KD-156-R6,Nutrition,No,,,
KD-156-R6,Antenatal Care,No,,,
KD-156-R6,Postnatal Care,Yes,On needs basis,Yes,
KD-156-R6,IMCI,Yes,Specific days,Yes,
KD-156-R6,Malaria,Yes,On needs basis,Yes,
KD-156-R6,Labour and Delivery,Yes,MTWTF,Yes,
KD-156-R6,Family Planning,Yes,Specific days,Yes,
KD-157-R1,Immunization,Yes,MTWTF,Yes,
KD-157-R1,Nutrition,Yes,Specific days,Yes,
KD-157-R1,Antenatal Care,Yes,MTWTF,Yes,
KD-157-R1,Postnatal Care,Yes,Specific days,Yes,
KD-157-R1,IMCI,Yes,Specific days,No,Weather or environmental conditions
KD-157-R1,Malaria,Yes,MTWTF,Yes,
KD-157-R1,Labour and Delivery,Yes,MTWTF,Yes,
KD-157-R1,Family Planning,Yes,On needs basis,Yes,
KD-157-R2,Immunization,Yes,On needs basis,Yes,
KD-157-R2,Nutrition,Yes,MTWTFSS,Yes,
KD-157-R2,Antenatal Care,Yes,MTWTF,Yes,
KD-157-R2,Postnatal Care,Yes,MTWTF,Yes,
KD-157-R2,IMCI,Yes,Specific days,Yes,
KD-157-R2,Malaria,Yes,On needs basis,Yes,
KD-157-R2,Labour and Delivery,Yes,Specific days,Yes,
KD-157-R2,Family Planning,Yes,Specific days,Yes,
KD-157-R3,Immunization,Yes,MTWTF,Yes,
KD-157-R3,Nutrition,Yes,MTWTF,Yes,
KD-157-R3,Antenatal Care,Yes,MTWTF,Yes,
KD-157-R3,Postnatal Care,Yes,On needs basis,No,Low community turnout / community resistance
KD-157-R3,IMCI,Yes,MTWTF,Yes,
KD-157-R3,Malaria,Yes,Specific days,Yes,
KD-157-R3,Labour and Delivery,Yes,On needs basis,No,Lack of transportation or logistics support
KD-157-R3,Family Planning,Yes,Specific days,Yes,
KD-157-R4,Immunization,Yes,On needs basis,Yes,
KD-157-R4,Nutrition,Yes,Specific days,Yes,
KD-157-R4,Antenatal Care,Yes,Specific days,Yes,
KD-157-R4,Postnatal Care,Yes,Specific days,Yes,
KD-157-R4,IMCI,Yes,Specific days,Yes,
KD-157-R4,Malaria,Yes,Specific days,Yes,
KD-157-R4,Labour and Delivery,Yes,Specific days,No,Lack of transportation or logistics support
KD-157-R4,Family Planning,Yes,Specific days,Yes,
KD-157-R5,Immunization,Yes,On needs basis,Yes,
KD-157-R5,Nutrition,Yes,On needs basis,Yes,
KD-157-R5,Antenatal Care,Yes,MTWTF,Yes,
KD-157-R5,Postnatal Care,Yes,MTWTF,No,"Attending training, meeting, or other official assignment"
KD-157-R5,IMCI,Yes,Specific days,Yes,
KD-157-R5,Malaria,Yes,On needs basis,Yes,
KD-157-R5,Labour and Delivery,Yes,Specific days,Yes,
KD-157-R5,Family Planning,Yes,MTWTF,Yes,
KD-157-R6,Immunization,Yes,Specific days,Yes,
KD-157-R6,Nutrition,Yes,On needs basis,Yes,
KD-157-R6,Antenatal Care,Yes,Specific days,Yes,
KD-157-R6,Postnatal Care,Yes,Specific days,Yes,
KD-157-R6,IMCI,Yes,Specific days,Yes,
KD-157-R6,Malaria,Yes,Specific days,Yes,
KD-157-R6,Labour and Delivery,Yes,MTWTF,Yes,
KD-157-R6,Family Planning,Yes,Specific days,Yes,
KD-158-R1,Immunization,Yes,MTWTFSS,Yes,
KD-158-R1,Nutrition,No,,,
KD-158-R1,Antenatal Care,Yes,Specific days,Yes,
KD-158-R1,Postnatal Care,Yes,Specific days,Yes,
KD-158-R1,IMCI,Yes,MTWTF,Yes,
KD-158-R1,Malaria,Yes,Specific days,Yes,
KD-158-R1,Labour and Delivery,Yes,Specific days,No,"Staff unavailable (leave, redeployment, strike)"
KD-158-R1,Family Planning,No,,,
KD-158-R2,Immunization,Yes,MTWTF,Yes,
KD-158-R2,Nutrition,No,,,
KD-158-R2,Antenatal Care,Yes,MTWTF,Yes,
KD-158-R2,Postnatal Care,Yes,Specific days,Yes,
KD-158-R2,IMCI,Yes,MTWTF,Yes,
KD-158-R2,Malaria,Yes,Specific days,Yes,
KD-158-R2,Labour and Delivery,Yes,Specific days,Yes,
KD-158-R2,Family Planning,No,,,
KD-158-R3,Immunization,Yes,Specific days,No,"Staff unavailable (leave, redeployment, strike)"
KD-158-R3,Nutrition,No,,,
KD-158-R3,Antenatal Care,Yes,Specific days,No,Low community turnout / community resistance
KD-158-R3,Postnatal Care,Yes,Specific days,No,Weather or environmental conditions
KD-158-R3,IMCI,Yes,Specific days,No,"Facility closed (holiday, strike, renovation)"
KD-158-R3,Malaria,Yes,MTWTF,No,"Staff unavailable (leave, redeployment, strike)"
KD-158-R3,Labour and Delivery,Yes,On needs basis,Yes,
KD-158-R3,Family Planning,No,,,
KD-158-R4,Immunization,Yes,Specific days,Yes,
KD-158-R4,Nutrition,No,,,
KD-158-R4,Antenatal Care,Yes,MTWTF,No,"Attending training, meeting, or other official assignment"
KD-158-R4,Postnatal Care,Yes,MTWTF,Yes,
KD-158-R4,IMCI,Yes,MTWTF,No,Weather or environmental conditions
KD-158-R4,Malaria,Yes,Specific days,No,Low community turnout / community resistance
KD-158-R4,Labour and Delivery,Yes,Specific days,No,Other
KD-158-R4,Family Planning,No,,,
KD-158-R5,Immunization,Yes,MTWTF,Yes,
KD-158-R5,Nutrition,No,,,
KD-158-R5,Antenatal Care,Yes,Specific days,Yes,
KD-158-R5,Postnatal Care,Yes,Specific days,Yes,
KD-158-R5,IMCI,Yes,Specific days,No,Other
KD-158-R5,Malaria,Yes,Specific days,Yes,
KD-158-R5,Labour and Delivery,Yes,MTWTF,Yes,
KD-158-R5,Family Planning,No,,,
KD-158-R6,Immunization,Yes,Specific days,Yes,
KD-158-R6,Nutrition,No,,,
KD-158-R6,Antenatal Care,Yes,Specific days,No,Low community turnout / community resistance
KD-158-R6,Postnatal Care,Yes,On needs basis,No,"Staff unavailable (leave, redeployment, strike)"
KD-158-R6,IMCI,Yes,MTWTFSS,Yes,
KD-158-R6,Malaria,Yes,Specific days,Yes,
KD-158-R6,Labour and Delivery,Yes,On needs basis,Yes,
KD-158-R6,Family Planning,No,,,
KD-159-R1,Immunization,Yes,On needs basis,Yes,
KD-159-R1,Nutrition,Yes,Specific days,Yes,
KD-159-R1,Antenatal Care,Yes,Specific days,No,"Facility closed (holiday, strike, renovation)"
KD-159-R1,Postnatal Care,Yes,Specific days,Yes,
KD-159-R1,IMCI,Yes,MTWTF,Yes,
KD-159-R1,Malaria,Yes,Specific days,Yes,
KD-159-R1,Labour and Delivery,Yes,Specific days,Yes,
KD-159-R1,Family Planning,Yes,Specific days,Yes,
KD-159-R2,Immunization,Yes,MTWTFSS,No,Vaccine stock-out
KD-159-R2,Nutrition,Yes,MTWTF,Yes,
KD-159-R2,Antenatal Care,Yes,Specific days,Yes,
KD-159-R2,Postnatal Care,Yes,MTWTF,Yes,
KD-159-R2,IMCI,Yes,MTWTF,Yes,
KD-159-R2,Malaria,Yes,On needs basis,Yes,
KD-159-R2,Labour and Delivery,Yes,MTWTF,No,"Attending training, meeting, or other official assignment"
KD-159-R2,Family Planning,Yes,MTWTF,Yes,
KD-159-R3,Immunization,Yes,On needs basis,Yes,
KD-159-R3,Nutrition,Yes,Specific days,Yes,
KD-159-R3,Antenatal Care,Yes,Specific days,Yes,
KD-159-R3,Postnatal Care,Yes,Specific days,Yes,
KD-159-R3,IMCI,Yes,MTWTFSS,Yes,
KD-159-R3,Malaria,Yes,Specific days,Yes,
KD-159-R3,Labour and Delivery,Yes,Specific days,Yes,
KD-159-R3,Family Planning,Yes,Specific days,Yes,
KD-159-R4,Immunization,Yes,MTWTFSS,No,"Staff unavailable (leave, redeployment, strike)"
KD-159-R4,Nutrition,Yes,MTWTF,Yes,
KD-159-R4,Antenatal Care,Yes,MTWTF,Yes,
KD-159-R4,Postnatal Care,Yes,MTWTF,Yes,
KD-159-R4,IMCI,Yes,MTWTF,Yes,
KD-159-R4,Malaria,Yes,MTWTF,Yes,
KD-159-R4,Labour and Delivery,Yes,MTWTF,Yes,
KD-159-R4,Family Planning,Yes,On needs basis,No,"Staff unavailable (leave, redeployment, strike)"
KD-159-R5,Immunization,Yes,Specific days,No,"Facility closed (holiday, strike, renovation)"
KD-159-R5,Nutrition,Yes,Specific days,Yes,
KD-159-R5,Antenatal Care,Yes,Specific days,Yes,
KD-159-R5,Postnatal Care,Yes,MTWTFSS,Yes,
KD-159-R5,IMCI,Yes,MTWTF,Yes,
KD-159-R5,Malaria,Yes,On needs basis,Yes,
KD-159-R5,Labour and Delivery,Yes,MTWTF,Yes,
KD-159-R5,Family Planning,Yes,On needs basis,Yes,
KD-159-R6,Immunization,Yes,Specific days,Yes,
KD-159-R6,Nutrition,Yes,Specific days,Yes,
KD-159-R6,Antenatal Care,Yes,On needs basis,Yes,
KD-159-R6,Postnatal Care,Yes,MTWTF,Yes,
KD-159-R6,IMCI,Yes,On needs basis,Yes,
KD-159-R6,Malaria,Yes,Specific days,Yes,
KD-159-R6,Labour and Delivery,Yes,MTWTFSS,Yes,
KD-159-R6,Family Planning,Yes,On needs basis,Yes,
KD-160-R1,Immunization,Yes,Specific days,Yes,
KD-160-R1,Nutrition,Yes,Specific days,Yes,
KD-160-R1,Antenatal Care,Yes,Specific days,Yes,
KD-160-R1,Postnatal Care,No,,,
KD-160-R1,IMCI,Yes,MTWTF,Yes,
KD-160-R1,Malaria,Yes,MTWTF,Yes,
KD-160-R1,Labour and Delivery,Yes,On needs basis,Yes,
KD-160-R1,Family Planning,Yes,Specific days,Yes,
KD-160-R2,Immunization,Yes,MTWTF,Yes,
KD-160-R2,Nutrition,Yes,MTWTF,Yes,
KD-160-R2,Antenatal Care,Yes,On needs basis,Yes,
KD-160-R2,Postnatal Care,No,,,
KD-160-R2,IMCI,Yes,On needs basis,Yes,
KD-160-R2,Malaria,Yes,Specific days,Yes,
KD-160-R2,Labour and Delivery,Yes,MTWTF,Yes,
KD-160-R2,Family Planning,Yes,Specific days,Yes,
KD-160-R3,Immunization,Yes,MTWTF,Yes,
KD-160-R3,Nutrition,Yes,Specific days,Yes,
KD-160-R3,Antenatal Care,Yes,MTWTF,No,"Attending training, meeting, or other official assignment"
KD-160-R3,Postnatal Care,No,,,
KD-160-R3,IMCI,Yes,Specific days,Yes,
KD-160-R3,Malaria,Yes,Specific days,Yes,
KD-160-R3,Labour and Delivery,Yes,MTWTF,No,"Facility closed (holiday, strike, renovation)"
KD-160-R3,Family Planning,Yes,Specific days,Yes,
KD-160-R4,Immunization,Yes,Specific days,Yes,
KD-160-R4,Nutrition,Yes,MTWTF,Yes,
KD-160-R4,Antenatal Care,Yes,Specific days,No,"Security concerns (insecurity, movement restrictions)"
KD-160-R4,Postnatal Care,No,,,
KD-160-R4,IMCI,Yes,Specific days,Yes,
KD-160-R4,Malaria,Yes,On needs basis,Yes,
KD-160-R4,Labour and Delivery,Yes,MTWTF,Yes,
KD-160-R4,Family Planning,Yes,MTWTF,Yes,
KD-160-R5,Immunization,Yes,Specific days,Yes,
KD-160-R5,Nutrition,Yes,MTWTF,Yes,
KD-160-R5,Antenatal Care,Yes,MTWTFSS,Yes,
KD-160-R5,Postnatal Care,No,,,
KD-160-R5,IMCI,Yes,Specific days,Yes,
KD-160-R5,Malaria,Yes,Specific days,Yes,
KD-160-R5,Labour and Delivery,Yes,MTWTF,Yes,
KD-160-R5,Family Planning,Yes,MTWTF,Yes,
KD-160-R6,Immunization,Yes,On needs basis,Yes,
KD-160-R6,Nutrition,Yes,Specific days,Yes,
KD-160-R6,Antenatal Care,Yes,MTWTF,Yes,
KD-160-R6,Postnatal Care,No,,,
KD-160-R6,IMCI,Yes,MTWTF,Yes,
KD-160-R6,Malaria,Yes,MTWTF,Yes,
KD-160-R6,Labour and Delivery,Yes,Specific days,Yes,
KD-160-R6,Family Planning,Yes,Specific days,Yes,
KD-161-R1,Immunization,Yes,On needs basis,Yes,
KD-161-R1,Nutrition,Yes,On needs basis,Yes,
KD-161-R1,Antenatal Care,Yes,MTWTF,Yes,
KD-161-R1,Postnatal Care,Yes,MTWTF,Yes,
KD-161-R1,IMCI,Yes,On needs basis,No,"Security concerns (insecurity, movement restrictions)"
KD-161-R1,Malaria,Yes,On needs basis,Yes,
KD-161-R1,Labour and Delivery,Yes,MTWTF,Yes,
KD-161-R1,Family Planning,Yes,Specific days,Yes,
KD-161-R2,Immunization,Yes,MTWTF,Yes,
KD-161-R2,Nutrition,Yes,MTWTF,Yes,
KD-161-R2,Antenatal Care,Yes,On needs basis,Yes,
KD-161-R2,Postnatal Care,Yes,Specific days,No,"Attending training, meeting, or other official assignment"
KD-161-R2,IMCI,Yes,Specific days,Yes,
KD-161-R2,Malaria,Yes,MTWTF,Yes,
KD-161-R2,Labour and Delivery,Yes,Specific days,Yes,
KD-161-R2,Family Planning,Yes,Specific days,Yes,
KD-161-R3,Immunization,Yes,Specific days,Yes,
KD-161-R3,Nutrition,Yes,MTWTF,Yes,
KD-161-R3,Antenatal Care,Yes,On needs basis,Yes,
KD-161-R3,Postnatal Care,Yes,Specific days,Yes,
KD-161-R3,IMCI,Yes,On needs basis,Yes,
KD-161-R3,Malaria,Yes,MTWTF,Yes,
KD-161-R3,Labour and Delivery,Yes,Specific days,No,"Facility closed (holiday, strike, renovation)"
KD-161-R3,Family Planning,Yes,On needs basis,Yes,
KD-161-R4,Immunization,Yes,MTWTF,Yes,
KD-161-R4,Nutrition,Yes,Specific days,No,"Staff unavailable (leave, redeployment, strike)"
KD-161-R4,Antenatal Care,Yes,On needs basis,Yes,
KD-161-R4,Postnatal Care,Yes,MTWTF,No,"Staff unavailable (leave, redeployment, strike)"
KD-161-R4,IMCI,Yes,On needs basis,Yes,
KD-161-R4,Malaria,Yes,MTWTFSS,Yes,
KD-161-R4,Labour and Delivery,Yes,Specific days,Yes,
KD-161-R4,Family Planning,Yes,On needs basis,Yes,
KD-161-R5,Immunization,Yes,MTWTF,Yes,
KD-161-R5,Nutrition,Yes,Specific days,Yes,
KD-161-R5,Antenatal Care,Yes,On needs basis,Yes,
KD-161-R5,Postnatal Care,Yes,Specific days,Yes,
KD-161-R5,IMCI,Yes,Specific days,No,"Staff unavailable (leave, redeployment, strike)"
KD-161-R5,Malaria,Yes,Specific days,No,Low community turnout / community resistance
KD-161-R5,Labour and Delivery,Yes,MTWTF,Yes,
KD-161-R5,Family Planning,Yes,MTWTF,Yes,
KD-161-R6,Immunization,Yes,Specific days,No,Vaccine stock-out
KD-161-R6,Nutrition,Yes,Specific days,Yes,
KD-161-R6,Antenatal Care,Yes,MTWTFSS,Yes,
KD-161-R6,Postnatal Care,Yes,Specific days,Yes,
KD-161-R6,IMCI,Yes,MTWTF,Yes,
KD-161-R6,Malaria,Yes,On needs basis,Yes,
KD-161-R6,Labour and Delivery,Yes,MTWTF,Yes,
KD-161-R6,Family Planning,Yes,On needs basis,Yes,
KD-162-R1,Immunization,No,,,
KD-162-R1,Nutrition,Yes,Specific days,Yes,
KD-162-R1,Antenatal Care,No,,,
KD-162-R1,Postnatal Care,Yes,Specific days,Yes,
KD-162-R1,IMCI,Yes,MTWTF,Yes,
KD-162-R1,Malaria,Yes,Specific days,Yes,
KD-162-R1,Labour and Delivery,Yes,On needs basis,Yes,
KD-162-R1,Family Planning,Yes,Specific days,No,"Staff unavailable (leave, redeployment, strike)"
KD-162-R2,Immunization,No,,,
KD-162-R2,Nutrition,Yes,On needs basis,No,Low community turnout / community resistance
KD-162-R2,Antenatal Care,No,,,
KD-162-R2,Postnatal Care,Yes,On needs basis,Yes,
KD-162-R2,IMCI,Yes,MTWTFSS,Yes,
KD-162-R2,Malaria,Yes,On needs basis,Yes,
KD-162-R2,Labour and Delivery,Yes,MTWTF,No,"Facility closed (holiday, strike, renovation)"
KD-162-R2,Family Planning,Yes,Specific days,Yes,
KD-162-R3,Immunization,No,,,
KD-162-R3,Nutrition,Yes,MTWTF,Yes,
KD-162-R3,Antenatal Care,No,,,
KD-162-R3,Postnatal Care,Yes,MTWTF,Yes,
KD-162-R3,IMCI,Yes,On needs basis,No,"Facility closed (holiday, strike, renovation)"
KD-162-R3,Malaria,Yes,On needs basis,Yes,
KD-162-R3,Labour and Delivery,Yes,MTWTF,Yes,
KD-162-R3,Family Planning,Yes,MTWTF,No,"Facility closed (holiday, strike, renovation)"
KD-162-R4,Immunization,No,,,
KD-162-R4,Nutrition,Yes,MTWTF,Yes,
KD-162-R4,Antenatal Care,No,,,
KD-162-R4,Postnatal Care,Yes,Specific days,Yes,
KD-162-R4,IMCI,Yes,Specific days,No,Low community turnout / community resistance
KD-162-R4,Malaria,Yes,MTWTF,Yes,
KD-162-R4,Labour and Delivery,Yes,Specific days,No,"Staff unavailable (leave, redeployment, strike)"
KD-162-R4,Family Planning,Yes,MTWTF,Yes,
KD-162-R5,Immunization,No,,,
KD-162-R5,Nutrition,Yes,MTWTFSS,Yes,
KD-162-R5,Antenatal Care,No,,,
KD-162-R5,Postnatal Care,Yes,Specific days,No,Weather or environmental conditions
KD-162-R5,IMCI,Yes,Specific days,Yes,
KD-162-R5,Malaria,Yes,MTWTF,Yes,
KD-162-R5,Labour and Delivery,Yes,MTWTF,Yes,
KD-162-R5,Family Planning,Yes,On needs basis,Yes,
KD-162-R6,Immunization,No,,,
KD-162-R6,Nutrition,Yes,MTWTF,Yes,
KD-162-R6,Antenatal Care,No,,,
KD-162-R6,Postnatal Care,Yes,MTWTFSS,Yes,
KD-162-R6,IMCI,Yes,Specific days,No,"Facility closed (holiday, strike, renovation)"
KD-162-R6,Malaria,Yes,Specific days,No,"Attending training, meeting, or other official assignment"
KD-162-R6,Labour and Delivery,Yes,Specific days,No,Weather or environmental conditions
KD-162-R6,Family Planning,Yes,MTWTF,No,"Staff unavailable (leave, redeployment, strike)"
KD-163-R1,Immunization,Yes,MTWTFSS,Yes,
KD-163-R1,Nutrition,Yes,MTWTF,No,"Staff unavailable (leave, redeployment, strike)"
KD-163-R1,Antenatal Care,Yes,Specific days,Yes,
KD-163-R1,Postnatal Care,Yes,On needs basis,Yes,
KD-163-R1,IMCI,Yes,Specific days,No,Lack of transportation or logistics support
KD-163-R1,Malaria,Yes,Specific days,Yes,
KD-163-R1,Labour and Delivery,Yes,MTWTFSS,Yes,
KD-163-R1,Family Planning,Yes,On needs basis,Yes,
KD-163-R2,Immunization,Yes,MTWTFSS,Yes,
KD-163-R2,Nutrition,Yes,MTWTF,No,"Staff unavailable (leave, redeployment, strike)"
KD-163-R2,Antenatal Care,Yes,Specific days,Yes,
KD-163-R2,Postnatal Care,Yes,MTWTF,Yes,
KD-163-R2,IMCI,Yes,On needs basis,Yes,
KD-163-R2,Malaria,Yes,Specific days,No,"Facility closed (holiday, strike, renovation)"
KD-163-R2,Labour and Delivery,Yes,Specific days,Yes,
KD-163-R2,Family Planning,Yes,MTWTFSS,Yes,
KD-163-R3,Immunization,Yes,Specific days,No,"Attending training, meeting, or other official assignment"
KD-163-R3,Nutrition,Yes,MTWTFSS,Yes,
KD-163-R3,Antenatal Care,Yes,Specific days,Yes,
KD-163-R3,Postnatal Care,Yes,Specific days,Yes,
KD-163-R3,IMCI,Yes,MTWTF,No,"Staff unavailable (leave, redeployment, strike)"
KD-163-R3,Malaria,Yes,MTWTF,Yes,
KD-163-R3,Labour and Delivery,Yes,MTWTFSS,Yes,
KD-163-R3,Family Planning,Yes,MTWTFSS,Yes,
KD-163-R4,Immunization,Yes,MTWTFSS,Yes,
KD-163-R4,Nutrition,Yes,Specific days,Yes,
KD-163-R4,Antenatal Care,Yes,MTWTF,No,"Attending training, meeting, or other official assignment"
KD-163-R4,Postnatal Care,Yes,Specific days,No,"Staff unavailable (leave, redeployment, strike)"
KD-163-R4,IMCI,Yes,Specific days,Yes,
KD-163-R4,Malaria,Yes,MTWTF,Yes,
KD-163-R4,Labour and Delivery,Yes,Specific days,Yes,
KD-163-R4,Family Planning,Yes,MTWTF,Yes,
KD-163-R5,Immunization,Yes,Specific days,Yes,
KD-163-R5,Nutrition,Yes,MTWTF,Yes,
KD-163-R5,Antenatal Care,Yes,MTWTF,No,"Staff unavailable (leave, redeployment, strike)"
KD-163-R5,Postnatal Care,Yes,MTWTF,Yes,
KD-163-R5,IMCI,Yes,Specific days,Yes,
KD-163-R5,Malaria,Yes,Specific days,Yes,
KD-163-R5,Labour and Delivery,Yes,MTWTF,Yes,
KD-163-R5,Family Planning,Yes,On needs basis,Yes,
KD-163-R6,Immunization,Yes,MTWTF,Yes,
KD-163-R6,Nutrition,Yes,MTWTFSS,Yes,
KD-163-R6,Antenatal Care,Yes,Specific days,No,Low community turnout / community resistance
KD-163-R6,Postnatal Care,Yes,Specific days,Yes,
KD-163-R6,IMCI,Yes,Specific days,Yes,
KD-163-R6,Malaria,Yes,MTWTF,Yes,
KD-163-R6,Labour and Delivery,Yes,MTWTFSS,Yes,
KD-163-R6,Family Planning,Yes,MTWTF,Yes,
KD-164-R1,Immunization,Yes,MTWTF,No,"Attending training, meeting, or other official assignment"
KD-164-R1,Nutrition,Yes,MTWTF,No,"Staff unavailable (leave, redeployment, strike)"
KD-164-R1,Antenatal Care,Yes,Specific days,Yes,
KD-164-R1,Postnatal Care,Yes,MTWTF,Yes,
KD-164-R1,IMCI,Yes,On needs basis,No,Lack of transportation or logistics support
KD-164-R1,Malaria,Yes,Specific days,Yes,
KD-164-R1,Labour and Delivery,No,,,
KD-164-R1,Family Planning,Yes,MTWTF,Yes,
KD-164-R2,Immunization,Yes,MTWTF,Yes,
KD-164-R2,Nutrition,Yes,On needs basis,Yes,
KD-164-R2,Antenatal Care,Yes,MTWTF,Yes,
KD-164-R2,Postnatal Care,Yes,MTWTF,Yes,
KD-164-R2,IMCI,Yes,Specific days,No,Lack of transportation or logistics support
KD-164-R2,Malaria,Yes,Specific days,Yes,
KD-164-R2,Labour and Delivery,No,,,
KD-164-R2,Family Planning,Yes,Specific days,No,"Attending training, meeting, or other official assignment"
KD-164-R3,Immunization,Yes,Specific days,Yes,
KD-164-R3,Nutrition,Yes,Specific days,Yes,
KD-164-R3,Antenatal Care,Yes,On needs basis,Yes,
KD-164-R3,Postnatal Care,Yes,MTWTF,Yes,
KD-164-R3,IMCI,Yes,Specific days,Yes,
KD-164-R3,Malaria,Yes,On needs basis,Yes,
KD-164-R3,Labour and Delivery,No,,,
KD-164-R3,Family Planning,Yes,Specific days,No,Low community turnout / community resistance
KD-164-R4,Immunization,Yes,MTWTF,Yes,
KD-164-R4,Nutrition,Yes,MTWTF,Yes,
KD-164-R4,Antenatal Care,Yes,MTWTF,No,"Attending training, meeting, or other official assignment"
KD-164-R4,Postnatal Care,Yes,MTWTF,Yes,
KD-164-R4,IMCI,Yes,MTWTFSS,Yes,
KD-164-R4,Malaria,Yes,MTWTF,Yes,
KD-164-R4,Labour and Delivery,No,,,
KD-164-R4,Family Planning,Yes,Specific days,Yes,
KD-164-R5,Immunization,Yes,Specific days,Yes,
KD-164-R5,Nutrition,Yes,MTWTF,Yes,
KD-164-R5,Antenatal Care,Yes,Specific days,Yes,
KD-164-R5,Postnatal Care,Yes,Specific days,Yes,
KD-164-R5,IMCI,Yes,MTWTF,Yes,
KD-164-R5,Malaria,Yes,Specific days,Yes,
KD-164-R5,Labour and Delivery,No,,,
KD-164-R5,Family Planning,Yes,MTWTF,Yes,
KD-164-R6,Immunization,Yes,MTWTF,Yes,
KD-164-R6,Nutrition,Yes,On needs basis,Yes,
KD-164-R6,Antenatal Care,Yes,MTWTF,No,"Facility closed (holiday, strike, renovation)"
KD-164-R6,Postnatal Care,Yes,On needs basis,No,Low community turnout / community resistance
KD-164-R6,IMCI,Yes,Specific days,Yes,
KD-164-R6,Malaria,Yes,MTWTF,Yes,
KD-164-R6,Labour and Delivery,No,,,
KD-164-R6,Family Planning,Yes,On needs basis,Yes,
KD-165-R1,Immunization,No,,,
KD-165-R1,Nutrition,Yes,MTWTF,Yes,
KD-165-R1,Antenatal Care,No,,,
KD-165-R1,Postnatal Care,Yes,MTWTFSS,Yes,
KD-165-R1,IMCI,Yes,Specific days,Yes,
KD-165-R1,Malaria,Yes,MTWTF,Yes,
KD-165-R1,Labour and Delivery,Yes,MTWTFSS,Yes,
KD-165-R1,Family Planning,Yes,MTWTFSS,Yes,
KD-165-R2,Immunization,No,,,
KD-165-R2,Nutrition,Yes,MTWTF,No,"Staff unavailable (leave, redeployment, strike)"
KD-165-R2,Antenatal Care,No,,,
KD-165-R2,Postnatal Care,Yes,MTWTFSS,Yes,
KD-165-R2,IMCI,Yes,MTWTFSS,No,Low community turnout / community resistance
KD-165-R2,Malaria,Yes,Specific days,Yes,
KD-165-R2,Labour and Delivery,Yes,Specific days,No,"Staff unavailable (leave, redeployment, strike)"
KD-165-R2,Family Planning,Yes,Specific days,Yes,
KD-165-R3,Immunization,No,,,
KD-165-R3,Nutrition,Yes,Specific days,Yes,
KD-165-R3,Antenatal Care,No,,,
KD-165-R3,Postnatal Care,Yes,On needs basis,No,Weather or environmental conditions
KD-165-R3,IMCI,Yes,Specific days,No,"Facility closed (holiday, strike, renovation)"
KD-165-R3,Malaria,Yes,Specific days,Yes,
KD-165-R3,Labour and Delivery,Yes,MTWTF,Yes,
KD-165-R3,Family Planning,Yes,Specific days,Yes,
KD-165-R4,Immunization,No,,,
KD-165-R4,Nutrition,Yes,MTWTFSS,No,"Staff unavailable (leave, redeployment, strike)"
KD-165-R4,Antenatal Care,No,,,
KD-165-R4,Postnatal Care,Yes,Specific days,Yes,
KD-165-R4,IMCI,Yes,Specific days,Yes,
KD-165-R4,Malaria,Yes,Specific days,Yes,
KD-165-R4,Labour and Delivery,Yes,MTWTF,Yes,
KD-165-R4,Family Planning,Yes,MTWTFSS,Yes,
KD-165-R5,Immunization,No,,,
KD-165-R5,Nutrition,Yes,Specific days,Yes,
KD-165-R5,Antenatal Care,No,,,
KD-165-R5,Postnatal Care,Yes,On needs basis,No,Low community turnout / community resistance
KD-165-R5,IMCI,Yes,MTWTFSS,Yes,
KD-165-R5,Malaria,Yes,Specific days,Yes,
KD-165-R5,Labour and Delivery,Yes,MTWTF,No,"Staff unavailable (leave, redeployment, strike)"
KD-165-R5,Family Planning,Yes,MTWTF,Yes,
KD-165-R6,Immunization,No,,,
KD-165-R6,Nutrition,Yes,Specific days,Yes,
KD-165-R6,Antenatal Care,No,,,
KD-165-R6,Postnatal Care,Yes,Specific days,No,"Staff unavailable (leave, redeployment, strike)"
KD-165-R6,IMCI,Yes,Specific days,Yes,
KD-165-R6,Malaria,Yes,On needs basis,No,Lack of transportation or logistics support
KD-165-R6,Labour and Delivery,Yes,Specific days,No,"Attending training, meeting, or other official assignment"
KD-165-R6,Family Planning,Yes,MTWTF,Yes,
KD-166-R1,Immunization,No,,,
KD-166-R1,Nutrition,Yes,MTWTF,Yes,
KD-166-R1,Antenatal Care,Yes,MTWTF,Yes,
KD-166-R1,Postnatal Care,Yes,MTWTF,No,Low community turnout / community resistance
KD-166-R1,IMCI,Yes,MTWTF,Yes,
KD-166-R1,Malaria,Yes,Specific days,Yes,
KD-166-R1,Labour and Delivery,Yes,MTWTFSS,Yes,
KD-166-R1,Family Planning,Yes,Specific days,Yes,
KD-166-R2,Immunization,No,,,
KD-166-R2,Nutrition,Yes,MTWTF,Yes,
KD-166-R2,Antenatal Care,Yes,MTWTF,Yes,
KD-166-R2,Postnatal Care,Yes,MTWTFSS,Yes,
KD-166-R2,IMCI,Yes,MTWTF,Yes,
KD-166-R2,Malaria,Yes,MTWTF,Yes,
KD-166-R2,Labour and Delivery,Yes,Specific days,Yes,
KD-166-R2,Family Planning,Yes,MTWTF,Yes,
KD-166-R3,Immunization,No,,,
KD-166-R3,Nutrition,Yes,Specific days,Yes,
KD-166-R3,Antenatal Care,Yes,Specific days,Yes,
KD-166-R3,Postnatal Care,Yes,Specific days,Yes,
KD-166-R3,IMCI,Yes,MTWTF,Yes,
KD-166-R3,Malaria,Yes,Specific days,Yes,
KD-166-R3,Labour and Delivery,Yes,Specific days,Yes,
KD-166-R3,Family Planning,Yes,Specific days,Yes,
KD-166-R4,Immunization,No,,,
KD-166-R4,Nutrition,Yes,Specific days,Yes,
KD-166-R4,Antenatal Care,Yes,Specific days,Yes,
KD-166-R4,Postnatal Care,Yes,Specific days,Yes,
KD-166-R4,IMCI,Yes,MTWTF,No,"Security concerns (insecurity, movement restrictions)"
KD-166-R4,Malaria,Yes,MTWTF,Yes,
KD-166-R4,Labour and Delivery,Yes,MTWTF,No,"Staff unavailable (leave, redeployment, strike)"
KD-166-R4,Family Planning,Yes,Specific days,Yes,
KD-166-R5,Immunization,No,,,
KD-166-R5,Nutrition,Yes,MTWTFSS,Yes,
KD-166-R5,Antenatal Care,Yes,Specific days,Yes,
KD-166-R5,Postnatal Care,Yes,MTWTF,Yes,
KD-166-R5,IMCI,Yes,Specific days,Yes,
KD-166-R5,Malaria,Yes,MTWTFSS,Yes,
KD-166-R5,Labour and Delivery,Yes,MTWTF,No,"Attending training, meeting, or other official assignment"
KD-166-R5,Family Planning,Yes,Specific days,Yes,
KD-166-R6,Immunization,No,,,
KD-166-R6,Nutrition,Yes,MTWTF,Yes,
KD-166-R6,Antenatal Care,Yes,MTWTFSS,Yes,
KD-166-R6,Postnatal Care,Yes,MTWTF,Yes,
KD-166-R6,IMCI,Yes,Specific days,Yes,
KD-166-R6,Malaria,Yes,Specific days,Yes,
KD-166-R6,Labour and Delivery,Yes,Specific days,Yes,
KD-166-R6,Family Planning,Yes,Specific days,Yes,
KD-167-R1,Immunization,Yes,MTWTF,Yes,
KD-167-R1,Nutrition,Yes,MTWTF,Yes,
KD-167-R1,Antenatal Care,Yes,Specific days,Yes,
KD-167-R1,Postnatal Care,Yes,MTWTFSS,Yes,
KD-167-R1,IMCI,No,,,
KD-167-R1,Malaria,Yes,MTWTFSS,Yes,
KD-167-R1,Labour and Delivery,Yes,Specific days,Yes,
KD-167-R1,Family Planning,Yes,Specific days,Yes,
KD-167-R2,Immunization,Yes,Specific days,Yes,
KD-167-R2,Nutrition,Yes,MTWTF,No,"Staff unavailable (leave, redeployment, strike)"
KD-167-R2,Antenatal Care,Yes,Specific days,Yes,
KD-167-R2,Postnatal Care,Yes,MTWTFSS,Yes,
KD-167-R2,IMCI,No,,,
KD-167-R2,Malaria,Yes,MTWTF,Yes,
KD-167-R2,Labour and Delivery,Yes,MTWTF,No,"Staff unavailable (leave, redeployment, strike)"
KD-167-R2,Family Planning,Yes,MTWTF,Yes,
KD-167-R3,Immunization,Yes,On needs basis,Yes,
KD-167-R3,Nutrition,Yes,Specific days,Yes,
KD-167-R3,Antenatal Care,Yes,On needs basis,Yes,
KD-167-R3,Postnatal Care,Yes,On needs basis,Yes,
KD-167-R3,IMCI,No,,,
KD-167-R3,Malaria,Yes,Specific days,Yes,
KD-167-R3,Labour and Delivery,Yes,On needs basis,Yes,
KD-167-R3,Family Planning,Yes,Specific days,Yes,
KD-167-R4,Immunization,Yes,On needs basis,Yes,
KD-167-R4,Nutrition,Yes,Specific days,No,"Staff unavailable (leave, redeployment, strike)"
KD-167-R4,Antenatal Care,Yes,MTWTF,Yes,
KD-167-R4,Postnatal Care,Yes,Specific days,No,"Staff unavailable (leave, redeployment, strike)"
KD-167-R4,IMCI,No,,,
KD-167-R4,Malaria,Yes,MTWTF,Yes,
KD-167-R4,Labour and Delivery,Yes,MTWTF,Yes,
KD-167-R4,Family Planning,Yes,MTWTF,Yes,
KD-167-R5,Immunization,Yes,MTWTF,Yes,
KD-167-R5,Nutrition,Yes,MTWTF,Yes,
KD-167-R5,Antenatal Care,Yes,Specific days,Yes,
KD-167-R5,Postnatal Care,Yes,On needs basis,Yes,
KD-167-R5,IMCI,No,,,
KD-167-R5,Malaria,Yes,Specific days,Yes,
KD-167-R5,Labour and Delivery,Yes,MTWTF,Yes,
KD-167-R5,Family Planning,Yes,MTWTF,Yes,
KD-167-R6,Immunization,Yes,MTWTF,Yes,
KD-167-R6,Nutrition,Yes,Specific days,Yes,
KD-167-R6,Antenatal Care,Yes,MTWTFSS,No,Low community turnout / community resistance
KD-167-R6,Postnatal Care,Yes,Specific days,No,Weather or environmental conditions
KD-167-R6,IMCI,No,,,
KD-167-R6,Malaria,Yes,Specific days,Yes,
KD-167-R6,Labour and Delivery,Yes,Specific days,Yes,
KD-167-R6,Family Planning,Yes,Specific days,Yes,
KD-168-R1,Immunization,Yes,MTWTF,No,"Facility closed (holiday, strike, renovation)"
KD-168-R1,Nutrition,No,,,
KD-168-R1,Antenatal Care,Yes,MTWTF,Yes,
KD-168-R1,Postnatal Care,No,,,
KD-168-R1,IMCI,No,,,
KD-168-R1,Malaria,Yes,Specific days,Yes,
KD-168-R1,Labour and Delivery,Yes,Specific days,Yes,
KD-168-R1,Family Planning,Yes,Specific days,Yes,
KD-168-R2,Immunization,Yes,Specific days,No,Low community turnout / community resistance
KD-168-R2,Nutrition,No,,,
KD-168-R2,Antenatal Care,Yes,MTWTF,Yes,
KD-168-R2,Postnatal Care,No,,,
KD-168-R2,IMCI,No,,,
KD-168-R2,Malaria,Yes,On needs basis,Yes,
KD-168-R2,Labour and Delivery,Yes,MTWTF,No,"Staff unavailable (leave, redeployment, strike)"
KD-168-R2,Family Planning,Yes,Specific days,Yes,
KD-168-R3,Immunization,Yes,MTWTF,No,Weather or environmental conditions
KD-168-R3,Nutrition,No,,,
KD-168-R3,Antenatal Care,Yes,Specific days,No,"Staff unavailable (leave, redeployment, strike)"
KD-168-R3,Postnatal Care,No,,,
KD-168-R3,IMCI,No,,,
KD-168-R3,Malaria,Yes,MTWTF,Yes,
KD-168-R3,Labour and Delivery,Yes,Specific days,Yes,
KD-168-R3,Family Planning,Yes,MTWTFSS,Yes,
KD-168-R4,Immunization,Yes,On needs basis,Yes,
KD-168-R4,Nutrition,No,,,
KD-168-R4,Antenatal Care,Yes,MTWTF,Yes,
KD-168-R4,Postnatal Care,No,,,
KD-168-R4,IMCI,No,,,
KD-168-R4,Malaria,Yes,MTWTF,Yes,
KD-168-R4,Labour and Delivery,Yes,Specific days,No,Low community turnout / community resistance
KD-168-R4,Family Planning,Yes,On needs basis,No,Vaccine stock-out
KD-168-R5,Immunization,Yes,MTWTF,Yes,
KD-168-R5,Nutrition,No,,,
KD-168-R5,Antenatal Care,Yes,Specific days,Yes,
KD-168-R5,Postnatal Care,No,,,
KD-168-R5,IMCI,No,,,
KD-168-R5,Malaria,Yes,MTWTFSS,Yes,
KD-168-R5,Labour and Delivery,Yes,MTWTF,Yes,
KD-168-R5,Family Planning,Yes,Specific days,Yes,
KD-168-R6,Immunization,Yes,MTWTF,Yes,
KD-168-R6,Nutrition,No,,,
KD-168-R6,Antenatal Care,Yes,MTWTF,Yes,
KD-168-R6,Postnatal Care,No,,,
KD-168-R6,IMCI,No,,,
KD-168-R6,Malaria,Yes,Specific days,Yes,
KD-168-R6,Labour and Delivery,Yes,On needs basis,Yes,
KD-168-R6,Family Planning,Yes,On needs basis,Yes,
KD-169-R1,Immunization,No,,,
KD-169-R1,Nutrition,Yes,MTWTFSS,Yes,
KD-169-R1,Antenatal Care,No,,,
KD-169-R1,Postnatal Care,Yes,MTWTF,Yes,
KD-169-R1,IMCI,Yes,MTWTF,No,"Facility closed (holiday, strike, renovation)"
KD-169-R1,Malaria,Yes,Specific days,Yes,
KD-169-R1,Labour and Delivery,Yes,Specific days,No,"Facility closed (holiday, strike, renovation)"
KD-169-R1,Family Planning,Yes,MTWTF,Yes,
KD-169-R2,Immunization,No,,,
KD-169-R2,Nutrition,Yes,Specific days,Yes,
KD-169-R2,Antenatal Care,No,,,
KD-169-R2,Postnatal Care,Yes,MTWTF,Yes,
KD-169-R2,IMCI,Yes,MTWTF,Yes,
KD-169-R2,Malaria,Yes,On needs basis,Yes,
KD-169-R2,Labour and Delivery,Yes,MTWTFSS,No,Lack of transportation or logistics support
KD-169-R2,Family Planning,Yes,MTWTF,Yes,
KD-169-R3,Immunization,No,,,
KD-169-R3,Nutrition,Yes,Specific days,Yes,
KD-169-R3,Antenatal Care,No,,,
KD-169-R3,Postnatal Care,Yes,Specific days,Yes,
KD-169-R3,IMCI,Yes,MTWTF,Yes,
KD-169-R3,Malaria,Yes,MTWTF,Yes,
KD-169-R3,Labour and Delivery,Yes,MTWTFSS,Yes,
KD-169-R3,Family Planning,Yes,MTWTF,Yes,
KD-169-R4,Immunization,No,,,
KD-169-R4,Nutrition,Yes,MTWTF,Yes,
KD-169-R4,Antenatal Care,No,,,
KD-169-R4,Postnatal Care,Yes,MTWTF,Yes,
KD-169-R4,IMCI,Yes,MTWTF,Yes,
KD-169-R4,Malaria,Yes,MTWTF,Yes,
KD-169-R4,Labour and Delivery,Yes,MTWTFSS,No,"Staff unavailable (leave, redeployment, strike)"
KD-169-R4,Family Planning,Yes,Specific days,Yes,
KD-169-R5,Immunization,No,,,
KD-169-R5,Nutrition,Yes,MTWTFSS,Yes,
KD-169-R5,Antenatal Care,No,,,
KD-169-R5,Postnatal Care,Yes,MTWTF,Yes,
KD-169-R5,IMCI,Yes,MTWTF,Yes,
KD-169-R5,Malaria,Yes,Specific days,Yes,
KD-169-R5,Labour and Delivery,Yes,MTWTFSS,Yes,
KD-169-R5,Family Planning,Yes,MTWTF,Yes,
KD-169-R6,Immunization,No,,,
KD-169-R6,Nutrition,Yes,On needs basis,No,"Staff unavailable (leave, redeployment, strike)"
KD-169-R6,Antenatal Care,No,,,
KD-169-R6,Postnatal Care,Yes,MTWTF,No,Weather or environmental conditions
KD-169-R6,IMCI,Yes,Specific days,Yes,
KD-169-R6,Malaria,Yes,On needs basis,Yes,
KD-169-R6,Labour and Delivery,Yes,Specific days,Yes,
KD-169-R6,Family Planning,Yes,MTWTF,No,"Staff unavailable (leave, redeployment, strike)"
KD-170-R1,Immunization,Yes,MTWTF,Yes,
KD-170-R1,Nutrition,Yes,MTWTF,No,"Attending training, meeting, or other official assignment"
KD-170-R1,Antenatal Care,Yes,Specific days,Yes,
KD-170-R1,Postnatal Care,Yes,MTWTF,No,"Staff unavailable (leave, redeployment, strike)"
KD-170-R1,IMCI,Yes,Specific days,Yes,
KD-170-R1,Malaria,Yes,MTWTF,No,"Staff unavailable (leave, redeployment, strike)"
KD-170-R1,Labour and Delivery,Yes,Specific days,Yes,
KD-170-R1,Family Planning,Yes,MTWTF,Yes,
KD-170-R2,Immunization,Yes,Specific days,Yes,
KD-170-R2,Nutrition,Yes,MTWTF,Yes,
KD-170-R2,Antenatal Care,Yes,MTWTF,Yes,
KD-170-R2,Postnatal Care,Yes,Specific days,Yes,
KD-170-R2,IMCI,Yes,On needs basis,Yes,
KD-170-R2,Malaria,Yes,On needs basis,Yes,
KD-170-R2,Labour and Delivery,Yes,Specific days,Yes,
KD-170-R2,Family Planning,Yes,On needs basis,No,"Attending training, meeting, or other official assignment"
KD-170-R3,Immunization,Yes,MTWTF,Yes,
KD-170-R3,Nutrition,Yes,MTWTF,Yes,
KD-170-R3,Antenatal Care,Yes,MTWTF,Yes,
KD-170-R3,Postnatal Care,Yes,MTWTF,Yes,
KD-170-R3,IMCI,Yes,MTWTFSS,Yes,
KD-170-R3,Malaria,Yes,MTWTF,Yes,
KD-170-R3,Labour and Delivery,Yes,On needs basis,Yes,
KD-170-R3,Family Planning,Yes,MTWTF,Yes,
KD-170-R4,Immunization,Yes,Specific days,Yes,
KD-170-R4,Nutrition,Yes,MTWTF,No,Other
KD-170-R4,Antenatal Care,Yes,Specific days,Yes,
KD-170-R4,Postnatal Care,Yes,Specific days,Yes,
KD-170-R4,IMCI,Yes,Specific days,Yes,
KD-170-R4,Malaria,Yes,Specific days,Yes,
KD-170-R4,Labour and Delivery,Yes,Specific days,Yes,
KD-170-R4,Family Planning,Yes,Specific days,Yes,
KD-170-R5,Immunization,Yes,On needs basis,Yes,
KD-170-R5,Nutrition,Yes,MTWTF,Yes,
KD-170-R5,Antenatal Care,Yes,Specific days,No,"Attending training, meeting, or other official assignment"
KD-170-R5,Postnatal Care,Yes,On needs basis,Yes,
KD-170-R5,IMCI,Yes,Specific days,Yes,
KD-170-R5,Malaria,Yes,On needs basis,Yes,
KD-170-R5,Labour and Delivery,Yes,Specific days,Yes,
KD-170-R5,Family Planning,Yes,Specific days,No,"Staff unavailable (leave, redeployment, strike)"
KD-170-R6,Immunization,Yes,Specific days,Yes,
KD-170-R6,Nutrition,Yes,MTWTF,Yes,
KD-170-R6,Antenatal Care,Yes,MTWTF,Yes,
KD-170-R6,Postnatal Care,Yes,On needs basis,Yes,
KD-170-R6,IMCI,Yes,Specific days,Yes,
KD-170-R6,Malaria,Yes,On needs basis,Yes,
KD-170-R6,Labour and Delivery,Yes,MTWTF,Yes,
KD-170-R6,Family Planning,Yes,Specific days,Yes,
KD-171-R1,Immunization,Yes,On needs basis,Yes,
KD-171-R1,Nutrition,Yes,MTWTF,Yes,
KD-171-R1,Antenatal Care,No,,,
KD-171-R1,Postnatal Care,Yes,Specific days,Yes,
KD-171-R1,IMCI,Yes,Specific days,Yes,
KD-171-R1,Malaria,Yes,MTWTF,No,"Staff unavailable (leave, redeployment, strike)"
KD-171-R1,Labour and Delivery,Yes,MTWTF,No,Lack of transportation or logistics support
KD-171-R1,Family Planning,Yes,On needs basis,No,Lack of transportation or logistics support
KD-171-R2,Immunization,Yes,On needs basis,Yes,
KD-171-R2,Nutrition,Yes,Specific days,No,"Attending training, meeting, or other official assignment"
KD-171-R2,Antenatal Care,No,,,
KD-171-R2,Postnatal Care,Yes,MTWTF,No,"Attending training, meeting, or other official assignment"
KD-171-R2,IMCI,Yes,On needs basis,No,"Staff unavailable (leave, redeployment, strike)"
KD-171-R2,Malaria,Yes,Specific days,No,"Staff unavailable (leave, redeployment, strike)"
KD-171-R2,Labour and Delivery,Yes,Specific days,Yes,
KD-171-R2,Family Planning,Yes,Specific days,Yes,
KD-171-R3,Immunization,Yes,Specific days,No,Cold chain equipment failure
KD-171-R3,Nutrition,Yes,MTWTF,Yes,
KD-171-R3,Antenatal Care,No,,,
KD-171-R3,Postnatal Care,Yes,MTWTF,Yes,
KD-171-R3,IMCI,Yes,On needs basis,No,Low community turnout / community resistance
KD-171-R3,Malaria,Yes,MTWTF,Yes,
KD-171-R3,Labour and Delivery,Yes,On needs basis,Yes,
KD-171-R3,Family Planning,Yes,MTWTF,Yes,
KD-171-R4,Immunization,Yes,MTWTFSS,No,Weather or environmental conditions
KD-171-R4,Nutrition,Yes,MTWTFSS,Yes,
KD-171-R4,Antenatal Care,No,,,
KD-171-R4,Postnatal Care,Yes,Specific days,Yes,
KD-171-R4,IMCI,Yes,MTWTF,No,"Staff unavailable (leave, redeployment, strike)"
KD-171-R4,Malaria,Yes,Specific days,Yes,
KD-171-R4,Labour and Delivery,Yes,MTWTF,Yes,
KD-171-R4,Family Planning,Yes,MTWTFSS,No,"Staff unavailable (leave, redeployment, strike)"
KD-171-R5,Immunization,Yes,On needs basis,Yes,
KD-171-R5,Nutrition,Yes,On needs basis,Yes,
KD-171-R5,Antenatal Care,No,,,
KD-171-R5,Postnatal Care,Yes,On needs basis,No,Other
KD-171-R5,IMCI,Yes,MTWTF,Yes,
KD-171-R5,Malaria,Yes,Specific days,No,"Staff unavailable (leave, redeployment, strike)"
KD-171-R5,Labour and Delivery,Yes,MTWTFSS,Yes,
KD-171-R5,Family Planning,Yes,MTWTF,Yes,
KD-171-R6,Immunization,Yes,Specific days,No,Cold chain equipment failure
KD-171-R6,Nutrition,Yes,MTWTF,No,Weather or environmental conditions
KD-171-R6,Antenatal Care,No,,,
KD-171-R6,Postnatal Care,Yes,MTWTF,No,"Facility closed (holiday, strike, renovation)"
KD-171-R6,IMCI,Yes,Specific days,Yes,
KD-171-R6,Malaria,Yes,Specific days,No,"Facility closed (holiday, strike, renovation)"
KD-171-R6,Labour and Delivery,Yes,Specific days,Yes,
KD-171-R6,Family Planning,Yes,Specific days,Yes,
KD-172-R1,Immunization,No,,,
KD-172-R1,Nutrition,Yes,Specific days,Yes,
KD-172-R1,Antenatal Care,Yes,MTWTF,Yes,
KD-172-R1,Postnatal Care,Yes,MTWTF,Yes,
KD-172-R1,IMCI,Yes,Specific days,Yes,
KD-172-R1,Malaria,Yes,Specific days,No,Lack of transportation or logistics support
KD-172-R1,Labour and Delivery,Yes,MTWTF,Yes,
KD-172-R1,Family Planning,Yes,MTWTF,No,"Facility closed (holiday, strike, renovation)"
KD-172-R2,Immunization,No,,,
KD-172-R2,Nutrition,Yes,Specific days,Yes,
KD-172-R2,Antenatal Care,Yes,Specific days,Yes,
KD-172-R2,Postnatal Care,Yes,Specific days,Yes,
KD-172-R2,IMCI,Yes,On needs basis,Yes,
KD-172-R2,Malaria,Yes,MTWTF,Yes,
KD-172-R2,Labour and Delivery,Yes,Specific days,Yes,
KD-172-R2,Family Planning,Yes,On needs basis,Yes,
KD-172-R3,Immunization,No,,,
KD-172-R3,Nutrition,Yes,Specific days,No,"Attending training, meeting, or other official assignment"
KD-172-R3,Antenatal Care,Yes,MTWTF,Yes,
KD-172-R3,Postnatal Care,Yes,Specific days,No,"Staff unavailable (leave, redeployment, strike)"
KD-172-R3,IMCI,Yes,Specific days,Yes,
KD-172-R3,Malaria,Yes,Specific days,Yes,
KD-172-R3,Labour and Delivery,Yes,Specific days,No,Other
KD-172-R3,Family Planning,Yes,Specific days,No,"Security concerns (insecurity, movement restrictions)"
KD-172-R4,Immunization,No,,,
KD-172-R4,Nutrition,Yes,MTWTF,No,"Staff unavailable (leave, redeployment, strike)"
KD-172-R4,Antenatal Care,Yes,MTWTF,Yes,
KD-172-R4,Postnatal Care,Yes,MTWTF,Yes,
KD-172-R4,IMCI,Yes,Specific days,No,Low community turnout / community resistance
KD-172-R4,Malaria,Yes,Specific days,Yes,
KD-172-R4,Labour and Delivery,Yes,Specific days,Yes,
KD-172-R4,Family Planning,Yes,Specific days,Yes,
KD-172-R5,Immunization,No,,,
KD-172-R5,Nutrition,Yes,On needs basis,No,"Staff unavailable (leave, redeployment, strike)"
KD-172-R5,Antenatal Care,Yes,On needs basis,Yes,
KD-172-R5,Postnatal Care,Yes,Specific days,Yes,
KD-172-R5,IMCI,Yes,Specific days,Yes,
KD-172-R5,Malaria,Yes,MTWTF,Yes,
KD-172-R5,Labour and Delivery,Yes,Specific days,Yes,
KD-172-R5,Family Planning,Yes,Specific days,Yes,
KD-172-R6,Immunization,No,,,
KD-172-R6,Nutrition,Yes,MTWTF,Yes,
KD-172-R6,Antenatal Care,Yes,Specific days,Yes,
KD-172-R6,Postnatal Care,Yes,On needs basis,No,"Attending training, meeting, or other official assignment"
KD-172-R6,IMCI,Yes,Specific days,Yes,
KD-172-R6,Malaria,Yes,Specific days,No,"Staff unavailable (leave, redeployment, strike)"
KD-172-R6,Labour and Delivery,Yes,Specific days,Yes,
KD-172-R6,Family Planning,Yes,MTWTF,No,"Security concerns (insecurity, movement restrictions)"
KD-173-R1,Immunization,Yes,MTWTF,Yes,
KD-173-R1,Nutrition,Yes,Specific days,Yes,
KD-173-R1,Antenatal Care,Yes,MTWTFSS,Yes,
KD-173-R1,Postnatal Care,Yes,Specific days,Yes,
KD-173-R1,IMCI,Yes,MTWTF,No,Other
KD-173-R1,Malaria,No,,,
KD-173-R1,Labour and Delivery,Yes,MTWTF,Yes,
KD-173-R1,Family Planning,Yes,MTWTFSS,No,"Staff unavailable (leave, redeployment, strike)"
KD-173-R2,Immunization,Yes,MTWTF,Yes,
KD-173-R2,Nutrition,Yes,MTWTFSS,Yes,
KD-173-R2,Antenatal Care,Yes,Specific days,Yes,
KD-173-R2,Postnatal Care,Yes,MTWTF,Yes,
KD-173-R2,IMCI,Yes,Specific days,Yes,
KD-173-R2,Malaria,No,,,
KD-173-R2,Labour and Delivery,Yes,Specific days,Yes,
KD-173-R2,Family Planning,Yes,MTWTFSS,Yes,
KD-173-R3,Immunization,Yes,MTWTF,Yes,
KD-173-R3,Nutrition,Yes,Specific days,Yes,
KD-173-R3,Antenatal Care,Yes,MTWTF,Yes,
KD-173-R3,Postnatal Care,Yes,MTWTF,Yes,
KD-173-R3,IMCI,Yes,MTWTF,Yes,
KD-173-R3,Malaria,No,,,
KD-173-R3,Labour and Delivery,Yes,MTWTFSS,Yes,
KD-173-R3,Family Planning,Yes,MTWTF,Yes,
KD-173-R4,Immunization,Yes,MTWTF,No,"Staff unavailable (leave, redeployment, strike)"
KD-173-R4,Nutrition,Yes,Specific days,Yes,
KD-173-R4,Antenatal Care,Yes,MTWTFSS,No,"Attending training, meeting, or other official assignment"
KD-173-R4,Postnatal Care,Yes,Specific days,Yes,
KD-173-R4,IMCI,Yes,MTWTF,Yes,
KD-173-R4,Malaria,No,,,
KD-173-R4,Labour and Delivery,Yes,MTWTF,No,"Attending training, meeting, or other official assignment"
KD-173-R4,Family Planning,Yes,MTWTFSS,Yes,
KD-173-R5,Immunization,Yes,Specific days,Yes,
KD-173-R5,Nutrition,Yes,MTWTF,Yes,
KD-173-R5,Antenatal Care,Yes,Specific days,Yes,
KD-173-R5,Postnatal Care,Yes,MTWTF,Yes,
KD-173-R5,IMCI,Yes,MTWTF,Yes,
KD-173-R5,Malaria,No,,,
KD-173-R5,Labour and Delivery,Yes,MTWTF,Yes,
KD-173-R5,Family Planning,Yes,MTWTF,Yes,
KD-173-R6,Immunization,Yes,Specific days,No,Vaccine stock-out
KD-173-R6,Nutrition,Yes,Specific days,Yes,
KD-173-R6,Antenatal Care,Yes,Specific days,Yes,
KD-173-R6,Postnatal Care,Yes,MTWTF,Yes,
KD-173-R6,IMCI,Yes,MTWTF,Yes,
KD-173-R6,Malaria,No,,,
KD-173-R6,Labour and Delivery,Yes,On needs basis,Yes,
KD-173-R6,Family Planning,Yes,Specific days,Yes,
KD-174-R1,Immunization,No,,,
KD-174-R1,Nutrition,No,,,
KD-174-R1,Antenatal Care,Yes,MTWTF,Yes,
KD-174-R1,Postnatal Care,Yes,Specific days,Yes,
KD-174-R1,IMCI,Yes,MTWTF,No,"Facility closed (holiday, strike, renovation)"
KD-174-R1,Malaria,Yes,Specific days,Yes,
KD-174-R1,Labour and Delivery,No,,,
KD-174-R1,Family Planning,Yes,MTWTF,Yes,
KD-174-R2,Immunization,No,,,
KD-174-R2,Nutrition,No,,,
KD-174-R2,Antenatal Care,Yes,Specific days,Yes,
KD-174-R2,Postnatal Care,Yes,MTWTF,Yes,
KD-174-R2,IMCI,Yes,MTWTF,Yes,
KD-174-R2,Malaria,Yes,Specific days,No,Low community turnout / community resistance
KD-174-R2,Labour and Delivery,No,,,
KD-174-R2,Family Planning,Yes,Specific days,Yes,
KD-174-R3,Immunization,No,,,
KD-174-R3,Nutrition,No,,,
KD-174-R3,Antenatal Care,Yes,On needs basis,Yes,
KD-174-R3,Postnatal Care,Yes,Specific days,Yes,
KD-174-R3,IMCI,Yes,MTWTF,Yes,
KD-174-R3,Malaria,Yes,On needs basis,Yes,
KD-174-R3,Labour and Delivery,No,,,
KD-174-R3,Family Planning,Yes,Specific days,No,Lack of transportation or logistics support
KD-174-R4,Immunization,No,,,
KD-174-R4,Nutrition,No,,,
KD-174-R4,Antenatal Care,Yes,MTWTF,Yes,
KD-174-R4,Postnatal Care,Yes,Specific days,Yes,
KD-174-R4,IMCI,Yes,Specific days,Yes,
KD-174-R4,Malaria,Yes,On needs basis,No,Other
KD-174-R4,Labour and Delivery,No,,,
KD-174-R4,Family Planning,Yes,Specific days,No,Weather or environmental conditions
KD-174-R5,Immunization,No,,,
KD-174-R5,Nutrition,No,,,
KD-174-R5,Antenatal Care,Yes,On needs basis,Yes,
KD-174-R5,Postnatal Care,Yes,Specific days,Yes,
KD-174-R5,IMCI,Yes,Specific days,No,"Attending training, meeting, or other official assignment"
KD-174-R5,Malaria,Yes,On needs basis,Yes,
KD-174-R5,Labour and Delivery,No,,,
KD-174-R5,Family Planning,Yes,Specific days,Yes,
KD-174-R6,Immunization,No,,,
KD-174-R6,Nutrition,No,,,
KD-174-R6,Antenatal Care,Yes,Specific days,Yes,
KD-174-R6,Postnatal Care,Yes,MTWTF,Yes,
KD-174-R6,IMCI,Yes,Specific days,No,"Staff unavailable (leave, redeployment, strike)"
KD-174-R6,Malaria,Yes,Specific days,Yes,
KD-174-R6,Labour and Delivery,No,,,
KD-174-R6,Family Planning,Yes,MTWTF,Yes,
KD-175-R1,Immunization,Yes,On needs basis,Yes,
KD-175-R1,Nutrition,Yes,On needs basis,Yes,
KD-175-R1,Antenatal Care,No,,,
KD-175-R1,Postnatal Care,Yes,MTWTF,Yes,
KD-175-R1,IMCI,Yes,MTWTF,Yes,
KD-175-R1,Malaria,No,,,
KD-175-R1,Labour and Delivery,Yes,MTWTF,No,Low community turnout / community resistance
KD-175-R1,Family Planning,No,,,
KD-175-R2,Immunization,Yes,On needs basis,Yes,
KD-175-R2,Nutrition,Yes,Specific days,Yes,
KD-175-R2,Antenatal Care,No,,,
KD-175-R2,Postnatal Care,Yes,Specific days,Yes,
KD-175-R2,IMCI,Yes,MTWTF,No,"Staff unavailable (leave, redeployment, strike)"
KD-175-R2,Malaria,No,,,
KD-175-R2,Labour and Delivery,Yes,On needs basis,Yes,
KD-175-R2,Family Planning,No,,,
KD-175-R3,Immunization,Yes,Specific days,Yes,
KD-175-R3,Nutrition,Yes,MTWTF,No,"Security concerns (insecurity, movement restrictions)"
KD-175-R3,Antenatal Care,No,,,
KD-175-R3,Postnatal Care,Yes,On needs basis,Yes,
KD-175-R3,IMCI,Yes,MTWTF,No,"Facility closed (holiday, strike, renovation)"
KD-175-R3,Malaria,No,,,
KD-175-R3,Labour and Delivery,Yes,MTWTF,Yes,
KD-175-R3,Family Planning,No,,,
KD-175-R4,Immunization,Yes,MTWTF,Yes,
KD-175-R4,Nutrition,Yes,MTWTF,Yes,
KD-175-R4,Antenatal Care,No,,,
KD-175-R4,Postnatal Care,Yes,Specific days,Yes,
KD-175-R4,IMCI,Yes,On needs basis,Yes,
KD-175-R4,Malaria,No,,,
KD-175-R4,Labour and Delivery,Yes,MTWTF,No,"Staff unavailable (leave, redeployment, strike)"
KD-175-R4,Family Planning,No,,,
KD-175-R5,Immunization,Yes,On needs basis,Yes,
KD-175-R5,Nutrition,Yes,Specific days,Yes,
KD-175-R5,Antenatal Care,No,,,
KD-175-R5,Postnatal Care,Yes,MTWTF,Yes,
KD-175-R5,IMCI,Yes,MTWTF,Yes,
KD-175-R5,Malaria,No,,,
KD-175-R5,Labour and Delivery,Yes,Specific days,Yes,
KD-175-R5,Family Planning,No,,,
KD-175-R6,Immunization,Yes,Specific days,Yes,
KD-175-R6,Nutrition,Yes,MTWTFSS,Yes,
KD-175-R6,Antenatal Care,No,,,
KD-175-R6,Postnatal Care,Yes,MTWTF,Yes,
KD-175-R6,IMCI,Yes,MTWTF,Yes,
KD-175-R6,Malaria,No,,,
KD-175-R6,Labour and Delivery,Yes,MTWTF,Yes,
KD-175-R6,Family Planning,No,,,
KD-176-R1,Immunization,Yes,On needs basis,Yes,
KD-176-R1,Nutrition,Yes,MTWTF,Yes,
KD-176-R1,Antenatal Care,Yes,Specific days,Yes,
KD-176-R1,Postnatal Care,Yes,Specific days,Yes,
KD-176-R1,IMCI,No,,,
KD-176-R1,Malaria,Yes,Specific days,No,"Staff unavailable (leave, redeployment, strike)"
KD-176-R1,Labour and Delivery,Yes,MTWTF,Yes,
KD-176-R1,Family Planning,Yes,Specific days,Yes,
KD-176-R2,Immunization,Yes,On needs basis,No,Vaccine stock-out
KD-176-R2,Nutrition,Yes,Specific days,Yes,
KD-176-R2,Antenatal Care,Yes,MTWTF,Yes,
KD-176-R2,Postnatal Care,Yes,On needs basis,Yes,
KD-176-R2,IMCI,No,,,
KD-176-R2,Malaria,Yes,MTWTF,Yes,
KD-176-R2,Labour and Delivery,Yes,MTWTF,Yes,
KD-176-R2,Family Planning,Yes,MTWTF,Yes,
KD-176-R3,Immunization,Yes,MTWTF,Yes,
KD-176-R3,Nutrition,Yes,Specific days,Yes,
KD-176-R3,Antenatal Care,Yes,MTWTF,Yes,
KD-176-R3,Postnatal Care,Yes,MTWTFSS,Yes,
KD-176-R3,IMCI,No,,,
KD-176-R3,Malaria,Yes,MTWTF,Yes,
KD-176-R3,Labour and Delivery,Yes,Specific days,Yes,
KD-176-R3,Family Planning,Yes,Specific days,Yes,
KD-176-R4,Immunization,Yes,MTWTF,No,Low community turnout / community resistance
KD-176-R4,Nutrition,Yes,On needs basis,Yes,
KD-176-R4,Antenatal Care,Yes,On needs basis,No,"Staff unavailable (leave, redeployment, strike)"
KD-176-R4,Postnatal Care,Yes,MTWTF,Yes,
KD-176-R4,IMCI,No,,,
KD-176-R4,Malaria,Yes,MTWTF,No,"Staff unavailable (leave, redeployment, strike)"
KD-176-R4,Labour and Delivery,Yes,MTWTF,Yes,
KD-176-R4,Family Planning,Yes,MTWTF,Yes,
KD-176-R5,Immunization,Yes,MTWTF,Yes,
KD-176-R5,Nutrition,Yes,MTWTFSS,Yes,
KD-176-R5,Antenatal Care,Yes,On needs basis,Yes,
KD-176-R5,Postnatal Care,Yes,MTWTF,Yes,
KD-176-R5,IMCI,No,,,
KD-176-R5,Malaria,Yes,Specific days,Yes,
KD-176-R5,Labour and Delivery,Yes,On needs basis,Yes,
KD-176-R5,Family Planning,Yes,Specific days,Yes,
KD-176-R6,Immunization,Yes,Specific days,Yes,
KD-176-R6,Nutrition,Yes,MTWTF,Yes,
KD-176-R6,Antenatal Care,Yes,Specific days,Yes,
KD-176-R6,Postnatal Care,Yes,MTWTFSS,Yes,
KD-176-R6,IMCI,No,,,
KD-176-R6,Malaria,Yes,MTWTF,Yes,
KD-176-R6,Labour and Delivery,Yes,MTWTF,No,Low community turnout / community resistance
KD-176-R6,Family Planning,Yes,Specific days,Yes,
KD-177-R1,Immunization,No,,,
KD-177-R1,Nutrition,Yes,MTWTF,Yes,
KD-177-R1,Antenatal Care,Yes,Specific days,Yes,
KD-177-R1,Postnatal Care,Yes,MTWTF,Yes,
KD-177-R1,IMCI,Yes,Specific days,Yes,
KD-177-R1,Malaria,No,,,
KD-177-R1,Labour and Delivery,No,,,
KD-177-R1,Family Planning,No,,,
KD-177-R2,Immunization,No,,,
KD-177-R2,Nutrition,Yes,MTWTF,Yes,
KD-177-R2,Antenatal Care,Yes,MTWTF,Yes,
KD-177-R2,Postnatal Care,Yes,On needs basis,Yes,
KD-177-R2,IMCI,Yes,MTWTFSS,Yes,
KD-177-R2,Malaria,No,,,
KD-177-R2,Labour and Delivery,No,,,
KD-177-R2,Family Planning,No,,,
KD-177-R3,Immunization,No,,,
KD-177-R3,Nutrition,Yes,Specific days,Yes,
KD-177-R3,Antenatal Care,Yes,On needs basis,Yes,
KD-177-R3,Postnatal Care,Yes,Specific days,Yes,
KD-177-R3,IMCI,Yes,Specific days,Yes,
KD-177-R3,Malaria,No,,,
KD-177-R3,Labour and Delivery,No,,,
KD-177-R3,Family Planning,No,,,
KD-177-R4,Immunization,No,,,
KD-177-R4,Nutrition,Yes,Specific days,No,"Attending training, meeting, or other official assignment"
KD-177-R4,Antenatal Care,Yes,Specific days,Yes,
KD-177-R4,Postnatal Care,Yes,MTWTF,No,"Staff unavailable (leave, redeployment, strike)"
KD-177-R4,IMCI,Yes,MTWTFSS,Yes,
KD-177-R4,Malaria,No,,,
KD-177-R4,Labour and Delivery,No,,,
KD-177-R4,Family Planning,No,,,
KD-177-R5,Immunization,No,,,
KD-177-R5,Nutrition,Yes,Specific days,No,Low community turnout / community resistance
KD-177-R5,Antenatal Care,Yes,On needs basis,Yes,
KD-177-R5,Postnatal Care,Yes,On needs basis,Yes,
KD-177-R5,IMCI,Yes,MTWTFSS,Yes,
KD-177-R5,Malaria,No,,,
KD-177-R5,Labour and Delivery,No,,,
KD-177-R5,Family Planning,No,,,
KD-177-R6,Immunization,No,,,
KD-177-R6,Nutrition,Yes,Specific days,No,"Facility closed (holiday, strike, renovation)"
KD-177-R6,Antenatal Care,Yes,Specific days,Yes,
KD-177-R6,Postnatal Care,Yes,MTWTF,Yes,
KD-177-R6,IMCI,Yes,Specific days,Yes,
KD-177-R6,Malaria,No,,,
KD-177-R6,Labour and Delivery,No,,,
KD-177-R6,Family Planning,No,,,
KD-178-R1,Immunization,Yes,Specific days,Yes,
KD-178-R1,Nutrition,Yes,MTWTFSS,No,"Staff unavailable (leave, redeployment, strike)"
KD-178-R1,Antenatal Care,No,,,
KD-178-R1,Postnatal Care,No,,,
KD-178-R1,IMCI,Yes,Specific days,Yes,
KD-178-R1,Malaria,No,,,
KD-178-R1,Labour and Delivery,Yes,Specific days,Yes,
KD-178-R1,Family Planning,Yes,Specific days,Yes,
KD-178-R2,Immunization,Yes,Specific days,Yes,
KD-178-R2,Nutrition,Yes,MTWTFSS,Yes,
KD-178-R2,Antenatal Care,No,,,
KD-178-R2,Postnatal Care,No,,,
KD-178-R2,IMCI,Yes,MTWTFSS,Yes,
KD-178-R2,Malaria,No,,,
KD-178-R2,Labour and Delivery,Yes,Specific days,Yes,
KD-178-R2,Family Planning,Yes,MTWTF,Yes,
KD-178-R3,Immunization,Yes,Specific days,No,Low community turnout / community resistance
KD-178-R3,Nutrition,Yes,MTWTFSS,Yes,
KD-178-R3,Antenatal Care,No,,,
KD-178-R3,Postnatal Care,No,,,
KD-178-R3,IMCI,Yes,MTWTFSS,Yes,
KD-178-R3,Malaria,No,,,
KD-178-R3,Labour and Delivery,Yes,Specific days,Yes,
KD-178-R3,Family Planning,Yes,Specific days,Yes,
KD-178-R4,Immunization,Yes,On needs basis,Yes,
KD-178-R4,Nutrition,Yes,MTWTF,No,Cold chain equipment failure
KD-178-R4,Antenatal Care,No,,,
KD-178-R4,Postnatal Care,No,,,
KD-178-R4,IMCI,Yes,MTWTF,No,"Attending training, meeting, or other official assignment"
KD-178-R4,Malaria,No,,,
KD-178-R4,Labour and Delivery,Yes,MTWTF,Yes,
KD-178-R4,Family Planning,Yes,MTWTF,No,"Attending training, meeting, or other official assignment"
KD-178-R5,Immunization,Yes,Specific days,Yes,
KD-178-R5,Nutrition,Yes,MTWTF,No,"Staff unavailable (leave, redeployment, strike)"
KD-178-R5,Antenatal Care,No,,,
KD-178-R5,Postnatal Care,No,,,
KD-178-R5,IMCI,Yes,MTWTF,Yes,
KD-178-R5,Malaria,No,,,
KD-178-R5,Labour and Delivery,Yes,MTWTF,Yes,
KD-178-R5,Family Planning,Yes,MTWTF,No,Low community turnout / community resistance
KD-178-R6,Immunization,Yes,Specific days,No,Vaccine stock-out
KD-178-R6,Nutrition,Yes,MTWTF,Yes,
KD-178-R6,Antenatal Care,No,,,
KD-178-R6,Postnatal Care,No,,,
KD-178-R6,IMCI,Yes,MTWTFSS,Yes,
KD-178-R6,Malaria,No,,,
KD-178-R6,Labour and Delivery,Yes,MTWTF,Yes,
KD-178-R6,Family Planning,Yes,Specific days,No,Other
KD-179-R1,Immunization,No,,,
KD-179-R1,Nutrition,Yes,Specific days,Yes,
KD-179-R1,Antenatal Care,Yes,MTWTF,Yes,
KD-179-R1,Postnatal Care,Yes,MTWTFSS,Yes,
KD-179-R1,IMCI,Yes,Specific days,Yes,
KD-179-R1,Malaria,Yes,Specific days,Yes,
KD-179-R1,Labour and Delivery,Yes,MTWTF,Yes,
KD-179-R1,Family Planning,Yes,Specific days,Yes,
KD-179-R2,Immunization,No,,,
KD-179-R2,Nutrition,Yes,MTWTFSS,Yes,
KD-179-R2,Antenatal Care,Yes,MTWTF,Yes,
KD-179-R2,Postnatal Care,Yes,Specific days,Yes,
KD-179-R2,IMCI,Yes,MTWTF,Yes,
KD-179-R2,Malaria,Yes,Specific days,Yes,
KD-179-R2,Labour and Delivery,Yes,MTWTF,Yes,
KD-179-R2,Family Planning,Yes,MTWTF,Yes,
KD-179-R3,Immunization,No,,,
KD-179-R3,Nutrition,Yes,MTWTF,Yes,
KD-179-R3,Antenatal Care,Yes,MTWTFSS,No,"Staff unavailable (leave, redeployment, strike)"
KD-179-R3,Postnatal Care,Yes,MTWTF,Yes,
KD-179-R3,IMCI,Yes,Specific days,Yes,
KD-179-R3,Malaria,Yes,MTWTF,Yes,
KD-179-R3,Labour and Delivery,Yes,MTWTF,Yes,
KD-179-R3,Family Planning,Yes,MTWTF,Yes,
KD-179-R4,Immunization,No,,,
KD-179-R4,Nutrition,Yes,MTWTF,No,"Staff unavailable (leave, redeployment, strike)"
KD-179-R4,Antenatal Care,Yes,MTWTFSS,Yes,
KD-179-R4,Postnatal Care,Yes,MTWTFSS,No,Vaccine stock-out
KD-179-R4,IMCI,Yes,MTWTF,Yes,
KD-179-R4,Malaria,Yes,On needs basis,Yes,
KD-179-R4,Labour and Delivery,Yes,Specific days,No,Low community turnout / community resistance
KD-179-R4,Family Planning,Yes,Specific days,Yes,
KD-179-R5,Immunization,No,,,
KD-179-R5,Nutrition,Yes,Specific days,Yes,
KD-179-R5,Antenatal Care,Yes,MTWTFSS,Yes,
KD-179-R5,Postnatal Care,Yes,Specific days,Yes,
KD-179-R5,IMCI,Yes,MTWTFSS,Yes,
KD-179-R5,Malaria,Yes,MTWTF,Yes,
KD-179-R5,Labour and Delivery,Yes,MTWTF,Yes,
KD-179-R5,Family Planning,Yes,Specific days,Yes,
KD-179-R6,Immunization,No,,,
KD-179-R6,Nutrition,Yes,On needs basis,Yes,
KD-179-R6,Antenatal Care,Yes,MTWTF,Yes,
KD-179-R6,Postnatal Care,Yes,Specific days,Yes,
KD-179-R6,IMCI,Yes,On needs basis,Yes,
KD-179-R6,Malaria,Yes,Specific days,Yes,
KD-179-R6,Labour and Delivery,Yes,Specific days,Yes,
KD-179-R6,Family Planning,Yes,MTWTFSS,Yes,
KD-180-R1,Immunization,No,,,
KD-180-R1,Nutrition,No,,,
KD-180-R1,Antenatal Care,No,,,
KD-180-R1,Postnatal Care,Yes,MTWTF,No,Weather or environmental conditions
KD-180-R1,IMCI,Yes,Specific days,Yes,
KD-180-R1,Malaria,Yes,On needs basis,Yes,
KD-180-R1,Labour and Delivery,No,,,
KD-180-R1,Family Planning,Yes,Specific days,Yes,
KD-180-R2,Immunization,No,,,
KD-180-R2,Nutrition,No,,,
KD-180-R2,Antenatal Care,No,,,
KD-180-R2,Postnatal Care,Yes,On needs basis,Yes,
KD-180-R2,IMCI,Yes,On needs basis,Yes,
KD-180-R2,Malaria,Yes,On needs basis,Yes,
KD-180-R2,Labour and Delivery,No,,,
KD-180-R2,Family Planning,Yes,MTWTF,No,Low community turnout / community resistance
KD-180-R3,Immunization,No,,,
KD-180-R3,Nutrition,No,,,
KD-180-R3,Antenatal Care,No,,,
KD-180-R3,Postnatal Care,Yes,On needs basis,Yes,
KD-180-R3,IMCI,Yes,On needs basis,Yes,
KD-180-R3,Malaria,Yes,MTWTF,Yes,
KD-180-R3,Labour and Delivery,No,,,
KD-180-R3,Family Planning,Yes,Specific days,Yes,
KD-180-R4,Immunization,No,,,
KD-180-R4,Nutrition,No,,,
KD-180-R4,Antenatal Care,No,,,
KD-180-R4,Postnatal Care,Yes,On needs basis,Yes,
KD-180-R4,IMCI,Yes,MTWTF,Yes,
KD-180-R4,Malaria,Yes,MTWTFSS,No,"Facility closed (holiday, strike, renovation)"
KD-180-R4,Labour and Delivery,No,,,
KD-180-R4,Family Planning,Yes,On needs basis,Yes,
KD-180-R5,Immunization,No,,,
KD-180-R5,Nutrition,No,,,
KD-180-R5,Antenatal Care,No,,,
KD-180-R5,Postnatal Care,Yes,MTWTF,Yes,
KD-180-R5,IMCI,Yes,Specific days,Yes,
KD-180-R5,Malaria,Yes,MTWTF,Yes,
KD-180-R5,Labour and Delivery,No,,,
KD-180-R5,Family Planning,Yes,Specific days,Yes,
KD-180-R6,Immunization,No,,,
KD-180-R6,Nutrition,No,,,
KD-180-R6,Antenatal Care,No,,,
KD-180-R6,Postnatal Care,Yes,On needs basis,Yes,
KD-180-R6,IMCI,Yes,MTWTF,Yes,
KD-180-R6,Malaria,Yes,MTWTF,Yes,
KD-180-R6,Labour and Delivery,No,,,
KD-180-R6,Family Planning,Yes,On needs basis,Yes,
KD-181-R1,Immunization,Yes,Specific days,No,"Staff unavailable (leave, redeployment, strike)"
KD-181-R1,Nutrition,Yes,On needs basis,Yes,
KD-181-R1,Antenatal Care,Yes,MTWTF,Yes,
KD-181-R1,Postnatal Care,Yes,MTWTF,Yes,
KD-181-R1,IMCI,Yes,On needs basis,Yes,
KD-181-R1,Malaria,Yes,Specific days,Yes,
KD-181-R1,Labour and Delivery,Yes,MTWTF,Yes,
KD-181-R1,Family Planning,Yes,MTWTF,Yes,
KD-181-R2,Immunization,Yes,Specific days,Yes,
KD-181-R2,Nutrition,Yes,On needs basis,Yes,
KD-181-R2,Antenatal Care,Yes,MTWTF,Yes,
KD-181-R2,Postnatal Care,Yes,Specific days,Yes,
KD-181-R2,IMCI,Yes,On needs basis,Yes,
KD-181-R2,Malaria,Yes,MTWTF,Yes,
KD-181-R2,Labour and Delivery,Yes,MTWTF,No,"Facility closed (holiday, strike, renovation)"
KD-181-R2,Family Planning,Yes,Specific days,Yes,
KD-181-R3,Immunization,Yes,MTWTFSS,Yes,
KD-181-R3,Nutrition,Yes,MTWTF,Yes,
KD-181-R3,Antenatal Care,Yes,On needs basis,No,"Facility closed (holiday, strike, renovation)"
KD-181-R3,Postnatal Care,Yes,MTWTF,Yes,
KD-181-R3,IMCI,Yes,Specific days,Yes,
KD-181-R3,Malaria,Yes,On needs basis,Yes,
KD-181-R3,Labour and Delivery,Yes,MTWTF,Yes,
KD-181-R3,Family Planning,Yes,On needs basis,No,"Security concerns (insecurity, movement restrictions)"
KD-181-R4,Immunization,Yes,MTWTF,Yes,
KD-181-R4,Nutrition,Yes,MTWTFSS,Yes,
KD-181-R4,Antenatal Care,Yes,Specific days,Yes,
KD-181-R4,Postnatal Care,Yes,MTWTFSS,Yes,
KD-181-R4,IMCI,Yes,MTWTF,Yes,
KD-181-R4,Malaria,Yes,Specific days,Yes,
KD-181-R4,Labour and Delivery,Yes,MTWTF,Yes,
KD-181-R4,Family Planning,Yes,MTWTF,Yes,
KD-181-R5,Immunization,Yes,On needs basis,Yes,
KD-181-R5,Nutrition,Yes,MTWTF,Yes,
KD-181-R5,Antenatal Care,Yes,Specific days,Yes,
KD-181-R5,Postnatal Care,Yes,Specific days,Yes,
KD-181-R5,IMCI,Yes,MTWTF,Yes,
KD-181-R5,Malaria,Yes,On needs basis,Yes,
KD-181-R5,Labour and Delivery,Yes,MTWTF,Yes,
KD-181-R5,Family Planning,Yes,MTWTF,Yes,
KD-181-R6,Immunization,Yes,On needs basis,Yes,
KD-181-R6,Nutrition,Yes,Specific days,Yes,
KD-181-R6,Antenatal Care,Yes,MTWTFSS,Yes,
KD-181-R6,Postnatal Care,Yes,On needs basis,Yes,
KD-181-R6,IMCI,Yes,Specific days,Yes,
KD-181-R6,Malaria,Yes,MTWTF,No,"Attending training, meeting, or other official assignment"
KD-181-R6,Labour and Delivery,Yes,Specific days,Yes,
KD-181-R6,Family Planning,Yes,MTWTF,Yes,
KD-182-R1,Immunization,No,,,
KD-182-R1,Nutrition,No,,,
KD-182-R1,Antenatal Care,Yes,MTWTFSS,No,"Facility closed (holiday, strike, renovation)"
KD-182-R1,Postnatal Care,Yes,Specific days,Yes,
KD-182-R1,IMCI,Yes,Specific days,Yes,
KD-182-R1,Malaria,Yes,Specific days,Yes,
KD-182-R1,Labour and Delivery,No,,,
KD-182-R1,Family Planning,Yes,Specific days,No,Lack of transportation or logistics support
KD-182-R2,Immunization,No,,,
KD-182-R2,Nutrition,No,,,
KD-182-R2,Antenatal Care,Yes,Specific days,Yes,
KD-182-R2,Postnatal Care,Yes,MTWTF,Yes,
KD-182-R2,IMCI,Yes,Specific days,Yes,
KD-182-R2,Malaria,Yes,MTWTFSS,Yes,
KD-182-R2,Labour and Delivery,No,,,
KD-182-R2,Family Planning,Yes,Specific days,Yes,
KD-182-R3,Immunization,No,,,
KD-182-R3,Nutrition,No,,,
KD-182-R3,Antenatal Care,Yes,Specific days,Yes,
KD-182-R3,Postnatal Care,Yes,MTWTFSS,Yes,
KD-182-R3,IMCI,Yes,Specific days,Yes,
KD-182-R3,Malaria,Yes,Specific days,Yes,
KD-182-R3,Labour and Delivery,No,,,
KD-182-R3,Family Planning,Yes,Specific days,Yes,
KD-182-R4,Immunization,No,,,
KD-182-R4,Nutrition,No,,,
KD-182-R4,Antenatal Care,Yes,MTWTF,Yes,
KD-182-R4,Postnatal Care,Yes,Specific days,Yes,
KD-182-R4,IMCI,Yes,Specific days,No,"Attending training, meeting, or other official assignment"
KD-182-R4,Malaria,Yes,MTWTF,No,Vaccine stock-out
KD-182-R4,Labour and Delivery,No,,,
KD-182-R4,Family Planning,Yes,Specific days,Yes,
KD-182-R5,Immunization,No,,,
KD-182-R5,Nutrition,No,,,
KD-182-R5,Antenatal Care,Yes,MTWTF,No,"Staff unavailable (leave, redeployment, strike)"
KD-182-R5,Postnatal Care,Yes,Specific days,Yes,
KD-182-R5,IMCI,Yes,MTWTF,Yes,
KD-182-R5,Malaria,Yes,MTWTFSS,Yes,
KD-182-R5,Labour and Delivery,No,,,
KD-182-R5,Family Planning,Yes,Specific days,Yes,
KD-182-R6,Immunization,No,,,
KD-182-R6,Nutrition,No,,,
KD-182-R6,Antenatal Care,Yes,MTWTF,Yes,
KD-182-R6,Postnatal Care,Yes,On needs basis,No,"Staff unavailable (leave, redeployment, strike)"
KD-182-R6,IMCI,Yes,Specific days,Yes,
KD-182-R6,Malaria,Yes,MTWTF,Yes,
KD-182-R6,Labour and Delivery,No,,,
KD-182-R6,Family Planning,Yes,Specific days,Yes,
KD-183-R1,Immunization,Yes,MTWTF,Yes,
KD-183-R1,Nutrition,No,,,
KD-183-R1,Antenatal Care,Yes,On needs basis,Yes,
KD-183-R1,Postnatal Care,No,,,
KD-183-R1,IMCI,Yes,MTWTF,Yes,
KD-183-R1,Malaria,Yes,MTWTF,Yes,
KD-183-R1,Labour and Delivery,Yes,Specific days,No,Weather or environmental conditions
KD-183-R1,Family Planning,Yes,On needs basis,Yes,
KD-183-R2,Immunization,Yes,On needs basis,Yes,
KD-183-R2,Nutrition,No,,,
KD-183-R2,Antenatal Care,Yes,Specific days,Yes,
KD-183-R2,Postnatal Care,No,,,
KD-183-R2,IMCI,Yes,Specific days,Yes,
KD-183-R2,Malaria,Yes,MTWTF,No,"Staff unavailable (leave, redeployment, strike)"
KD-183-R2,Labour and Delivery,Yes,Specific days,Yes,
KD-183-R2,Family Planning,Yes,Specific days,Yes,
KD-183-R3,Immunization,Yes,MTWTF,Yes,
KD-183-R3,Nutrition,No,,,
KD-183-R3,Antenatal Care,Yes,MTWTF,Yes,
KD-183-R3,Postnatal Care,No,,,
KD-183-R3,IMCI,Yes,MTWTF,No,"Attending training, meeting, or other official assignment"
KD-183-R3,Malaria,Yes,MTWTFSS,Yes,
KD-183-R3,Labour and Delivery,Yes,On needs basis,Yes,
KD-183-R3,Family Planning,Yes,On needs basis,Yes,
KD-183-R4,Immunization,Yes,Specific days,No,Lack of transportation or logistics support
KD-183-R4,Nutrition,No,,,
KD-183-R4,Antenatal Care,Yes,Specific days,Yes,
KD-183-R4,Postnatal Care,No,,,
KD-183-R4,IMCI,Yes,MTWTF,Yes,
KD-183-R4,Malaria,Yes,Specific days,No,"Facility closed (holiday, strike, renovation)"
KD-183-R4,Labour and Delivery,Yes,MTWTF,Yes,
KD-183-R4,Family Planning,Yes,Specific days,No,"Attending training, meeting, or other official assignment"
KD-183-R5,Immunization,Yes,MTWTF,Yes,
KD-183-R5,Nutrition,No,,,
KD-183-R5,Antenatal Care,Yes,MTWTF,Yes,
KD-183-R5,Postnatal Care,No,,,
KD-183-R5,IMCI,Yes,On needs basis,Yes,
KD-183-R5,Malaria,Yes,Specific days,Yes,
KD-183-R5,Labour and Delivery,Yes,Specific days,Yes,
KD-183-R5,Family Planning,Yes,Specific days,Yes,
KD-183-R6,Immunization,Yes,Specific days,Yes,
KD-183-R6,Nutrition,No,,,
KD-183-R6,Antenatal Care,Yes,MTWTFSS,Yes,
KD-183-R6,Postnatal Care,No,,,
KD-183-R6,IMCI,Yes,Specific days,Yes,
KD-183-R6,Malaria,Yes,On needs basis,Yes,
KD-183-R6,Labour and Delivery,Yes,MTWTF,No,"Facility closed (holiday, strike, renovation)"
KD-183-R6,Family Planning,Yes,On needs basis,Yes,
KD-184-R1,Immunization,Yes,Specific days,Yes,
KD-184-R1,Nutrition,Yes,MTWTF,Yes,
KD-184-R1,Antenatal Care,Yes,Specific days,Yes,
KD-184-R1,Postnatal Care,Yes,MTWTF,Yes,
KD-184-R1,IMCI,Yes,Specific days,Yes,
KD-184-R1,Malaria,Yes,MTWTF,No,"Staff unavailable (leave, redeployment, strike)"
KD-184-R1,Labour and Delivery,No,,,
KD-184-R1,Family Planning,Yes,MTWTF,Yes,
KD-184-R2,Immunization,Yes,On needs basis,No,"Facility closed (holiday, strike, renovation)"
KD-184-R2,Nutrition,Yes,Specific days,Yes,
KD-184-R2,Antenatal Care,Yes,On needs basis,Yes,
KD-184-R2,Postnatal Care,Yes,Specific days,Yes,
KD-184-R2,IMCI,Yes,Specific days,Yes,
KD-184-R2,Malaria,Yes,MTWTF,No,"Staff unavailable (leave, redeployment, strike)"
KD-184-R2,Labour and Delivery,No,,,
KD-184-R2,Family Planning,Yes,Specific days,Yes,
KD-184-R3,Immunization,Yes,Specific days,Yes,
KD-184-R3,Nutrition,Yes,MTWTF,Yes,
KD-184-R3,Antenatal Care,Yes,On needs basis,Yes,
KD-184-R3,Postnatal Care,Yes,Specific days,No,"Attending training, meeting, or other official assignment"
KD-184-R3,IMCI,Yes,Specific days,Yes,
KD-184-R3,Malaria,Yes,Specific days,Yes,
KD-184-R3,Labour and Delivery,No,,,
KD-184-R3,Family Planning,Yes,MTWTF,Yes,
KD-184-R4,Immunization,Yes,On needs basis,Yes,
KD-184-R4,Nutrition,Yes,MTWTF,No,Lack of transportation or logistics support
KD-184-R4,Antenatal Care,Yes,Specific days,No,"Attending training, meeting, or other official assignment"
KD-184-R4,Postnatal Care,Yes,MTWTF,Yes,
KD-184-R4,IMCI,Yes,MTWTF,Yes,
KD-184-R4,Malaria,Yes,On needs basis,Yes,
KD-184-R4,Labour and Delivery,No,,,
KD-184-R4,Family Planning,Yes,Specific days,Yes,
KD-184-R5,Immunization,Yes,MTWTF,Yes,
KD-184-R5,Nutrition,Yes,Specific days,Yes,
KD-184-R5,Antenatal Care,Yes,On needs basis,Yes,
KD-184-R5,Postnatal Care,Yes,Specific days,Yes,
KD-184-R5,IMCI,Yes,Specific days,Yes,
KD-184-R5,Malaria,Yes,On needs basis,Yes,
KD-184-R5,Labour and Delivery,No,,,
KD-184-R5,Family Planning,Yes,On needs basis,Yes,
KD-184-R6,Immunization,Yes,MTWTF,Yes,
KD-184-R6,Nutrition,Yes,MTWTF,Yes,
KD-184-R6,Antenatal Care,Yes,MTWTFSS,No,Low community turnout / community resistance
KD-184-R6,Postnatal Care,Yes,MTWTFSS,Yes,
KD-184-R6,IMCI,Yes,On needs basis,Yes,
KD-184-R6,Malaria,Yes,Specific days,Yes,
KD-184-R6,Labour and Delivery,No,,,
KD-184-R6,Family Planning,Yes,Specific days,Yes,
