visit_id,cadre,total_staff,permanent,adhoc_a,adhoc_b,volunteer,scheduled_morning,scheduled_afternoon,scheduled_evening,scheduled_off,scheduled_leave,present_today,permanent_present_today,permanent_absent_unscheduled
KD-001-R1,Medical Officer,2,1,1,0,0,1,0,0,0,0,1,1,0
KD-001-R1,Nurse/Midwife,5,3,1,0,1,2,0,1,0,0,4,3,0
KD-001-R1,CHO,1,1,0,0,0,1,0,0,0,0,0,0,1
KD-001-R1,CHEW,7,4,1,0,2,2,1,1,0,0,5,3,1
KD-001-R1,JCHEW,5,4,0,1,0,2,0,1,1,0,1,1,2
KD-001-R1,Medical Lab Technician,0,0,0,0,0,0,0,0,0,0,0,0,0
KD-001-R1,Medical Records Officer,2,1,0,0,1,1,0,0,0,0,2,1,0
KD-001-R1,Pharmacy Technician,1,1,0,0,0,0,0,0,0,1,0,0,0
KD-001-R1,Environmental Health Officer,0,0,0,0,0,0,0,0,0,0,0,0,0
KD-001-R2,Medical Officer,2,1,1,0,0,1,0,0,0,0,1,0,1
KD-001-R2,Nurse/Midwife,5,3,1,0,1,2,0,0,0,1,3,1,1
KD-001-R2,CHO,1,1,0,0,0,1,0,0,0,0,1,1,0
KD-001-R2,CHEW,7,4,1,0,2,2,0,1,0,1,4,2,1
KD-001-R2,JCHEW,5,4,0,1,0,2,1,1,0,0,1,1,3
KD-001-R2,Medical Lab Technician,0,0,0,0,0,0,0,0,0,0,0,0,0
KD-001-R2,Medical Records Officer,2,1,0,0,1,1,0,0,0,0,0,0,1
KD-001-R2,Pharmacy Technician,1,1,0,0,0,1,0,0,0,0,1,1,0
KD-001-R2,Environmental Health Officer,0,0,0,0,0,0,0,0,0,0,0,0,0
KD-001-R3,Medical Officer,2,1,1,0,0,1,0,0,0,0,2,1,0
KD-001-R3,Nurse/Midwife,5,3,1,0,1,2,0,1,0,0,4,2,1
KD-001-R3,CHO,1,1,0,0,0,1,0,0,0,0,1,1,0
KD-001-R3,CHEW,7,4,1,0,2,2,1,1,0,0,5,3,1
KD-001-R3,JCHEW,5,4,0,1,0,2,0,1,1,0,2,2,1
KD-001-R3,Medical Lab Technician,0,0,0,0,0,0,0,0,0,0,0,0,0
KD-001-R3,Medical Records Officer,2,1,0,0,1,1,0,0,0,0,1,1,0
KD-001-R3,Pharmacy Technician,1,1,0,0,0,1,0,0,0,0,1,1,0
KD-001-R3,Environmental Health Officer,0,0,0,0,0,0,0,0,0,0,0,0,0
KD-001-R4,Medical Officer,2,1,1,0,0,1,0,0,0,0,0,0,1
KD-001-R4,Nurse/Midwife,5,3,1,0,1,2,0,0,1,0,3,2,0
KD-001-R4,CHO,1,1,0,0,0,1,0,0,0,0,0,0,1
KD-001-R4,CHEW,7,4,1,0,2,2,1,1,0,0,6,3,1
KD-001-R4,JCHEW,5,4,0,1,0,2,1,1,0,0,3,2,2
KD-001-R4,Medical Lab Technician,0,0,0,0,0,0,0,0,0,0,0,0,0
KD-001-R4,Medical Records Officer,2,1,0,0,1,1,0,0,0,0,2,1,0
KD-001-R4,Pharmacy Technician,1,1,0,0,0,1,0,0,0,0,1,1,0
KD-001-R4,Environmental Health Officer,0,0,0,0,0,0,0,0,0,0,0,0,0
KD-001-R5,Medical Officer,2,1,1,0,0,1,0,0,0,0,2,1,0
KD-001-R5,Nurse/Midwife,5,3,1,0,1,2,0,0,1,0,4,2,0
KD-001-R5,CHO,1,1,0,0,0,1,0,0,0,0,1,1,0
KD-001-R5,CHEW,7,4,1,0,2,2,1,1,0,0,6,3,1
KD-001-R5,JCHEW,5,4,0,1,0,2,0,0,1,1,1,1,1
KD-001-R5,Medical Lab Technician,0,0,0,0,0,0,0,0,0,0,0,0,0
KD-001-R5,Medical Records Officer,2,1,0,0,1,1,0,0,0,0,1,1,0
KD-001-R5,Pharmacy Technician,1,1,0,0,0,1,0,0,0,0,1,1,0
KD-001-R5,Environmental Health Officer,0,0,0,0,0,0,0,0,0,0,0,0,0
KD-001-R6,Medical Officer,2,1,1,0,0,1,0,0,0,0,1,1,0
KD-001-R6,Nurse/Midwife,5,3,1,0,1,2,0,0,1,0,1,1,1
KD-001-R6,CHO,1,1,0,0,0,1,0,0,0,0,1,1,0
KD-001-R6,CHEW,7,4,1,0,2,2,0,1,0,1,6,3,0
KD-001-R6,JCHEW,5,4,0,1,0,2,0,1,1,0,4,3,0
KD-001-R6,Medical Lab Technician,0,0,0,0,0,0,0,0,0,0,0,0,0
KD-001-R6,Medical Records Officer,2,1,0,0,1,1,0,0,0,0,1,1,0
KD-001-R6,Pharmacy Technician,1,1,0,0,0,0,0,0,1,0,0,0,0
KD-001-R6,Environmental Health Officer,0,0,0,0,0,0,0,0,0,0,0,0,0
KD-002-R1,Medical Officer,0,0,0,0,0,0,0,0,0,0,0,0,0
KD-002-R1,Nurse/Midwife,4,2,1,1,0,2,0,0,0,0,4,2,0
KD-002-R1,CHO,0,0,0,0,0,0,0,0,0,0,0,0,0
KD-002-R1,CHEW,3,2,1,0,0,2,0,0,0,0,2,1,1
KD-002-R1,JCHEW,7,5,2,0,0,2,0,1,2,0,5,3,0
KD-002-R1,Medical Lab Technician,2,2,0,0,0,1,0,0,1,0,0,0,1
KD-002-R1,Medical Records Officer,2,1,0,0,1,0,0,0,0,1,1,0,0
KD-002-R1,Pharmacy Technician,2,2,0,0,0,2,0,0,0,0,2,2,0
KD-002-R1,Environmental Health Officer,0,0,0,0,0,0,0,0,0,0,0,0,0
KD-002-R2,Medical Officer,0,0,0,0,0,0,0,0,0,0,0,0,0
KD-002-R2,Nurse/Midwife,4,2,1,1,0,2,0,0,0,0,3,1,1
KD-002-R2,CHO,0,0,0,0,0,0,0,0,0,0,0,0,0
KD-002-R2,CHEW,3,2,1,0,0,1,0,0,0,1,1,0,1
KD-002-R2,JCHEW,7,5,2,0,0,2,1,1,0,1,5,3,1
KD-002-R2,Medical Lab Technician,2,2,0,0,0,2,0,0,0,0,2,2,0
KD-002-R2,Medical Records Officer,2,1,0,0,1,1,0,0,0,0,2,1,0
KD-002-R2,Pharmacy Technician,2,2,0,0,0,2,0,0,0,0,2,2,0
KD-002-R2,Environmental Health Officer,0,0,0,0,0,0,0,0,0,0,0,0,0
KD-002-R3,Medical Officer,0,0,0,0,0,0,0,0,0,0,0,0,0
KD-002-R3,Nurse/Midwife,4,2,1,1,0,2,0,0,0,0,2,1,1
KD-002-R3,CHO,0,0,0,0,0,0,0,0,0,0,0,0,0
KD-002-R3,CHEW,3,2,1,0,0,1,0,0,1,0,2,1,0
KD-002-R3,JCHEW,7,5,2,0,0,2,0,1,2,0,5,3,0
KD-002-R3,Medical Lab Technician,2,2,0,0,0,2,0,0,0,0,2,2,0
KD-002-R3,Medical Records Officer,2,1,0,0,1,1,0,0,0,0,1,1,0
KD-002-R3,Pharmacy Technician,2,2,0,0,0,2,0,0,0,0,1,1,1
KD-002-R3,Environmental Health Officer,0,0,0,0,0,0,0,0,0,0,0,0,0
KD-002-R4,Medical Officer,0,0,0,0,0,0,0,0,0,0,0,0,0
KD-002-R4,Nurse/Midwife,4,2,1,1,0,2,0,0,0,0,3,2,0
KD-002-R4,CHO,0,0,0,0,0,0,0,0,0,0,0,0,0
KD-002-R4,CHEW,3,2,1,0,0,2,0,0,0,0,3,2,0
KD-002-R4,JCHEW,7,5,2,0,0,3,1,1,0,0,6,5,0
KD-002-R4,Medical Lab Technician,2,2,0,0,0,2,0,0,0,0,1,1,1
KD-002-R4,Medical Records Officer,2,1,0,0,1,1,0,0,0,0,1,0,1
KD-002-R4,Pharmacy Technician,2,2,0,0,0,2,0,0,0,0,2,2,0
KD-002-R4,Environmental Health Officer,0,0,0,0,0,0,0,0,0,0,0,0,0
KD-002-R5,Medical Officer,0,0,0,0,0,0,0,0,0,0,0,0,0
KD-002-R5,Nurse/Midwife,4,2,1,1,0,0,0,0,1,1,1,0,0
KD-002-R5,CHO,0,0,0,0,0,0,0,0,0,0,0,0,0
KD-002-R5,CHEW,3,2,1,0,0,1,0,0,0,1,1,0,1
KD-002-R5,JCHEW,7,5,2,0,0,3,1,1,0,0,7,5,0
KD-002-R5,Medical Lab Technician,2,2,0,0,0,2,0,0,0,0,1,1,1
KD-002-R5,Medical Records Officer,2,1,0,0,1,1,0,0,0,0,1,0,1
KD-002-R5,Pharmacy Technician,2,2,0,0,0,1,0,0,0,1,0,0,1
KD-002-R5,Environmental Health Officer,0,0,0,0,0,0,0,0,0,0,0,0,0
KD-002-R6,Medical Officer,0,0,0,0,0,0,0,0,0,0,0,0,0
KD-002-R6,Nurse/Midwife,4,2,1,1,0,2,0,0,0,0,2,1,1
KD-002-R6,CHO,0,0,0,0,0,0,0,0,0,0,0,0,0
KD-002-R6,CHEW,3,2,1,0,0,2,0,0,0,0,3,2,0
KD-002-R6,JCHEW,7,5,2,0,0,2,0,1,1,1,4,3,0
KD-002-R6,Medical Lab Technician,2,2,0,0,0,2,0,0,0,0,1,1,1
KD-002-R6,Medical Records Officer,2,1,0,0,1,1,0,0,0,0,2,1,0
KD-002-R6,Pharmacy Technician,2,2,0,0,0,2,0,0,0,0,2,2,0
KD-002-R6,Environmental Health Officer,0,0,0,0,0,0,0,0,0,0,0,0,0
KD-003-R1,Medical Officer,0,0,0,0,0,0,0,0,0,0,0,0,0
KD-003-R1,Nurse/Midwife,2,1,1,0,0,1,0,0,0,0,2,1,0
KD-003-R1,CHO,3,3,0,0,0,2,0,0,1,0,2,2,0
KD-003-R1,CHEW,8,8,0,0,0,4,2,1,1,0,7,7,0
KD-003-R1,JCHEW,8,4,1,1,2,2,0,1,0,1,5,3,0
KD-003-R1,Medical Lab Technician,2,2,0,0,0,2,0,0,0,0,2,2,0
KD-003-R1,Medical Records Officer,4,2,0,0,2,1,0,0,1,0,3,1,0
KD-003-R1,Pharmacy Technician,7,3,0,4,0,2,0,1,0,0,7,3,0
KD-003-R1,Environmental Health Officer,1,1,0,0,0,1,0,0,0,0,1,1,0
KD-003-R2,Medical Officer,0,0,0,0,0,0,0,0,0,0,0,0,0
KD-003-R2,Nurse/Midwife,2,1,1,0,0,1,0,0,0,0,2,1,0
KD-003-R2,CHO,3,3,0,0,0,2,0,1,0,0,3,3,0
KD-003-R2,CHEW,8,8,0,0,0,4,2,2,0,0,7,7,1
KD-003-R2,JCHEW,8,4,1,1,2,2,0,1,1,0,6,3,0
KD-003-R2,Medical Lab Technician,2,2,0,0,0,2,0,0,0,0,2,2,0
KD-003-R2,Medical Records Officer,4,2,0,0,2,1,0,0,1,0,2,1,0
KD-003-R2,Pharmacy Technician,7,3,0,4,0,2,0,0,1,0,6,2,0
KD-003-R2,Environmental Health Officer,1,1,0,0,0,1,0,0,0,0,1,1,0
KD-003-R3,Medical Officer,0,0,0,0,0,0,0,0,0,0,0,0,0
KD-003-R3,Nurse/Midwife,2,1,1,0,0,1,0,0,0,0,2,1,0
KD-003-R3,CHO,3,3,0,0,0,2,0,1,0,0,3,3,0
KD-003-R3,CHEW,8,8,0,0,0,4,2,1,0,1,7,7,0
KD-003-R3,JCHEW,8,4,1,1,2,2,1,1,0,0,8,4,0
KD-003-R3,Medical Lab Technician,2,2,0,0,0,2,0,0,0,0,2,2,0
KD-003-R3,Medical Records Officer,4,2,0,0,2,0,0,0,1,1,2,0,0
KD-003-R3,Pharmacy Technician,7,3,0,4,0,2,0,1,0,0,4,1,2
KD-003-R3,Environmental Health Officer,1,1,0,0,0,1,0,0,0,0,1,1,0
KD-003-R4,Medical Officer,0,0,0,0,0,0,0,0,0,0,0,0,0
KD-003-R4,Nurse/Midwife,2,1,1,0,0,1,0,0,0,0,1,0,1
KD-003-R4,CHO,3,3,0,0,0,1,0,0,2,0,1,1,0
KD-003-R4,CHEW,8,8,0,0,0,4,2,2,0,0,7,7,1
KD-003-R4,JCHEW,8,4,1,1,2,2,1,1,0,0,5,2,2
KD-003-R4,Medical Lab Technician,2,2,0,0,0,2,0,0,0,0,2,2,0
KD-003-R4,Medical Records Officer,4,2,0,0,2,1,0,0,1,0,2,1,0
KD-003-R4,Pharmacy Technician,7,3,0,4,0,2,0,1,0,0,7,3,0
KD-003-R4,Environmental Health Officer,1,1,0,0,0,1,0,0,0,0,1,1,0
KD-003-R5,Medical Officer,0,0,0,0,0,0,0,0,0,0,0,0,0
KD-003-R5,Nurse/Midwife,2,1,1,0,0,1,0,0,0,0,2,1,0
KD-003-R5,CHO,3,3,0,0,0,2,0,1,0,0,2,2,1
KD-003-R5,CHEW,8,8,0,0,0,3,1,1,3,0,5,5,0
KD-003-R5,JCHEW,8,4,1,1,2,2,1,1,0,0,7,4,0
KD-003-R5,Medical Lab Technician,2,2,0,0,0,2,0,0,0,0,2,2,0
KD-003-R5,Medical Records Officer,4,2,0,0,2,2,0,0,0,0,4,2,0
KD-003-R5,Pharmacy Technician,7,3,0,4,0,2,0,1,0,0,5,2,1
KD-003-R5,Environmental Health Officer,1,1,0,0,0,1,0,0,0,0,1,1,0
KD-003-R6,Medical Officer,0,0,0,0,0,0,0,0,0,0,0,0,0
KD-003-R6,Nurse/Midwife,2,1,1,0,0,1,0,0,0,0,2,1,0
KD-003-R6,CHO,3,3,0,0,0,2,0,1,0,0,3,3,0
KD-003-R6,CHEW,8,8,0,0,0,4,2,1,1,0,6,6,1
KD-003-R6,JCHEW,8,4,1,1,2,2,1,1,0,0,6,2,2
KD-003-R6,Medical Lab Technician,2,2,0,0,0,2,0,0,0,0,2,2,0
KD-003-R6,Medical Records Officer,4,2,0,0,2,2,0,0,0,0,2,0,2
KD-003-R6,Pharmacy Technician,7,3,0,4,0,2,0,0,0,1,4,1,1
KD-003-R6,Environmental Health Officer,1,1,0,0,0,1,0,0,0,0,1,1,0
KD-004-R1,Medical Officer,6,5,0,0,1,2,0,1,1,1,4,3,0
KD-004-R1,Nurse/Midwife,31,24,7,0,0,9,5,3,7,0,21,15,2
KD-004-R1,CHO,6,5,1,0,0,2,1,1,0,1,5,4,0
KD-004-R1,CHEW,8,6,1,0,1,3,1,2,0,0,7,5,1
KD-004-R1,JCHEW,11,7,2,0,2,4,2,1,0,0,9,6,1
KD-004-R1,Medical Lab Technician,7,7,0,0,0,3,1,1,2,0,3,3,2
KD-004-R1,Medical Records Officer,3,2,0,0,1,1,0,0,1,0,2,1,0
KD-004-R1,Pharmacy Technician,7,6,1,0,0,3,1,2,0,0,6,5,1
KD-004-R1,Environmental Health Officer,0,0,0,0,0,0,0,0,0,0,0,0,0
KD-004-R2,Medical Officer,6,5,0,0,1,2,1,1,1,0,3,3,1
KD-004-R2,Nurse/Midwife,31,24,7,0,0,12,6,5,1,0,16,11,12
KD-004-R2,CHO,6,5,1,0,0,2,1,1,0,1,3,2,2
KD-004-R2,CHEW,8,6,1,0,1,2,1,1,2,0,4,3,1
KD-004-R2,JCHEW,11,7,2,0,2,2,1,1,3,0,5,3,1
KD-004-R2,Medical Lab Technician,7,7,0,0,0,3,1,2,0,1,2,2,4
KD-004-R2,Medical Records Officer,3,2,0,0,1,2,0,0,0,0,3,2,0
KD-004-R2,Pharmacy Technician,7,6,1,0,0,3,1,2,0,0,5,4,2
KD-004-R2,Environmental Health Officer,0,0,0,0,0,0,0,0,0,0,0,0,0
KD-004-R3,Medical Officer,6,5,0,0,1,2,1,1,0,1,4,3,1
KD-004-R3,Nurse/Midwife,31,24,7,0,0,10,6,4,3,1,23,17,3
KD-004-R3,CHO,6,5,1,0,0,3,1,1,0,0,4,3,2
KD-004-R3,CHEW,8,6,1,0,1,3,1,1,0,1,6,5,0
KD-004-R3,JCHEW,11,7,2,0,2,3,1,2,0,1,7,3,3
KD-004-R3,Medical Lab Technician,7,7,0,0,0,3,1,1,0,2,5,5,0
KD-004-R3,Medical Records Officer,3,2,0,0,1,2,0,0,0,0,3,2,0
KD-004-R3,Pharmacy Technician,7,6,1,0,0,3,1,1,1,0,6,5,0
KD-004-R3,Environmental Health Officer,0,0,0,0,0,0,0,0,0,0,0,0,0
KD-004-R4,Medical Officer,6,5,0,0,1,2,0,1,1,1,3,2,1
KD-004-R4,Nurse/Midwife,31,24,7,0,0,9,5,4,4,2,21,15,3
KD-004-R4,CHO,6,5,1,0,0,3,1,1,0,0,4,3,2
KD-004-R4,CHEW,8,6,1,0,1,3,1,1,1,0,2,1,4
KD-004-R4,JCHEW,11,7,2,0,2,3,1,1,1,1,8,5,0
KD-004-R4,Medical Lab Technician,7,7,0,0,0,3,1,2,0,1,3,3,3
KD-004-R4,Medical Records Officer,3,2,0,0,1,2,0,0,0,0,2,1,1
KD-004-R4,Pharmacy Technician,7,6,1,0,0,2,1,1,1,1,4,3,1
KD-004-R4,Environmental Health Officer,0,0,0,0,0,0,0,0,0,0,0,0,0
KD-004-R5,Medical Officer,6,5,0,0,1,3,1,1,0,0,4,3,2
KD-004-R5,Nurse/Midwife,31,24,7,0,0,10,6,4,4,0,21,15,5
KD-004-R5,CHO,6,5,1,0,0,2,0,1,1,1,3,2,1
KD-004-R5,CHEW,8,6,1,0,1,3,1,1,0,1,5,4,1
KD-004-R5,JCHEW,11,7,2,0,2,3,1,1,1,1,7,5,0
KD-004-R5,Medical Lab Technician,7,7,0,0,0,3,1,2,1,0,6,6,0
KD-004-R5,Medical Records Officer,3,2,0,0,1,1,0,0,0,1,2,1,0
KD-004-R5,Pharmacy Technician,7,6,1,0,0,3,1,1,1,0,6,5,0
KD-004-R5,Environmental Health Officer,0,0,0,0,0,0,0,0,0,0,0,0,0
KD-004-R6,Medical Officer,6,5,0,0,1,2,1,1,1,0,4,4,0
KD-004-R6,Nurse/Midwife,31,24,7,0,0,10,6,4,3,1,24,18,2
KD-004-R6,CHO,6,5,1,0,0,3,1,1,0,0,6,5,0
KD-004-R6,CHEW,8,6,1,0,1,3,1,2,0,0,7,6,0
KD-004-R6,JCHEW,11,7,2,0,2,3,1,2,0,1,7,6,0
KD-004-R6,Medical Lab Technician,7,7,0,0,0,3,1,1,2,0,5,5,0
KD-004-R6,Medical Records Officer,3,2,0,0,1,2,0,0,0,0,3,2,0
KD-004-R6,Pharmacy Technician,7,6,1,0,0,3,1,1,1,0,5,4,1
KD-004-R6,Environmental Health Officer,0,0,0,0,0,0,0,0,0,0,0,0,0
KD-005-R1,Medical Officer,0,0,0,0,0,0,0,0,0,0,0,0,0
KD-005-R1,Nurse/Midwife,4,3,1,0,0,3,0,0,0,0,4,3,0
KD-005-R1,CHO,1,1,0,0,0,1,0,0,0,0,1,1,0
KD-005-R1,CHEW,9,6,1,2,0,6,0,0,0,0,8,6,0
KD-005-R1,JCHEW,8,6,1,0,1,6,0,0,0,0,7,6,0
KD-005-R1,Medical Lab Technician,2,2,0,0,0,2,0,0,0,0,2,2,0
KD-005-R1,Medical Records Officer,1,1,0,0,0,1,0,0,0,0,1,1,0
KD-005-R1,Pharmacy Technician,2,1,0,0,1,1,0,0,0,0,1,0,1
KD-005-R1,Environmental Health Officer,1,1,0,0,0,1,0,0,0,0,1,1,0
KD-005-R2,Medical Officer,0,0,0,0,0,0,0,0,0,0,0,0,0
KD-005-R2,Nurse/Midwife,4,3,1,0,0,3,0,0,0,0,3,2,1
KD-005-R2,CHO,1,1,0,0,0,1,0,0,0,0,0,0,1
KD-005-R2,CHEW,9,6,1,2,0,6,0,0,0,0,7,4,2
KD-005-R2,JCHEW,8,6,1,0,1,6,0,0,0,0,4,3,3
KD-005-R2,Medical Lab Technician,2,2,0,0,0,2,0,0,0,0,2,2,0
KD-005-R2,Medical Records Officer,1,1,0,0,0,1,0,0,0,0,1,1,0
KD-005-R2,Pharmacy Technician,2,1,0,0,1,1,0,0,0,0,2,1,0
KD-005-R2,Environmental Health Officer,1,1,0,0,0,1,0,0,0,0,0,0,1
KD-005-R3,Medical Officer,0,0,0,0,0,0,0,0,0,0,0,0,0
KD-005-R3,Nurse/Midwife,4,3,1,0,0,2,0,0,0,1,1,1,1
KD-005-R3,CHO,1,1,0,0,0,1,0,0,0,0,1,1,0
KD-005-R3,CHEW,9,6,1,2,0,6,0,0,0,0,6,5,1
KD-005-R3,JCHEW,8,6,1,0,1,4,0,0,1,1,5,3,1
KD-005-R3,Medical Lab Technician,2,2,0,0,0,2,0,0,0,0,0,0,2
KD-005-R3,Medical Records Officer,1,1,0,0,0,0,0,0,0,1,0,0,0
KD-005-R3,Pharmacy Technician,2,1,0,0,1,1,0,0,0,0,1,1,0
KD-005-R3,Environmental Health Officer,1,1,0,0,0,1,0,0,0,0,1,1,0
KD-005-R4,Medical Officer,0,0,0,0,0,0,0,0,0,0,0,0,0
KD-005-R4,Nurse/Midwife,4,3,1,0,0,2,0,0,0,1,0,0,2
KD-005-R4,CHO,1,1,0,0,0,1,0,0,0,0,1,1,0
KD-005-R4,CHEW,9,6,1,2,0,6,0,0,0,0,7,5,1
KD-005-R4,JCHEW,8,6,1,0,1,6,0,0,0,0,2,1,5
KD-005-R4,Medical Lab Technician,2,2,0,0,0,2,0,0,0,0,2,2,0
KD-005-R4,Medical Records Officer,1,1,0,0,0,1,0,0,0,0,0,0,1
KD-005-R4,Pharmacy Technician,2,1,0,0,1,1,0,0,0,0,2,1,0
KD-005-R4,Environmental Health Officer,1,1,0,0,0,1,0,0,0,0,0,0,1
KD-005-R5,Medical Officer,0,0,0,0,0,0,0,0,0,0,0,0,0
KD-005-R5,Nurse/Midwife,4,3,1,0,0,2,0,0,0,1,3,2,0
KD-005-R5,CHO,1,1,0,0,0,1,0,0,0,0,0,0,1
KD-005-R5,CHEW,9,6,1,2,0,6,0,0,0,0,5,4,2
KD-005-R5,JCHEW,8,6,1,0,1,5,0,0,1,0,6,4,1
KD-005-R5,Medical Lab Technician,2,2,0,0,0,2,0,0,0,0,2,2,0
KD-005-R5,Medical Records Officer,1,1,0,0,0,1,0,0,0,0,1,1,0
KD-005-R5,Pharmacy Technician,2,1,0,0,1,1,0,0,0,0,1,0,1
KD-005-R5,Environmental Health Officer,1,1,0,0,0,1,0,0,0,0,1,1,0
KD-005-R6,Medical Officer,0,0,0,0,0,0,0,0,0,0,0,0,0
KD-005-R6,Nurse/Midwife,4,3,1,0,0,2,0,0,0,1,0,0,2
KD-005-R6,CHO,1,1,0,0,0,1,0,0,0,0,0,0,1
KD-005-R6,CHEW,9,6,1,2,0,4,0,0,1,1,4,2,2
KD-005-R6,JCHEW,8,6,1,0,1,5,0,0,0,1,2,2,3
KD-005-R6,Medical Lab Technician,2,2,0,0,0,2,0,0,0,0,2,2,0
KD-005-R6,Medical Records Officer,1,1,0,0,0,0,0,0,0,1,0,0,0
KD-005-R6,Pharmacy Technician,2,1,0,0,1,1,0,0,0,0,0,0,1
KD-005-R6,Environmental Health Officer,1,1,0,0,0,1,0,0,0,0,1,1,0
KD-006-R1,Medical Officer,0,0,0,0,0,0,0,0,0,0,0,0,0
KD-006-R1,Nurse/Midwife,5,2,2,1,0,2,0,0,0,0,1,1,1
KD-006-R1,CHO,0,0,0,0,0,0,0,0,0,0,0,0,0
KD-006-R1,CHEW,7,4,1,1,1,4,0,0,0,0,2,1,3
KD-006-R1,JCHEW,5,2,1,0,2,2,0,0,0,0,1,0,2
KD-006-R1,Medical Lab Technician,0,0,0,0,0,0,0,0,0,0,0,0,0
KD-006-R1,Medical Records Officer,2,1,0,0,1,1,0,0,0,0,1,1,0
KD-006-R1,Pharmacy Technician,0,0,0,0,0,0,0,0,0,0,0,0,0
KD-006-R1,Environmental Health Officer,1,0,0,0,1,0,0,0,0,0,1,0,0
KD-006-R2,Medical Officer,0,0,0,0,0,0,0,0,0,0,0,0,0
KD-006-R2,Nurse/Midwife,5,2,2,1,0,2,0,0,0,0,2,2,0
KD-006-R2,CHO,0,0,0,0,0,0,0,0,0,0,0,0,0
KD-006-R2,CHEW,7,4,1,1,1,3,0,0,1,0,4,3,0
KD-006-R2,JCHEW,5,2,1,0,2,2,0,0,0,0,5,2,0
KD-006-R2,Medical Lab Technician,0,0,0,0,0,0,0,0,0,0,0,0,0
KD-006-R2,Medical Records Officer,2,1,0,0,1,1,0,0,0,0,1,1,0
KD-006-R2,Pharmacy Technician,0,0,0,0,0,0,0,0,0,0,0,0,0
KD-006-R2,Environmental Health Officer,1,0,0,0,1,0,0,0,0,0,0,0,0
KD-006-R3,Medical Officer,0,0,0,0,0,0,0,0,0,0,0,0,0
KD-006-R3,Nurse/Midwife,5,2,2,1,0,2,0,0,0,0,3,1,1
KD-006-R3,CHO,0,0,0,0,0,0,0,0,0,0,0,0,0
KD-006-R3,CHEW,7,4,1,1,1,4,0,0,0,0,4,1,3
KD-006-R3,JCHEW,5,2,1,0,2,2,0,0,0,0,4,2,0
KD-006-R3,Medical Lab Technician,0,0,0,0,0,0,0,0,0,0,0,0,0
KD-006-R3,Medical Records Officer,2,1,0,0,1,1,0,0,0,0,2,1,0
KD-006-R3,Pharmacy Technician,0,0,0,0,0,0,0,0,0,0,0,0,0
KD-006-R3,Environmental Health Officer,1,0,0,0,1,0,0,0,0,0,0,0,0
KD-006-R4,Medical Officer,0,0,0,0,0,0,0,0,0,0,0,0,0
KD-006-R4,Nurse/Midwife,5,2,2,1,0,2,0,0,0,0,1,1,1
KD-006-R4,CHO,0,0,0,0,0,0,0,0,0,0,0,0,0
KD-006-R4,CHEW,7,4,1,1,1,4,0,0,0,0,6,4,0
KD-006-R4,JCHEW,5,2,1,0,2,2,0,0,0,0,3,1,1
KD-006-R4,Medical Lab Technician,0,0,0,0,0,0,0,0,0,0,0,0,0
KD-006-R4,Medical Records Officer,2,1,0,0,1,1,0,0,0,0,2,1,0
KD-006-R4,Pharmacy Technician,0,0,0,0,0,0,0,0,0,0,0,0,0
KD-006-R4,Environmental Health Officer,1,0,0,0,1,0,0,0,0,0,1,0,0
KD-006-R5,Medical Officer,0,0,0,0,0,0,0,0,0,0,0,0,0
KD-006-R5,Nurse/Midwife,5,2,2,1,0,2,0,0,0,0,3,1,1
KD-006-R5,CHO,0,0,0,0,0,0,0,0,0,0,0,0,0
KD-006-R5,CHEW,7,4,1,1,1,4,0,0,0,0,1,1,3
KD-006-R5,JCHEW,5,2,1,0,2,1,0,0,0,1,2,0,1
KD-006-R5,Medical Lab Technician,0,0,0,0,0,0,0,0,0,0,0,0,0
KD-006-R5,Medical Records Officer,2,1,0,0,1,1,0,0,0,0,0,0,1
KD-006-R5,Pharmacy Technician,0,0,0,0,0,0,0,0,0,0,0,0,0
KD-006-R5,Environmental Health Officer,1,0,0,0,1,0,0,0,0,0,0,0,0
KD-006-R6,Medical Officer,0,0,0,0,0,0,0,0,0,0,0,0,0
KD-006-R6,Nurse/Midwife,5,2,2,1,0,2,0,0,0,0,4,2,0
KD-006-R6,CHO,0,0,0,0,0,0,0,0,0,0,0,0,0
KD-006-R6,CHEW,7,4,1,1,1,2,0,0,1,1,3,2,0
KD-006-R6,JCHEW,5,2,1,0,2,2,0,0,0,0,4,2,0
KD-006-R6,Medical Lab Technician,0,0,0,0,0,0,0,0,0,0,0,0,0
KD-006-R6,Medical Records Officer,2,1,0,0,1,1,0,0,0,0,2,1,0
KD-006-R6,Pharmacy Technician,0,0,0,0,0,0,0,0,0,0,0,0,0
KD-006-R6,Environmental Health Officer,1,0,0,0,1,0,0,0,0,0,1,0,0
KD-007-R1,Medical Officer,8,8,0,0,0,3,1,1,2,1,2,2,3
KD-007-R1,Nurse/Midwife,28,22,6,0,0,9,5,3,5,0,20,14,3
KD-007-R1,CHO,6,4,2,0,0,2,1,1,0,0,5,4,0
KD-007-R1,CHEW,8,7,1,0,0,3,1,1,2,0,6,5,0
KD-007-R1,JCHEW,7,5,2,0,0,2,1,1,1,0,6,4,0
KD-007-R1,Medical Lab Technician,7,7,0,0,0,3,1,1,1,1,5,5,0
KD-007-R1,Medical Records Officer,6,4,0,0,2,2,0,0,0,2,3,1,1
KD-007-R1,Pharmacy Technician,10,9,0,1,0,4,2,1,2,0,8,7,0
KD-007-R1,Environmental Health Officer,3,3,0,0,0,2,0,1,0,0,3,3,0
KD-007-R2,Medical Officer,8,8,0,0,0,3,1,2,1,1,5,5,1
KD-007-R2,Nurse/Midwife,28,22,6,0,0,10,5,4,2,1,19,16,3
KD-007-R2,CHO,6,4,2,0,0,2,1,1,0,0,4,2,2
KD-007-R2,CHEW,8,7,1,0,0,3,1,2,0,1,7,6,0
KD-007-R2,JCHEW,7,5,2,0,0,3,1,1,0,0,5,3,2
KD-007-R2,Medical Lab Technician,7,7,0,0,0,4,2,1,0,0,4,4,3
KD-007-R2,Medical Records Officer,6,4,0,0,2,2,0,0,2,0,2,1,1
KD-007-R2,Pharmacy Technician,10,9,0,1,0,4,2,2,1,0,8,8,0
KD-007-R2,Environmental Health Officer,3,3,0,0,0,2,0,0,1,0,1,1,1
KD-007-R3,Medical Officer,8,8,0,0,0,4,2,1,1,0,4,4,3
KD-007-R3,Nurse/Midwife,28,22,6,0,0,11,6,4,1,0,21,18,3
KD-007-R3,CHO,6,4,2,0,0,2,1,1,0,0,6,4,0
KD-007-R3,CHEW,8,7,1,0,0,2,0,1,3,1,4,3,0
KD-007-R3,JCHEW,7,5,2,0,0,2,1,1,0,1,6,4,0
KD-007-R3,Medical Lab Technician,7,7,0,0,0,4,2,1,0,0,6,6,1
KD-007-R3,Medical Records Officer,6,4,0,0,2,2,1,1,0,0,4,2,2
KD-007-R3,Pharmacy Technician,10,9,0,1,0,3,1,2,3,0,7,6,0
KD-007-R3,Environmental Health Officer,3,3,0,0,0,2,0,1,0,0,3,3,0
KD-007-R4,Medical Officer,8,8,0,0,0,3,1,1,2,1,5,5,0
KD-007-R4,Nurse/Midwife,28,22,6,0,0,9,5,4,3,1,20,15,3
KD-007-R4,CHO,6,4,2,0,0,2,1,1,0,0,5,4,0
KD-007-R4,CHEW,8,7,1,0,0,3,1,1,2,0,6,5,0
KD-007-R4,JCHEW,7,5,2,0,0,3,1,1,0,0,5,4,1
KD-007-R4,Medical Lab Technician,7,7,0,0,0,3,1,1,1,1,4,4,1
KD-007-R4,Medical Records Officer,6,4,0,0,2,2,1,1,0,0,4,3,1
KD-007-R4,Pharmacy Technician,10,9,0,1,0,5,2,2,0,0,10,9,0
KD-007-R4,Environmental Health Officer,3,3,0,0,0,2,0,1,0,0,2,2,1
KD-007-R5,Medical Officer,8,8,0,0,0,3,1,2,2,0,4,4,2
KD-007-R5,Nurse/Midwife,28,22,6,0,0,11,6,4,0,1,23,17,4
KD-007-R5,CHO,6,4,2,0,0,2,0,1,1,0,3,2,1
KD-007-R5,CHEW,8,7,1,0,0,3,1,1,2,0,5,4,1
KD-007-R5,JCHEW,7,5,2,0,0,2,1,1,1,0,4,2,2
KD-007-R5,Medical Lab Technician,7,7,0,0,0,3,1,2,1,0,3,3,3
KD-007-R5,Medical Records Officer,6,4,0,0,2,2,0,1,0,1,3,2,1
KD-007-R5,Pharmacy Technician,10,9,0,1,0,5,2,2,0,0,9,8,1
KD-007-R5,Environmental Health Officer,3,3,0,0,0,2,0,0,1,0,2,2,0
KD-007-R6,Medical Officer,8,8,0,0,0,3,1,1,3,0,4,4,1
KD-007-R6,Nurse/Midwife,28,22,6,0,0,9,5,4,3,1,14,11,7
KD-007-R6,CHO,6,4,2,0,0,2,0,1,0,1,1,1,2
KD-007-R6,CHEW,8,7,1,0,0,4,2,1,0,0,4,4,3
KD-007-R6,JCHEW,7,5,2,0,0,3,1,1,0,0,2,1,4
KD-007-R6,Medical Lab Technician,7,7,0,0,0,3,1,2,0,1,5,5,1
KD-007-R6,Medical Records Officer,6,4,0,0,2,2,1,1,0,0,4,3,1
KD-007-R6,Pharmacy Technician,10,9,0,1,0,5,2,2,0,0,4,3,6
KD-007-R6,Environmental Health Officer,3,3,0,0,0,2,0,0,1,0,1,1,1
KD-008-R1,Medical Officer,2,2,0,0,0,2,0,0,0,0,1,1,1
KD-008-R1,Nurse/Midwife,5,3,1,1,0,3,0,0,0,0,0,0,3
KD-008-R1,CHO,2,2,0,0,0,2,0,0,0,0,0,0,2
KD-008-R1,CHEW,7,1,4,1,1,1,0,0,0,0,3,1,0
KD-008-R1,JCHEW,8,6,0,1,1,5,0,0,0,1,4,3,2
KD-008-R1,Medical Lab Technician,1,0,0,1,0,0,0,0,0,0,0,0,0
KD-008-R1,Medical Records Officer,2,1,0,0,1,1,0,0,0,0,0,0,1
KD-008-R1,Pharmacy Technician,1,1,0,0,0,1,0,0,0,0,0,0,1
KD-008-R1,Environmental Health Officer,0,0,0,0,0,0,0,0,0,0,0,0,0
KD-008-R2,Medical Officer,2,2,0,0,0,1,0,0,0,1,1,1,0
KD-008-R2,Nurse/Midwife,5,3,1,1,0,3,0,0,0,0,3,3,0
KD-008-R2,CHO,2,2,0,0,0,2,0,0,0,0,2,2,0
KD-008-R2,CHEW,7,1,4,1,1,1,0,0,0,0,6,1,0
KD-008-R2,JCHEW,8,6,0,1,1,4,0,0,1,1,3,2,2
KD-008-R2,Medical Lab Technician,1,0,0,1,0,0,0,0,0,0,0,0,0
KD-008-R2,Medical Records Officer,2,1,0,0,1,0,0,0,1,0,1,0,0
KD-008-R2,Pharmacy Technician,1,1,0,0,0,1,0,0,0,0,1,1,0
KD-008-R2,Environmental Health Officer,0,0,0,0,0,0,0,0,0,0,0,0,0
KD-008-R3,Medical Officer,2,2,0,0,0,2,0,0,0,0,2,2,0
KD-008-R3,Nurse/Midwife,5,3,1,1,0,3,0,0,0,0,4,3,0
KD-008-R3,CHO,2,2,0,0,0,2,0,0,0,0,2,2,0
KD-008-R3,CHEW,7,1,4,1,1,1,0,0,0,0,5,0,1
KD-008-R3,JCHEW,8,6,0,1,1,6,0,0,0,0,8,6,0
KD-008-R3,Medical Lab Technician,1,0,0,1,0,0,0,0,0,0,1,0,0
KD-008-R3,Medical Records Officer,2,1,0,0,1,1,0,0,0,0,0,0,1
KD-008-R3,Pharmacy Technician,1,1,0,0,0,1,0,0,0,0,1,1,0
KD-008-R3,Environmental Health Officer,0,0,0,0,0,0,0,0,0,0,0,0,0
KD-008-R4,Medical Officer,2,2,0,0,0,1,0,0,0,1,0,0,1
KD-008-R4,Nurse/Midwife,5,3,1,1,0,3,0,0,0,0,4,3,0
KD-008-R4,CHO,2,2,0,0,0,2,0,0,0,0,2,2,0
KD-008-R4,CHEW,7,1,4,1,1,1,0,0,0,0,5,1,0
KD-008-R4,JCHEW,8,6,0,1,1,6,0,0,0,0,6,5,1
KD-008-R4,Medical Lab Technician,1,0,0,1,0,0,0,0,0,0,0,0,0
KD-008-R4,Medical Records Officer,2,1,0,0,1,0,0,0,0,1,1,0,0
KD-008-R4,Pharmacy Technician,1,1,0,0,0,1,0,0,0,0,1,1,0
KD-008-R4,Environmental Health Officer,0,0,0,0,0,0,0,0,0,0,0,0,0
KD-008-R5,Medical Officer,2,2,0,0,0,2,0,0,0,0,0,0,2
KD-008-R5,Nurse/Midwife,5,3,1,1,0,3,0,0,0,0,1,1,2
KD-008-R5,CHO,2,2,0,0,0,2,0,0,0,0,0,0,2
KD-008-R5,CHEW,7,1,4,1,1,1,0,0,0,0,4,1,0
KD-008-R5,JCHEW,8,6,0,1,1,6,0,0,0,0,5,3,3
KD-008-R5,Medical Lab Technician,1,0,0,1,0,0,0,0,0,0,1,0,0
KD-008-R5,Medical Records Officer,2,1,0,0,1,1,0,0,0,0,2,1,0
KD-008-R5,Pharmacy Technician,1,1,0,0,0,1,0,0,0,0,1,1,0
KD-008-R5,Environmental Health Officer,0,0,0,0,0,0,0,0,0,0,0,0,0
KD-008-R6,Medical Officer,2,2,0,0,0,2,0,0,0,0,2,2,0
KD-008-R6,Nurse/Midwife,5,3,1,1,0,3,0,0,0,0,5,3,0
KD-008-R6,CHO,2,2,0,0,0,2,0,0,0,0,1,1,1
KD-008-R6,CHEW,7,1,4,1,1,1,0,0,0,0,7,1,0
KD-008-R6,JCHEW,8,6,0,1,1,6,0,0,0,0,7,5,1
KD-008-R6,Medical Lab Technician,1,0,0,1,0,0,0,0,0,0,1,0,0
KD-008-R6,Medical Records Officer,2,1,0,0,1,1,0,0,0,0,1,1,0
KD-008-R6,Pharmacy Technician,1,1,0,0,0,1,0,0,0,0,0,0,1
KD-008-R6,Environmental Health Officer,0,0,0,0,0,0,0,0,0,0,0,0,0
KD-009-R1,Medical Officer,0,0,0,0,0,0,0,0,0,0,0,0,0
KD-009-R1,Nurse/Midwife,2,2,0,0,0,2,0,0,0,0,1,1,1
KD-009-R1,CHO,0,0,0,0,0,0,0,0,0,0,0,0,0
KD-009-R1,CHEW,7,6,0,0,1,5,0,0,0,1,4,4,1
KD-009-R1,JCHEW,5,5,0,0,0,4,0,0,0,1,4,4,0
KD-009-R1,Medical Lab Technician,2,2,0,0,0,2,0,0,0,0,2,2,0
KD-009-R1,Medical Records Officer,1,1,0,0,0,1,0,0,0,0,0,0,1
KD-009-R1,Pharmacy Technician,1,0,0,1,0,0,0,0,0,0,1,0,0
KD-009-R1,Environmental Health Officer,0,0,0,0,0,0,0,0,0,0,0,0,0
KD-009-R2,Medical Officer,0,0,0,0,0,0,0,0,0,0,0,0,0
KD-009-R2,Nurse/Midwife,2,2,0,0,0,2,0,0,0,0,2,2,0
KD-009-R2,CHO,0,0,0,0,0,0,0,0,0,0,0,0,0
KD-009-R2,CHEW,7,6,0,0,1,5,0,0,1,0,4,4,1
KD-009-R2,JCHEW,5,5,0,0,0,5,0,0,0,0,3,3,2
KD-009-R2,Medical Lab Technician,2,2,0,0,0,1,0,0,0,1,0,0,1
KD-009-R2,Medical Records Officer,1,1,0,0,0,1,0,0,0,0,1,1,0
KD-009-R2,Pharmacy Technician,1,0,0,1,0,0,0,0,0,0,0,0,0
KD-009-R2,Environmental Health Officer,0,0,0,0,0,0,0,0,0,0,0,0,0
KD-009-R3,Medical Officer,0,0,0,0,0,0,0,0,0,0,0,0,0
KD-009-R3,Nurse/Midwife,2,2,0,0,0,2,0,0,0,0,1,1,1
KD-009-R3,CHO,0,0,0,0,0,0,0,0,0,0,0,0,0
KD-009-R3,CHEW,7,6,0,0,1,5,0,0,1,0,6,5,0
KD-009-R3,JCHEW,5,5,0,0,0,5,0,0,0,0,5,5,0
KD-009-R3,Medical Lab Technician,2,2,0,0,0,2,0,0,0,0,2,2,0
KD-009-R3,Medical Records Officer,1,1,0,0,0,1,0,0,0,0,1,1,0
KD-009-R3,Pharmacy Technician,1,0,0,1,0,0,0,0,0,0,0,0,0
KD-009-R3,Environmental Health Officer,0,0,0,0,0,0,0,0,0,0,0,0,0
KD-009-R4,Medical Officer,0,0,0,0,0,0,0,0,0,0,0,0,0
KD-009-R4,Nurse/Midwife,2,2,0,0,0,2,0,0,0,0,1,1,1
KD-009-R4,CHO,0,0,0,0,0,0,0,0,0,0,0,0,0
KD-009-R4,CHEW,7,6,0,0,1,6,0,0,0,0,7,6,0
KD-009-R4,JCHEW,5,5,0,0,0,5,0,0,0,0,4,4,1
KD-009-R4,Medical Lab Technician,2,2,0,0,0,2,0,0,0,0,1,1,1
KD-009-R4,Medical Records Officer,1,1,0,0,0,1,0,0,0,0,1,1,0
KD-009-R4,Pharmacy Technician,1,0,0,1,0,0,0,0,0,0,1,0,0
KD-009-R4,Environmental Health Officer,0,0,0,0,0,0,0,0,0,0,0,0,0
KD-009-R5,Medical Officer,0,0,0,0,0,0,0,0,0,0,0,0,0
KD-009-R5,Nurse/Midwife,2,2,0,0,0,2,0,0,0,0,0,0,2
KD-009-R5,CHO,0,0,0,0,0,0,0,0,0,0,0,0,0
KD-009-R5,CHEW,7,6,0,0,1,6,0,0,0,0,3,3,3
KD-009-R5,JCHEW,5,5,0,0,0,3,0,0,1,1,2,2,1
KD-009-R5,Medical Lab Technician,2,2,0,0,0,1,0,0,1,0,0,0,1
KD-009-R5,Medical Records Officer,1,1,0,0,0,1,0,0,0,0,1,1,0
KD-009-R5,Pharmacy Technician,1,0,0,1,0,0,0,0,0,0,1,0,0
KD-009-R5,Environmental Health Officer,0,0,0,0,0,0,0,0,0,0,0,0,0
KD-009-R6,Medical Officer,0,0,0,0,0,0,0,0,0,0,0,0,0
KD-009-R6,Nurse/Midwife,2,2,0,0,0,2,0,0,0,0,2,2,0
KD-009-R6,CHO,0,0,0,0,0,0,0,0,0,0,0,0,0
KD-009-R6,CHEW,7,6,0,0,1,6,0,0,0,0,5,4,2
KD-009-R6,JCHEW,5,5,0,0,0,5,0,0,0,0,3,3,2
KD-009-R6,Medical Lab Technician,2,2,0,0,0,2,0,0,0,0,1,1,1
KD-009-R6,Medical Records Officer,1,1,0,0,0,1,0,0,0,0,1,1,0
KD-009-R6,Pharmacy Technician,1,0,0,1,0,0,0,0,0,0,0,0,0
KD-009-R6,Environmental Health Officer,0,0,0,0,0,0,0,0,0,0,0,0,0
KD-010-R1,Medical Officer,4,4,0,0,0,2,1,1,0,0,4,4,0
KD-010-R1,Nurse/Midwife,25,20,5,0,0,7,4,3,5,1,15,13,1
KD-010-R1,CHO,1,1,0,0,0,1,0,0,0,0,1,1,0
KD-010-R1,CHEW,3,1,0,1,1,1,0,0,0,0,3,1,0
KD-010-R1,JCHEW,9,6,1,1,1,3,1,1,1,0,7,5,0
KD-010-R1,Medical Lab Technician,11,10,0,1,0,5,2,2,0,1,9,8,1
KD-010-R1,Medical Records Officer,4,4,0,0,0,2,0,1,1,0,3,3,0
KD-010-R1,Pharmacy Technician,5,3,0,2,0,2,0,1,0,0,4,2,1
KD-010-R1,Environmental Health Officer,6,6,0,0,0,3,1,2,0,0,4,4,2
KD-010-R2,Medical Officer,4,4,0,0,0,2,0,0,1,1,1,1,1
KD-010-R2,Nurse/Midwife,25,20,5,0,0,7,4,3,3,3,14,11,3
KD-010-R2,CHO,1,1,0,0,0,1,0,0,0,0,0,0,1
KD-010-R2,CHEW,3,1,0,1,1,0,0,0,0,1,1,0,0
KD-010-R2,JCHEW,9,6,1,1,1,2,1,1,2,0,5,2,2
KD-010-R2,Medical Lab Technician,11,10,0,1,0,4,2,2,2,0,9,8,0
KD-010-R2,Medical Records Officer,4,4,0,0,0,2,0,0,0,2,1,1,1
KD-010-R2,Pharmacy Technician,5,3,0,2,0,2,0,0,1,0,4,2,0
KD-010-R2,Environmental Health Officer,6,6,0,0,0,3,1,2,0,0,4,4,2
KD-010-R3,Medical Officer,4,4,0,0,0,1,0,0,3,0,1,1,0
KD-010-R3,Nurse/Midwife,25,20,5,0,0,8,4,4,3,1,15,10,6
KD-010-R3,CHO,1,1,0,0,0,1,0,0,0,0,1,1,0
KD-010-R3,CHEW,3,1,0,1,1,0,0,0,0,1,2,0,0
KD-010-R3,JCHEW,9,6,1,1,1,2,1,1,1,1,6,4,0
KD-010-R3,Medical Lab Technician,11,10,0,1,0,5,2,2,1,0,7,6,3
KD-010-R3,Medical Records Officer,4,4,0,0,0,2,1,1,0,0,4,4,0
KD-010-R3,Pharmacy Technician,5,3,0,2,0,2,0,1,0,0,5,3,0
KD-010-R3,Environmental Health Officer,6,6,0,0,0,3,1,2,0,0,5,5,1
KD-010-R4,Medical Officer,4,4,0,0,0,2,1,1,0,0,0,0,4
KD-010-R4,Nurse/Midwife,25,20,5,0,0,9,5,3,2,1,12,10,7
KD-010-R4,CHO,1,1,0,0,0,1,0,0,0,0,1,1,0
KD-010-R4,CHEW,3,1,0,1,1,1,0,0,0,0,2,1,0
KD-010-R4,JCHEW,9,6,1,1,1,2,1,1,2,0,4,3,1
KD-010-R4,Medical Lab Technician,11,10,0,1,0,5,3,2,0,0,8,7,3
KD-010-R4,Medical Records Officer,4,4,0,0,0,2,0,1,1,0,2,2,1
KD-010-R4,Pharmacy Technician,5,3,0,2,0,2,0,1,0,0,2,0,3
KD-010-R4,Environmental Health Officer,6,6,0,0,0,2,1,1,1,1,3,3,1
KD-010-R5,Medical Officer,4,4,0,0,0,2,1,1,0,0,4,4,0
KD-010-R5,Nurse/Midwife,25,20,5,0,0,9,5,4,2,0,13,10,8
KD-010-R5,CHO,1,1,0,0,0,1,0,0,0,0,0,0,1
KD-010-R5,CHEW,3,1,0,1,1,1,0,0,0,0,3,1,0
KD-010-R5,JCHEW,9,6,1,1,1,2,1,1,1,1,7,4,0
KD-010-R5,Medical Lab Technician,11,10,0,1,0,4,2,1,3,0,5,4,3
KD-010-R5,Medical Records Officer,4,4,0,0,0,2,0,0,1,1,2,2,0
KD-010-R5,Pharmacy Technician,5,3,0,2,0,2,0,1,0,0,4,3,0
KD-010-R5,Environmental Health Officer,6,6,0,0,0,3,1,2,0,0,5,5,1
KD-010-R6,Medical Officer,4,4,0,0,0,2,0,1,0,1,2,2,1
KD-010-R6,Nurse/Midwife,25,20,5,0,0,7,3,3,5,2,7,7,6
KD-010-R6,CHO,1,1,0,0,0,1,0,0,0,0,1,1,0
KD-010-R6,CHEW,3,1,0,1,1,1,0,0,0,0,1,1,0
KD-010-R6,JCHEW,9,6,1,1,1,2,1,1,1,1,4,3,1
KD-010-R6,Medical Lab Technician,11,10,0,1,0,5,3,2,0,0,6,5,5
KD-010-R6,Medical Records Officer,4,4,0,0,0,2,1,1,0,0,2,2,2
KD-010-R6,Pharmacy Technician,5,3,0,2,0,2,0,0,1,0,3,2,0
KD-010-R6,Environmental Health Officer,6,6,0,0,0,2,1,1,2,0,2,2,2
KD-011-R1,Medical Officer,0,0,0,0,0,0,0,0,0,0,0,0,0
KD-011-R1,Nurse/Midwife,2,1,0,0,1,1,0,0,0,0,1,1,0
KD-011-R1,CHO,1,0,1,0,0,0,0,0,0,0,1,0,0
KD-011-R1,CHEW,7,5,2,0,0,3,0,0,0,2,2,2,1
KD-011-R1,JCHEW,3,1,0,2,0,1,0,0,0,0,1,0,1
KD-011-R1,Medical Lab Technician,1,0,0,1,0,0,0,0,0,0,1,0,0
KD-011-R1,Medical Records Officer,0,0,0,0,0,0,0,0,0,0,0,0,0
KD-011-R1,Pharmacy Technician,2,1,0,1,0,0,0,0,1,0,1,0,0
KD-011-R1,Environmental Health Officer,1,0,1,0,0,0,0,0,0,0,0,0,0
KD-011-R2,Medical Officer,0,0,0,0,0,0,0,0,0,0,0,0,0
KD-011-R2,Nurse/Midwife,2,1,0,0,1,1,0,0,0,0,0,0,1
KD-011-R2,CHO,1,0,1,0,0,0,0,0,0,0,0,0,0
KD-011-R2,CHEW,7,5,2,0,0,5,0,0,0,0,1,1,4
KD-011-R2,JCHEW,3,1,0,2,0,1,0,0,0,0,1,0,1
KD-011-R2,Medical Lab Technician,1,0,0,1,0,0,0,0,0,0,1,0,0
KD-011-R2,Medical Records Officer,0,0,0,0,0,0,0,0,0,0,0,0,0
KD-011-R2,Pharmacy Technician,2,1,0,1,0,1,0,0,0,0,1,1,0
KD-011-R2,Environmental Health Officer,1,0,1,0,0,0,0,0,0,0,1,0,0
KD-011-R3,Medical Officer,0,0,0,0,0,0,0,0,0,0,0,0,0
KD-011-R3,Nurse/Midwife,2,1,0,0,1,1,0,0,0,0,2,1,0
KD-011-R3,CHO,1,0,1,0,0,0,0,0,0,0,1,0,0
KD-011-R3,CHEW,7,5,2,0,0,5,0,0,0,0,3,3,2
KD-011-R3,JCHEW,3,1,0,2,0,1,0,0,0,0,1,1,0
KD-011-R3,Medical Lab Technician,1,0,0,1,0,0,0,0,0,0,1,0,0
KD-011-R3,Medical Records Officer,0,0,0,0,0,0,0,0,0,0,0,0,0
KD-011-R3,Pharmacy Technician,2,1,0,1,0,1,0,0,0,0,1,1,0
KD-011-R3,Environmental Health Officer,1,0,1,0,0,0,0,0,0,0,1,0,0
KD-011-R4,Medical Officer,0,0,0,0,0,0,0,0,0,0,0,0,0
KD-011-R4,Nurse/Midwife,2,1,0,0,1,1,0,0,0,0,0,0,1
KD-011-R4,CHO,1,0,1,0,0,0,0,0,0,0,1,0,0
KD-011-R4,CHEW,7,5,2,0,0,4,0,0,1,0,4,3,1
KD-011-R4,JCHEW,3,1,0,2,0,1,0,0,0,0,2,0,1
KD-011-R4,Medical Lab Technician,1,0,0,1,0,0,0,0,0,0,0,0,0
KD-011-R4,Medical Records Officer,0,0,0,0,0,0,0,0,0,0,0,0,0
KD-011-R4,Pharmacy Technician,2,1,0,1,0,1,0,0,0,0,2,1,0
KD-011-R4,Environmental Health Officer,1,0,1,0,0,0,0,0,0,0,0,0,0
KD-011-R5,Medical Officer,0,0,0,0,0,0,0,0,0,0,0,0,0
KD-011-R5,Nurse/Midwife,2,1,0,0,1,1,0,0,0,0,2,1,0
KD-011-R5,CHO,1,0,1,0,0,0,0,0,0,0,0,0,0
KD-011-R5,CHEW,7,5,2,0,0,4,0,0,1,0,3,3,1
KD-011-R5,JCHEW,3,1,0,2,0,1,0,0,0,0,3,1,0
KD-011-R5,Medical Lab Technician,1,0,0,1,0,0,0,0,0,0,1,0,0
KD-011-R5,Medical Records Officer,0,0,0,0,0,0,0,0,0,0,0,0,0
KD-011-R5,Pharmacy Technician,2,1,0,1,0,0,0,0,1,0,1,0,0
KD-011-R5,Environmental Health Officer,1,0,1,0,0,0,0,0,0,0,1,0,0
KD-011-R6,Medical Officer,0,0,0,0,0,0,0,0,0,0,0,0,0
KD-011-R6,Nurse/Midwife,2,1,0,0,1,1,0,0,0,0,2,1,0
KD-011-R6,CHO,1,0,1,0,0,0,0,0,0,0,1,0,0
KD-011-R6,CHEW,7,5,2,0,0,4,0,0,1,0,5,4,0
KD-011-R6,JCHEW,3,1,0,2,0,1,0,0,0,0,3,1,0
KD-011-R6,Medical Lab Technician,1,0,0,1,0,0,0,0,0,0,1,0,0
KD-011-R6,Medical Records Officer,0,0,0,0,0,0,0,0,0,0,0,0,0
KD-011-R6,Pharmacy Technician,2,1,0,1,0,1,0,0,0,0,0,0,1
KD-011-R6,Environmental Health Officer,1,0,1,0,0,0,0,0,0,0,1,0,0
KD-012-R1,Medical Officer,1,1,0,0,0,1,0,0,0,0,1,1,0
KD-012-R1,Nurse/Midwife,6,3,1,2,0,2,0,1,0,0,6,3,0
KD-012-R1,CHO,1,1,0,0,0,1,0,0,0,0,0,0,1
KD-012-R1,CHEW,11,5,1,2,3,3,1,1,0,0,8,4,1
KD-012-R1,JCHEW,6,2,1,2,1,1,0,0,0,1,5,1,0
KD-012-R1,Medical Lab Technician,4,1,0,3,0,1,0,0,0,0,4,1,0
KD-012-R1,Medical Records Officer,4,1,0,0,3,1,0,0,0,0,2,1,0
KD-012-R1,Pharmacy Technician,1,0,1,0,0,0,0,0,0,0,0,0,0
KD-012-R1,Environmental Health Officer,0,0,0,0,0,0,0,0,0,0,0,0,0
KD-012-R2,Medical Officer,1,1,0,0,0,0,0,0,1,0,0,0,0
KD-012-R2,Nurse/Midwife,6,3,1,2,0,2,0,1,0,0,6,3,0
KD-012-R2,CHO,1,1,0,0,0,1,0,0,0,0,1,1,0
KD-012-R2,CHEW,11,5,1,2,3,3,1,1,0,0,7,3,2
KD-012-R2,JCHEW,6,2,1,2,1,2,0,0,0,0,5,2,0
KD-012-R2,Medical Lab Technician,4,1,0,3,0,1,0,0,0,0,3,1,0
KD-012-R2,Medical Records Officer,4,1,0,0,3,1,0,0,0,0,1,0,1
KD-012-R2,Pharmacy Technician,1,0,1,0,0,0,0,0,0,0,0,0,0
KD-012-R2,Environmental Health Officer,0,0,0,0,0,0,0,0,0,0,0,0,0
KD-012-R3,Medical Officer,1,1,0,0,0,1,0,0,0,0,0,0,1
KD-012-R3,Nurse/Midwife,6,3,1,2,0,2,0,1,0,0,3,2,1
KD-012-R3,CHO,1,1,0,0,0,0,0,0,1,0,0,0,0
KD-012-R3,CHEW,11,5,1,2,3,3,1,1,0,0,3,1,4
KD-012-R3,JCHEW,6,2,1,2,1,2,0,0,0,0,3,0,2
KD-012-R3,Medical Lab Technician,4,1,0,3,0,1,0,0,0,0,1,0,1
KD-012-R3,Medical Records Officer,4,1,0,0,3,0,0,0,1,0,1,0,0
KD-012-R3,Pharmacy Technician,1,0,1,0,0,0,0,0,0,0,0,0,0
KD-012-R3,Environmental Health Officer,0,0,0,0,0,0,0,0,0,0,0,0,0
KD-012-R4,Medical Officer,1,1,0,0,0,0,0,0,1,0,0,0,0
KD-012-R4,Nurse/Midwife,6,3,1,2,0,2,0,0,0,1,4,2,0
KD-012-R4,CHO,1,1,0,0,0,0,0,0,1,0,0,0,0
KD-012-R4,CHEW,11,5,1,2,3,2,0,1,2,0,3,1,2
KD-012-R4,JCHEW,6,2,1,2,1,2,0,0,0,0,5,2,0
KD-012-R4,Medical Lab Technician,4,1,0,3,0,1,0,0,0,0,0,0,1
KD-012-R4,Medical Records Officer,4,1,0,0,3,1,0,0,0,0,2,1,0
KD-012-R4,Pharmacy Technician,1,0,1,0,0,0,0,0,0,0,0,0,0
KD-012-R4,Environmental Health Officer,0,0,0,0,0,0,0,0,0,0,0,0,0
KD-012-R5,Medical Officer,1,1,0,0,0,1,0,0,0,0,0,0,1
KD-012-R5,Nurse/Midwife,6,3,1,2,0,2,0,1,0,0,4,3,0
KD-012-R5,CHO,1,1,0,0,0,1,0,0,0,0,1,1,0
KD-012-R5,CHEW,11,5,1,2,3,3,1,1,0,0,7,3,2
KD-012-R5,JCHEW,6,2,1,2,1,2,0,0,0,0,3,1,1
KD-012-R5,Medical Lab Technician,4,1,0,3,0,1,0,0,0,0,4,1,0
KD-012-R5,Medical Records Officer,4,1,0,0,3,0,0,0,0,1,2,0,0
KD-012-R5,Pharmacy Technician,1,0,1,0,0,0,0,0,0,0,0,0,0
KD-012-R5,Environmental Health Officer,0,0,0,0,0,0,0,0,0,0,0,0,0
KD-012-R6,Medical Officer,1,1,0,0,0,1,0,0,0,0,1,1,0
KD-012-R6,Nurse/Midwife,6,3,1,2,0,0,0,0,2,1,1,0,0
KD-012-R6,CHO,1,1,0,0,0,1,0,0,0,0,1,1,0
KD-012-R6,CHEW,11,5,1,2,3,2,1,1,1,0,9,4,0
KD-012-R6,JCHEW,6,2,1,2,1,2,0,0,0,0,4,2,0
KD-012-R6,Medical Lab Technician,4,1,0,3,0,1,0,0,0,0,2,1,0
KD-012-R6,Medical Records Officer,4,1,0,0,3,1,0,0,0,0,3,0,1
KD-012-R6,Pharmacy Technician,1,0,1,0,0,0,0,0,0,0,1,0,0
KD-012-R6,Environmental Health Officer,0,0,0,0,0,0,0,0,0,0,0,0,0
KD-013-R1,Medical Officer,0,0,0,0,0,0,0,0,0,0,0,0,0
KD-013-R1,Nurse/Midwife,3,3,0,0,0,2,0,1,0,0,1,1,2
KD-013-R1,CHO,3,2,1,0,0,2,0,0,0,0,2,1,1
KD-013-R1,CHEW,11,7,2,1,1,4,2,1,0,0,8,5,2
KD-013-R1,JCHEW,6,4,0,1,1,2,0,1,1,0,5,3,0
KD-013-R1,Medical Lab Technician,0,0,0,0,0,0,0,0,0,0,0,0,0
KD-013-R1,Medical Records Officer,0,0,0,0,0,0,0,0,0,0,0,0,0
KD-013-R1,Pharmacy Technician,0,0,0,0,0,0,0,0,0,0,0,0,0
KD-013-R1,Environmental Health Officer,0,0,0,0,0,0,0,0,0,0,0,0,0
KD-013-R2,Medical Officer,0,0,0,0,0,0,0,0,0,0,0,0,0
KD-013-R2,Nurse/Midwife,3,3,0,0,0,2,0,1,0,0,2,2,1
KD-013-R2,CHO,3,2,1,0,0,2,0,0,0,0,3,2,0
KD-013-R2,CHEW,11,7,2,1,1,3,1,2,1,0,6,5,1
KD-013-R2,JCHEW,6,4,0,1,1,2,0,1,1,0,3,2,1
KD-013-R2,Medical Lab Technician,0,0,0,0,0,0,0,0,0,0,0,0,0
KD-013-R2,Medical Records Officer,0,0,0,0,0,0,0,0,0,0,0,0,0
KD-013-R2,Pharmacy Technician,0,0,0,0,0,0,0,0,0,0,0,0,0
KD-013-R2,Environmental Health Officer,0,0,0,0,0,0,0,0,0,0,0,0,0
KD-013-R3,Medical Officer,0,0,0,0,0,0,0,0,0,0,0,0,0
KD-013-R3,Nurse/Midwife,3,3,0,0,0,2,0,1,0,0,3,3,0
KD-013-R3,CHO,3,2,1,0,0,2,0,0,0,0,2,2,0
KD-013-R3,CHEW,11,7,2,1,1,3,1,2,1,0,10,6,0
KD-013-R3,JCHEW,6,4,0,1,1,2,1,1,0,0,5,3,1
KD-013-R3,Medical Lab Technician,0,0,0,0,0,0,0,0,0,0,0,0,0
KD-013-R3,Medical Records Officer,0,0,0,0,0,0,0,0,0,0,0,0,0
KD-013-R3,Pharmacy Technician,0,0,0,0,0,0,0,0,0,0,0,0,0
KD-013-R3,Environmental Health Officer,0,0,0,0,0,0,0,0,0,0,0,0,0
KD-013-R4,Medical Officer,0,0,0,0,0,0,0,0,0,0,0,0,0
KD-013-R4,Nurse/Midwife,3,3,0,0,0,2,0,0,1,0,2,2,0
KD-013-R4,CHO,3,2,1,0,0,2,0,0,0,0,1,1,1
KD-013-R4,CHEW,11,7,2,1,1,3,1,1,0,2,6,4,1
KD-013-R4,JCHEW,6,4,0,1,1,2,1,1,0,0,4,3,1
KD-013-R4,Medical Lab Technician,0,0,0,0,0,0,0,0,0,0,0,0,0
KD-013-R4,Medical Records Officer,0,0,0,0,0,0,0,0,0,0,0,0,0
KD-013-R4,Pharmacy Technician,0,0,0,0,0,0,0,0,0,0,0,0,0
KD-013-R4,Environmental Health Officer,0,0,0,0,0,0,0,0,0,0,0,0,0
KD-013-R5,Medical Officer,0,0,0,0,0,0,0,0,0,0,0,0,0
KD-013-R5,Nurse/Midwife,3,3,0,0,0,2,0,0,1,0,0,0,2
KD-013-R5,CHO,3,2,1,0,0,0,0,0,0,2,1,0,0
KD-013-R5,CHEW,11,7,2,1,1,4,2,1,0,0,7,5,2
KD-013-R5,JCHEW,6,4,0,1,1,2,1,1,0,0,4,3,1
KD-013-R5,Medical Lab Technician,0,0,0,0,0,0,0,0,0,0,0,0,0
KD-013-R5,Medical Records Officer,0,0,0,0,0,0,0,0,0,0,0,0,0
KD-013-R5,Pharmacy Technician,0,0,0,0,0,0,0,0,0,0,0,0,0
KD-013-R5,Environmental Health Officer,0,0,0,0,0,0,0,0,0,0,0,0,0
KD-013-R6,Medical Officer,0,0,0,0,0,0,0,0,0,0,0,0,0
KD-013-R6,Nurse/Midwife,3,3,0,0,0,2,0,1,0,0,2,2,1
KD-013-R6,CHO,3,2,1,0,0,2,0,0,0,0,2,1,1
KD-013-R6,CHEW,11,7,2,1,1,4,2,1,0,0,6,5,2
KD-013-R6,JCHEW,6,4,0,1,1,2,0,1,1,0,2,1,2
KD-013-R6,Medical Lab Technician,0,0,0,0,0,0,0,0,0,0,0,0,0
KD-013-R6,Medical Records Officer,0,0,0,0,0,0,0,0,0,0,0,0,0
KD-013-R6,Pharmacy Technician,0,0,0,0,0,0,0,0,0,0,0,0,0
KD-013-R6,Environmental Health Officer,0,0,0,0,0,0,0,0,0,0,0,0,0
KD-014-R1,Medical Officer,0,0,0,0,0,0,0,0,0,0,0,0,0
KD-014-R1,Nurse/Midwife,6,6,0,0,0,6,0,0,0,0,5,5,1
KD-014-R1,CHO,2,1,0,0,1,1,0,0,0,0,1,1,0
KD-014-R1,CHEW,11,6,2,0,3,5,0,0,1,0,8,5,0
KD-014-R1,JCHEW,7,3,1,1,2,3,0,0,0,0,5,3,0
KD-014-R1,Medical Lab Technician,1,0,0,0,1,0,0,0,0,0,1,0,0
KD-014-R1,Medical Records Officer,4,3,0,0,1,2,0,0,0,1,3,2,0
KD-014-R1,Pharmacy Technician,1,1,0,0,0,1,0,0,0,0,1,1,0
KD-014-R1,Environmental Health Officer,0,0,0,0,0,0,0,0,0,0,0,0,0
KD-014-R2,Medical Officer,0,0,0,0,0,0,0,0,0,0,0,0,0
KD-014-R2,Nurse/Midwife,6,6,0,0,0,6,0,0,0,0,3,3,3
KD-014-R2,CHO,2,1,0,0,1,1,0,0,0,0,1,1,0
KD-014-R2,CHEW,11,6,2,0,3,6,0,0,0,0,8,5,1
KD-014-R2,JCHEW,7,3,1,1,2,3,0,0,0,0,7,3,0
KD-014-R2,Medical Lab Technician,1,0,0,0,1,0,0,0,0,0,1,0,0
KD-014-R2,Medical Records Officer,4,3,0,0,1,3,0,0,0,0,4,3,0
KD-014-R2,Pharmacy Technician,1,1,0,0,0,1,0,0,0,0,0,0,1
KD-014-R2,Environmental Health Officer,0,0,0,0,0,0,0,0,0,0,0,0,0
KD-014-R3,Medical Officer,0,0,0,0,0,0,0,0,0,0,0,0,0
KD-014-R3,Nurse/Midwife,6,6,0,0,0,5,0,0,0,1,2,2,3
KD-014-R3,CHO,2,1,0,0,1,1,0,0,0,0,1,1,0
KD-014-R3,CHEW,11,6,2,0,3,5,0,0,0,1,2,1,4
KD-014-R3,JCHEW,7,3,1,1,2,3,0,0,0,0,3,2,1
KD-014-R3,Medical Lab Technician,1,0,0,0,1,0,0,0,0,0,1,0,0
KD-014-R3,Medical Records Officer,4,3,0,0,1,2,0,0,1,0,0,0,2
KD-014-R3,Pharmacy Technician,1,1,0,0,0,1,0,0,0,0,1,1,0
KD-014-R3,Environmental Health Officer,0,0,0,0,0,0,0,0,0,0,0,0,0
KD-014-R4,Medical Officer,0,0,0,0,0,0,0,0,0,0,0,0,0
KD-014-R4,Nurse/Midwife,6,6,0,0,0,5,0,0,1,0,2,2,3
KD-014-R4,CHO,2,1,0,0,1,1,0,0,0,0,1,1,0
KD-014-R4,CHEW,11,6,2,0,3,5,0,0,1,0,4,2,3
KD-014-R4,JCHEW,7,3,1,1,2,3,0,0,0,0,0,0,3
KD-014-R4,Medical Lab Technician,1,0,0,0,1,0,0,0,0,0,0,0,0
KD-014-R4,Medical Records Officer,4,3,0,0,1,3,0,0,0,0,2,2,1
KD-014-R4,Pharmacy Technician,1,1,0,0,0,1,0,0,0,0,1,1,0
KD-014-R4,Environmental Health Officer,0,0,0,0,0,0,0,0,0,0,0,0,0
KD-014-R5,Medical Officer,0,0,0,0,0,0,0,0,0,0,0,0,0
KD-014-R5,Nurse/Midwife,6,6,0,0,0,6,0,0,0,0,4,4,2
KD-014-R5,CHO,2,1,0,0,1,1,0,0,0,0,1,0,1
KD-014-R5,CHEW,11,6,2,0,3,6,0,0,0,0,5,2,4
KD-014-R5,JCHEW,7,3,1,1,2,3,0,0,0,0,4,2,1
KD-014-R5,Medical Lab Technician,1,0,0,0,1,0,0,0,0,0,0,0,0
KD-014-R5,Medical Records Officer,4,3,0,0,1,3,0,0,0,0,1,1,2
KD-014-R5,Pharmacy Technician,1,1,0,0,0,1,0,0,0,0,1,1,0
KD-014-R5,Environmental Health Officer,0,0,0,0,0,0,0,0,0,0,0,0,0
KD-014-R6,Medical Officer,0,0,0,0,0,0,0,0,0,0,0,0,0
KD-014-R6,Nurse/Midwife,6,6,0,0,0,6,0,0,0,0,4,4,2
KD-014-R6,CHO,2,1,0,0,1,1,0,0,0,0,1,0,1
KD-014-R6,CHEW,11,6,2,0,3,6,0,0,0,0,9,5,1
KD-014-R6,JCHEW,7,3,1,1,2,3,0,0,0,0,5,2,1
KD-014-R6,Medical Lab Technician,1,0,0,0,1,0,0,0,0,0,0,0,0
KD-014-R6,Medical Records Officer,4,3,0,0,1,3,0,0,0,0,1,1,2
KD-014-R6,Pharmacy Technician,1,1,0,0,0,1,0,0,0,0,0,0,1
KD-014-R6,Environmental Health Officer,0,0,0,0,0,0,0,0,0,0,0,0,0
KD-015-R1,Medical Officer,0,0,0,0,0,0,0,0,0,0,0,0,0
KD-015-R1,Nurse/Midwife,6,4,1,1,0,4,0,0,0,0,6,4,0
KD-015-R1,CHO,1,1,0,0,0,1,0,0,0,0,0,0,1
KD-015-R1,CHEW,9,6,2,0,1,5,0,0,0,1,5,3,2
KD-015-R1,JCHEW,7,4,3,0,0,4,0,0,0,0,4,2,2
KD-015-R1,Medical Lab Technician,1,0,0,1,0,0,0,0,0,0,1,0,0
KD-015-R1,Medical Records Officer,2,2,0,0,0,2,0,0,0,0,2,2,0
KD-015-R1,Pharmacy Technician,0,0,0,0,0,0,0,0,0,0,0,0,0
KD-015-R1,Environmental Health Officer,0,0,0,0,0,0,0,0,0,0,0,0,0
KD-015-R2,Medical Officer,0,0,0,0,0,0,0,0,0,0,0,0,0
KD-015-R2,Nurse/Midwife,6,4,1,1,0,4,0,0,0,0,4,3,1
KD-015-R2,CHO,1,1,0,0,0,1,0,0,0,0,1,1,0
KD-015-R2,CHEW,9,6,2,0,1,6,0,0,0,0,8,5,1
KD-015-R2,JCHEW,7,4,3,0,0,3,0,0,1,0,5,2,1
KD-015-R2,Medical Lab Technician,1,0,0,1,0,0,0,0,0,0,1,0,0
KD-015-R2,Medical Records Officer,2,2,0,0,0,2,0,0,0,0,2,2,0
KD-015-R2,Pharmacy Technician,0,0,0,0,0,0,0,0,0,0,0,0,0
KD-015-R2,Environmental Health Officer,0,0,0,0,0,0,0,0,0,0,0,0,0
KD-015-R3,Medical Officer,0,0,0,0,0,0,0,0,0,0,0,0,0
KD-015-R3,Nurse/Midwife,6,4,1,1,0,4,0,0,0,0,5,4,0
KD-015-R3,CHO,1,1,0,0,0,1,0,0,0,0,1,1,0
KD-015-R3,CHEW,9,6,2,0,1,5,0,0,0,1,4,3,2
KD-015-R3,JCHEW,7,4,3,0,0,4,0,0,0,0,5,4,0
KD-015-R3,Medical Lab Technician,1,0,0,1,0,0,0,0,0,0,1,0,0
KD-015-R3,Medical Records Officer,2,2,0,0,0,2,0,0,0,0,1,1,1
KD-015-R3,Pharmacy Technician,0,0,0,0,0,0,0,0,0,0,0,0,0
KD-015-R3,Environmental Health Officer,0,0,0,0,0,0,0,0,0,0,0,0,0
KD-015-R4,Medical Officer,0,0,0,0,0,0,0,0,0,0,0,0,0
KD-015-R4,Nurse/Midwife,6,4,1,1,0,3,0,0,0,1,3,1,2
KD-015-R4,CHO,1,1,0,0,0,1,0,0,0,0,1,1,0
KD-015-R4,CHEW,9,6,2,0,1,6,0,0,0,0,4,4,2
KD-015-R4,JCHEW,7,4,3,0,0,4,0,0,0,0,4,3,1
KD-015-R4,Medical Lab Technician,1,0,0,1,0,0,0,0,0,0,1,0,0
KD-015-R4,Medical Records Officer,2,2,0,0,0,2,0,0,0,0,0,0,2
KD-015-R4,Pharmacy Technician,0,0,0,0,0,0,0,0,0,0,0,0,0
KD-015-R4,Environmental Health Officer,0,0,0,0,0,0,0,0,0,0,0,0,0
KD-015-R5,Medical Officer,0,0,0,0,0,0,0,0,0,0,0,0,0
KD-015-R5,Nurse/Midwife,6,4,1,1,0,4,0,0,0,0,5,4,0
KD-015-R5,CHO,1,1,0,0,0,1,0,0,0,0,1,1,0
KD-015-R5,CHEW,9,6,2,0,1,6,0,0,0,0,7,6,0
KD-015-R5,JCHEW,7,4,3,0,0,4,0,0,0,0,5,3,1
KD-015-R5,Medical Lab Technician,1,0,0,1,0,0,0,0,0,0,1,0,0
KD-015-R5,Medical Records Officer,2,2,0,0,0,2,0,0,0,0,1,1,1
KD-015-R5,Pharmacy Technician,0,0,0,0,0,0,0,0,0,0,0,0,0
KD-015-R5,Environmental Health Officer,0,0,0,0,0,0,0,0,0,0,0,0,0
KD-015-R6,Medical Officer,0,0,0,0,0,0,0,0,0,0,0,0,0
KD-015-R6,Nurse/Midwife,6,4,1,1,0,3,0,0,0,1,2,1,2
KD-015-R6,CHO,1,1,0,0,0,1,0,0,0,0,1,1,0
KD-015-R6,CHEW,9,6,2,0,1,6,0,0,0,0,5,4,2
KD-015-R6,JCHEW,7,4,3,0,0,4,0,0,0,0,1,1,3
KD-015-R6,Medical Lab Technician,1,0,0,1,0,0,0,0,0,0,1,0,0
KD-015-R6,Medical Records Officer,2,2,0,0,0,2,0,0,0,0,2,2,0
KD-015-R6,Pharmacy Technician,0,0,0,0,0,0,0,0,0,0,0,0,0
KD-015-R6,Environmental Health Officer,0,0,0,0,0,0,0,0,0,0,0,0,0
KD-016-R1,Medical Officer,10,10,0,0,0,5,2,2,0,1,5,5,4
KD-016-R1,Nurse/Midwife,24,18,6,0,0,8,4,4,2,0,13,9,7
KD-016-R1,CHO,2,2,0,0,0,2,0,0,0,0,1,1,1
KD-016-R1,CHEW,6,3,3,0,0,2,0,1,0,0,5,3,0
KD-016-R1,JCHEW,5,3,1,0,1,2,0,0,1,0,3,1,1
KD-016-R1,Medical Lab Technician,3,3,0,0,0,2,0,0,0,1,1,1,1
KD-016-R1,Medical Records Officer,4,3,0,0,1,2,0,1,0,0,3,3,0
KD-016-R1,Pharmacy Technician,2,1,0,1,0,1,0,0,0,0,2,1,0
KD-016-R1,Environmental Health Officer,0,0,0,0,0,0,0,0,0,0,0,0,0
KD-016-R2,Medical Officer,10,10,0,0,0,4,2,1,3,0,4,4,3
KD-016-R2,Nurse/Midwife,24,18,6,0,0,9,5,3,0,1,3,2,15
KD-016-R2,CHO,2,2,0,0,0,2,0,0,0,0,1,1,1
KD-016-R2,CHEW,6,3,3,0,0,2,0,0,1,0,4,2,0
KD-016-R2,JCHEW,5,3,1,0,1,2,0,1,0,0,2,2,1
KD-016-R2,Medical Lab Technician,3,3,0,0,0,2,0,1,0,0,1,1,2
KD-016-R2,Medical Records Officer,4,3,0,0,1,2,0,0,1,0,0,0,2
KD-016-R2,Pharmacy Technician,2,1,0,1,0,1,0,0,0,0,0,0,1
KD-016-R2,Environmental Health Officer,0,0,0,0,0,0,0,0,0,0,0,0,0
KD-016-R3,Medical Officer,10,10,0,0,0,4,2,2,2,0,4,4,4
KD-016-R3,Nurse/Midwife,24,18,6,0,0,8,4,4,1,1,9,9,7
KD-016-R3,CHO,2,2,0,0,0,2,0,0,0,0,1,1,1
KD-016-R3,CHEW,6,3,3,0,0,2,0,1,0,0,1,1,2
KD-016-R3,JCHEW,5,3,1,0,1,2,0,1,0,0,1,0,3
KD-016-R3,Medical Lab Technician,3,3,0,0,0,2,0,0,0,1,1,1,1
KD-016-R3,Medical Records Officer,4,3,0,0,1,2,0,0,1,0,2,1,1
KD-016-R3,Pharmacy Technician,2,1,0,1,0,1,0,0,0,0,0,0,1
KD-016-R3,Environmental Health Officer,0,0,0,0,0,0,0,0,0,0,0,0,0
KD-016-R4,Medical Officer,10,10,0,0,0,5,2,2,1,0,4,4,5
KD-016-R4,Nurse/Midwife,24,18,6,0,0,8,4,3,1,2,11,8,7
KD-016-R4,CHO,2,2,0,0,0,2,0,0,0,0,1,1,1
KD-016-R4,CHEW,6,3,3,0,0,2,0,0,0,1,2,1,1
KD-016-R4,JCHEW,5,3,1,0,1,2,0,1,0,0,1,1,2
KD-016-R4,Medical Lab Technician,3,3,0,0,0,2,0,1,0,0,2,2,1
KD-016-R4,Medical Records Officer,4,3,0,0,1,2,0,0,0,1,2,1,1
KD-016-R4,Pharmacy Technician,2,1,0,1,0,1,0,0,0,0,1,1,0
KD-016-R4,Environmental Health Officer,0,0,0,0,0,0,0,0,0,0,0,0,0
KD-016-R5,Medical Officer,10,10,0,0,0,4,2,1,2,1,5,5,2
KD-016-R5,Nurse/Midwife,24,18,6,0,0,8,4,4,2,0,13,9,7
KD-016-R5,CHO,2,2,0,0,0,1,0,0,1,0,0,0,1
KD-016-R5,CHEW,6,3,3,0,0,2,0,1,0,0,5,3,0
KD-016-R5,JCHEW,5,3,1,0,1,2,0,1,0,0,4,3,0
KD-016-R5,Medical Lab Technician,3,3,0,0,0,2,0,1,0,0,2,2,1
KD-016-R5,Medical Records Officer,4,3,0,0,1,2,0,0,0,1,3,2,0
KD-016-R5,Pharmacy Technician,2,1,0,1,0,1,0,0,0,0,2,1,0
KD-016-R5,Environmental Health Officer,0,0,0,0,0,0,0,0,0,0,0,0,0
KD-016-R6,Medical Officer,10,10,0,0,0,3,1,2,2,2,4,4,2
KD-016-R6,Nurse/Midwife,24,18,6,0,0,7,3,3,5,0,15,12,1
KD-016-R6,CHO,2,2,0,0,0,2,0,0,0,0,1,1,1
KD-016-R6,CHEW,6,3,3,0,0,2,0,1,0,0,4,2,1
KD-016-R6,JCHEW,5,3,1,0,1,2,0,0,1,0,2,1,1
KD-016-R6,Medical Lab Technician,3,3,0,0,0,2,0,1,0,0,2,2,1
KD-016-R6,Medical Records Officer,4,3,0,0,1,2,0,0,1,0,2,1,1
KD-016-R6,Pharmacy Technician,2,1,0,1,0,0,0,0,0,1,1,0,0
KD-016-R6,Environmental Health Officer,0,0,0,0,0,0,0,0,0,0,0,0,0
KD-017-R1,Medical Officer,1,0,0,0,1,0,0,0,0,0,0,0,0
KD-017-R1,Nurse/Midwife,1,1,0,0,0,1,0,0,0,0,0,0,1
KD-017-R1,CHO,4,3,0,0,1,2,0,0,0,1,1,1,1
KD-017-R1,CHEW,4,3,0,0,1,3,0,0,0,0,3,2,1
KD-017-R1,JCHEW,8,3,2,0,3,2,0,0,0,1,4,2,0
KD-017-R1,Medical Lab Technician,6,5,0,0,1,5,0,0,0,0,6,5,0
KD-017-R1,Medical Records Officer,2,1,0,0,1,1,0,0,0,0,2,1,0
KD-017-R1,Pharmacy Technician,2,2,0,0,0,2,0,0,0,0,1,1,1
KD-017-R1,Environmental Health Officer,1,1,0,0,0,1,0,0,0,0,0,0,1
KD-017-R2,Medical Officer,1,0,0,0,1,0,0,0,0,0,1,0,0
KD-017-R2,Nurse/Midwife,1,1,0,0,0,1,0,0,0,0,1,1,0
KD-017-R2,CHO,4,3,0,0,1,3,0,0,0,0,2,1,2
KD-017-R2,CHEW,4,3,0,0,1,3,0,0,0,0,4,3,0
KD-017-R2,JCHEW,8,3,2,0,3,3,0,0,0,0,6,2,1
KD-017-R2,Medical Lab Technician,6,5,0,0,1,5,0,0,0,0,3,3,2
KD-017-R2,Medical Records Officer,2,1,0,0,1,1,0,0,0,0,1,1,0
KD-017-R2,Pharmacy Technician,2,2,0,0,0,2,0,0,0,0,1,1,1
KD-017-R2,Environmental Health Officer,1,1,0,0,0,1,0,0,0,0,0,0,1
KD-017-R3,Medical Officer,1,0,0,0,1,0,0,0,0,0,1,0,0
KD-017-R3,Nurse/Midwife,1,1,0,0,0,1,0,0,0,0,0,0,1
KD-017-R3,CHO,4,3,0,0,1,3,0,0,0,0,3,2,1
KD-017-R3,CHEW,4,3,0,0,1,3,0,0,0,0,1,1,2
KD-017-R3,JCHEW,8,3,2,0,3,3,0,0,0,0,6,2,1
KD-017-R3,Medical Lab Technician,6,5,0,0,1,5,0,0,0,0,1,1,4
KD-017-R3,Medical Records Officer,2,1,0,0,1,1,0,0,0,0,2,1,0
KD-017-R3,Pharmacy Technician,2,2,0,0,0,2,0,0,0,0,2,2,0
KD-017-R3,Environmental Health Officer,1,1,0,0,0,1,0,0,0,0,1,1,0
KD-017-R4,Medical Officer,1,0,0,0,1,0,0,0,0,0,0,0,0
KD-017-R4,Nurse/Midwife,1,1,0,0,0,1,0,0,0,0,0,0,1
KD-017-R4,CHO,4,3,0,0,1,3,0,0,0,0,1,1,2
KD-017-R4,CHEW,4,3,0,0,1,2,0,0,1,0,1,1,1
KD-017-R4,JCHEW,8,3,2,0,3,2,0,0,0,1,2,0,2
KD-017-R4,Medical Lab Technician,6,5,0,0,1,5,0,0,0,0,3,2,3
KD-017-R4,Medical Records Officer,2,1,0,0,1,1,0,0,0,0,2,1,0
KD-017-R4,Pharmacy Technician,2,2,0,0,0,2,0,0,0,0,1,1,1
KD-017-R4,Environmental Health Officer,1,1,0,0,0,0,0,0,1,0,0,0,0
KD-017-R5,Medical Officer,1,0,0,0,1,0,0,0,0,0,1,0,0
KD-017-R5,Nurse/Midwife,1,1,0,0,0,1,0,0,0,0,1,1,0
KD-017-R5,CHO,4,3,0,0,1,3,0,0,0,0,3,2,1
KD-017-R5,CHEW,4,3,0,0,1,2,0,0,0,1,1,0,2
KD-017-R5,JCHEW,8,3,2,0,3,3,0,0,0,0,2,1,2
KD-017-R5,Medical Lab Technician,6,5,0,0,1,4,0,0,1,0,3,3,1
KD-017-R5,Medical Records Officer,2,1,0,0,1,0,0,0,1,0,1,0,0
KD-017-R5,Pharmacy Technician,2,2,0,0,0,2,0,0,0,0,2,2,0
KD-017-R5,Environmental Health Officer,1,1,0,0,0,1,0,0,0,0,1,1,0
KD-017-R6,Medical Officer,1,0,0,0,1,0,0,0,0,0,0,0,0
KD-017-R6,Nurse/Midwife,1,1,0,0,0,1,0,0,0,0,0,0,1
KD-017-R6,CHO,4,3,0,0,1,3,0,0,0,0,3,2,1
KD-017-R6,CHEW,4,3,0,0,1,3,0,0,0,0,1,0,3
KD-017-R6,JCHEW,8,3,2,0,3,3,0,0,0,0,4,1,2
KD-017-R6,Medical Lab Technician,6,5,0,0,1,4,0,0,1,0,3,3,1
KD-017-R6,Medical Records Officer,2,1,0,0,1,1,0,0,0,0,1,0,1
KD-017-R6,Pharmacy Technician,2,2,0,0,0,0,0,0,2,0,0,0,0
KD-017-R6,Environmental Health Officer,1,1,0,0,0,1,0,0,0,0,1,1,0
KD-018-R1,Medical Officer,1,1,0,0,0,1,0,0,0,0,1,1,0
KD-018-R1,Nurse/Midwife,6,3,3,0,0,2,0,0,1,0,4,1,1
KD-018-R1,CHO,0,0,0,0,0,0,0,0,0,0,0,0,0
KD-018-R1,CHEW,9,5,1,2,1,3,1,1,0,0,5,4,1
KD-018-R1,JCHEW,3,2,1,0,0,2,0,0,0,0,3,2,0
KD-018-R1,Medical Lab Technician,1,1,0,0,0,1,0,0,0,0,1,1,0
KD-018-R1,Medical Records Officer,1,0,0,0,1,0,0,0,0,0,1,0,0
KD-018-R1,Pharmacy Technician,2,0,0,1,1,0,0,0,0,0,1,0,0
KD-018-R1,Environmental Health Officer,0,0,0,0,0,0,0,0,0,0,0,0,0
KD-018-R2,Medical Officer,1,1,0,0,0,1,0,0,0,0,1,1,0
KD-018-R2,Nurse/Midwife,6,3,3,0,0,2,0,1,0,0,4,2,1
KD-018-R2,CHO,0,0,0,0,0,0,0,0,0,0,0,0,0
KD-018-R2,CHEW,9,5,1,2,1,2,0,1,1,1,2,1,2
KD-018-R2,JCHEW,3,2,1,0,0,2,0,0,0,0,2,1,1
KD-018-R2,Medical Lab Technician,1,1,0,0,0,1,0,0,0,0,1,1,0
KD-018-R2,Medical Records Officer,1,0,0,0,1,0,0,0,0,0,1,0,0
KD-018-R2,Pharmacy Technician,2,0,0,1,1,0,0,0,0,0,1,0,0
KD-018-R2,Environmental Health Officer,0,0,0,0,0,0,0,0,0,0,0,0,0
KD-018-R3,Medical Officer,1,1,0,0,0,1,0,0,0,0,1,1,0
KD-018-R3,Nurse/Midwife,6,3,3,0,0,2,0,0,1,0,2,0,2
KD-018-R3,CHO,0,0,0,0,0,0,0,0,0,0,0,0,0
KD-018-R3,CHEW,9,5,1,2,1,3,1,1,0,0,6,3,2
KD-018-R3,JCHEW,3,2,1,0,0,1,0,0,1,0,1,0,1
KD-018-R3,Medical Lab Technician,1,1,0,0,0,1,0,0,0,0,1,1,0
KD-018-R3,Medical Records Officer,1,0,0,0,1,0,0,0,0,0,1,0,0
KD-018-R3,Pharmacy Technician,2,0,0,1,1,0,0,0,0,0,1,0,0
KD-018-R3,Environmental Health Officer,0,0,0,0,0,0,0,0,0,0,0,0,0
KD-018-R4,Medical Officer,1,1,0,0,0,1,0,0,0,0,0,0,1
KD-018-R4,Nurse/Midwife,6,3,3,0,0,2,0,0,1,0,0,0,2
KD-018-R4,CHO,0,0,0,0,0,0,0,0,0,0,0,0,0
KD-018-R4,CHEW,9,5,1,2,1,3,1,1,0,0,0,0,5
KD-018-R4,JCHEW,3,2,1,0,0,2,0,0,0,0,1,1,1
KD-018-R4,Medical Lab Technician,1,1,0,0,0,1,0,0,0,0,0,0,1
KD-018-R4,Medical Records Officer,1,0,0,0,1,0,0,0,0,0,0,0,0
KD-018-R4,Pharmacy Technician,2,0,0,1,1,0,0,0,0,0,0,0,0
KD-018-R4,Environmental Health Officer,0,0,0,0,0,0,0,0,0,0,0,0,0
KD-018-R5,Medical Officer,1,1,0,0,0,1,0,0,0,0,1,1,0
KD-018-R5,Nurse/Midwife,6,3,3,0,0,2,0,0,1,0,2,1,1
KD-018-R5,CHO,0,0,0,0,0,0,0,0,0,0,0,0,0
KD-018-R5,CHEW,9,5,1,2,1,2,1,1,0,1,6,3,1
KD-018-R5,JCHEW,3,2,1,0,0,2,0,0,0,0,3,2,0
KD-018-R5,Medical Lab Technician,1,1,0,0,0,1,0,0,0,0,1,1,0
KD-018-R5,Medical Records Officer,1,0,0,0,1,0,0,0,0,0,1,0,0
KD-018-R5,Pharmacy Technician,2,0,0,1,1,0,0,0,0,0,0,0,0
KD-018-R5,Environmental Health Officer,0,0,0,0,0,0,0,0,0,0,0,0,0
KD-018-R6,Medical Officer,1,1,0,0,0,1,0,0,0,0,0,0,1
KD-018-R6,Nurse/Midwife,6,3,3,0,0,2,0,1,0,0,2,2,1
KD-018-R6,CHO,0,0,0,0,0,0,0,0,0,0,0,0,0
KD-018-R6,CHEW,9,5,1,2,1,3,1,1,0,0,5,3,2
KD-018-R6,JCHEW,3,2,1,0,0,1,0,0,1,0,1,1,0
KD-018-R6,Medical Lab Technician,1,1,0,0,0,1,0,0,0,0,1,1,0
KD-018-R6,Medical Records Officer,1,0,0,0,1,0,0,0,0,0,1,0,0
KD-018-R6,Pharmacy Technician,2,0,0,1,1,0,0,0,0,0,1,0,0
KD-018-R6,Environmental Health Officer,0,0,0,0,0,0,0,0,0,0,0,0,0
KD-019-R1,Medical Officer,2,2,0,0,0,2,0,0,0,0,2,2,0
KD-019-R1,Nurse/Midwife,5,5,0,0,0,5,0,0,0,0,5,5,0
KD-019-R1,CHO,3,3,0,0,0,2,0,0,0,1,2,2,0
KD-019-R1,CHEW,14,10,2,0,2,10,0,0,0,0,11,9,1
KD-019-R1,JCHEW,4,2,2,0,0,2,0,0,0,0,4,2,0
KD-019-R1,Medical Lab Technician,3,1,1,1,0,1,0,0,0,0,3,1,0
KD-019-R1,Medical Records Officer,1,1,0,0,0,1,0,0,0,0,1,1,0
KD-019-R1,Pharmacy Technician,1,1,0,0,0,1,0,0,0,0,0,0,1
KD-019-R1,Environmental Health Officer,1,1,0,0,0,1,0,0,0,0,1,1,0
KD-019-R2,Medical Officer,2,2,0,0,0,2,0,0,0,0,1,1,1
KD-019-R2,Nurse/Midwife,5,5,0,0,0,3,0,0,1,1,3,3,0
KD-019-R2,CHO,3,3,0,0,0,2,0,0,0,1,1,1,1
KD-019-R2,CHEW,14,10,2,0,2,10,0,0,0,0,10,6,4
KD-019-R2,JCHEW,4,2,2,0,0,2,0,0,0,0,4,2,0
KD-019-R2,Medical Lab Technician,3,1,1,1,0,1,0,0,0,0,1,1,0
KD-019-R2,Medical Records Officer,1,1,0,0,0,1,0,0,0,0,1,1,0
KD-019-R2,Pharmacy Technician,1,1,0,0,0,1,0,0,0,0,1,1,0
KD-019-R2,Environmental Health Officer,1,1,0,0,0,1,0,0,0,0,1,1,0
KD-019-R3,Medical Officer,2,2,0,0,0,2,0,0,0,0,2,2,0
KD-019-R3,Nurse/Midwife,5,5,0,0,0,4,0,0,0,1,3,3,1
KD-019-R3,CHO,3,3,0,0,0,3,0,0,0,0,2,2,1
KD-019-R3,CHEW,14,10,2,0,2,9,0,0,0,1,8,6,3
KD-019-R3,JCHEW,4,2,2,0,0,2,0,0,0,0,3,2,0
KD-019-R3,Medical Lab Technician,3,1,1,1,0,1,0,0,0,0,1,0,1
KD-019-R3,Medical Records Officer,1,1,0,0,0,1,0,0,0,0,1,1,0
KD-019-R3,Pharmacy Technician,1,1,0,0,0,1,0,0,0,0,1,1,0
KD-019-R3,Environmental Health Officer,1,1,0,0,0,1,0,0,0,0,1,1,0
KD-019-R4,Medical Officer,2,2,0,0,0,2,0,0,0,0,2,2,0
KD-019-R4,Nurse/Midwife,5,5,0,0,0,5,0,0,0,0,5,5,0
KD-019-R4,CHO,3,3,0,0,0,3,0,0,0,0,3,3,0
KD-019-R4,CHEW,14,10,2,0,2,9,0,0,0,1,10,7,2
KD-019-R4,JCHEW,4,2,2,0,0,1,0,0,0,1,3,1,0
KD-019-R4,Medical Lab Technician,3,1,1,1,0,1,0,0,0,0,2,1,0
KD-019-R4,Medical Records Officer,1,1,0,0,0,1,0,0,0,0,1,1,0
KD-019-R4,Pharmacy Technician,1,1,0,0,0,1,0,0,0,0,1,1,0
KD-019-R4,Environmental Health Officer,1,1,0,0,0,1,0,0,0,0,1,1,0
KD-019-R5,Medical Officer,2,2,0,0,0,2,0,0,0,0,1,1,1
KD-019-R5,Nurse/Midwife,5,5,0,0,0,4,0,0,1,0,2,2,2
KD-019-R5,CHO,3,3,0,0,0,3,0,0,0,0,0,0,3
KD-019-R5,CHEW,14,10,2,0,2,10,0,0,0,0,8,6,4
KD-019-R5,JCHEW,4,2,2,0,0,2,0,0,0,0,1,1,1
KD-019-R5,Medical Lab Technician,3,1,1,1,0,1,0,0,0,0,0,0,1
KD-019-R5,Medical Records Officer,1,1,0,0,0,1,0,0,0,0,0,0,1
KD-019-R5,Pharmacy Technician,1,1,0,0,0,1,0,0,0,0,0,0,1
KD-019-R5,Environmental Health Officer,1,1,0,0,0,1,0,0,0,0,0,0,1
KD-019-R6,Medical Officer,2,2,0,0,0,2,0,0,0,0,1,1,1
KD-019-R6,Nurse/Midwife,5,5,0,0,0,3,0,0,1,1,3,3,0
KD-019-R6,CHO,3,3,0,0,0,3,0,0,0,0,2,2,1
KD-019-R6,CHEW,14,10,2,0,2,9,0,0,0,1,8,4,5
KD-019-R6,JCHEW,4,2,2,0,0,2,0,0,0,0,4,2,0
KD-019-R6,Medical Lab Technician,3,1,1,1,0,0,0,0,1,0,1,0,0
KD-019-R6,Medical Records Officer,1,1,0,0,0,1,0,0,0,0,1,1,0
KD-019-R6,Pharmacy Technician,1,1,0,0,0,1,0,0,0,0,1,1,0
KD-019-R6,Environmental Health Officer,1,1,0,0,0,1,0,0,0,0,1,1,0
KD-020-R1,Medical Officer,0,0,0,0,0,0,0,0,0,0,0,0,0
KD-020-R1,Nurse/Midwife,1,1,0,0,0,1,0,0,0,0,1,1,0
KD-020-R1,CHO,1,0,0,0,1,0,0,0,0,0,1,0,0
KD-020-R1,CHEW,6,2,2,2,0,1,0,0,1,0,3,1,0
KD-020-R1,JCHEW,4,0,1,2,1,0,0,0,0,0,3,0,0
KD-020-R1,Medical Lab Technician,0,0,0,0,0,0,0,0,0,0,0,0,0
KD-020-R1,Medical Records Officer,1,0,0,0,1,0,0,0,0,0,0,0,0
KD-020-R1,Pharmacy Technician,2,1,0,1,0,1,0,0,0,0,1,0,1
KD-020-R1,Environmental Health Officer,2,2,0,0,0,2,0,0,0,0,1,1,1
KD-020-R2,Medical Officer,0,0,0,0,0,0,0,0,0,0,0,0,0
KD-020-R2,Nurse/Midwife,1,1,0,0,0,1,0,0,0,0,1,1,0
KD-020-R2,CHO,1,0,0,0,1,0,0,0,0,0,1,0,0
KD-020-R2,CHEW,6,2,2,2,0,1,0,0,1,0,5,1,0
KD-020-R2,JCHEW,4,0,1,2,1,0,0,0,0,0,4,0,0
KD-020-R2,Medical Lab Technician,0,0,0,0,0,0,0,0,0,0,0,0,0
KD-020-R2,Medical Records Officer,1,0,0,0,1,0,0,0,0,0,1,0,0
KD-020-R2,Pharmacy Technician,2,1,0,1,0,0,0,0,1,0,1,0,0
KD-020-R2,Environmental Health Officer,2,2,0,0,0,1,0,0,0,1,0,0,1
KD-020-R3,Medical Officer,0,0,0,0,0,0,0,0,0,0,0,0,0
KD-020-R3,Nurse/Midwife,1,1,0,0,0,1,0,0,0,0,0,0,1
KD-020-R3,CHO,1,0,0,0,1,0,0,0,0,0,0,0,0
KD-020-R3,CHEW,6,2,2,2,0,2,0,0,0,0,6,2,0
KD-020-R3,JCHEW,4,0,1,2,1,0,0,0,0,0,3,0,0
KD-020-R3,Medical Lab Technician,0,0,0,0,0,0,0,0,0,0,0,0,0
KD-020-R3,Medical Records Officer,1,0,0,0,1,0,0,0,0,0,0,0,0
KD-020-R3,Pharmacy Technician,2,1,0,1,0,1,0,0,0,0,1,0,1
KD-020-R3,Environmental Health Officer,2,2,0,0,0,2,0,0,0,0,1,1,1
KD-020-R4,Medical Officer,0,0,0,0,0,0,0,0,0,0,0,0,0
KD-020-R4,Nurse/Midwife,1,1,0,0,0,1,0,0,0,0,1,1,0
KD-020-R4,CHO,1,0,0,0,1,0,0,0,0,0,0,0,0
KD-020-R4,CHEW,6,2,2,2,0,2,0,0,0,0,5,2,0
KD-020-R4,JCHEW,4,0,1,2,1,0,0,0,0,0,1,0,0
KD-020-R4,Medical Lab Technician,0,0,0,0,0,0,0,0,0,0,0,0,0
KD-020-R4,Medical Records Officer,1,0,0,0,1,0,0,0,0,0,0,0,0
KD-020-R4,Pharmacy Technician,2,1,0,1,0,1,0,0,0,0,0,0,1
KD-020-R4,Environmental Health Officer,2,2,0,0,0,1,0,0,1,0,1,1,0
KD-020-R5,Medical Officer,0,0,0,0,0,0,0,0,0,0,0,0,0
KD-020-R5,Nurse/Midwife,1,1,0,0,0,1,0,0,0,0,1,1,0
KD-020-R5,CHO,1,0,0,0,1,0,0,0,0,0,1,0,0
KD-020-R5,CHEW,6,2,2,2,0,2,0,0,0,0,3,1,1
KD-020-R5,JCHEW,4,0,1,2,1,0,0,0,0,0,2,0,0
KD-020-R5,Medical Lab Technician,0,0,0,0,0,0,0,0,0,0,0,0,0
KD-020-R5,Medical Records Officer,1,0,0,0,1,0,0,0,0,0,0,0,0
KD-020-R5,Pharmacy Technician,2,1,0,1,0,1,0,0,0,0,1,1,0
KD-020-R5,Environmental Health Officer,2,2,0,0,0,2,0,0,0,0,2,2,0
KD-020-R6,Medical Officer,0,0,0,0,0,0,0,0,0,0,0,0,0
KD-020-R6,Nurse/Midwife,1,1,0,0,0,0,0,0,1,0,0,0,0
KD-020-R6,CHO,1,0,0,0,1,0,0,0,0,0,0,0,0
KD-020-R6,CHEW,6,2,2,2,0,2,0,0,0,0,3,1,1
KD-020-R6,JCHEW,4,0,1,2,1,0,0,0,0,0,0,0,0
KD-020-R6,Medical Lab Technician,0,0,0,0,0,0,0,0,0,0,0,0,0
KD-020-R6,Medical Records Officer,1,0,0,0,1,0,0,0,0,0,1,0,0
KD-020-R6,Pharmacy Technician,2,1,0,1,0,1,0,0,0,0,1,1,0
KD-020-R6,Environmental Health Officer,2,2,0,0,0,2,0,0,0,0,1,1,1
KD-021-R1,Medical Officer,2,1,1,0,0,1,0,0,0,0,2,1,0
KD-021-R1,Nurse/Midwife,1,0,1,0,0,0,0,0,0,0,0,0,0
KD-021-R1,CHO,2,1,1,0,0,1,0,0,0,0,1,1,0
KD-021-R1,CHEW,5,4,0,1,0,2,1,1,0,0,4,3,1
KD-021-R1,JCHEW,4,4,0,0,0,2,1,1,0,0,2,2,2
KD-021-R1,Medical Lab Technician,1,0,0,1,0,0,0,0,0,0,1,0,0
KD-021-R1,Medical Records Officer,1,1,0,0,0,1,0,0,0,0,1,1,0
KD-021-R1,Pharmacy Technician,0,0,0,0,0,0,0,0,0,0,0,0,0
KD-021-R1,Environmental Health Officer,0,0,0,0,0,0,0,0,0,0,0,0,0
KD-021-R2,Medical Officer,2,1,1,0,0,0,0,0,0,1,1,0,0
KD-021-R2,Nurse/Midwife,1,0,1,0,0,0,0,0,0,0,1,0,0
KD-021-R2,CHO,2,1,1,0,0,1,0,0,0,0,2,1,0
KD-021-R2,CHEW,5,4,0,1,0,2,1,1,0,0,3,2,2
KD-021-R2,JCHEW,4,4,0,0,0,2,1,1,0,0,4,4,0
KD-021-R2,Medical Lab Technician,1,0,0,1,0,0,0,0,0,0,1,0,0
KD-021-R2,Medical Records Officer,1,1,0,0,0,1,0,0,0,0,1,1,0
KD-021-R2,Pharmacy Technician,0,0,0,0,0,0,0,0,0,0,0,0,0
KD-021-R2,Environmental Health Officer,0,0,0,0,0,0,0,0,0,0,0,0,0
KD-021-R3,Medical Officer,2,1,1,0,0,1,0,0,0,0,1,1,0
KD-021-R3,Nurse/Midwife,1,0,1,0,0,0,0,0,0,0,1,0,0
KD-021-R3,CHO,2,1,1,0,0,0,0,0,1,0,1,0,0
KD-021-R3,CHEW,5,4,0,1,0,2,1,1,0,0,3,2,2
KD-021-R3,JCHEW,4,4,0,0,0,2,1,1,0,0,1,1,3
KD-021-R3,Medical Lab Technician,1,0,0,1,0,0,0,0,0,0,1,0,0
KD-021-R3,Medical Records Officer,1,1,0,0,0,1,0,0,0,0,1,1,0
KD-021-R3,Pharmacy Technician,0,0,0,0,0,0,0,0,0,0,0,0,0
KD-021-R3,Environmental Health Officer,0,0,0,0,0,0,0,0,0,0,0,0,0
KD-021-R4,Medical Officer,2,1,1,0,0,1,0,0,0,0,1,1,0
KD-021-R4,Nurse/Midwife,1,0,1,0,0,0,0,0,0,0,1,0,0
KD-021-R4,CHO,2,1,1,0,0,1,0,0,0,0,1,1,0
KD-021-R4,CHEW,5,4,0,1,0,2,0,0,2,0,3,2,0
KD-021-R4,JCHEW,4,4,0,0,0,2,0,1,0,1,3,3,0
KD-021-R4,Medical Lab Technician,1,0,0,1,0,0,0,0,0,0,0,0,0
KD-021-R4,Medical Records Officer,1,1,0,0,0,1,0,0,0,0,1,1,0
KD-021-R4,Pharmacy Technician,0,0,0,0,0,0,0,0,0,0,0,0,0
KD-021-R4,Environmental Health Officer,0,0,0,0,0,0,0,0,0,0,0,0,0
KD-021-R5,Medical Officer,2,1,1,0,0,1,0,0,0,0,1,0,1
KD-021-R5,Nurse/Midwife,1,0,1,0,0,0,0,0,0,0,1,0,0
KD-021-R5,CHO,2,1,1,0,0,1,0,0,0,0,0,0,1
KD-021-R5,CHEW,5,4,0,1,0,2,1,1,0,0,4,3,1
KD-021-R5,JCHEW,4,4,0,0,0,2,1,1,0,0,2,2,2
KD-021-R5,Medical Lab Technician,1,0,0,1,0,0,0,0,0,0,1,0,0
KD-021-R5,Medical Records Officer,1,1,0,0,0,1,0,0,0,0,1,1,0
KD-021-R5,Pharmacy Technician,0,0,0,0,0,0,0,0,0,0,0,0,0
KD-021-R5,Environmental Health Officer,0,0,0,0,0,0,0,0,0,0,0,0,0
KD-021-R6,Medical Officer,2,1,1,0,0,0,0,0,0,1,1,0,0
KD-021-R6,Nurse/Midwife,1,0,1,0,0,0,0,0,0,0,0,0,0
KD-021-R6,CHO,2,1,1,0,0,0,0,0,1,0,1,0,0
KD-021-R6,CHEW,5,4,0,1,0,2,1,1,0,0,4,3,1
KD-021-R6,JCHEW,4,4,0,0,0,2,0,1,1,0,1,1,2
KD-021-R6,Medical Lab Technician,1,0,0,1,0,0,0,0,0,0,1,0,0
KD-021-R6,Medical Records Officer,1,1,0,0,0,1,0,0,0,0,1,1,0
KD-021-R6,Pharmacy Technician,0,0,0,0,0,0,0,0,0,0,0,0,0
KD-021-R6,Environmental Health Officer,0,0,0,0,0,0,0,0,0,0,0,0,0
KD-022-R1,Medical Officer,0,0,0,0,0,0,0,0,0,0,0,0,0
KD-022-R1,Nurse/Midwife,1,1,0,0,0,1,0,0,0,0,1,1,0
KD-022-R1,CHO,2,2,0,0,0,2,0,0,0,0,0,0,2
KD-022-R1,CHEW,2,1,0,1,0,1,0,0,0,0,2,1,0
KD-022-R1,JCHEW,2,2,0,0,0,2,0,0,0,0,1,1,1
KD-022-R1,Medical Lab Technician,2,1,0,1,0,1,0,0,0,0,0,0,1
KD-022-R1,Medical Records Officer,2,0,0,0,2,0,0,0,0,0,2,0,0
KD-022-R1,Pharmacy Technician,0,0,0,0,0,0,0,0,0,0,0,0,0
KD-022-R1,Environmental Health Officer,1,0,0,0,1,0,0,0,0,0,0,0,0
KD-022-R2,Medical Officer,0,0,0,0,0,0,0,0,0,0,0,0,0
KD-022-R2,Nurse/Midwife,1,1,0,0,0,1,0,0,0,0,0,0,1
KD-022-R2,CHO,2,2,0,0,0,1,0,0,1,0,1,1,0
KD-022-R2,CHEW,2,1,0,1,0,0,0,0,0,1,1,0,0
KD-022-R2,JCHEW,2,2,0,0,0,2,0,0,0,0,1,1,1
KD-022-R2,Medical Lab Technician,2,1,0,1,0,1,0,0,0,0,1,0,1
KD-022-R2,Medical Records Officer,2,0,0,0,2,0,0,0,0,0,2,0,0
KD-022-R2,Pharmacy Technician,0,0,0,0,0,0,0,0,0,0,0,0,0
KD-022-R2,Environmental Health Officer,1,0,0,0,1,0,0,0,0,0,0,0,0
KD-022-R3,Medical Officer,0,0,0,0,0,0,0,0,0,0,0,0,0
KD-022-R3,Nurse/Midwife,1,1,0,0,0,1,0,0,0,0,1,1,0
KD-022-R3,CHO,2,2,0,0,0,2,0,0,0,0,1,1,1
KD-022-R3,CHEW,2,1,0,1,0,1,0,0,0,0,1,0,1
KD-022-R3,JCHEW,2,2,0,0,0,2,0,0,0,0,1,1,1
KD-022-R3,Medical Lab Technician,2,1,0,1,0,1,0,0,0,0,2,1,0
KD-022-R3,Medical Records Officer,2,0,0,0,2,0,0,0,0,0,1,0,0
KD-022-R3,Pharmacy Technician,0,0,0,0,0,0,0,0,0,0,0,0,0
KD-022-R3,Environmental Health Officer,1,0,0,0,1,0,0,0,0,0,0,0,0
KD-022-R4,Medical Officer,0,0,0,0,0,0,0,0,0,0,0,0,0
KD-022-R4,Nurse/Midwife,1,1,0,0,0,1,0,0,0,0,0,0,1
KD-022-R4,CHO,2,2,0,0,0,2,0,0,0,0,0,0,2
KD-022-R4,CHEW,2,1,0,1,0,0,0,0,0,1,1,0,0
KD-022-R4,JCHEW,2,2,0,0,0,2,0,0,0,0,1,1,1
KD-022-R4,Medical Lab Technician,2,1,0,1,0,1,0,0,0,0,2,1,0
KD-022-R4,Medical Records Officer,2,0,0,0,2,0,0,0,0,0,1,0,0
KD-022-R4,Pharmacy Technician,0,0,0,0,0,0,0,0,0,0,0,0,0
KD-022-R4,Environmental Health Officer,1,0,0,0,1,0,0,0,0,0,0,0,0
KD-022-R5,Medical Officer,0,0,0,0,0,0,0,0,0,0,0,0,0
KD-022-R5,Nurse/Midwife,1,1,0,0,0,1,0,0,0,0,1,1,0
KD-022-R5,CHO,2,2,0,0,0,2,0,0,0,0,2,2,0
KD-022-R5,CHEW,2,1,0,1,0,1,0,0,0,0,1,0,1
KD-022-R5,JCHEW,2,2,0,0,0,2,0,0,0,0,1,1,1
KD-022-R5,Medical Lab Technician,2,1,0,1,0,1,0,0,0,0,0,0,1
KD-022-R5,Medical Records Officer,2,0,0,0,2,0,0,0,0,0,0,0,0
KD-022-R5,Pharmacy Technician,0,0,0,0,0,0,0,0,0,0,0,0,0
KD-022-R5,Environmental Health Officer,1,0,0,0,1,0,0,0,0,0,1,0,0
KD-022-R6,Medical Officer,0,0,0,0,0,0,0,0,0,0,0,0,0
KD-022-R6,Nurse/Midwife,1,1,0,0,0,1,0,0,0,0,1,1,0
KD-022-R6,CHO,2,2,0,0,0,2,0,0,0,0,0,0,2
KD-022-R6,CHEW,2,1,0,1,0,1,0,0,0,0,0,0,1
KD-022-R6,JCHEW,2,2,0,0,0,2,0,0,0,0,1,1,1
KD-022-R6,Medical Lab Technician,2,1,0,1,0,1,0,0,0,0,2,1,0
KD-022-R6,Medical Records Officer,2,0,0,0,2,0,0,0,0,0,0,0,0
KD-022-R6,Pharmacy Technician,0,0,0,0,0,0,0,0,0,0,0,0,0
KD-022-R6,Environmental Health Officer,1,0,0,0,1,0,0,0,0,0,1,0,0
KD-023-R1,Medical Officer,0,0,0,0,0,0,0,0,0,0,0,0,0
KD-023-R1,Nurse/Midwife,7,3,2,2,0,2,0,0,1,0,3,2,0
KD-023-R1,CHO,1,1,0,0,0,1,0,0,0,0,1,1,0
KD-023-R1,CHEW,3,2,0,1,0,1,0,0,1,0,2,1,0
KD-023-R1,JCHEW,3,2,1,0,0,1,0,0,1,0,0,0,1
KD-023-R1,Medical Lab Technician,1,1,0,0,0,1,0,0,0,0,1,1,0
KD-023-R1,Medical Records Officer,3,0,0,0,3,0,0,0,0,0,1,0,0
KD-023-R1,Pharmacy Technician,2,1,0,1,0,1,0,0,0,0,2,1,0
KD-023-R1,Environmental Health Officer,0,0,0,0,0,0,0,0,0,0,0,0,0
KD-023-R2,Medical Officer,0,0,0,0,0,0,0,0,0,0,0,0,0
KD-023-R2,Nurse/Midwife,7,3,2,2,0,2,0,1,0,0,5,3,0
KD-023-R2,CHO,1,1,0,0,0,0,0,0,0,1,0,0,0
KD-023-R2,CHEW,3,2,0,1,0,1,0,0,1,0,1,0,1
KD-023-R2,JCHEW,3,2,1,0,0,2,0,0,0,0,1,1,1
KD-023-R2,Medical Lab Technician,1,1,0,0,0,1,0,0,0,0,1,1,0
KD-023-R2,Medical Records Officer,3,0,0,0,3,0,0,0,0,0,2,0,0
KD-023-R2,Pharmacy Technician,2,1,0,1,0,0,0,0,1,0,0,0,0
KD-023-R2,Environmental Health Officer,0,0,0,0,0,0,0,0,0,0,0,0,0
KD-023-R3,Medical Officer,0,0,0,0,0,0,0,0,0,0,0,0,0
KD-023-R3,Nurse/Midwife,7,3,2,2,0,1,0,0,1,1,1,0,1
KD-023-R3,CHO,1,1,0,0,0,1,0,0,0,0,0,0,1
KD-023-R3,CHEW,3,2,0,1,0,2,0,0,0,0,2,1,1
KD-023-R3,JCHEW,3,2,1,0,0,0,0,0,2,0,1,0,0
KD-023-R3,Medical Lab Technician,1,1,0,0,0,1,0,0,0,0,1,1,0
KD-023-R3,Medical Records Officer,3,0,0,0,3,0,0,0,0,0,1,0,0
KD-023-R3,Pharmacy Technician,2,1,0,1,0,0,0,0,1,0,0,0,0
KD-023-R3,Environmental Health Officer,0,0,0,0,0,0,0,0,0,0,0,0,0
KD-023-R4,Medical Officer,0,0,0,0,0,0,0,0,0,0,0,0,0
KD-023-R4,Nurse/Midwife,7,3,2,2,0,2,0,1,0,0,2,2,1
KD-023-R4,CHO,1,1,0,0,0,1,0,0,0,0,0,0,1
KD-023-R4,CHEW,3,2,0,1,0,2,0,0,0,0,1,1,1
KD-023-R4,JCHEW,3,2,1,0,0,2,0,0,0,0,0,0,2
KD-023-R4,Medical Lab Technician,1,1,0,0,0,1,0,0,0,0,1,1,0
KD-023-R4,Medical Records Officer,3,0,0,0,3,0,0,0,0,0,2,0,0
KD-023-R4,Pharmacy Technician,2,1,0,1,0,1,0,0,0,0,1,0,1
KD-023-R4,Environmental Health Officer,0,0,0,0,0,0,0,0,0,0,0,0,0
KD-023-R5,Medical Officer,0,0,0,0,0,0,0,0,0,0,0,0,0
KD-023-R5,Nurse/Midwife,7,3,2,2,0,2,0,0,0,1,1,1,1
KD-023-R5,CHO,1,1,0,0,0,1,0,0,0,0,1,1,0
KD-023-R5,CHEW,3,2,0,1,0,1,0,0,1,0,2,1,0
KD-023-R5,JCHEW,3,2,1,0,0,2,0,0,0,0,2,2,0
KD-023-R5,Medical Lab Technician,1,1,0,0,0,0,0,0,1,0,0,0,0
KD-023-R5,Medical Records Officer,3,0,0,0,3,0,0,0,0,0,1,0,0
KD-023-R5,Pharmacy Technician,2,1,0,1,0,1,0,0,0,0,1,0,1
KD-023-R5,Environmental Health Officer,0,0,0,0,0,0,0,0,0,0,0,0,0
KD-023-R6,Medical Officer,0,0,0,0,0,0,0,0,0,0,0,0,0
KD-023-R6,Nurse/Midwife,7,3,2,2,0,2,0,1,0,0,7,3,0
KD-023-R6,CHO,1,1,0,0,0,0,0,0,1,0,0,0,0
KD-023-R6,CHEW,3,2,0,1,0,2,0,0,0,0,1,1,1
KD-023-R6,JCHEW,3,2,1,0,0,2,0,0,0,0,1,1,1
KD-023-R6,Medical Lab Technician,1,1,0,0,0,0,0,0,1,0,0,0,0
KD-023-R6,Medical Records Officer,3,0,0,0,3,0,0,0,0,0,3,0,0
KD-023-R6,Pharmacy Technician,2,1,0,1,0,1,0,0,0,0,0,0,1
KD-023-R6,Environmental Health Officer,0,0,0,0,0,0,0,0,0,0,0,0,0
KD-024-R1,Medical Officer,2,1,0,0,1,1,0,0,0,0,1,0,1
KD-024-R1,Nurse/Midwife,5,3,0,1,1,3,0,0,0,0,1,1,2
KD-024-R1,CHO,1,1,0,0,0,1,0,0,0,0,1,1,0
KD-024-R1,CHEW,7,5,1,0,1,5,0,0,0,0,3,3,2
KD-024-R1,JCHEW,3,3,0,0,0,3,0,0,0,0,2,2,1
KD-024-R1,Medical Lab Technician,1,1,0,0,0,0,0,0,0,1,0,0,0
KD-024-R1,Medical Records Officer,0,0,0,0,0,0,0,0,0,0,0,0,0
KD-024-R1,Pharmacy Technician,3,1,0,2,0,0,0,0,0,1,1,0,0
KD-024-R1,Environmental Health Officer,0,0,0,0,0,0,0,0,0,0,0,0,0
KD-024-R2,Medical Officer,2,1,0,0,1,1,0,0,0,0,1,0,1
KD-024-R2,Nurse/Midwife,5,3,0,1,1,2,0,0,0,1,0,0,2
KD-024-R2,CHO,1,1,0,0,0,1,0,0,0,0,0,0,1
KD-024-R2,CHEW,7,5,1,0,1,5,0,0,0,0,3,2,3
KD-024-R2,JCHEW,3,3,0,0,0,3,0,0,0,0,0,0,3
KD-024-R2,Medical Lab Technician,1,1,0,0,0,1,0,0,0,0,0,0,1
KD-024-R2,Medical Records Officer,0,0,0,0,0,0,0,0,0,0,0,0,0
KD-024-R2,Pharmacy Technician,3,1,0,2,0,1,0,0,0,0,1,1,0
KD-024-R2,Environmental Health Officer,0,0,0,0,0,0,0,0,0,0,0,0,0
KD-024-R3,Medical Officer,2,1,0,0,1,1,0,0,0,0,2,1,0
KD-024-R3,Nurse/Midwife,5,3,0,1,1,2,0,0,0,1,3,2,0
KD-024-R3,CHO,1,1,0,0,0,1,0,0,0,0,1,1,0
KD-024-R3,CHEW,7,5,1,0,1,5,0,0,0,0,4,4,1
KD-024-R3,JCHEW,3,3,0,0,0,3,0,0,0,0,3,3,0
KD-024-R3,Medical Lab Technician,1,1,0,0,0,1,0,0,0,0,1,1,0
KD-024-R3,Medical Records Officer,0,0,0,0,0,0,0,0,0,0,0,0,0
KD-024-R3,Pharmacy Technician,3,1,0,2,0,1,0,0,0,0,2,1,0
KD-024-R3,Environmental Health Officer,0,0,0,0,0,0,0,0,0,0,0,0,0
KD-024-R4,Medical Officer,2,1,0,0,1,1,0,0,0,0,0,0,1
KD-024-R4,Nurse/Midwife,5,3,0,1,1,3,0,0,0,0,4,2,1
KD-024-R4,CHO,1,1,0,0,0,1,0,0,0,0,0,0,1
KD-024-R4,CHEW,7,5,1,0,1,4,0,0,0,1,4,3,1
KD-024-R4,JCHEW,3,3,0,0,0,2,0,0,0,1,2,2,0
KD-024-R4,Medical Lab Technician,1,1,0,0,0,1,0,0,0,0,1,1,0
KD-024-R4,Medical Records Officer,0,0,0,0,0,0,0,0,0,0,0,0,0
KD-024-R4,Pharmacy Technician,3,1,0,2,0,1,0,0,0,0,2,0,1
KD-024-R4,Environmental Health Officer,0,0,0,0,0,0,0,0,0,0,0,0,0
KD-024-R5,Medical Officer,2,1,0,0,1,1,0,0,0,0,2,1,0
KD-024-R5,Nurse/Midwife,5,3,0,1,1,2,0,0,0,1,4,2,0
KD-024-R5,CHO,1,1,0,0,0,1,0,0,0,0,1,1,0
KD-024-R5,CHEW,7,5,1,0,1,5,0,0,0,0,6,4,1
KD-024-R5,JCHEW,3,3,0,0,0,3,0,0,0,0,2,2,1
KD-024-R5,Medical Lab Technician,1,1,0,0,0,0,0,0,0,1,0,0,0
KD-024-R5,Medical Records Officer,0,0,0,0,0,0,0,0,0,0,0,0,0
KD-024-R5,Pharmacy Technician,3,1,0,2,0,1,0,0,0,0,3,1,0
KD-024-R5,Environmental Health Officer,0,0,0,0,0,0,0,0,0,0,0,0,0
KD-024-R6,Medical Officer,2,1,0,0,1,1,0,0,0,0,1,1,0
KD-024-R6,Nurse/Midwife,5,3,0,1,1,3,0,0,0,0,3,1,2
KD-024-R6,CHO,1,1,0,0,0,1,0,0,0,0,1,1,0
KD-024-R6,CHEW,7,5,1,0,1,5,0,0,0,0,4,2,3
KD-024-R6,JCHEW,3,3,0,0,0,3,0,0,0,0,1,1,2
KD-024-R6,Medical Lab Technician,1,1,0,0,0,0,0,0,0,1,0,0,0
KD-024-R6,Medical Records Officer,0,0,0,0,0,0,0,0,0,0,0,0,0
KD-024-R6,Pharmacy Technician,3,1,0,2,0,0,0,0,1,0,1,0,0
KD-024-R6,Environmental Health Officer,0,0,0,0,0,0,0,0,0,0,0,0,0
KD-025-R1,Medical Officer,7,7,0,0,0,3,1,2,1,0,3,3,3
KD-025-R1,Nurse/Midwife,29,22,6,1,0,10,5,4,3,0,13,9,10
KD-025-R1,CHO,4,2,1,0,1,2,0,0,0,0,2,2,0
KD-025-R1,CHEW,8,5,3,0,0,2,1,1,1,0,5,2,2
KD-025-R1,JCHEW,3,2,1,0,0,2,0,0,0,0,1,1,1
KD-025-R1,Medical Lab Technician,6,6,0,0,0,2,0,1,3,0,1,1,2
KD-025-R1,Medical Records Officer,6,5,0,0,1,2,0,1,2,0,2,1,2
KD-025-R1,Pharmacy Technician,7,7,0,0,0,3,1,2,0,1,4,4,2
KD-025-R1,Environmental Health Officer,1,1,0,0,0,1,0,0,0,0,0,0,1
KD-025-R2,Medical Officer,7,7,0,0,0,3,1,1,1,1,3,3,2
KD-025-R2,Nurse/Midwife,29,22,6,1,0,8,4,4,4,2,18,12,4
KD-025-R2,CHO,4,2,1,0,1,2,0,0,0,0,3,2,0
KD-025-R2,CHEW,8,5,3,0,0,3,1,1,0,0,6,3,2
KD-025-R2,JCHEW,3,2,1,0,0,2,0,0,0,0,3,2,0
KD-025-R2,Medical Lab Technician,6,6,0,0,0,3,1,1,1,0,4,4,1
KD-025-R2,Medical Records Officer,6,5,0,0,1,3,1,1,0,0,5,4,1
KD-025-R2,Pharmacy Technician,7,7,0,0,0,4,2,1,0,0,7,7,0
KD-025-R2,Environmental Health Officer,1,1,0,0,0,1,0,0,0,0,1,1,0
KD-025-R3,Medical Officer,7,7,0,0,0,3,1,1,2,0,4,4,1
KD-025-R3,Nurse/Midwife,29,22,6,1,0,10,5,4,3,0,18,14,5
KD-025-R3,CHO,4,2,1,0,1,2,0,0,0,0,2,2,0
KD-025-R3,CHEW,8,5,3,0,0,3,1,1,0,0,5,4,1
KD-025-R3,JCHEW,3,2,1,0,0,2,0,0,0,0,3,2,0
KD-025-R3,Medical Lab Technician,6,6,0,0,0,2,0,1,3,0,2,2,1
KD-025-R3,Medical Records Officer,6,5,0,0,1,2,0,1,1,1,3,2,1
KD-025-R3,Pharmacy Technician,7,7,0,0,0,3,1,2,1,0,5,5,1
KD-025-R3,Environmental Health Officer,1,1,0,0,0,1,0,0,0,0,1,1,0
KD-025-R4,Medical Officer,7,7,0,0,0,4,2,1,0,0,4,4,3
KD-025-R4,Nurse/Midwife,29,22,6,1,0,10,6,4,1,1,17,11,9
KD-025-R4,CHO,4,2,1,0,1,1,0,0,1,0,3,1,0
KD-025-R4,CHEW,8,5,3,0,0,3,1,1,0,0,8,5,0
KD-025-R4,JCHEW,3,2,1,0,0,2,0,0,0,0,2,2,0
KD-025-R4,Medical Lab Technician,6,6,0,0,0,3,1,2,0,0,6,6,0
KD-025-R4,Medical Records Officer,6,5,0,0,1,2,0,1,2,0,2,1,2
KD-025-R4,Pharmacy Technician,7,7,0,0,0,4,2,1,0,0,6,6,1
KD-025-R4,Environmental Health Officer,1,1,0,0,0,1,0,0,0,0,1,1,0
KD-025-R5,Medical Officer,7,7,0,0,0,4,2,1,0,0,5,5,2
KD-025-R5,Nurse/Midwife,29,22,6,1,0,9,5,4,3,1,12,10,8
KD-025-R5,CHO,4,2,1,0,1,2,0,0,0,0,2,1,1
KD-025-R5,CHEW,8,5,3,0,0,3,1,1,0,0,3,2,3
KD-025-R5,JCHEW,3,2,1,0,0,1,0,0,1,0,0,0,1
KD-025-R5,Medical Lab Technician,6,6,0,0,0,3,1,1,1,0,4,4,1
KD-025-R5,Medical Records Officer,6,5,0,0,1,3,1,1,0,0,3,3,2
KD-025-R5,Pharmacy Technician,7,7,0,0,0,3,1,1,1,1,3,3,2
KD-025-R5,Environmental Health Officer,1,1,0,0,0,1,0,0,0,0,0,0,1
KD-025-R6,Medical Officer,7,7,0,0,0,3,1,2,0,1,4,4,2
KD-025-R6,Nurse/Midwife,29,22,6,1,0,10,6,4,1,1,20,13,7
KD-025-R6,CHO,4,2,1,0,1,2,0,0,0,0,3,2,0
KD-025-R6,CHEW,8,5,3,0,0,2,0,1,1,1,3,2,1
KD-025-R6,JCHEW,3,2,1,0,0,1,0,0,0,1,1,1,0
KD-025-R6,Medical Lab Technician,6,6,0,0,0,2,0,1,2,1,3,3,0
KD-025-R6,Medical Records Officer,6,5,0,0,1,2,1,1,0,1,3,3,1
KD-025-R6,Pharmacy Technician,7,7,0,0,0,3,1,2,0,1,3,3,3
KD-025-R6,Environmental Health Officer,1,1,0,0,0,1,0,0,0,0,1,1,0
KD-026-R1,Medical Officer,0,0,0,0,0,0,0,0,0,0,0,0,0
KD-026-R1,Nurse/Midwife,1,0,0,1,0,0,0,0,0,0,1,0,0
KD-026-R1,CHO,1,1,0,0,0,1,0,0,0,0,0,0,1
KD-026-R1,CHEW,4,1,2,0,1,1,0,0,0,0,2,1,0
KD-026-R1,JCHEW,3,2,0,0,1,2,0,0,0,0,2,2,0
KD-026-R1,Medical Lab Technician,0,0,0,0,0,0,0,0,0,0,0,0,0
KD-026-R1,Medical Records Officer,0,0,0,0,0,0,0,0,0,0,0,0,0
KD-026-R1,Pharmacy Technician,0,0,0,0,0,0,0,0,0,0,0,0,0
KD-026-R1,Environmental Health Officer,1,0,0,0,1,0,0,0,0,0,1,0,0
KD-026-R2,Medical Officer,0,0,0,0,0,0,0,0,0,0,0,0,0
KD-026-R2,Nurse/Midwife,1,0,0,1,0,0,0,0,0,0,1,0,0
KD-026-R2,CHO,1,1,0,0,0,1,0,0,0,0,1,1,0
KD-026-R2,CHEW,4,1,2,0,1,1,0,0,0,0,4,1,0
KD-026-R2,JCHEW,3,2,0,0,1,2,0,0,0,0,2,2,0
KD-026-R2,Medical Lab Technician,0,0,0,0,0,0,0,0,0,0,0,0,0
KD-026-R2,Medical Records Officer,0,0,0,0,0,0,0,0,0,0,0,0,0
KD-026-R2,Pharmacy Technician,0,0,0,0,0,0,0,0,0,0,0,0,0
KD-026-R2,Environmental Health Officer,1,0,0,0,1,0,0,0,0,0,1,0,0
KD-026-R3,Medical Officer,0,0,0,0,0,0,0,0,0,0,0,0,0
KD-026-R3,Nurse/Midwife,1,0,0,1,0,0,0,0,0,0,0,0,0
KD-026-R3,CHO,1,1,0,0,0,1,0,0,0,0,0,0,1
KD-026-R3,CHEW,4,1,2,0,1,1,0,0,0,0,1,0,1
KD-026-R3,JCHEW,3,2,0,0,1,1,0,0,1,0,0,0,1
KD-026-R3,Medical Lab Technician,0,0,0,0,0,0,0,0,0,0,0,0,0
KD-026-R3,Medical Records Officer,0,0,0,0,0,0,0,0,0,0,0,0,0
KD-026-R3,Pharmacy Technician,0,0,0,0,0,0,0,0,0,0,0,0,0
KD-026-R3,Environmental Health Officer,1,0,0,0,1,0,0,0,0,0,1,0,0
KD-026-R4,Medical Officer,0,0,0,0,0,0,0,0,0,0,0,0,0
KD-026-R4,Nurse/Midwife,1,0,0,1,0,0,0,0,0,0,0,0,0
KD-026-R4,CHO,1,1,0,0,0,1,0,0,0,0,0,0,1
KD-026-R4,CHEW,4,1,2,0,1,1,0,0,0,0,0,0,1
KD-026-R4,JCHEW,3,2,0,0,1,1,0,0,1,0,1,1,0
KD-026-R4,Medical Lab Technician,0,0,0,0,0,0,0,0,0,0,0,0,0
KD-026-R4,Medical Records Officer,0,0,0,0,0,0,0,0,0,0,0,0,0
KD-026-R4,Pharmacy Technician,0,0,0,0,0,0,0,0,0,0,0,0,0
KD-026-R4,Environmental Health Officer,1,0,0,0,1,0,0,0,0,0,0,0,0
KD-026-R5,Medical Officer,0,0,0,0,0,0,0,0,0,0,0,0,0
KD-026-R5,Nurse/Midwife,1,0,0,1,0,0,0,0,0,0,0,0,0
KD-026-R5,CHO,1,1,0,0,0,1,0,0,0,0,0,0,1
KD-026-R5,CHEW,4,1,2,0,1,1,0,0,0,0,1,1,0
KD-026-R5,JCHEW,3,2,0,0,1,2,0,0,0,0,2,1,1
KD-026-R5,Medical Lab Technician,0,0,0,0,0,0,0,0,0,0,0,0,0
KD-026-R5,Medical Records Officer,0,0,0,0,0,0,0,0,0,0,0,0,0
KD-026-R5,Pharmacy Technician,0,0,0,0,0,0,0,0,0,0,0,0,0
KD-026-R5,Environmental Health Officer,1,0,0,0,1,0,0,0,0,0,0,0,0
KD-026-R6,Medical Officer,0,0,0,0,0,0,0,0,0,0,0,0,0
KD-026-R6,Nurse/Midwife,1,0,0,1,0,0,0,0,0,0,0,0,0
KD-026-R6,CHO,1,1,0,0,0,1,0,0,0,0,0,0,1
KD-026-R6,CHEW,4,1,2,0,1,1,0,0,0,0,4,1,0
KD-026-R6,JCHEW,3,2,0,0,1,1,0,0,0,1,0,0,1
KD-026-R6,Medical Lab Technician,0,0,0,0,0,0,0,0,0,0,0,0,0
KD-026-R6,Medical Records Officer,0,0,0,0,0,0,0,0,0,0,0,0,0
KD-026-R6,Pharmacy Technician,0,0,0,0,0,0,0,0,0,0,0,0,0
KD-026-R6,Environmental Health Officer,1,0,0,0,1,0,0,0,0,0,0,0,0
KD-027-R1,Medical Officer,1,0,1,0,0,0,0,0,0,0,1,0,0
KD-027-R1,Nurse/Midwife,0,0,0,0,0,0,0,0,0,0,0,0,0
KD-027-R1,CHO,0,0,0,0,0,0,0,0,0,0,0,0,0
KD-027-R1,CHEW,2,2,0,0,0,2,0,0,0,0,2,2,0
KD-027-R1,JCHEW,0,0,0,0,0,0,0,0,0,0,0,0,0
KD-027-R1,Medical Lab Technician,1,0,0,0,1,0,0,0,0,0,1,0,0
KD-027-R1,Medical Records Officer,1,0,0,0,1,0,0,0,0,0,0,0,0
KD-027-R1,Pharmacy Technician,0,0,0,0,0,0,0,0,0,0,0,0,0
KD-027-R1,Environmental Health Officer,0,0,0,0,0,0,0,0,0,0,0,0,0
KD-027-R2,Medical Officer,1,0,1,0,0,0,0,0,0,0,0,0,0
KD-027-R2,Nurse/Midwife,0,0,0,0,0,0,0,0,0,0,0,0,0
KD-027-R2,CHO,0,0,0,0,0,0,0,0,0,0,0,0,0
KD-027-R2,CHEW,2,2,0,0,0,2,0,0,0,0,2,2,0
KD-027-R2,JCHEW,0,0,0,0,0,0,0,0,0,0,0,0,0
KD-027-R2,Medical Lab Technician,1,0,0,0,1,0,0,0,0,0,1,0,0
KD-027-R2,Medical Records Officer,1,0,0,0,1,0,0,0,0,0,0,0,0
KD-027-R2,Pharmacy Technician,0,0,0,0,0,0,0,0,0,0,0,0,0
KD-027-R2,Environmental Health Officer,0,0,0,0,0,0,0,0,0,0,0,0,0
KD-027-R3,Medical Officer,1,0,1,0,0,0,0,0,0,0,1,0,0
KD-027-R3,Nurse/Midwife,0,0,0,0,0,0,0,0,0,0,0,0,0
KD-027-R3,CHO,0,0,0,0,0,0,0,0,0,0,0,0,0
KD-027-R3,CHEW,2,2,0,0,0,2,0,0,0,0,0,0,2
KD-027-R3,JCHEW,0,0,0,0,0,0,0,0,0,0,0,0,0
KD-027-R3,Medical Lab Technician,1,0,0,0,1,0,0,0,0,0,1,0,0
KD-027-R3,Medical Records Officer,1,0,0,0,1,0,0,0,0,0,1,0,0
KD-027-R3,Pharmacy Technician,0,0,0,0,0,0,0,0,0,0,0,0,0
KD-027-R3,Environmental Health Officer,0,0,0,0,0,0,0,0,0,0,0,0,0
KD-027-R4,Medical Officer,1,0,1,0,0,0,0,0,0,0,0,0,0
KD-027-R4,Nurse/Midwife,0,0,0,0,0,0,0,0,0,0,0,0,0
KD-027-R4,CHO,0,0,0,0,0,0,0,0,0,0,0,0,0
KD-027-R4,CHEW,2,2,0,0,0,1,0,0,1,0,0,0,1
KD-027-R4,JCHEW,0,0,0,0,0,0,0,0,0,0,0,0,0
KD-027-R4,Medical Lab Technician,1,0,0,0,1,0,0,0,0,0,0,0,0
KD-027-R4,Medical Records Officer,1,0,0,0,1,0,0,0,0,0,0,0,0
KD-027-R4,Pharmacy Technician,0,0,0,0,0,0,0,0,0,0,0,0,0
KD-027-R4,Environmental Health Officer,0,0,0,0,0,0,0,0,0,0,0,0,0
KD-027-R5,Medical Officer,1,0,1,0,0,0,0,0,0,0,1,0,0
KD-027-R5,Nurse/Midwife,0,0,0,0,0,0,0,0,0,0,0,0,0
KD-027-R5,CHO,0,0,0,0,0,0,0,0,0,0,0,0,0
KD-027-R5,CHEW,2,2,0,0,0,2,0,0,0,0,1,1,1
KD-027-R5,JCHEW,0,0,0,0,0,0,0,0,0,0,0,0,0
KD-027-R5,Medical Lab Technician,1,0,0,0,1,0,0,0,0,0,1,0,0
KD-027-R5,Medical Records Officer,1,0,0,0,1,0,0,0,0,0,0,0,0
KD-027-R5,Pharmacy Technician,0,0,0,0,0,0,0,0,0,0,0,0,0
KD-027-R5,Environmental Health Officer,0,0,0,0,0,0,0,0,0,0,0,0,0
KD-027-R6,Medical Officer,1,0,1,0,0,0,0,0,0,0,1,0,0
KD-027-R6,Nurse/Midwife,0,0,0,0,0,0,0,0,0,0,0,0,0
KD-027-R6,CHO,0,0,0,0,0,0,0,0,0,0,0,0,0
KD-027-R6,CHEW,2,2,0,0,0,2,0,0,0,0,1,1,1
KD-027-R6,JCHEW,0,0,0,0,0,0,0,0,0,0,0,0,0
KD-027-R6,Medical Lab Technician,1,0,0,0,1,0,0,0,0,0,0,0,0
KD-027-R6,Medical Records Officer,1,0,0,0,1,0,0,0,0,0,0,0,0
KD-027-R6,Pharmacy Technician,0,0,0,0,0,0,0,0,0,0,0,0,0
KD-027-R6,Environmental Health Officer,0,0,0,0,0,0,0,0,0,0,0,0,0
KD-028-R1,Medical Officer,1,1,0,0,0,0,0,0,1,0,0,0,0
KD-028-R1,Nurse/Midwife,4,3,0,1,0,1,0,0,1,1,1,1,0
KD-028-R1,CHO,1,1,0,0,0,1,0,0,0,0,1,1,0
KD-028-R1,CHEW,10,6,2,2,0,3,1,1,0,1,3,2,3
KD-028-R1,JCHEW,9,3,4,0,2,2,0,1,0,0,4,1,2
KD-028-R1,Medical Lab Technician,1,0,0,1,0,0,0,0,0,0,1,0,0
KD-028-R1,Medical Records Officer,3,2,0,0,1,2,0,0,0,0,1,1,1
KD-028-R1,Pharmacy Technician,1,1,0,0,0,1,0,0,0,0,1,1,0
KD-028-R1,Environmental Health Officer,2,2,0,0,0,2,0,0,0,0,1,1,1
KD-028-R2,Medical Officer,1,1,0,0,0,1,0,0,0,0,1,1,0
KD-028-R2,Nurse/Midwife,4,3,0,1,0,2,0,0,1,0,1,0,2
KD-028-R2,CHO,1,1,0,0,0,1,0,0,0,0,1,1,0
KD-028-R2,CHEW,10,6,2,2,0,3,1,2,0,0,3,3,3
KD-028-R2,JCHEW,9,3,4,0,2,2,0,1,0,0,5,2,1
KD-028-R2,Medical Lab Technician,1,0,0,1,0,0,0,0,0,0,1,0,0
KD-028-R2,Medical Records Officer,3,2,0,0,1,2,0,0,0,0,2,1,1
KD-028-R2,Pharmacy Technician,1,1,0,0,0,1,0,0,0,0,1,1,0
KD-028-R2,Environmental Health Officer,2,2,0,0,0,2,0,0,0,0,1,1,1
KD-028-R3,Medical Officer,1,1,0,0,0,1,0,0,0,0,0,0,1
KD-028-R3,Nurse/Midwife,4,3,0,1,0,2,0,0,1,0,1,1,1
KD-028-R3,CHO,1,1,0,0,0,1,0,0,0,0,1,1,0
KD-028-R3,CHEW,10,6,2,2,0,2,1,1,1,1,4,3,1
KD-028-R3,JCHEW,9,3,4,0,2,2,0,1,0,0,5,2,1
KD-028-R3,Medical Lab Technician,1,0,0,1,0,0,0,0,0,0,1,0,0
KD-028-R3,Medical Records Officer,3,2,0,0,1,1,0,0,0,1,0,0,1
KD-028-R3,Pharmacy Technician,1,1,0,0,0,1,0,0,0,0,1,1,0
KD-028-R3,Environmental Health Officer,2,2,0,0,0,2,0,0,0,0,2,2,0
KD-028-R4,Medical Officer,1,1,0,0,0,1,0,0,0,0,0,0,1
KD-028-R4,Nurse/Midwife,4,3,0,1,0,2,0,1,0,0,3,2,1
KD-028-R4,CHO,1,1,0,0,0,1,0,0,0,0,1,1,0
KD-028-R4,CHEW,10,6,2,2,0,3,1,2,0,0,1,1,5
KD-028-R4,JCHEW,9,3,4,0,2,2,0,1,0,0,2,0,3
KD-028-R4,Medical Lab Technician,1,0,0,1,0,0,0,0,0,0,0,0,0
KD-028-R4,Medical Records Officer,3,2,0,0,1,2,0,0,0,0,1,1,1
KD-028-R4,Pharmacy Technician,1,1,0,0,0,1,0,0,0,0,0,0,1
KD-028-R4,Environmental Health Officer,2,2,0,0,0,2,0,0,0,0,2,2,0
KD-028-R5,Medical Officer,1,1,0,0,0,1,0,0,0,0,0,0,1
KD-028-R5,Nurse/Midwife,4,3,0,1,0,2,0,1,0,0,1,1,2
KD-028-R5,CHO,1,1,0,0,0,1,0,0,0,0,0,0,1
KD-028-R5,CHEW,10,6,2,2,0,3,1,1,0,1,7,4,1
KD-028-R5,JCHEW,9,3,4,0,2,2,0,0,1,0,2,0,2
KD-028-R5,Medical Lab Technician,1,0,0,1,0,0,0,0,0,0,1,0,0
KD-028-R5,Medical Records Officer,3,2,0,0,1,1,0,0,1,0,1,1,0
KD-028-R5,Pharmacy Technician,1,1,0,0,0,1,0,0,0,0,1,1,0
KD-028-R5,Environmental Health Officer,2,2,0,0,0,2,0,0,0,0,1,1,1
KD-028-R6,Medical Officer,1,1,0,0,0,0,0,0,1,0,0,0,0
KD-028-R6,Nurse/Midwife,4,3,0,1,0,2,0,1,0,0,1,1,2
KD-028-R6,CHO,1,1,0,0,0,0,0,0,1,0,0,0,0
KD-028-R6,CHEW,10,6,2,2,0,3,1,2,0,0,3,1,5
KD-028-R6,JCHEW,9,3,4,0,2,2,0,0,1,0,1,0,2
KD-028-R6,Medical Lab Technician,1,0,0,1,0,0,0,0,0,0,0,0,0
KD-028-R6,Medical Records Officer,3,2,0,0,1,2,0,0,0,0,1,1,1
KD-028-R6,Pharmacy Technician,1,1,0,0,0,1,0,0,0,0,0,0,1
KD-028-R6,Environmental Health Officer,2,2,0,0,0,2,0,0,0,0,0,0,2
KD-029-R1,Medical Officer,0,0,0,0,0,0,0,0,0,0,0,0,0
KD-029-R1,Nurse/Midwife,4,3,0,1,0,2,0,0,0,1,0,0,2
KD-029-R1,CHO,3,2,1,0,0,2,0,0,0,0,0,0,2
KD-029-R1,CHEW,12,8,1,1,2,4,2,1,1,0,4,3,4
KD-029-R1,JCHEW,4,2,0,1,1,2,0,0,0,0,1,1,1
KD-029-R1,Medical Lab Technician,1,0,0,1,0,0,0,0,0,0,0,0,0
KD-029-R1,Medical Records Officer,0,0,0,0,0,0,0,0,0,0,0,0,0
KD-029-R1,Pharmacy Technician,1,1,0,0,0,1,0,0,0,0,1,1,0
KD-029-R1,Environmental Health Officer,2,1,0,0,1,1,0,0,0,0,0,0,1
KD-029-R2,Medical Officer,0,0,0,0,0,0,0,0,0,0,0,0,0
KD-029-R2,Nurse/Midwife,4,3,0,1,0,2,0,1,0,0,2,2,1
KD-029-R2,CHO,3,2,1,0,0,1,0,0,0,1,2,1,0
KD-029-R2,CHEW,12,8,1,1,2,3,1,2,2,0,5,5,1
KD-029-R2,JCHEW,4,2,0,1,1,2,0,0,0,0,3,1,1
KD-029-R2,Medical Lab Technician,1,0,0,1,0,0,0,0,0,0,0,0,0
KD-029-R2,Medical Records Officer,0,0,0,0,0,0,0,0,0,0,0,0,0
KD-029-R2,Pharmacy Technician,1,1,0,0,0,1,0,0,0,0,1,1,0
KD-029-R2,Environmental Health Officer,2,1,0,0,1,1,0,0,0,0,1,1,0
KD-029-R3,Medical Officer,0,0,0,0,0,0,0,0,0,0,0,0,0
KD-029-R3,Nurse/Midwife,4,3,0,1,0,2,0,0,1,0,0,0,2
KD-029-R3,CHO,3,2,1,0,0,2,0,0,0,0,0,0,2
KD-029-R3,CHEW,12,8,1,1,2,3,1,2,2,0,4,3,3
KD-029-R3,JCHEW,4,2,0,1,1,2,0,0,0,0,1,0,2
KD-029-R3,Medical Lab Technician,1,0,0,1,0,0,0,0,0,0,1,0,0
KD-029-R3,Medical Records Officer,0,0,0,0,0,0,0,0,0,0,0,0,0
KD-029-R3,Pharmacy Technician,1,1,0,0,0,1,0,0,0,0,0,0,1
KD-029-R3,Environmental Health Officer,2,1,0,0,1,1,0,0,0,0,1,0,1
KD-029-R4,Medical Officer,0,0,0,0,0,0,0,0,0,0,0,0,0
KD-029-R4,Nurse/Midwife,4,3,0,1,0,2,0,0,1,0,0,0,2
KD-029-R4,CHO,3,2,1,0,0,2,0,0,0,0,2,1,1
KD-029-R4,CHEW,12,8,1,1,2,3,1,2,1,1,4,2,4
KD-029-R4,JCHEW,4,2,0,1,1,2,0,0,0,0,1,0,2
KD-029-R4,Medical Lab Technician,1,0,0,1,0,0,0,0,0,0,0,0,0
KD-029-R4,Medical Records Officer,0,0,0,0,0,0,0,0,0,0,0,0,0
KD-029-R4,Pharmacy Technician,1,1,0,0,0,0,0,0,1,0,0,0,0
KD-029-R4,Environmental Health Officer,2,1,0,0,1,1,0,0,0,0,1,0,1
KD-029-R5,Medical Officer,0,0,0,0,0,0,0,0,0,0,0,0,0
KD-029-R5,Nurse/Midwife,4,3,0,1,0,2,0,0,1,0,0,0,2
KD-029-R5,CHO,3,2,1,0,0,2,0,0,0,0,1,0,2
KD-029-R5,CHEW,12,8,1,1,2,3,1,2,2,0,6,5,1
KD-029-R5,JCHEW,4,2,0,1,1,2,0,0,0,0,4,2,0
KD-029-R5,Medical Lab Technician,1,0,0,1,0,0,0,0,0,0,1,0,0
KD-029-R5,Medical Records Officer,0,0,0,0,0,0,0,0,0,0,0,0,0
KD-029-R5,Pharmacy Technician,1,1,0,0,0,1,0,0,0,0,1,1,0
KD-029-R5,Environmental Health Officer,2,1,0,0,1,1,0,0,0,0,0,0,1
KD-029-R6,Medical Officer,0,0,0,0,0,0,0,0,0,0,0,0,0
KD-029-R6,Nurse/Midwife,4,3,0,1,0,2,0,1,0,0,3,3,0
KD-029-R6,CHO,3,2,1,0,0,0,0,0,1,1,0,0,0
KD-029-R6,CHEW,12,8,1,1,2,4,2,1,1,0,9,6,1
KD-029-R6,JCHEW,4,2,0,1,1,2,0,0,0,0,4,2,0
KD-029-R6,Medical Lab Technician,1,0,0,1,0,0,0,0,0,0,0,0,0
KD-029-R6,Medical Records Officer,0,0,0,0,0,0,0,0,0,0,0,0,0
KD-029-R6,Pharmacy Technician,1,1,0,0,0,0,0,0,1,0,0,0,0
KD-029-R6,Environmental Health Officer,2,1,0,0,1,0,0,0,0,1,0,0,0
KD-030-R1,Medical Officer,1,1,0,0,0,0,0,0,1,0,0,0,0
KD-030-R1,Nurse/Midwife,7,4,1,2,0,2,1,1,0,0,4,1,3
KD-030-R1,CHO,3,3,0,0,0,2,0,1,0,0,3,3,0
KD-030-R1,CHEW,5,2,0,0,3,2,0,0,0,0,2,0,2
KD-030-R1,JCHEW,4,2,1,0,1,2,0,0,0,0,2,1,1
KD-030-R1,Medical Lab Technician,0,0,0,0,0,0,0,0,0,0,0,0,0
KD-030-R1,Medical Records Officer,1,0,0,0,1,0,0,0,0,0,1,0,0
KD-030-R1,Pharmacy Technician,1,0,0,1,0,0,0,0,0,0,1,0,0
KD-030-R1,Environmental Health Officer,0,0,0,0,0,0,0,0,0,0,0,0,0
KD-030-R2,Medical Officer,1,1,0,0,0,1,0,0,0,0,0,0,1
KD-030-R2,Nurse/Midwife,7,4,1,2,0,2,1,1,0,0,4,3,1
KD-030-R2,CHO,3,3,0,0,0,2,0,0,0,1,1,1,1
KD-030-R2,CHEW,5,2,0,0,3,1,0,0,1,0,2,0,1
KD-030-R2,JCHEW,4,2,1,0,1,1,0,0,1,0,2,1,0
KD-030-R2,Medical Lab Technician,0,0,0,0,0,0,0,0,0,0,0,0,0
KD-030-R2,Medical Records Officer,1,0,0,0,1,0,0,0,0,0,1,0,0
KD-030-R2,Pharmacy Technician,1,0,0,1,0,0,0,0,0,0,0,0,0
KD-030-R2,Environmental Health Officer,0,0,0,0,0,0,0,0,0,0,0,0,0
KD-030-R3,Medical Officer,1,1,0,0,0,1,0,0,0,0,1,1,0
KD-030-R3,Nurse/Midwife,7,4,1,2,0,2,1,1,0,0,2,1,3
KD-030-R3,CHO,3,3,0,0,0,2,0,1,0,0,2,2,1
KD-030-R3,CHEW,5,2,0,0,3,2,0,0,0,0,1,0,2
KD-030-R3,JCHEW,4,2,1,0,1,1,0,0,0,1,1,1,0
KD-030-R3,Medical Lab Technician,0,0,0,0,0,0,0,0,0,0,0,0,0
KD-030-R3,Medical Records Officer,1,0,0,0,1,0,0,0,0,0,0,0,0
KD-030-R3,Pharmacy Technician,1,0,0,1,0,0,0,0,0,0,0,0,0
KD-030-R3,Environmental Health Officer,0,0,0,0,0,0,0,0,0,0,0,0,0
KD-030-R4,Medical Officer,1,1,0,0,0,1,0,0,0,0,0,0,1
KD-030-R4,Nurse/Midwife,7,4,1,2,0,2,1,1,0,0,4,1,3
KD-030-R4,CHO,3,3,0,0,0,2,0,1,0,0,2,2,1
KD-030-R4,CHEW,5,2,0,0,3,2,0,0,0,0,3,1,1
KD-030-R4,JCHEW,4,2,1,0,1,2,0,0,0,0,1,1,1
KD-030-R4,Medical Lab Technician,0,0,0,0,0,0,0,0,0,0,0,0,0
KD-030-R4,Medical Records Officer,1,0,0,0,1,0,0,0,0,0,0,0,0
KD-030-R4,Pharmacy Technician,1,0,0,1,0,0,0,0,0,0,1,0,0
KD-030-R4,Environmental Health Officer,0,0,0,0,0,0,0,0,0,0,0,0,0
KD-030-R5,Medical Officer,1,1,0,0,0,0,0,0,1,0,0,0,0
KD-030-R5,Nurse/Midwife,7,4,1,2,0,2,0,1,1,0,3,2,1
KD-030-R5,CHO,3,3,0,0,0,2,0,0,1,0,0,0,2
KD-030-R5,CHEW,5,2,0,0,3,1,0,0,1,0,2,1,0
KD-030-R5,JCHEW,4,2,1,0,1,1,0,0,1,0,0,0,1
KD-030-R5,Medical Lab Technician,0,0,0,0,0,0,0,0,0,0,0,0,0
KD-030-R5,Medical Records Officer,1,0,0,0,1,0,0,0,0,0,1,0,0
KD-030-R5,Pharmacy Technician,1,0,0,1,0,0,0,0,0,0,1,0,0
KD-030-R5,Environmental Health Officer,0,0,0,0,0,0,0,0,0,0,0,0,0
KD-030-R6,Medical Officer,1,1,0,0,0,1,0,0,0,0,0,0,1
KD-030-R6,Nurse/Midwife,7,4,1,2,0,2,0,1,1,0,2,2,1
KD-030-R6,CHO,3,3,0,0,0,1,0,0,0,2,0,0,1
KD-030-R6,CHEW,5,2,0,0,3,1,0,0,0,1,1,0,1
KD-030-R6,JCHEW,4,2,1,0,1,2,0,0,0,0,0,0,2
KD-030-R6,Medical Lab Technician,0,0,0,0,0,0,0,0,0,0,0,0,0
KD-030-R6,Medical Records Officer,1,0,0,0,1,0,0,0,0,0,0,0,0
KD-030-R6,Pharmacy Technician,1,0,0,1,0,0,0,0,0,0,0,0,0
KD-030-R6,Environmental Health Officer,0,0,0,0,0,0,0,0,0,0,0,0,0
KD-031-R1,Medical Officer,0,0,0,0,0,0,0,0,0,0,0,0,0
KD-031-R1,Nurse/Midwife,4,2,1,1,0,2,0,0,0,0,2,1,1
KD-031-R1,CHO,0,0,0,0,0,0,0,0,0,0,0,0,0
KD-031-R1,CHEW,2,2,0,0,0,2,0,0,0,0,2,2,0
KD-031-R1,JCHEW,4,4,0,0,0,2,0,1,1,0,3,3,0
KD-031-R1,Medical Lab Technician,1,1,0,0,0,1,0,0,0,0,1,1,0
KD-031-R1,Medical Records Officer,0,0,0,0,0,0,0,0,0,0,0,0,0
KD-031-R1,Pharmacy Technician,2,1,0,1,0,0,0,0,1,0,1,0,0
KD-031-R1,Environmental Health Officer,2,1,0,0,1,1,0,0,0,0,1,0,1
KD-031-R2,Medical Officer,0,0,0,0,0,0,0,0,0,0,0,0,0
KD-031-R2,Nurse/Midwife,4,2,1,1,0,2,0,0,0,0,3,2,0
KD-031-R2,CHO,0,0,0,0,0,0,0,0,0,0,0,0,0
KD-031-R2,CHEW,2,2,0,0,0,2,0,0,0,0,1,1,1
KD-031-R2,JCHEW,4,4,0,0,0,2,1,1,0,0,1,1,3
KD-031-R2,Medical Lab Technician,1,1,0,0,0,1,0,0,0,0,0,0,1
KD-031-R2,Medical Records Officer,0,0,0,0,0,0,0,0,0,0,0,0,0
KD-031-R2,Pharmacy Technician,2,1,0,1,0,1,0,0,0,0,2,1,0
KD-031-R2,Environmental Health Officer,2,1,0,0,1,1,0,0,0,0,1,1,0
KD-031-R3,Medical Officer,0,0,0,0,0,0,0,0,0,0,0,0,0
KD-031-R3,Nurse/Midwife,4,2,1,1,0,0,0,0,0,2,1,0,0
KD-031-R3,CHO,0,0,0,0,0,0,0,0,0,0,0,0,0
KD-031-R3,CHEW,2,2,0,0,0,2,0,0,0,0,2,2,0
KD-031-R3,JCHEW,4,4,0,0,0,1,0,0,2,1,0,0,1
KD-031-R3,Medical Lab Technician,1,1,0,0,0,1,0,0,0,0,0,0,1
KD-031-R3,Medical Records Officer,0,0,0,0,0,0,0,0,0,0,0,0,0
KD-031-R3,Pharmacy Technician,2,1,0,1,0,1,0,0,0,0,0,0,1
KD-031-R3,Environmental Health Officer,2,1,0,0,1,1,0,0,0,0,1,1,0
KD-031-R4,Medical Officer,0,0,0,0,0,0,0,0,0,0,0,0,0
KD-031-R4,Nurse/Midwife,4,2,1,1,0,2,0,0,0,0,2,1,1
KD-031-R4,CHO,0,0,0,0,0,0,0,0,0,0,0,0,0
KD-031-R4,CHEW,2,2,0,0,0,2,0,0,0,0,1,1,1
KD-031-R4,JCHEW,4,4,0,0,0,2,0,1,1,0,1,1,2
KD-031-R4,Medical Lab Technician,1,1,0,0,0,0,0,0,1,0,0,0,0
KD-031-R4,Medical Records Officer,0,0,0,0,0,0,0,0,0,0,0,0,0
KD-031-R4,Pharmacy Technician,2,1,0,1,0,1,0,0,0,0,1,0,1
KD-031-R4,Environmental Health Officer,2,1,0,0,1,1,0,0,0,0,0,0,1
KD-031-R5,Medical Officer,0,0,0,0,0,0,0,0,0,0,0,0,0
KD-031-R5,Nurse/Midwife,4,2,1,1,0,2,0,0,0,0,1,1,1
KD-031-R5,CHO,0,0,0,0,0,0,0,0,0,0,0,0,0
KD-031-R5,CHEW,2,2,0,0,0,2,0,0,0,0,1,1,1
KD-031-R5,JCHEW,4,4,0,0,0,2,0,1,0,1,3,3,0
KD-031-R5,Medical Lab Technician,1,1,0,0,0,1,0,0,0,0,0,0,1
KD-031-R5,Medical Records Officer,0,0,0,0,0,0,0,0,0,0,0,0,0
KD-031-R5,Pharmacy Technician,2,1,0,1,0,0,0,0,1,0,1,0,0
KD-031-R5,Environmental Health Officer,2,1,0,0,1,1,0,0,0,0,2,1,0
KD-031-R6,Medical Officer,0,0,0,0,0,0,0,0,0,0,0,0,0
KD-031-R6,Nurse/Midwife,4,2,1,1,0,2,0,0,0,0,2,0,2
KD-031-R6,CHO,0,0,0,0,0,0,0,0,0,0,0,0,0
KD-031-R6,CHEW,2,2,0,0,0,1,0,0,1,0,1,1,0
KD-031-R6,JCHEW,4,4,0,0,0,2,1,1,0,0,2,2,2
KD-031-R6,Medical Lab Technician,1,1,0,0,0,1,0,0,0,0,1,1,0
KD-031-R6,Medical Records Officer,0,0,0,0,0,0,0,0,0,0,0,0,0
KD-031-R6,Pharmacy Technician,2,1,0,1,0,0,0,0,1,0,0,0,0
KD-031-R6,Environmental Health Officer,2,1,0,0,1,1,0,0,0,0,2,1,0
KD-032-R1,Medical Officer,0,0,0,0,0,0,0,0,0,0,0,0,0
KD-032-R1,Nurse/Midwife,1,1,0,0,0,1,0,0,0,0,1,1,0
KD-032-R1,CHO,1,1,0,0,0,1,0,0,0,0,1,1,0
KD-032-R1,CHEW,3,1,0,0,2,1,0,0,0,0,0,0,1
KD-032-R1,JCHEW,2,2,0,0,0,1,0,0,0,1,0,0,1
KD-032-R1,Medical Lab Technician,0,0,0,0,0,0,0,0,0,0,0,0,0
KD-032-R1,Medical Records Officer,2,0,0,0,2,0,0,0,0,0,0,0,0
KD-032-R1,Pharmacy Technician,0,0,0,0,0,0,0,0,0,0,0,0,0
KD-032-R1,Environmental Health Officer,0,0,0,0,0,0,0,0,0,0,0,0,0
KD-032-R2,Medical Officer,0,0,0,0,0,0,0,0,0,0,0,0,0
KD-032-R2,Nurse/Midwife,1,1,0,0,0,1,0,0,0,0,1,1,0
KD-032-R2,CHO,1,1,0,0,0,0,0,0,1,0,0,0,0
KD-032-R2,CHEW,3,1,0,0,2,1,0,0,0,0,1,0,1
KD-032-R2,JCHEW,2,2,0,0,0,1,0,0,0,1,1,1,0
KD-032-R2,Medical Lab Technician,0,0,0,0,0,0,0,0,0,0,0,0,0
KD-032-R2,Medical Records Officer,2,0,0,0,2,0,0,0,0,0,0,0,0
KD-032-R2,Pharmacy Technician,0,0,0,0,0,0,0,0,0,0,0,0,0
KD-032-R2,Environmental Health Officer,0,0,0,0,0,0,0,0,0,0,0,0,0
KD-032-R3,Medical Officer,0,0,0,0,0,0,0,0,0,0,0,0,0
KD-032-R3,Nurse/Midwife,1,1,0,0,0,1,0,0,0,0,0,0,1
KD-032-R3,CHO,1,1,0,0,0,1,0,0,0,0,1,1,0
KD-032-R3,CHEW,3,1,0,0,2,1,0,0,0,0,2,1,0
KD-032-R3,JCHEW,2,2,0,0,0,2,0,0,0,0,2,2,0
KD-032-R3,Medical Lab Technician,0,0,0,0,0,0,0,0,0,0,0,0,0
KD-032-R3,Medical Records Officer,2,0,0,0,2,0,0,0,0,0,2,0,0
KD-032-R3,Pharmacy Technician,0,0,0,0,0,0,0,0,0,0,0,0,0
KD-032-R3,Environmental Health Officer,0,0,0,0,0,0,0,0,0,0,0,0,0
KD-032-R4,Medical Officer,0,0,0,0,0,0,0,0,0,0,0,0,0
KD-032-R4,Nurse/Midwife,1,1,0,0,0,1,0,0,0,0,0,0,1
KD-032-R4,CHO,1,1,0,0,0,1,0,0,0,0,1,1,0
KD-032-R4,CHEW,3,1,0,0,2,1,0,0,0,0,1,1,0
KD-032-R4,JCHEW,2,2,0,0,0,1,0,0,0,1,1,1,0
KD-032-R4,Medical Lab Technician,0,0,0,0,0,0,0,0,0,0,0,0,0
KD-032-R4,Medical Records Officer,2,0,0,0,2,0,0,0,0,0,1,0,0
KD-032-R4,Pharmacy Technician,0,0,0,0,0,0,0,0,0,0,0,0,0
KD-032-R4,Environmental Health Officer,0,0,0,0,0,0,0,0,0,0,0,0,0
KD-032-R5,Medical Officer,0,0,0,0,0,0,0,0,0,0,0,0,0
KD-032-R5,Nurse/Midwife,1,1,0,0,0,1,0,0,0,0,1,1,0
KD-032-R5,CHO,1,1,0,0,0,1,0,0,0,0,1,1,0
KD-032-R5,CHEW,3,1,0,0,2,1,0,0,0,0,2,0,1
KD-032-R5,JCHEW,2,2,0,0,0,2,0,0,0,0,1,1,1
KD-032-R5,Medical Lab Technician,0,0,0,0,0,0,0,0,0,0,0,0,0
KD-032-R5,Medical Records Officer,2,0,0,0,2,0,0,0,0,0,0,0,0
KD-032-R5,Pharmacy Technician,0,0,0,0,0,0,0,0,0,0,0,0,0
KD-032-R5,Environmental Health Officer,0,0,0,0,0,0,0,0,0,0,0,0,0
KD-032-R6,Medical Officer,0,0,0,0,0,0,0,0,0,0,0,0,0
KD-032-R6,Nurse/Midwife,1,1,0,0,0,1,0,0,0,0,0,0,1
KD-032-R6,CHO,1,1,0,0,0,1,0,0,0,0,0,0,1
KD-032-R6,CHEW,3,1,0,0,2,1,0,0,0,0,1,0,1
KD-032-R6,JCHEW,2,2,0,0,0,2,0,0,0,0,0,0,2
KD-032-R6,Medical Lab Technician,0,0,0,0,0,0,0,0,0,0,0,0,0
KD-032-R6,Medical Records Officer,2,0,0,0,2,0,0,0,0,0,1,0,0
KD-032-R6,Pharmacy Technician,0,0,0,0,0,0,0,0,0,0,0,0,0
KD-032-R6,Environmental Health Officer,0,0,0,0,0,0,0,0,0,0,0,0,0
KD-033-R1,Medical Officer,0,0,0,0,0,0,0,0,0,0,0,0,0
KD-033-R1,Nurse/Midwife,0,0,0,0,0,0,0,0,0,0,0,0,0
KD-033-R1,CHO,0,0,0,0,0,0,0,0,0,0,0,0,0
KD-033-R1,CHEW,11,7,4,0,0,2,1,1,2,1,6,3,1
KD-033-R1,JCHEW,1,0,0,0,1,0,0,0,0,0,0,0,0
KD-033-R1,Medical Lab Technician,1,0,0,0,1,0,0,0,0,0,1,0,0
KD-033-R1,Medical Records Officer,1,0,0,0,1,0,0,0,0,0,1,0,0
KD-033-R1,Pharmacy Technician,0,0,0,0,0,0,0,0,0,0,0,0,0
KD-033-R1,Environmental Health Officer,2,1,0,0,1,1,0,0,0,0,2,1,0
KD-033-R2,Medical Officer,0,0,0,0,0,0,0,0,0,0,0,0,0
KD-033-R2,Nurse/Midwife,0,0,0,0,0,0,0,0,0,0,0,0,0
KD-033-R2,CHO,0,0,0,0,0,0,0,0,0,0,0,0,0
KD-033-R2,CHEW,11,7,4,0,0,3,1,2,0,1,8,6,0
KD-033-R2,JCHEW,1,0,0,0,1,0,0,0,0,0,1,0,0
KD-033-R2,Medical Lab Technician,1,0,0,0,1,0,0,0,0,0,1,0,0
KD-033-R2,Medical Records Officer,1,0,0,0,1,0,0,0,0,0,1,0,0
KD-033-R2,Pharmacy Technician,0,0,0,0,0,0,0,0,0,0,0,0,0
KD-033-R2,Environmental Health Officer,2,1,0,0,1,1,0,0,0,0,1,1,0
KD-033-R3,Medical Officer,0,0,0,0,0,0,0,0,0,0,0,0,0
KD-033-R3,Nurse/Midwife,0,0,0,0,0,0,0,0,0,0,0,0,0
KD-033-R3,CHO,0,0,0,0,0,0,0,0,0,0,0,0,0
KD-033-R3,CHEW,11,7,4,0,0,3,1,1,2,0,5,4,1
KD-033-R3,JCHEW,1,0,0,0,1,0,0,0,0,0,1,0,0
KD-033-R3,Medical Lab Technician,1,0,0,0,1,0,0,0,0,0,1,0,0
KD-033-R3,Medical Records Officer,1,0,0,0,1,0,0,0,0,0,0,0,0
KD-033-R3,Pharmacy Technician,0,0,0,0,0,0,0,0,0,0,0,0,0
KD-033-R3,Environmental Health Officer,2,1,0,0,1,0,0,0,0,1,1,0,0
KD-033-R4,Medical Officer,0,0,0,0,0,0,0,0,0,0,0,0,0
KD-033-R4,Nurse/Midwife,0,0,0,0,0,0,0,0,0,0,0,0,0
KD-033-R4,CHO,0,0,0,0,0,0,0,0,0,0,0,0,0
KD-033-R4,CHEW,11,7,4,0,0,3,1,2,0,1,9,5,1
KD-033-R4,JCHEW,1,0,0,0,1,0,0,0,0,0,1,0,0
KD-033-R4,Medical Lab Technician,1,0,0,0,1,0,0,0,0,0,1,0,0
KD-033-R4,Medical Records Officer,1,0,0,0,1,0,0,0,0,0,1,0,0
KD-033-R4,Pharmacy Technician,0,0,0,0,0,0,0,0,0,0,0,0,0
KD-033-R4,Environmental Health Officer,2,1,0,0,1,0,0,0,0,1,0,0,0
KD-033-R5,Medical Officer,0,0,0,0,0,0,0,0,0,0,0,0,0
KD-033-R5,Nurse/Midwife,0,0,0,0,0,0,0,0,0,0,0,0,0
KD-033-R5,CHO,0,0,0,0,0,0,0,0,0,0,0,0,0
KD-033-R5,CHEW,11,7,4,0,0,4,2,1,0,0,9,6,1
KD-033-R5,JCHEW,1,0,0,0,1,0,0,0,0,0,0,0,0
KD-033-R5,Medical Lab Technician,1,0,0,0,1,0,0,0,0,0,0,0,0
KD-033-R5,Medical Records Officer,1,0,0,0,1,0,0,0,0,0,1,0,0
KD-033-R5,Pharmacy Technician,0,0,0,0,0,0,0,0,0,0,0,0,0
KD-033-R5,Environmental Health Officer,2,1,0,0,1,1,0,0,0,0,2,1,0
KD-033-R6,Medical Officer,0,0,0,0,0,0,0,0,0,0,0,0,0
KD-033-R6,Nurse/Midwife,0,0,0,0,0,0,0,0,0,0,0,0,0
KD-033-R6,CHO,0,0,0,0,0,0,0,0,0,0,0,0,0
KD-033-R6,CHEW,11,7,4,0,0,2,1,1,3,0,6,4,0
KD-033-R6,JCHEW,1,0,0,0,1,0,0,0,0,0,0,0,0
KD-033-R6,Medical Lab Technician,1,0,0,0,1,0,0,0,0,0,0,0,0
KD-033-R6,Medical Records Officer,1,0,0,0,1,0,0,0,0,0,1,0,0
KD-033-R6,Pharmacy Technician,0,0,0,0,0,0,0,0,0,0,0,0,0
KD-033-R6,Environmental Health Officer,2,1,0,0,1,1,0,0,0,0,0,0,1
KD-034-R1,Medical Officer,1,1,0,0,0,1,0,0,0,0,1,1,0
KD-034-R1,Nurse/Midwife,3,3,0,0,0,3,0,0,0,0,1,1,2
KD-034-R1,CHO,1,1,0,0,0,1,0,0,0,0,0,0,1
KD-034-R1,CHEW,12,8,1,0,3,7,0,0,0,1,8,6,1
KD-034-R1,JCHEW,4,3,0,0,1,3,0,0,0,0,3,2,1
KD-034-R1,Medical Lab Technician,1,1,0,0,0,1,0,0,0,0,0,0,1
KD-034-R1,Medical Records Officer,0,0,0,0,0,0,0,0,0,0,0,0,0
KD-034-R1,Pharmacy Technician,0,0,0,0,0,0,0,0,0,0,0,0,0
KD-034-R1,Environmental Health Officer,0,0,0,0,0,0,0,0,0,0,0,0,0
KD-034-R2,Medical Officer,1,1,0,0,0,1,0,0,0,0,1,1,0
KD-034-R2,Nurse/Midwife,3,3,0,0,0,3,0,0,0,0,3,3,0
KD-034-R2,CHO,1,1,0,0,0,1,0,0,0,0,0,0,1
KD-034-R2,CHEW,12,8,1,0,3,8,0,0,0,0,10,8,0
KD-034-R2,JCHEW,4,3,0,0,1,2,0,0,0,1,1,1,1
KD-034-R2,Medical Lab Technician,1,1,0,0,0,1,0,0,0,0,0,0,1
KD-034-R2,Medical Records Officer,0,0,0,0,0,0,0,0,0,0,0,0,0
KD-034-R2,Pharmacy Technician,0,0,0,0,0,0,0,0,0,0,0,0,0
KD-034-R2,Environmental Health Officer,0,0,0,0,0,0,0,0,0,0,0,0,0
KD-034-R3,Medical Officer,1,1,0,0,0,1,0,0,0,0,1,1,0
KD-034-R3,Nurse/Midwife,3,3,0,0,0,3,0,0,0,0,3,3,0
KD-034-R3,CHO,1,1,0,0,0,1,0,0,0,0,0,0,1
KD-034-R3,CHEW,12,8,1,0,3,8,0,0,0,0,10,6,2
KD-034-R3,JCHEW,4,3,0,0,1,3,0,0,0,0,3,3,0
KD-034-R3,Medical Lab Technician,1,1,0,0,0,1,0,0,0,0,1,1,0
KD-034-R3,Medical Records Officer,0,0,0,0,0,0,0,0,0,0,0,0,0
KD-034-R3,Pharmacy Technician,0,0,0,0,0,0,0,0,0,0,0,0,0
KD-034-R3,Environmental Health Officer,0,0,0,0,0,0,0,0,0,0,0,0,0
KD-034-R4,Medical Officer,1,1,0,0,0,1,0,0,0,0,1,1,0
KD-034-R4,Nurse/Midwife,3,3,0,0,0,3,0,0,0,0,2,2,1
KD-034-R4,CHO,1,1,0,0,0,1,0,0,0,0,0,0,1
KD-034-R4,CHEW,12,8,1,0,3,6,0,0,1,1,7,3,3
KD-034-R4,JCHEW,4,3,0,0,1,2,0,0,0,1,1,1,1
KD-034-R4,Medical Lab Technician,1,1,0,0,0,1,0,0,0,0,1,1,0
KD-034-R4,Medical Records Officer,0,0,0,0,0,0,0,0,0,0,0,0,0
KD-034-R4,Pharmacy Technician,0,0,0,0,0,0,0,0,0,0,0,0,0
KD-034-R4,Environmental Health Officer,0,0,0,0,0,0,0,0,0,0,0,0,0
KD-034-R5,Medical Officer,1,1,0,0,0,1,0,0,0,0,1,1,0
KD-034-R5,Nurse/Midwife,3,3,0,0,0,3,0,0,0,0,2,2,1
KD-034-R5,CHO,1,1,0,0,0,1,0,0,0,0,1,1,0
KD-034-R5,CHEW,12,8,1,0,3,8,0,0,0,0,11,7,1
KD-034-R5,JCHEW,4,3,0,0,1,1,0,0,1,1,2,1,0
KD-034-R5,Medical Lab Technician,1,1,0,0,0,1,0,0,0,0,1,1,0
KD-034-R5,Medical Records Officer,0,0,0,0,0,0,0,0,0,0,0,0,0
KD-034-R5,Pharmacy Technician,0,0,0,0,0,0,0,0,0,0,0,0,0
KD-034-R5,Environmental Health Officer,0,0,0,0,0,0,0,0,0,0,0,0,0
KD-034-R6,Medical Officer,1,1,0,0,0,1,0,0,0,0,1,1,0
KD-034-R6,Nurse/Midwife,3,3,0,0,0,2,0,0,0,1,1,1,1
KD-034-R6,CHO,1,1,0,0,0,1,0,0,0,0,1,1,0
KD-034-R6,CHEW,12,8,1,0,3,8,0,0,0,0,8,5,3
KD-034-R6,JCHEW,4,3,0,0,1,3,0,0,0,0,3,2,1
KD-034-R6,Medical Lab Technician,1,1,0,0,0,1,0,0,0,0,0,0,1
KD-034-R6,Medical Records Officer,0,0,0,0,0,0,0,0,0,0,0,0,0
KD-034-R6,Pharmacy Technician,0,0,0,0,0,0,0,0,0,0,0,0,0
KD-034-R6,Environmental Health Officer,0,0,0,0,0,0,0,0,0,0,0,0,0
KD-035-R1,Medical Officer,1,1,0,0,0,1,0,0,0,0,1,1,0
KD-035-R1,Nurse/Midwife,0,0,0,0,0,0,0,0,0,0,0,0,0
KD-035-R1,CHO,2,1,1,0,0,1,0,0,0,0,0,0,1
KD-035-R1,CHEW,7,4,1,1,1,1,0,0,2,1,3,1,0
KD-035-R1,JCHEW,2,2,0,0,0,2,0,0,0,0,1,1,1
KD-035-R1,Medical Lab Technician,1,0,0,1,0,0,0,0,0,0,1,0,0
KD-035-R1,Medical Records Officer,2,2,0,0,0,2,0,0,0,0,2,2,0
KD-035-R1,Pharmacy Technician,1,0,0,0,1,0,0,0,0,0,1,0,0
KD-035-R1,Environmental Health Officer,0,0,0,0,0,0,0,0,0,0,0,0,0
KD-035-R2,Medical Officer,1,1,0,0,0,1,0,0,0,0,0,0,1
KD-035-R2,Nurse/Midwife,0,0,0,0,0,0,0,0,0,0,0,0,0
KD-035-R2,CHO,2,1,1,0,0,1,0,0,0,0,2,1,0
KD-035-R2,CHEW,7,4,1,1,1,2,1,1,0,0,5,3,1
KD-035-R2,JCHEW,2,2,0,0,0,2,0,0,0,0,0,0,2
KD-035-R2,Medical Lab Technician,1,0,0,1,0,0,0,0,0,0,1,0,0
KD-035-R2,Medical Records Officer,2,2,0,0,0,1,0,0,1,0,1,1,0
KD-035-R2,Pharmacy Technician,1,0,0,0,1,0,0,0,0,0,1,0,0
KD-035-R2,Environmental Health Officer,0,0,0,0,0,0,0,0,0,0,0,0,0
KD-035-R3,Medical Officer,1,1,0,0,0,0,0,0,1,0,0,0,0
KD-035-R3,Nurse/Midwife,0,0,0,0,0,0,0,0,0,0,0,0,0
KD-035-R3,CHO,2,1,1,0,0,1,0,0,0,0,2,1,0
KD-035-R3,CHEW,7,4,1,1,1,2,1,1,0,0,6,4,0
KD-035-R3,JCHEW,2,2,0,0,0,2,0,0,0,0,2,2,0
KD-035-R3,Medical Lab Technician,1,0,0,1,0,0,0,0,0,0,1,0,0
KD-035-R3,Medical Records Officer,2,2,0,0,0,2,0,0,0,0,2,2,0
KD-035-R3,Pharmacy Technician,1,0,0,0,1,0,0,0,0,0,0,0,0
KD-035-R3,Environmental Health Officer,0,0,0,0,0,0,0,0,0,0,0,0,0
KD-035-R4,Medical Officer,1,1,0,0,0,0,0,0,0,1,0,0,0
KD-035-R4,Nurse/Midwife,0,0,0,0,0,0,0,0,0,0,0,0,0
KD-035-R4,CHO,2,1,1,0,0,1,0,0,0,0,1,1,0
KD-035-R4,CHEW,7,4,1,1,1,2,0,1,1,0,5,2,1
KD-035-R4,JCHEW,2,2,0,0,0,2,0,0,0,0,1,1,1
KD-035-R4,Medical Lab Technician,1,0,0,1,0,0,0,0,0,0,1,0,0
KD-035-R4,Medical Records Officer,2,2,0,0,0,2,0,0,0,0,1,1,1
KD-035-R4,Pharmacy Technician,1,0,0,0,1,0,0,0,0,0,1,0,0
KD-035-R4,Environmental Health Officer,0,0,0,0,0,0,0,0,0,0,0,0,0
KD-035-R5,Medical Officer,1,1,0,0,0,1,0,0,0,0,1,1,0
KD-035-R5,Nurse/Midwife,0,0,0,0,0,0,0,0,0,0,0,0,0
KD-035-R5,CHO,2,1,1,0,0,1,0,0,0,0,1,1,0
KD-035-R5,CHEW,7,4,1,1,1,2,0,1,1,0,6,3,0
KD-035-R5,JCHEW,2,2,0,0,0,2,0,0,0,0,1,1,1
KD-035-R5,Medical Lab Technician,1,0,0,1,0,0,0,0,0,0,1,0,0
KD-035-R5,Medical Records Officer,2,2,0,0,0,1,0,0,1,0,1,1,0
KD-035-R5,Pharmacy Technician,1,0,0,0,1,0,0,0,0,0,1,0,0
KD-035-R5,Environmental Health Officer,0,0,0,0,0,0,0,0,0,0,0,0,0
KD-035-R6,Medical Officer,1,1,0,0,0,1,0,0,0,0,1,1,0
KD-035-R6,Nurse/Midwife,0,0,0,0,0,0,0,0,0,0,0,0,0
KD-035-R6,CHO,2,1,1,0,0,1,0,0,0,0,1,0,1
KD-035-R6,CHEW,7,4,1,1,1,2,0,0,1,1,4,1,1
KD-035-R6,JCHEW,2,2,0,0,0,1,0,0,1,0,0,0,1
KD-035-R6,Medical Lab Technician,1,0,0,1,0,0,0,0,0,0,1,0,0
KD-035-R6,Medical Records Officer,2,2,0,0,0,2,0,0,0,0,2,2,0
KD-035-R6,Pharmacy Technician,1,0,0,0,1,0,0,0,0,0,1,0,0
KD-035-R6,Environmental Health Officer,0,0,0,0,0,0,0,0,0,0,0,0,0
KD-036-R1,Medical Officer,0,0,0,0,0,0,0,0,0,0,0,0,0
KD-036-R1,Nurse/Midwife,1,1,0,0,0,1,0,0,0,0,1,1,0
KD-036-R1,CHO,0,0,0,0,0,0,0,0,0,0,0,0,0
KD-036-R1,CHEW,2,1,1,0,0,1,0,0,0,0,1,1,0
KD-036-R1,JCHEW,6,4,2,0,0,4,0,0,0,0,4,2,2
KD-036-R1,Medical Lab Technician,0,0,0,0,0,0,0,0,0,0,0,0,0
KD-036-R1,Medical Records Officer,0,0,0,0,0,0,0,0,0,0,0,0,0
KD-036-R1,Pharmacy Technician,0,0,0,0,0,0,0,0,0,0,0,0,0
KD-036-R1,Environmental Health Officer,1,1,0,0,0,1,0,0,0,0,1,1,0
KD-036-R2,Medical Officer,0,0,0,0,0,0,0,0,0,0,0,0,0
KD-036-R2,Nurse/Midwife,1,1,0,0,0,1,0,0,0,0,1,1,0
KD-036-R2,CHO,0,0,0,0,0,0,0,0,0,0,0,0,0
KD-036-R2,CHEW,2,1,1,0,0,1,0,0,0,0,2,1,0
KD-036-R2,JCHEW,6,4,2,0,0,4,0,0,0,0,5,3,1
KD-036-R2,Medical Lab Technician,0,0,0,0,0,0,0,0,0,0,0,0,0
KD-036-R2,Medical Records Officer,0,0,0,0,0,0,0,0,0,0,0,0,0
KD-036-R2,Pharmacy Technician,0,0,0,0,0,0,0,0,0,0,0,0,0
KD-036-R2,Environmental Health Officer,1,1,0,0,0,1,0,0,0,0,0,0,1
KD-036-R3,Medical Officer,0,0,0,0,0,0,0,0,0,0,0,0,0
KD-036-R3,Nurse/Midwife,1,1,0,0,0,1,0,0,0,0,1,1,0
KD-036-R3,CHO,0,0,0,0,0,0,0,0,0,0,0,0,0
KD-036-R3,CHEW,2,1,1,0,0,1,0,0,0,0,2,1,0
KD-036-R3,JCHEW,6,4,2,0,0,3,0,0,0,1,5,3,0
KD-036-R3,Medical Lab Technician,0,0,0,0,0,0,0,0,0,0,0,0,0
KD-036-R3,Medical Records Officer,0,0,0,0,0,0,0,0,0,0,0,0,0
KD-036-R3,Pharmacy Technician,0,0,0,0,0,0,0,0,0,0,0,0,0
KD-036-R3,Environmental Health Officer,1,1,0,0,0,1,0,0,0,0,0,0,1
KD-036-R4,Medical Officer,0,0,0,0,0,0,0,0,0,0,0,0,0
KD-036-R4,Nurse/Midwife,1,1,0,0,0,1,0,0,0,0,1,1,0
KD-036-R4,CHO,0,0,0,0,0,0,0,0,0,0,0,0,0
KD-036-R4,CHEW,2,1,1,0,0,1,0,0,0,0,1,1,0
KD-036-R4,JCHEW,6,4,2,0,0,4,0,0,0,0,3,2,2
KD-036-R4,Medical Lab Technician,0,0,0,0,0,0,0,0,0,0,0,0,0
KD-036-R4,Medical Records Officer,0,0,0,0,0,0,0,0,0,0,0,0,0
KD-036-R4,Pharmacy Technician,0,0,0,0,0,0,0,0,0,0,0,0,0
KD-036-R4,Environmental Health Officer,1,1,0,0,0,1,0,0,0,0,1,1,0
KD-036-R5,Medical Officer,0,0,0,0,0,0,0,0,0,0,0,0,0
KD-036-R5,Nurse/Midwife,1,1,0,0,0,1,0,0,0,0,0,0,1
KD-036-R5,CHO,0,0,0,0,0,0,0,0,0,0,0,0,0
KD-036-R5,CHEW,2,1,1,0,0,1,0,0,0,0,2,1,0
KD-036-R5,JCHEW,6,4,2,0,0,4,0,0,0,0,6,4,0
KD-036-R5,Medical Lab Technician,0,0,0,0,0,0,0,0,0,0,0,0,0
KD-036-R5,Medical Records Officer,0,0,0,0,0,0,0,0,0,0,0,0,0
KD-036-R5,Pharmacy Technician,0,0,0,0,0,0,0,0,0,0,0,0,0
KD-036-R5,Environmental Health Officer,1,1,0,0,0,1,0,0,0,0,0,0,1
KD-036-R6,Medical Officer,0,0,0,0,0,0,0,0,0,0,0,0,0
KD-036-R6,Nurse/Midwife,1,1,0,0,0,1,0,0,0,0,1,1,0
KD-036-R6,CHO,0,0,0,0,0,0,0,0,0,0,0,0,0
KD-036-R6,CHEW,2,1,1,0,0,1,0,0,0,0,2,1,0
KD-036-R6,JCHEW,6,4,2,0,0,4,0,0,0,0,2,1,3
KD-036-R6,Medical Lab Technician,0,0,0,0,0,0,0,0,0,0,0,0,0
KD-036-R6,Medical Records Officer,0,0,0,0,0,0,0,0,0,0,0,0,0
KD-036-R6,Pharmacy Technician,0,0,0,0,0,0,0,0,0,0,0,0,0
KD-036-R6,Environmental Health Officer,1,1,0,0,0,1,0,0,0,0,1,1,0
KD-037-R1,Medical Officer,0,0,0,0,0,0,0,0,0,0,0,0,0
KD-037-R1,Nurse/Midwife,2,0,0,2,0,0,0,0,0,0,2,0,0
KD-037-R1,CHO,1,1,0,0,0,1,0,0,0,0,1,1,0
KD-037-R1,CHEW,9,5,1,0,3,2,1,1,1,0,4,1,3
KD-037-R1,JCHEW,6,2,1,2,1,2,0,0,0,0,1,0,2
KD-037-R1,Medical Lab Technician,4,2,0,2,0,2,0,0,0,0,2,1,1
KD-037-R1,Medical Records Officer,0,0,0,0,0,0,0,0,0,0,0,0,0
KD-037-R1,Pharmacy Technician,0,0,0,0,0,0,0,0,0,0,0,0,0
KD-037-R1,Environmental Health Officer,0,0,0,0,0,0,0,0,0,0,0,0,0
KD-037-R2,Medical Officer,0,0,0,0,0,0,0,0,0,0,0,0,0
KD-037-R2,Nurse/Midwife,2,0,0,2,0,0,0,0,0,0,1,0,0
KD-037-R2,CHO,1,1,0,0,0,0,0,0,1,0,0,0,0
KD-037-R2,CHEW,9,5,1,0,3,2,1,1,1,0,7,4,0
KD-037-R2,JCHEW,6,2,1,2,1,1,0,0,1,0,3,1,0
KD-037-R2,Medical Lab Technician,4,2,0,2,0,2,0,0,0,0,3,1,1
KD-037-R2,Medical Records Officer,0,0,0,0,0,0,0,0,0,0,0,0,0
KD-037-R2,Pharmacy Technician,0,0,0,0,0,0,0,0,0,0,0,0,0
KD-037-R2,Environmental Health Officer,0,0,0,0,0,0,0,0,0,0,0,0,0
KD-037-R3,Medical Officer,0,0,0,0,0,0,0,0,0,0,0,0,0
KD-037-R3,Nurse/Midwife,2,0,0,2,0,0,0,0,0,0,2,0,0
KD-037-R3,CHO,1,1,0,0,0,1,0,0,0,0,1,1,0
KD-037-R3,CHEW,9,5,1,0,3,2,1,1,1,0,2,2,2
KD-037-R3,JCHEW,6,2,1,2,1,2,0,0,0,0,6,2,0
KD-037-R3,Medical Lab Technician,4,2,0,2,0,1,0,0,1,0,1,0,1
KD-037-R3,Medical Records Officer,0,0,0,0,0,0,0,0,0,0,0,0,0
KD-037-R3,Pharmacy Technician,0,0,0,0,0,0,0,0,0,0,0,0,0
KD-037-R3,Environmental Health Officer,0,0,0,0,0,0,0,0,0,0,0,0,0
KD-037-R4,Medical Officer,0,0,0,0,0,0,0,0,0,0,0,0,0
KD-037-R4,Nurse/Midwife,2,0,0,2,0,0,0,0,0,0,0,0,0
KD-037-R4,CHO,1,1,0,0,0,1,0,0,0,0,1,1,0
KD-037-R4,CHEW,9,5,1,0,3,3,1,1,0,0,7,3,2
KD-037-R4,JCHEW,6,2,1,2,1,2,0,0,0,0,3,1,1
KD-037-R4,Medical Lab Technician,4,2,0,2,0,1,0,0,1,0,1,0,1
KD-037-R4,Medical Records Officer,0,0,0,0,0,0,0,0,0,0,0,0,0
KD-037-R4,Pharmacy Technician,0,0,0,0,0,0,0,0,0,0,0,0,0
KD-037-R4,Environmental Health Officer,0,0,0,0,0,0,0,0,0,0,0,0,0
KD-037-R5,Medical Officer,0,0,0,0,0,0,0,0,0,0,0,0,0
KD-037-R5,Nurse/Midwife,2,0,0,2,0,0,0,0,0,0,2,0,0
KD-037-R5,CHO,1,1,0,0,0,0,0,0,1,0,0,0,0
KD-037-R5,CHEW,9,5,1,0,3,3,1,1,0,0,8,5,0
KD-037-R5,JCHEW,6,2,1,2,1,2,0,0,0,0,4,1,1
KD-037-R5,Medical Lab Technician,4,2,0,2,0,2,0,0,0,0,3,2,0
KD-037-R5,Medical Records Officer,0,0,0,0,0,0,0,0,0,0,0,0,0
KD-037-R5,Pharmacy Technician,0,0,0,0,0,0,0,0,0,0,0,0,0
KD-037-R5,Environmental Health Officer,0,0,0,0,0,0,0,0,0,0,0,0,0
KD-037-R6,Medical Officer,0,0,0,0,0,0,0,0,0,0,0,0,0
KD-037-R6,Nurse/Midwife,2,0,0,2,0,0,0,0,0,0,2,0,0
KD-037-R6,CHO,1,1,0,0,0,1,0,0,0,0,1,1,0
KD-037-R6,CHEW,9,5,1,0,3,2,1,1,1,0,6,3,1
KD-037-R6,JCHEW,6,2,1,2,1,1,0,0,1,0,1,0,1
KD-037-R6,Medical Lab Technician,4,2,0,2,0,0,0,0,1,1,2,0,0
KD-037-R6,Medical Records Officer,0,0,0,0,0,0,0,0,0,0,0,0,0
KD-037-R6,Pharmacy Technician,0,0,0,0,0,0,0,0,0,0,0,0,0
KD-037-R6,Environmental Health Officer,0,0,0,0,0,0,0,0,0,0,0,0,0
KD-038-R1,Medical Officer,0,0,0,0,0,0,0,0,0,0,0,0,0
KD-038-R1,Nurse/Midwife,0,0,0,0,0,0,0,0,0,0,0,0,0
KD-038-R1,CHO,0,0,0,0,0,0,0,0,0,0,0,0,0
KD-038-R1,CHEW,3,2,1,0,0,2,0,0,0,0,3,2,0
KD-038-R1,JCHEW,6,4,2,0,0,3,0,0,0,1,4,3,0
KD-038-R1,Medical Lab Technician,0,0,0,0,0,0,0,0,0,0,0,0,0
KD-038-R1,Medical Records Officer,1,0,0,0,1,0,0,0,0,0,1,0,0
KD-038-R1,Pharmacy Technician,1,0,0,0,1,0,0,0,0,0,1,0,0
KD-038-R1,Environmental Health Officer,0,0,0,0,0,0,0,0,0,0,0,0,0
KD-038-R2,Medical Officer,0,0,0,0,0,0,0,0,0,0,0,0,0
KD-038-R2,Nurse/Midwife,0,0,0,0,0,0,0,0,0,0,0,0,0
KD-038-R2,CHO,0,0,0,0,0,0,0,0,0,0,0,0,0
KD-038-R2,CHEW,3,2,1,0,0,2,0,0,0,0,3,2,0
KD-038-R2,JCHEW,6,4,2,0,0,4,0,0,0,0,4,2,2
KD-038-R2,Medical Lab Technician,0,0,0,0,0,0,0,0,0,0,0,0,0
KD-038-R2,Medical Records Officer,1,0,0,0,1,0,0,0,0,0,0,0,0
KD-038-R2,Pharmacy Technician,1,0,0,0,1,0,0,0,0,0,1,0,0
KD-038-R2,Environmental Health Officer,0,0,0,0,0,0,0,0,0,0,0,0,0
KD-038-R3,Medical Officer,0,0,0,0,0,0,0,0,0,0,0,0,0
KD-038-R3,Nurse/Midwife,0,0,0,0,0,0,0,0,0,0,0,0,0
KD-038-R3,CHO,0,0,0,0,0,0,0,0,0,0,0,0,0
KD-038-R3,CHEW,3,2,1,0,0,2,0,0,0,0,2,1,1
KD-038-R3,JCHEW,6,4,2,0,0,4,0,0,0,0,5,4,0
KD-038-R3,Medical Lab Technician,0,0,0,0,0,0,0,0,0,0,0,0,0
KD-038-R3,Medical Records Officer,1,0,0,0,1,0,0,0,0,0,0,0,0
KD-038-R3,Pharmacy Technician,1,0,0,0,1,0,0,0,0,0,1,0,0
KD-038-R3,Environmental Health Officer,0,0,0,0,0,0,0,0,0,0,0,0,0
KD-038-R4,Medical Officer,0,0,0,0,0,0,0,0,0,0,0,0,0
KD-038-R4,Nurse/Midwife,0,0,0,0,0,0,0,0,0,0,0,0,0
KD-038-R4,CHO,0,0,0,0,0,0,0,0,0,0,0,0,0
KD-038-R4,CHEW,3,2,1,0,0,2,0,0,0,0,2,1,1
KD-038-R4,JCHEW,6,4,2,0,0,4,0,0,0,0,4,3,1
KD-038-R4,Medical Lab Technician,0,0,0,0,0,0,0,0,0,0,0,0,0
KD-038-R4,Medical Records Officer,1,0,0,0,1,0,0,0,0,0,1,0,0
KD-038-R4,Pharmacy Technician,1,0,0,0,1,0,0,0,0,0,0,0,0
KD-038-R4,Environmental Health Officer,0,0,0,0,0,0,0,0,0,0,0,0,0
KD-038-R5,Medical Officer,0,0,0,0,0,0,0,0,0,0,0,0,0
KD-038-R5,Nurse/Midwife,0,0,0,0,0,0,0,0,0,0,0,0,0
KD-038-R5,CHO,0,0,0,0,0,0,0,0,0,0,0,0,0
KD-038-R5,CHEW,3,2,1,0,0,2,0,0,0,0,0,0,2
KD-038-R5,JCHEW,6,4,2,0,0,4,0,0,0,0,4,2,2
KD-038-R5,Medical Lab Technician,0,0,0,0,0,0,0,0,0,0,0,0,0
KD-038-R5,Medical Records Officer,1,0,0,0,1,0,0,0,0,0,1,0,0
KD-038-R5,Pharmacy Technician,1,0,0,0,1,0,0,0,0,0,1,0,0
KD-038-R5,Environmental Health Officer,0,0,0,0,0,0,0,0,0,0,0,0,0
KD-038-R6,Medical Officer,0,0,0,0,0,0,0,0,0,0,0,0,0
KD-038-R6,Nurse/Midwife,0,0,0,0,0,0,0,0,0,0,0,0,0
KD-038-R6,CHO,0,0,0,0,0,0,0,0,0,0,0,0,0
KD-038-R6,CHEW,3,2,1,0,0,2,0,0,0,0,2,1,1
KD-038-R6,JCHEW,6,4,2,0,0,4,0,0,0,0,4,2,2
KD-038-R6,Medical Lab Technician,0,0,0,0,0,0,0,0,0,0,0,0,0
KD-038-R6,Medical Records Officer,1,0,0,0,1,0,0,0,0,0,1,0,0
KD-038-R6,Pharmacy Technician,1,0,0,0,1,0,0,0,0,0,1,0,0
KD-038-R6,Environmental Health Officer,0,0,0,0,0,0,0,0,0,0,0,0,0
KD-039-R1,Medical Officer,1,1,0,0,0,1,0,0,0,0,0,0,1
KD-039-R1,Nurse/Midwife,6,4,1,1,0,2,1,1,0,0,6,4,0
KD-039-R1,CHO,1,1,0,0,0,1,0,0,0,0,1,1,0
KD-039-R1,CHEW,5,4,0,1,0,2,1,1,0,0,5,4,0
KD-039-R1,JCHEW,3,1,0,1,1,1,0,0,0,0,3,1,0
KD-039-R1,Medical Lab Technician,3,2,0,1,0,2,0,0,0,0,3,2,0
KD-039-R1,Medical Records Officer,1,0,0,0,1,0,0,0,0,0,1,0,0
KD-039-R1,Pharmacy Technician,1,0,0,1,0,0,0,0,0,0,1,0,0
KD-039-R1,Environmental Health Officer,2,2,0,0,0,1,0,0,0,1,1,1,0
KD-039-R2,Medical Officer,1,1,0,0,0,1,0,0,0,0,1,1,0
KD-039-R2,Nurse/Midwife,6,4,1,1,0,2,1,1,0,0,6,4,0
KD-039-R2,CHO,1,1,0,0,0,1,0,0,0,0,0,0,1
KD-039-R2,CHEW,5,4,0,1,0,2,0,1,1,0,3,2,1
KD-039-R2,JCHEW,3,1,0,1,1,1,0,0,0,0,2,1,0
KD-039-R2,Medical Lab Technician,3,2,0,1,0,2,0,0,0,0,3,2,0
KD-039-R2,Medical Records Officer,1,0,0,0,1,0,0,0,0,0,0,0,0
KD-039-R2,Pharmacy Technician,1,0,0,1,0,0,0,0,0,0,1,0,0
KD-039-R2,Environmental Health Officer,2,2,0,0,0,2,0,0,0,0,1,1,1
KD-039-R3,Medical Officer,1,1,0,0,0,1,0,0,0,0,1,1,0
KD-039-R3,Nurse/Midwife,6,4,1,1,0,2,1,1,0,0,3,3,1
KD-039-R3,CHO,1,1,0,0,0,0,0,0,1,0,0,0,0
KD-039-R3,CHEW,5,4,0,1,0,2,1,1,0,0,1,1,3
KD-039-R3,JCHEW,3,1,0,1,1,1,0,0,0,0,0,0,1
KD-039-R3,Medical Lab Technician,3,2,0,1,0,2,0,0,0,0,2,1,1
KD-039-R3,Medical Records Officer,1,0,0,0,1,0,0,0,0,0,0,0,0
KD-039-R3,Pharmacy Technician,1,0,0,1,0,0,0,0,0,0,0,0,0
KD-039-R3,Environmental Health Officer,2,2,0,0,0,0,0,0,1,1,0,0,0
KD-039-R4,Medical Officer,1,1,0,0,0,0,0,0,1,0,0,0,0
KD-039-R4,Nurse/Midwife,6,4,1,1,0,2,1,1,0,0,3,3,1
KD-039-R4,CHO,1,1,0,0,0,1,0,0,0,0,1,1,0
KD-039-R4,CHEW,5,4,0,1,0,2,1,1,0,0,3,2,2
KD-039-R4,JCHEW,3,1,0,1,1,0,0,0,1,0,2,0,0
KD-039-R4,Medical Lab Technician,3,2,0,1,0,1,0,0,1,0,1,1,0
KD-039-R4,Medical Records Officer,1,0,0,0,1,0,0,0,0,0,0,0,0
KD-039-R4,Pharmacy Technician,1,0,0,1,0,0,0,0,0,0,0,0,0
KD-039-R4,Environmental Health Officer,2,2,0,0,0,0,0,0,2,0,0,0,0
KD-039-R5,Medical Officer,1,1,0,0,0,1,0,0,0,0,1,1,0
KD-039-R5,Nurse/Midwife,6,4,1,1,0,2,0,1,0,1,2,1,2
KD-039-R5,CHO,1,1,0,0,0,1,0,0,0,0,1,1,0
KD-039-R5,CHEW,5,4,0,1,0,2,1,1,0,0,3,3,1
KD-039-R5,JCHEW,3,1,0,1,1,1,0,0,0,0,3,1,0
KD-039-R5,Medical Lab Technician,3,2,0,1,0,2,0,0,0,0,2,1,1
KD-039-R5,Medical Records Officer,1,0,0,0,1,0,0,0,0,0,0,0,0
KD-039-R5,Pharmacy Technician,1,0,0,1,0,0,0,0,0,0,1,0,0
KD-039-R5,Environmental Health Officer,2,2,0,0,0,2,0,0,0,0,2,2,0
KD-039-R6,Medical Officer,1,1,0,0,0,1,0,0,0,0,0,0,1
KD-039-R6,Nurse/Midwife,6,4,1,1,0,2,0,1,1,0,2,1,2
KD-039-R6,CHO,1,1,0,0,0,1,0,0,0,0,0,0,1
KD-039-R6,CHEW,5,4,0,1,0,0,0,0,1,3,1,0,0
KD-039-R6,JCHEW,3,1,0,1,1,1,0,0,0,0,1,1,0
KD-039-R6,Medical Lab Technician,3,2,0,1,0,2,0,0,0,0,1,1,1
KD-039-R6,Medical Records Officer,1,0,0,0,1,0,0,0,0,0,1,0,0
KD-039-R6,Pharmacy Technician,1,0,0,1,0,0,0,0,0,0,1,0,0
KD-039-R6,Environmental Health Officer,2,2,0,0,0,1,0,0,1,0,0,0,1
KD-040-R1,Medical Officer,2,0,1,0,1,0,0,0,0,0,1,0,0
KD-040-R1,Nurse/Midwife,0,0,0,0,0,0,0,0,0,0,0,0,0
KD-040-R1,CHO,0,0,0,0,0,0,0,0,0,0,0,0,0
KD-040-R1,CHEW,3,3,0,0,0,2,0,1,0,0,2,2,1
KD-040-R1,JCHEW,1,0,1,0,0,0,0,0,0,0,1,0,0
KD-040-R1,Medical Lab Technician,0,0,0,0,0,0,0,0,0,0,0,0,0
KD-040-R1,Medical Records Officer,3,0,1,0,2,0,0,0,0,0,3,0,0
KD-040-R1,Pharmacy Technician,0,0,0,0,0,0,0,0,0,0,0,0,0
KD-040-R1,Environmental Health Officer,0,0,0,0,0,0,0,0,0,0,0,0,0
KD-040-R2,Medical Officer,2,0,1,0,1,0,0,0,0,0,1,0,0
KD-040-R2,Nurse/Midwife,0,0,0,0,0,0,0,0,0,0,0,0,0
KD-040-R2,CHO,0,0,0,0,0,0,0,0,0,0,0,0,0
KD-040-R2,CHEW,3,3,0,0,0,2,0,0,1,0,1,1,1
KD-040-R2,JCHEW,1,0,1,0,0,0,0,0,0,0,1,0,0
KD-040-R2,Medical Lab Technician,0,0,0,0,0,0,0,0,0,0,0,0,0
KD-040-R2,Medical Records Officer,3,0,1,0,2,0,0,0,0,0,1,0,0
KD-040-R2,Pharmacy Technician,0,0,0,0,0,0,0,0,0,0,0,0,0
KD-040-R2,Environmental Health Officer,0,0,0,0,0,0,0,0,0,0,0,0,0
KD-040-R3,Medical Officer,2,0,1,0,1,0,0,0,0,0,0,0,0
KD-040-R3,Nurse/Midwife,0,0,0,0,0,0,0,0,0,0,0,0,0
KD-040-R3,CHO,0,0,0,0,0,0,0,0,0,0,0,0,0
KD-040-R3,CHEW,3,3,0,0,0,2,0,1,0,0,1,1,2
KD-040-R3,JCHEW,1,0,1,0,0,0,0,0,0,0,0,0,0
KD-040-R3,Medical Lab Technician,0,0,0,0,0,0,0,0,0,0,0,0,0
KD-040-R3,Medical Records Officer,3,0,1,0,2,0,0,0,0,0,1,0,0
KD-040-R3,Pharmacy Technician,0,0,0,0,0,0,0,0,0,0,0,0,0
KD-040-R3,Environmental Health Officer,0,0,0,0,0,0,0,0,0,0,0,0,0
KD-040-R4,Medical Officer,2,0,1,0,1,0,0,0,0,0,1,0,0
KD-040-R4,Nurse/Midwife,0,0,0,0,0,0,0,0,0,0,0,0,0
KD-040-R4,CHO,0,0,0,0,0,0,0,0,0,0,0,0,0
KD-040-R4,CHEW,3,3,0,0,0,2,0,1,0,0,2,2,1
KD-040-R4,JCHEW,1,0,1,0,0,0,0,0,0,0,0,0,0
KD-040-R4,Medical Lab Technician,0,0,0,0,0,0,0,0,0,0,0,0,0
KD-040-R4,Medical Records Officer,3,0,1,0,2,0,0,0,0,0,3,0,0
KD-040-R4,Pharmacy Technician,0,0,0,0,0,0,0,0,0,0,0,0,0
KD-040-R4,Environmental Health Officer,0,0,0,0,0,0,0,0,0,0,0,0,0
KD-040-R5,Medical Officer,2,0,1,0,1,0,0,0,0,0,2,0,0
KD-040-R5,Nurse/Midwife,0,0,0,0,0,0,0,0,0,0,0,0,0
KD-040-R5,CHO,0,0,0,0,0,0,0,0,0,0,0,0,0
KD-040-R5,CHEW,3,3,0,0,0,2,0,1,0,0,2,2,1
KD-040-R5,JCHEW,1,0,1,0,0,0,0,0,0,0,0,0,0
KD-040-R5,Medical Lab Technician,0,0,0,0,0,0,0,0,0,0,0,0,0
KD-040-R5,Medical Records Officer,3,0,1,0,2,0,0,0,0,0,3,0,0
KD-040-R5,Pharmacy Technician,0,0,0,0,0,0,0,0,0,0,0,0,0
KD-040-R5,Environmental Health Officer,0,0,0,0,0,0,0,0,0,0,0,0,0
KD-040-R6,Medical Officer,2,0,1,0,1,0,0,0,0,0,2,0,0
KD-040-R6,Nurse/Midwife,0,0,0,0,0,0,0,0,0,0,0,0,0
KD-040-R6,CHO,0,0,0,0,0,0,0,0,0,0,0,0,0
KD-040-R6,CHEW,3,3,0,0,0,2,0,1,0,0,2,2,1
KD-040-R6,JCHEW,1,0,1,0,0,0,0,0,0,0,1,0,0
KD-040-R6,Medical Lab Technician,0,0,0,0,0,0,0,0,0,0,0,0,0
KD-040-R6,Medical Records Officer,3,0,1,0,2,0,0,0,0,0,2,0,0
KD-040-R6,Pharmacy Technician,0,0,0,0,0,0,0,0,0,0,0,0,0
KD-040-R6,Environmental Health Officer,0,0,0,0,0,0,0,0,0,0,0,0,0
KD-041-R1,Medical Officer,0,0,0,0,0,0,0,0,0,0,0,0,0
KD-041-R1,Nurse/Midwife,1,1,0,0,0,1,0,0,0,0,0,0,1
KD-041-R1,CHO,0,0,0,0,0,0,0,0,0,0,0,0,0
KD-041-R1,CHEW,6,5,0,0,1,4,0,0,1,0,3,2,2
KD-041-R1,JCHEW,9,4,2,1,2,4,0,0,0,0,8,3,1
KD-041-R1,Medical Lab Technician,0,0,0,0,0,0,0,0,0,0,0,0,0
KD-041-R1,Medical Records Officer,1,0,0,0,1,0,0,0,0,0,1,0,0
KD-041-R1,Pharmacy Technician,0,0,0,0,0,0,0,0,0,0,0,0,0
KD-041-R1,Environmental Health Officer,0,0,0,0,0,0,0,0,0,0,0,0,0
KD-041-R2,Medical Officer,0,0,0,0,0,0,0,0,0,0,0,0,0
KD-041-R2,Nurse/Midwife,1,1,0,0,0,1,0,0,0,0,1,1,0
KD-041-R2,CHO,0,0,0,0,0,0,0,0,0,0,0,0,0
KD-041-R2,CHEW,6,5,0,0,1,5,0,0,0,0,6,5,0
KD-041-R2,JCHEW,9,4,2,1,2,3,0,0,0,1,5,3,0
KD-041-R2,Medical Lab Technician,0,0,0,0,0,0,0,0,0,0,0,0,0
KD-041-R2,Medical Records Officer,1,0,0,0,1,0,0,0,0,0,1,0,0
KD-041-R2,Pharmacy Technician,0,0,0,0,0,0,0,0,0,0,0,0,0
KD-041-R2,Environmental Health Officer,0,0,0,0,0,0,0,0,0,0,0,0,0
KD-041-R3,Medical Officer,0,0,0,0,0,0,0,0,0,0,0,0,0
KD-041-R3,Nurse/Midwife,1,1,0,0,0,1,0,0,0,0,0,0,1
KD-041-R3,CHO,0,0,0,0,0,0,0,0,0,0,0,0,0
KD-041-R3,CHEW,6,5,0,0,1,3,0,0,1,1,3,2,1
KD-041-R3,JCHEW,9,4,2,1,2,3,0,0,1,0,7,2,1
KD-041-R3,Medical Lab Technician,0,0,0,0,0,0,0,0,0,0,0,0,0
KD-041-R3,Medical Records Officer,1,0,0,0,1,0,0,0,0,0,1,0,0
KD-041-R3,Pharmacy Technician,0,0,0,0,0,0,0,0,0,0,0,0,0
KD-041-R3,Environmental Health Officer,0,0,0,0,0,0,0,0,0,0,0,0,0
KD-041-R4,Medical Officer,0,0,0,0,0,0,0,0,0,0,0,0,0
KD-041-R4,Nurse/Midwife,1,1,0,0,0,1,0,0,0,0,0,0,1
KD-041-R4,CHO,0,0,0,0,0,0,0,0,0,0,0,0,0
KD-041-R4,CHEW,6,5,0,0,1,5,0,0,0,0,4,4,1
KD-041-R4,JCHEW,9,4,2,1,2,4,0,0,0,0,3,1,3
KD-041-R4,Medical Lab Technician,0,0,0,0,0,0,0,0,0,0,0,0,0
KD-041-R4,Medical Records Officer,1,0,0,0,1,0,0,0,0,0,1,0,0
KD-041-R4,Pharmacy Technician,0,0,0,0,0,0,0,0,0,0,0,0,0
KD-041-R4,Environmental Health Officer,0,0,0,0,0,0,0,0,0,0,0,0,0
KD-041-R5,Medical Officer,0,0,0,0,0,0,0,0,0,0,0,0,0
KD-041-R5,Nurse/Midwife,1,1,0,0,0,0,0,0,1,0,0,0,0
KD-041-R5,CHO,0,0,0,0,0,0,0,0,0,0,0,0,0
KD-041-R5,CHEW,6,5,0,0,1,5,0,0,0,0,4,4,1
KD-041-R5,JCHEW,9,4,2,1,2,4,0,0,0,0,6,2,2
KD-041-R5,Medical Lab Technician,0,0,0,0,0,0,0,0,0,0,0,0,0
KD-041-R5,Medical Records Officer,1,0,0,0,1,0,0,0,0,0,1,0,0
KD-041-R5,Pharmacy Technician,0,0,0,0,0,0,0,0,0,0,0,0,0
KD-041-R5,Environmental Health Officer,0,0,0,0,0,0,0,0,0,0,0,0,0
KD-041-R6,Medical Officer,0,0,0,0,0,0,0,0,0,0,0,0,0
KD-041-R6,Nurse/Midwife,1,1,0,0,0,1,0,0,0,0,1,1,0
KD-041-R6,CHO,0,0,0,0,0,0,0,0,0,0,0,0,0
KD-041-R6,CHEW,6,5,0,0,1,5,0,0,0,0,4,3,2
KD-041-R6,JCHEW,9,4,2,1,2,4,0,0,0,0,7,3,1
KD-041-R6,Medical Lab Technician,0,0,0,0,0,0,0,0,0,0,0,0,0
KD-041-R6,Medical Records Officer,1,0,0,0,1,0,0,0,0,0,1,0,0
KD-041-R6,Pharmacy Technician,0,0,0,0,0,0,0,0,0,0,0,0,0
KD-041-R6,Environmental Health Officer,0,0,0,0,0,0,0,0,0,0,0,0,0
KD-042-R1,Medical Officer,0,0,0,0,0,0,0,0,0,0,0,0,0
KD-042-R1,Nurse/Midwife,0,0,0,0,0,0,0,0,0,0,0,0,0
KD-042-R1,CHO,0,0,0,0,0,0,0,0,0,0,0,0,0
KD-042-R1,CHEW,3,2,0,0,1,2,0,0,0,0,0,0,2
KD-042-R1,JCHEW,1,1,0,0,0,1,0,0,0,0,0,0,1
KD-042-R1,Medical Lab Technician,0,0,0,0,0,0,0,0,0,0,0,0,0
KD-042-R1,Medical Records Officer,1,0,0,0,1,0,0,0,0,0,0,0,0
KD-042-R1,Pharmacy Technician,0,0,0,0,0,0,0,0,0,0,0,0,0
KD-042-R1,Environmental Health Officer,0,0,0,0,0,0,0,0,0,0,0,0,0
KD-042-R2,Medical Officer,0,0,0,0,0,0,0,0,0,0,0,0,0
KD-042-R2,Nurse/Midwife,0,0,0,0,0,0,0,0,0,0,0,0,0
KD-042-R2,CHO,0,0,0,0,0,0,0,0,0,0,0,0,0
KD-042-R2,CHEW,3,2,0,0,1,2,0,0,0,0,3,2,0
KD-042-R2,JCHEW,1,1,0,0,0,1,0,0,0,0,0,0,1
KD-042-R2,Medical Lab Technician,0,0,0,0,0,0,0,0,0,0,0,0,0
KD-042-R2,Medical Records Officer,1,0,0,0,1,0,0,0,0,0,1,0,0
KD-042-R2,Pharmacy Technician,0,0,0,0,0,0,0,0,0,0,0,0,0
KD-042-R2,Environmental Health Officer,0,0,0,0,0,0,0,0,0,0,0,0,0
KD-042-R3,Medical Officer,0,0,0,0,0,0,0,0,0,0,0,0,0
KD-042-R3,Nurse/Midwife,0,0,0,0,0,0,0,0,0,0,0,0,0
KD-042-R3,CHO,0,0,0,0,0,0,0,0,0,0,0,0,0
KD-042-R3,CHEW,3,2,0,0,1,1,0,0,1,0,0,0,1
KD-042-R3,JCHEW,1,1,0,0,0,1,0,0,0,0,1,1,0
KD-042-R3,Medical Lab Technician,0,0,0,0,0,0,0,0,0,0,0,0,0
KD-042-R3,Medical Records Officer,1,0,0,0,1,0,0,0,0,0,1,0,0
KD-042-R3,Pharmacy Technician,0,0,0,0,0,0,0,0,0,0,0,0,0
KD-042-R3,Environmental Health Officer,0,0,0,0,0,0,0,0,0,0,0,0,0
KD-042-R4,Medical Officer,0,0,0,0,0,0,0,0,0,0,0,0,0
KD-042-R4,Nurse/Midwife,0,0,0,0,0,0,0,0,0,0,0,0,0
KD-042-R4,CHO,0,0,0,0,0,0,0,0,0,0,0,0,0
KD-042-R4,CHEW,3,2,0,0,1,2,0,0,0,0,1,1,1
KD-042-R4,JCHEW,1,1,0,0,0,1,0,0,0,0,0,0,1
KD-042-R4,Medical Lab Technician,0,0,0,0,0,0,0,0,0,0,0,0,0
KD-042-R4,Medical Records Officer,1,0,0,0,1,0,0,0,0,0,1,0,0
KD-042-R4,Pharmacy Technician,0,0,0,0,0,0,0,0,0,0,0,0,0
KD-042-R4,Environmental Health Officer,0,0,0,0,0,0,0,0,0,0,0,0,0
KD-042-R5,Medical Officer,0,0,0,0,0,0,0,0,0,0,0,0,0
KD-042-R5,Nurse/Midwife,0,0,0,0,0,0,0,0,0,0,0,0,0
KD-042-R5,CHO,0,0,0,0,0,0,0,0,0,0,0,0,0
KD-042-R5,CHEW,3,2,0,0,1,1,0,0,1,0,2,1,0
KD-042-R5,JCHEW,1,1,0,0,0,1,0,0,0,0,0,0,1
KD-042-R5,Medical Lab Technician,0,0,0,0,0,0,0,0,0,0,0,0,0
KD-042-R5,Medical Records Officer,1,0,0,0,1,0,0,0,0,0,0,0,0
KD-042-R5,Pharmacy Technician,0,0,0,0,0,0,0,0,0,0,0,0,0
KD-042-R5,Environmental Health Officer,0,0,0,0,0,0,0,0,0,0,0,0,0
KD-042-R6,Medical Officer,0,0,0,0,0,0,0,0,0,0,0,0,0
KD-042-R6,Nurse/Midwife,0,0,0,0,0,0,0,0,0,0,0,0,0
KD-042-R6,CHO,0,0,0,0,0,0,0,0,0,0,0,0,0
KD-042-R6,CHEW,3,2,0,0,1,1,0,0,0,1,2,1,0
KD-042-R6,JCHEW,1,1,0,0,0,1,0,0,0,0,0,0,1
KD-042-R6,Medical Lab Technician,0,0,0,0,0,0,0,0,0,0,0,0,0
KD-042-R6,Medical Records Officer,1,0,0,0,1,0,0,0,0,0,1,0,0
KD-042-R6,Pharmacy Technician,0,0,0,0,0,0,0,0,0,0,0,0,0
KD-042-R6,Environmental Health Officer,0,0,0,0,0,0,0,0,0,0,0,0,0
KD-043-R1,Medical Officer,1,0,0,0,1,0,0,0,0,0,0,0,0
KD-043-R1,Nurse/Midwife,0,0,0,0,0,0,0,0,0,0,0,0,0
KD-043-R1,CHO,1,1,0,0,0,1,0,0,0,0,1,1,0
KD-043-R1,CHEW,3,2,0,0,1,2,0,0,0,0,0,0,2
KD-043-R1,JCHEW,3,1,0,0,2,1,0,0,0,0,1,1,0
KD-043-R1,Medical Lab Technician,0,0,0,0,0,0,0,0,0,0,0,0,0
KD-043-R1,Medical Records Officer,2,0,0,0,2,0,0,0,0,0,2,0,0
KD-043-R1,Pharmacy Technician,1,1,0,0,0,1,0,0,0,0,0,0,1
KD-043-R1,Environmental Health Officer,1,0,1,0,0,0,0,0,0,0,0,0,0
KD-043-R2,Medical Officer,1,0,0,0,1,0,0,0,0,0,1,0,0
KD-043-R2,Nurse/Midwife,0,0,0,0,0,0,0,0,0,0,0,0,0
KD-043-R2,CHO,1,1,0,0,0,1,0,0,0,0,0,0,1
KD-043-R2,CHEW,3,2,0,0,1,2,0,0,0,0,2,1,1
KD-043-R2,JCHEW,3,1,0,0,2,1,0,0,0,0,0,0,1
KD-043-R2,Medical Lab Technician,0,0,0,0,0,0,0,0,0,0,0,0,0
KD-043-R2,Medical Records Officer,2,0,0,0,2,0,0,0,0,0,1,0,0
KD-043-R2,Pharmacy Technician,1,1,0,0,0,1,0,0,0,0,0,0,1
KD-043-R2,Environmental Health Officer,1,0,1,0,0,0,0,0,0,0,0,0,0
KD-043-R3,Medical Officer,1,0,0,0,1,0,0,0,0,0,1,0,0
KD-043-R3,Nurse/Midwife,0,0,0,0,0,0,0,0,0,0,0,0,0
KD-043-R3,CHO,1,1,0,0,0,1,0,0,0,0,0,0,1
KD-043-R3,CHEW,3,2,0,0,1,2,0,0,0,0,2,2,0
KD-043-R3,JCHEW,3,1,0,0,2,1,0,0,0,0,0,0,1
KD-043-R3,Medical Lab Technician,0,0,0,0,0,0,0,0,0,0,0,0,0
KD-043-R3,Medical Records Officer,2,0,0,0,2,0,0,0,0,0,2,0,0
KD-043-R3,Pharmacy Technician,1,1,0,0,0,1,0,0,0,0,1,1,0
KD-043-R3,Environmental Health Officer,1,0,1,0,0,0,0,0,0,0,1,0,0
KD-043-R4,Medical Officer,1,0,0,0,1,0,0,0,0,0,1,0,0
KD-043-R4,Nurse/Midwife,0,0,0,0,0,0,0,0,0,0,0,0,0
KD-043-R4,CHO,1,1,0,0,0,1,0,0,0,0,0,0,1
KD-043-R4,CHEW,3,2,0,0,1,2,0,0,0,0,2,1,1
KD-043-R4,JCHEW,3,1,0,0,2,1,0,0,0,0,2,1,0
KD-043-R4,Medical Lab Technician,0,0,0,0,0,0,0,0,0,0,0,0,0
KD-043-R4,Medical Records Officer,2,0,0,0,2,0,0,0,0,0,0,0,0
KD-043-R4,Pharmacy Technician,1,1,0,0,0,1,0,0,0,0,1,1,0
KD-043-R4,Environmental Health Officer,1,0,1,0,0,0,0,0,0,0,1,0,0
KD-043-R5,Medical Officer,1,0,0,0,1,0,0,0,0,0,1,0,0
KD-043-R5,Nurse/Midwife,0,0,0,0,0,0,0,0,0,0,0,0,0
KD-043-R5,CHO,1,1,0,0,0,1,0,0,0,0,0,0,1
KD-043-R5,CHEW,3,2,0,0,1,1,0,0,1,0,0,0,1
KD-043-R5,JCHEW,3,1,0,0,2,1,0,0,0,0,1,0,1
KD-043-R5,Medical Lab Technician,0,0,0,0,0,0,0,0,0,0,0,0,0
KD-043-R5,Medical Records Officer,2,0,0,0,2,0,0,0,0,0,1,0,0
KD-043-R5,Pharmacy Technician,1,1,0,0,0,1,0,0,0,0,0,0,1
KD-043-R5,Environmental Health Officer,1,0,1,0,0,0,0,0,0,0,1,0,0
KD-043-R6,Medical Officer,1,0,0,0,1,0,0,0,0,0,1,0,0
KD-043-R6,Nurse/Midwife,0,0,0,0,0,0,0,0,0,0,0,0,0
KD-043-R6,CHO,1,1,0,0,0,1,0,0,0,0,1,1,0
KD-043-R6,CHEW,3,2,0,0,1,2,0,0,0,0,2,2,0
KD-043-R6,JCHEW,3,1,0,0,2,1,0,0,0,0,2,1,0
KD-043-R6,Medical Lab Technician,0,0,0,0,0,0,0,0,0,0,0,0,0
KD-043-R6,Medical Records Officer,2,0,0,0,2,0,0,0,0,0,0,0,0
KD-043-R6,Pharmacy Technician,1,1,0,0,0,1,0,0,0,0,1,1,0
KD-043-R6,Environmental Health Officer,1,0,1,0,0,0,0,0,0,0,1,0,0
KD-044-R1,Medical Officer,0,0,0,0,0,0,0,0,0,0,0,0,0
KD-044-R1,Nurse/Midwife,7,5,0,1,1,2,0,0,2,1,3,2,0
KD-044-R1,CHO,2,2,0,0,0,2,0,0,0,0,1,1,1
KD-044-R1,CHEW,3,3,0,0,0,2,0,0,0,1,2,2,0
KD-044-R1,JCHEW,5,4,0,0,1,2,1,1,0,0,4,3,1
KD-044-R1,Medical Lab Technician,7,3,1,2,1,1,0,0,2,0,3,1,0
KD-044-R1,Medical Records Officer,1,0,0,0,1,0,0,0,0,0,1,0,0
KD-044-R1,Pharmacy Technician,1,0,0,1,0,0,0,0,0,0,1,0,0
KD-044-R1,Environmental Health Officer,0,0,0,0,0,0,0,0,0,0,0,0,0
KD-044-R2,Medical Officer,0,0,0,0,0,0,0,0,0,0,0,0,0
KD-044-R2,Nurse/Midwife,7,5,0,1,1,3,1,1,0,0,6,4,1
KD-044-R2,CHO,2,2,0,0,0,1,0,0,1,0,1,1,0
KD-044-R2,CHEW,3,3,0,0,0,2,0,1,0,0,3,3,0
KD-044-R2,JCHEW,5,4,0,0,1,2,1,1,0,0,3,3,1
KD-044-R2,Medical Lab Technician,7,3,1,2,1,2,0,0,1,0,5,2,0
KD-044-R2,Medical Records Officer,1,0,0,0,1,0,0,0,0,0,1,0,0
KD-044-R2,Pharmacy Technician,1,0,0,1,0,0,0,0,0,0,1,0,0
KD-044-R2,Environmental Health Officer,0,0,0,0,0,0,0,0,0,0,0,0,0
KD-044-R3,Medical Officer,0,0,0,0,0,0,0,0,0,0,0,0,0
KD-044-R3,Nurse/Midwife,7,5,0,1,1,2,0,1,2,0,2,2,1
KD-044-R3,CHO,2,2,0,0,0,2,0,0,0,0,2,2,0
KD-044-R3,CHEW,3,3,0,0,0,2,0,0,0,1,2,2,0
KD-044-R3,JCHEW,5,4,0,0,1,2,0,1,0,1,2,2,1
KD-044-R3,Medical Lab Technician,7,3,1,2,1,2,0,1,0,0,6,3,0
KD-044-R3,Medical Records Officer,1,0,0,0,1,0,0,0,0,0,0,0,0
KD-044-R3,Pharmacy Technician,1,0,0,1,0,0,0,0,0,0,0,0,0
KD-044-R3,Environmental Health Officer,0,0,0,0,0,0,0,0,0,0,0,0,0
KD-044-R4,Medical Officer,0,0,0,0,0,0,0,0,0,0,0,0,0
KD-044-R4,Nurse/Midwife,7,5,0,1,1,2,1,1,1,0,5,3,1
KD-044-R4,CHO,2,2,0,0,0,2,0,0,0,0,2,2,0
KD-044-R4,CHEW,3,3,0,0,0,2,0,1,0,0,2,2,1
KD-044-R4,JCHEW,5,4,0,0,1,2,1,1,0,0,4,3,1
KD-044-R4,Medical Lab Technician,7,3,1,2,1,2,0,1,0,0,7,3,0
KD-044-R4,Medical Records Officer,1,0,0,0,1,0,0,0,0,0,0,0,0
KD-044-R4,Pharmacy Technician,1,0,0,1,0,0,0,0,0,0,0,0,0
KD-044-R4,Environmental Health Officer,0,0,0,0,0,0,0,0,0,0,0,0,0
KD-044-R5,Medical Officer,0,0,0,0,0,0,0,0,0,0,0,0,0
KD-044-R5,Nurse/Midwife,7,5,0,1,1,3,1,1,0,0,5,3,2
KD-044-R5,CHO,2,2,0,0,0,2,0,0,0,0,2,2,0
KD-044-R5,CHEW,3,3,0,0,0,2,0,1,0,0,2,2,1
KD-044-R5,JCHEW,5,4,0,0,1,2,0,1,1,0,3,2,1
KD-044-R5,Medical Lab Technician,7,3,1,2,1,2,0,0,1,0,4,1,1
KD-044-R5,Medical Records Officer,1,0,0,0,1,0,0,0,0,0,1,0,0
KD-044-R5,Pharmacy Technician,1,0,0,1,0,0,0,0,0,0,1,0,0
KD-044-R5,Environmental Health Officer,0,0,0,0,0,0,0,0,0,0,0,0,0
KD-044-R6,Medical Officer,0,0,0,0,0,0,0,0,0,0,0,0,0
KD-044-R6,Nurse/Midwife,7,5,0,1,1,3,1,1,0,0,6,4,1
KD-044-R6,CHO,2,2,0,0,0,2,0,0,0,0,2,2,0
KD-044-R6,CHEW,3,3,0,0,0,2,0,1,0,0,3,3,0
KD-044-R6,JCHEW,5,4,0,0,1,2,0,1,1,0,3,2,1
KD-044-R6,Medical Lab Technician,7,3,1,2,1,2,0,0,1,0,5,2,0
KD-044-R6,Medical Records Officer,1,0,0,0,1,0,0,0,0,0,1,0,0
KD-044-R6,Pharmacy Technician,1,0,0,1,0,0,0,0,0,0,1,0,0
KD-044-R6,Environmental Health Officer,0,0,0,0,0,0,0,0,0,0,0,0,0
KD-045-R1,Medical Officer,0,0,0,0,0,0,0,0,0,0,0,0,0
KD-045-R1,Nurse/Midwife,0,0,0,0,0,0,0,0,0,0,0,0,0
KD-045-R1,CHO,1,0,1,0,0,0,0,0,0,0,1,0,0
KD-045-R1,CHEW,4,4,0,0,0,4,0,0,0,0,2,2,2
KD-045-R1,JCHEW,2,1,1,0,0,1,0,0,0,0,1,1,0
KD-045-R1,Medical Lab Technician,1,0,0,0,1,0,0,0,0,0,1,0,0
KD-045-R1,Medical Records Officer,1,0,0,0,1,0,0,0,0,0,1,0,0
KD-045-R1,Pharmacy Technician,0,0,0,0,0,0,0,0,0,0,0,0,0
KD-045-R1,Environmental Health Officer,0,0,0,0,0,0,0,0,0,0,0,0,0
KD-045-R2,Medical Officer,0,0,0,0,0,0,0,0,0,0,0,0,0
KD-045-R2,Nurse/Midwife,0,0,0,0,0,0,0,0,0,0,0,0,0
KD-045-R2,CHO,1,0,1,0,0,0,0,0,0,0,1,0,0
KD-045-R2,CHEW,4,4,0,0,0,4,0,0,0,0,4,4,0
KD-045-R2,JCHEW,2,1,1,0,0,1,0,0,0,0,1,1,0
KD-045-R2,Medical Lab Technician,1,0,0,0,1,0,0,0,0,0,0,0,0
KD-045-R2,Medical Records Officer,1,0,0,0,1,0,0,0,0,0,1,0,0
KD-045-R2,Pharmacy Technician,0,0,0,0,0,0,0,0,0,0,0,0,0
KD-045-R2,Environmental Health Officer,0,0,0,0,0,0,0,0,0,0,0,0,0
KD-045-R3,Medical Officer,0,0,0,0,0,0,0,0,0,0,0,0,0
KD-045-R3,Nurse/Midwife,0,0,0,0,0,0,0,0,0,0,0,0,0
KD-045-R3,CHO,1,0,1,0,0,0,0,0,0,0,1,0,0
KD-045-R3,CHEW,4,4,0,0,0,4,0,0,0,0,2,2,2
KD-045-R3,JCHEW,2,1,1,0,0,1,0,0,0,0,1,1,0
KD-045-R3,Medical Lab Technician,1,0,0,0,1,0,0,0,0,0,1,0,0
KD-045-R3,Medical Records Officer,1,0,0,0,1,0,0,0,0,0,0,0,0
KD-045-R3,Pharmacy Technician,0,0,0,0,0,0,0,0,0,0,0,0,0
KD-045-R3,Environmental Health Officer,0,0,0,0,0,0,0,0,0,0,0,0,0
KD-045-R4,Medical Officer,0,0,0,0,0,0,0,0,0,0,0,0,0
KD-045-R4,Nurse/Midwife,0,0,0,0,0,0,0,0,0,0,0,0,0
KD-045-R4,CHO,1,0,1,0,0,0,0,0,0,0,1,0,0
KD-045-R4,CHEW,4,4,0,0,0,4,0,0,0,0,1,1,3
KD-045-R4,JCHEW,2,1,1,0,0,1,0,0,0,0,2,1,0
KD-045-R4,Medical Lab Technician,1,0,0,0,1,0,0,0,0,0,0,0,0
KD-045-R4,Medical Records Officer,1,0,0,0,1,0,0,0,0,0,1,0,0
KD-045-R4,Pharmacy Technician,0,0,0,0,0,0,0,0,0,0,0,0,0
KD-045-R4,Environmental Health Officer,0,0,0,0,0,0,0,0,0,0,0,0,0
KD-045-R5,Medical Officer,0,0,0,0,0,0,0,0,0,0,0,0,0
KD-045-R5,Nurse/Midwife,0,0,0,0,0,0,0,0,0,0,0,0,0
KD-045-R5,CHO,1,0,1,0,0,0,0,0,0,0,1,0,0
KD-045-R5,CHEW,4,4,0,0,0,3,0,0,1,0,2,2,1
KD-045-R5,JCHEW,2,1,1,0,0,1,0,0,0,0,2,1,0
KD-045-R5,Medical Lab Technician,1,0,0,0,1,0,0,0,0,0,1,0,0
KD-045-R5,Medical Records Officer,1,0,0,0,1,0,0,0,0,0,0,0,0
KD-045-R5,Pharmacy Technician,0,0,0,0,0,0,0,0,0,0,0,0,0
KD-045-R5,Environmental Health Officer,0,0,0,0,0,0,0,0,0,0,0,0,0
KD-045-R6,Medical Officer,0,0,0,0,0,0,0,0,0,0,0,0,0
KD-045-R6,Nurse/Midwife,0,0,0,0,0,0,0,0,0,0,0,0,0
KD-045-R6,CHO,1,0,1,0,0,0,0,0,0,0,1,0,0
KD-045-R6,CHEW,4,4,0,0,0,4,0,0,0,0,2,2,2
KD-045-R6,JCHEW,2,1,1,0,0,1,0,0,0,0,0,0,1
KD-045-R6,Medical Lab Technician,1,0,0,0,1,0,0,0,0,0,1,0,0
KD-045-R6,Medical Records Officer,1,0,0,0,1,0,0,0,0,0,1,0,0
KD-045-R6,Pharmacy Technician,0,0,0,0,0,0,0,0,0,0,0,0,0
KD-045-R6,Environmental Health Officer,0,0,0,0,0,0,0,0,0,0,0,0,0
KD-046-R1,Medical Officer,1,1,0,0,0,1,0,0,0,0,1,1,0
KD-046-R1,Nurse/Midwife,3,2,1,0,0,2,0,0,0,0,1,1,1
KD-046-R1,CHO,3,1,2,0,0,1,0,0,0,0,2,1,0
KD-046-R1,CHEW,2,1,1,0,0,1,0,0,0,0,1,1,0
KD-046-R1,JCHEW,6,4,0,2,0,4,0,0,0,0,4,3,1
KD-046-R1,Medical Lab Technician,6,4,0,2,0,3,0,0,0,1,5,3,0
KD-046-R1,Medical Records Officer,1,1,0,0,0,1,0,0,0,0,0,0,1
KD-046-R1,Pharmacy Technician,2,1,0,1,0,1,0,0,0,0,1,0,1
KD-046-R1,Environmental Health Officer,2,2,0,0,0,2,0,0,0,0,2,2,0
KD-046-R2,Medical Officer,1,1,0,0,0,0,0,0,0,1,0,0,0
KD-046-R2,Nurse/Midwife,3,2,1,0,0,2,0,0,0,0,3,2,0
KD-046-R2,CHO,3,1,2,0,0,0,0,0,0,1,1,0,0
KD-046-R2,CHEW,2,1,1,0,0,1,0,0,0,0,1,0,1
KD-046-R2,JCHEW,6,4,0,2,0,4,0,0,0,0,6,4,0
KD-046-R2,Medical Lab Technician,6,4,0,2,0,4,0,0,0,0,6,4,0
KD-046-R2,Medical Records Officer,1,1,0,0,0,1,0,0,0,0,1,1,0
KD-046-R2,Pharmacy Technician,2,1,0,1,0,1,0,0,0,0,1,1,0
KD-046-R2,Environmental Health Officer,2,2,0,0,0,2,0,0,0,0,2,2,0
KD-046-R3,Medical Officer,1,1,0,0,0,0,0,0,0,1,0,0,0
KD-046-R3,Nurse/Midwife,3,2,1,0,0,2,0,0,0,0,3,2,0
KD-046-R3,CHO,3,1,2,0,0,1,0,0,0,0,3,1,0
KD-046-R3,CHEW,2,1,1,0,0,1,0,0,0,0,1,1,0
KD-046-R3,JCHEW,6,4,0,2,0,3,0,0,0,1,4,2,1
KD-046-R3,Medical Lab Technician,6,4,0,2,0,4,0,0,0,0,6,4,0
KD-046-R3,Medical Records Officer,1,1,0,0,0,1,0,0,0,0,0,0,1
KD-046-R3,Pharmacy Technician,2,1,0,1,0,1,0,0,0,0,2,1,0
KD-046-R3,Environmental Health Officer,2,2,0,0,0,2,0,0,0,0,2,2,0
KD-046-R4,Medical Officer,1,1,0,0,0,1,0,0,0,0,1,1,0
KD-046-R4,Nurse/Midwife,3,2,1,0,0,2,0,0,0,0,3,2,0
KD-046-R4,CHO,3,1,2,0,0,1,0,0,0,0,3,1,0
KD-046-R4,CHEW,2,1,1,0,0,1,0,0,0,0,1,1,0
KD-046-R4,JCHEW,6,4,0,2,0,4,0,0,0,0,5,3,1
KD-046-R4,Medical Lab Technician,6,4,0,2,0,4,0,0,0,0,5,3,1
KD-046-R4,Medical Records Officer,1,1,0,0,0,1,0,0,0,0,1,1,0
KD-046-R4,Pharmacy Technician,2,1,0,1,0,1,0,0,0,0,2,1,0
KD-046-R4,Environmental Health Officer,2,2,0,0,0,2,0,0,0,0,2,2,0
KD-046-R5,Medical Officer,1,1,0,0,0,1,0,0,0,0,1,1,0
KD-046-R5,Nurse/Midwife,3,2,1,0,0,2,0,0,0,0,2,2,0
KD-046-R5,CHO,3,1,2,0,0,0,0,0,0,1,2,0,0
KD-046-R5,CHEW,2,1,1,0,0,1,0,0,0,0,1,1,0
KD-046-R5,JCHEW,6,4,0,2,0,2,0,0,1,1,1,1,1
KD-046-R5,Medical Lab Technician,6,4,0,2,0,3,0,0,1,0,4,3,0
KD-046-R5,Medical Records Officer,1,1,0,0,0,0,0,0,0,1,0,0,0
KD-046-R5,Pharmacy Technician,2,1,0,1,0,1,0,0,0,0,2,1,0
KD-046-R5,Environmental Health Officer,2,2,0,0,0,2,0,0,0,0,1,1,1
KD-046-R6,Medical Officer,1,1,0,0,0,1,0,0,0,0,1,1,0
KD-046-R6,Nurse/Midwife,3,2,1,0,0,0,0,0,1,1,1,0,0
KD-046-R6,CHO,3,1,2,0,0,1,0,0,0,0,3,1,0
KD-046-R6,CHEW,2,1,1,0,0,1,0,0,0,0,2,1,0
KD-046-R6,JCHEW,6,4,0,2,0,4,0,0,0,0,6,4,0
KD-046-R6,Medical Lab Technician,6,4,0,2,0,4,0,0,0,0,4,3,1
KD-046-R6,Medical Records Officer,1,1,0,0,0,1,0,0,0,0,1,1,0
KD-046-R6,Pharmacy Technician,2,1,0,1,0,1,0,0,0,0,2,1,0
KD-046-R6,Environmental Health Officer,2,2,0,0,0,2,0,0,0,0,2,2,0
KD-047-R1,Medical Officer,0,0,0,0,0,0,0,0,0,0,0,0,0
KD-047-R1,Nurse/Midwife,2,1,0,1,0,1,0,0,0,0,2,1,0
KD-047-R1,CHO,1,1,0,0,0,1,0,0,0,0,1,1,0
KD-047-R1,CHEW,5,4,1,0,0,2,1,1,0,0,3,3,1
KD-047-R1,JCHEW,5,3,0,1,1,2,0,1,0,0,3,2,1
KD-047-R1,Medical Lab Technician,1,0,0,1,0,0,0,0,0,0,1,0,0
KD-047-R1,Medical Records Officer,3,0,0,0,3,0,0,0,0,0,3,0,0
KD-047-R1,Pharmacy Technician,2,1,0,1,0,1,0,0,0,0,2,1,0
KD-047-R1,Environmental Health Officer,0,0,0,0,0,0,0,0,0,0,0,0,0
KD-047-R2,Medical Officer,0,0,0,0,0,0,0,0,0,0,0,0,0
KD-047-R2,Nurse/Midwife,2,1,0,1,0,1,0,0,0,0,2,1,0
KD-047-R2,CHO,1,1,0,0,0,1,0,0,0,0,1,1,0
KD-047-R2,CHEW,5,4,1,0,0,1,0,0,2,1,2,1,0
KD-047-R2,JCHEW,5,3,0,1,1,2,0,1,0,0,3,3,0
KD-047-R2,Medical Lab Technician,1,0,0,1,0,0,0,0,0,0,0,0,0
KD-047-R2,Medical Records Officer,3,0,0,0,3,0,0,0,0,0,3,0,0
KD-047-R2,Pharmacy Technician,2,1,0,1,0,1,0,0,0,0,1,1,0
KD-047-R2,Environmental Health Officer,0,0,0,0,0,0,0,0,0,0,0,0,0
KD-047-R3,Medical Officer,0,0,0,0,0,0,0,0,0,0,0,0,0
KD-047-R3,Nurse/Midwife,2,1,0,1,0,1,0,0,0,0,2,1,0
KD-047-R3,CHO,1,1,0,0,0,1,0,0,0,0,1,1,0
KD-047-R3,CHEW,5,4,1,0,0,2,1,1,0,0,4,3,1
KD-047-R3,JCHEW,5,3,0,1,1,2,0,0,1,0,2,1,1
KD-047-R3,Medical Lab Technician,1,0,0,1,0,0,0,0,0,0,1,0,0
KD-047-R3,Medical Records Officer,3,0,0,0,3,0,0,0,0,0,2,0,0
KD-047-R3,Pharmacy Technician,2,1,0,1,0,1,0,0,0,0,1,1,0
KD-047-R3,Environmental Health Officer,0,0,0,0,0,0,0,0,0,0,0,0,0
KD-047-R4,Medical Officer,0,0,0,0,0,0,0,0,0,0,0,0,0
KD-047-R4,Nurse/Midwife,2,1,0,1,0,1,0,0,0,0,1,1,0
KD-047-R4,CHO,1,1,0,0,0,0,0,0,1,0,0,0,0
KD-047-R4,CHEW,5,4,1,0,0,1,0,0,3,0,2,1,0
KD-047-R4,JCHEW,5,3,0,1,1,2,0,1,0,0,2,1,2
KD-047-R4,Medical Lab Technician,1,0,0,1,0,0,0,0,0,0,1,0,0
KD-047-R4,Medical Records Officer,3,0,0,0,3,0,0,0,0,0,0,0,0
KD-047-R4,Pharmacy Technician,2,1,0,1,0,1,0,0,0,0,0,0,1
KD-047-R4,Environmental Health Officer,0,0,0,0,0,0,0,0,0,0,0,0,0
KD-047-R5,Medical Officer,0,0,0,0,0,0,0,0,0,0,0,0,0
KD-047-R5,Nurse/Midwife,2,1,0,1,0,1,0,0,0,0,2,1,0
KD-047-R5,CHO,1,1,0,0,0,1,0,0,0,0,1,1,0
KD-047-R5,CHEW,5,4,1,0,0,2,1,1,0,0,5,4,0
KD-047-R5,JCHEW,5,3,0,1,1,2,0,1,0,0,4,2,1
KD-047-R5,Medical Lab Technician,1,0,0,1,0,0,0,0,0,0,1,0,0
KD-047-R5,Medical Records Officer,3,0,0,0,3,0,0,0,0,0,1,0,0
KD-047-R5,Pharmacy Technician,2,1,0,1,0,1,0,0,0,0,2,1,0
KD-047-R5,Environmental Health Officer,0,0,0,0,0,0,0,0,0,0,0,0,0
KD-047-R6,Medical Officer,0,0,0,0,0,0,0,0,0,0,0,0,0
KD-047-R6,Nurse/Midwife,2,1,0,1,0,1,0,0,0,0,1,1,0
KD-047-R6,CHO,1,1,0,0,0,1,0,0,0,0,1,1,0
KD-047-R6,CHEW,5,4,1,0,0,2,1,1,0,0,3,3,1
KD-047-R6,JCHEW,5,3,0,1,1,2,0,1,0,0,5,3,0
KD-047-R6,Medical Lab Technician,1,0,0,1,0,0,0,0,0,0,1,0,0
KD-047-R6,Medical Records Officer,3,0,0,0,3,0,0,0,0,0,1,0,0
KD-047-R6,Pharmacy Technician,2,1,0,1,0,1,0,0,0,0,2,1,0
KD-047-R6,Environmental Health Officer,0,0,0,0,0,0,0,0,0,0,0,0,0
KD-048-R1,Medical Officer,0,0,0,0,0,0,0,0,0,0,0,0,0
KD-048-R1,Nurse/Midwife,5,3,2,0,0,3,0,0,0,0,2,2,1
KD-048-R1,CHO,2,0,2,0,0,0,0,0,0,0,2,0,0
KD-048-R1,CHEW,1,0,0,1,0,0,0,0,0,0,0,0,0
KD-048-R1,JCHEW,5,2,1,0,2,2,0,0,0,0,1,0,2
KD-048-R1,Medical Lab Technician,0,0,0,0,0,0,0,0,0,0,0,0,0
KD-048-R1,Medical Records Officer,3,1,0,0,2,1,0,0,0,0,1,0,1
KD-048-R1,Pharmacy Technician,1,0,0,1,0,0,0,0,0,0,1,0,0
KD-048-R1,Environmental Health Officer,1,0,0,0,1,0,0,0,0,0,1,0,0
KD-048-R2,Medical Officer,0,0,0,0,0,0,0,0,0,0,0,0,0
KD-048-R2,Nurse/Midwife,5,3,2,0,0,3,0,0,0,0,3,1,2
KD-048-R2,CHO,2,0,2,0,0,0,0,0,0,0,1,0,0
KD-048-R2,CHEW,1,0,0,1,0,0,0,0,0,0,1,0,0
KD-048-R2,JCHEW,5,2,1,0,2,2,0,0,0,0,2,0,2
KD-048-R2,Medical Lab Technician,0,0,0,0,0,0,0,0,0,0,0,0,0
KD-048-R2,Medical Records Officer,3,1,0,0,2,1,0,0,0,0,1,1,0
KD-048-R2,Pharmacy Technician,1,0,0,1,0,0,0,0,0,0,0,0,0
KD-048-R2,Environmental Health Officer,1,0,0,0,1,0,0,0,0,0,0,0,0
KD-048-R3,Medical Officer,0,0,0,0,0,0,0,0,0,0,0,0,0
KD-048-R3,Nurse/Midwife,5,3,2,0,0,3,0,0,0,0,3,2,1
KD-048-R3,CHO,2,0,2,0,0,0,0,0,0,0,1,0,0
KD-048-R3,CHEW,1,0,0,1,0,0,0,0,0,0,1,0,0
KD-048-R3,JCHEW,5,2,1,0,2,2,0,0,0,0,2,2,0
KD-048-R3,Medical Lab Technician,0,0,0,0,0,0,0,0,0,0,0,0,0
KD-048-R3,Medical Records Officer,3,1,0,0,2,0,0,0,1,0,0,0,0
KD-048-R3,Pharmacy Technician,1,0,0,1,0,0,0,0,0,0,1,0,0
KD-048-R3,Environmental Health Officer,1,0,0,0,1,0,0,0,0,0,0,0,0
KD-048-R4,Medical Officer,0,0,0,0,0,0,0,0,0,0,0,0,0
KD-048-R4,Nurse/Midwife,5,3,2,0,0,3,0,0,0,0,1,1,2
KD-048-R4,CHO,2,0,2,0,0,0,0,0,0,0,0,0,0
KD-048-R4,CHEW,1,0,0,1,0,0,0,0,0,0,1,0,0
KD-048-R4,JCHEW,5,2,1,0,2,2,0,0,0,0,3,2,0
KD-048-R4,Medical Lab Technician,0,0,0,0,0,0,0,0,0,0,0,0,0
KD-048-R4,Medical Records Officer,3,1,0,0,2,1,0,0,0,0,3,1,0
KD-048-R4,Pharmacy Technician,1,0,0,1,0,0,0,0,0,0,1,0,0
KD-048-R4,Environmental Health Officer,1,0,0,0,1,0,0,0,0,0,0,0,0
KD-048-R5,Medical Officer,0,0,0,0,0,0,0,0,0,0,0,0,0
KD-048-R5,Nurse/Midwife,5,3,2,0,0,3,0,0,0,0,3,1,2
KD-048-R5,CHO,2,0,2,0,0,0,0,0,0,0,1,0,0
KD-048-R5,CHEW,1,0,0,1,0,0,0,0,0,0,1,0,0
KD-048-R5,JCHEW,5,2,1,0,2,2,0,0,0,0,1,1,1
KD-048-R5,Medical Lab Technician,0,0,0,0,0,0,0,0,0,0,0,0,0
KD-048-R5,Medical Records Officer,3,1,0,0,2,0,0,0,1,0,1,0,0
KD-048-R5,Pharmacy Technician,1,0,0,1,0,0,0,0,0,0,0,0,0
KD-048-R5,Environmental Health Officer,1,0,0,0,1,0,0,0,0,0,0,0,0
KD-048-R6,Medical Officer,0,0,0,0,0,0,0,0,0,0,0,0,0
KD-048-R6,Nurse/Midwife,5,3,2,0,0,2,0,0,0,1,2,1,1
KD-048-R6,CHO,2,0,2,0,0,0,0,0,0,0,0,0,0
KD-048-R6,CHEW,1,0,0,1,0,0,0,0,0,0,1,0,0
KD-048-R6,JCHEW,5,2,1,0,2,2,0,0,0,0,2,0,2
KD-048-R6,Medical Lab Technician,0,0,0,0,0,0,0,0,0,0,0,0,0
KD-048-R6,Medical Records Officer,3,1,0,0,2,1,0,0,0,0,1,1,0
KD-048-R6,Pharmacy Technician,1,0,0,1,0,0,0,0,0,0,0,0,0
KD-048-R6,Environmental Health Officer,1,0,0,0,1,0,0,0,0,0,0,0,0
KD-049-R1,Medical Officer,5,5,0,0,0,2,0,1,2,0,2,2,1
KD-049-R1,Nurse/Midwife,11,10,1,0,0,4,2,1,3,0,7,6,1
KD-049-R1,CHO,6,4,2,0,0,2,1,1,0,0,3,1,3
KD-049-R1,CHEW,6,5,0,1,0,3,1,1,0,0,5,4,1
KD-049-R1,JCHEW,6,4,1,0,1,2,1,1,0,0,6,4,0
KD-049-R1,Medical Lab Technician,2,2,0,0,0,2,0,0,0,0,2,2,0
KD-049-R1,Medical Records Officer,6,4,1,0,1,2,0,1,1,0,3,2,1
KD-049-R1,Pharmacy Technician,8,8,0,0,0,2,1,1,3,1,3,3,1
KD-049-R1,Environmental Health Officer,4,4,0,0,0,2,0,1,1,0,3,3,0
KD-049-R2,Medical Officer,5,5,0,0,0,3,1,1,0,0,4,4,1
KD-049-R2,Nurse/Midwife,11,10,1,0,0,5,2,2,0,1,8,7,2
KD-049-R2,CHO,6,4,2,0,0,2,0,1,0,1,4,3,0
KD-049-R2,CHEW,6,5,0,1,0,3,1,1,0,0,4,4,1
KD-049-R2,JCHEW,6,4,1,0,1,2,0,1,1,0,5,3,0
KD-049-R2,Medical Lab Technician,2,2,0,0,0,2,0,0,0,0,2,2,0
KD-049-R2,Medical Records Officer,6,4,1,0,1,2,0,1,1,0,5,3,0
KD-049-R2,Pharmacy Technician,8,8,0,0,0,4,2,1,0,1,4,4,3
KD-049-R2,Environmental Health Officer,4,4,0,0,0,2,0,1,1,0,2,2,1
KD-049-R3,Medical Officer,5,5,0,0,0,2,1,1,1,0,4,4,0
KD-049-R3,Nurse/Midwife,11,10,1,0,0,3,1,1,5,0,5,4,1
KD-049-R3,CHO,6,4,2,0,0,2,1,1,0,0,4,3,1
KD-049-R3,CHEW,6,5,0,1,0,3,1,1,0,0,6,5,0
KD-049-R3,JCHEW,6,4,1,0,1,2,0,1,1,0,5,3,0
KD-049-R3,Medical Lab Technician,2,2,0,0,0,1,0,0,0,1,0,0,1
KD-049-R3,Medical Records Officer,6,4,1,0,1,2,0,0,2,0,4,2,0
KD-049-R3,Pharmacy Technician,8,8,0,0,0,4,2,1,0,1,5,5,2
KD-049-R3,Environmental Health Officer,4,4,0,0,0,2,0,1,0,1,2,2,1
KD-049-R4,Medical Officer,5,5,0,0,0,3,1,1,0,0,3,3,2
KD-049-R4,Nurse/Midwife,11,10,1,0,0,4,2,2,2,0,6,6,2
KD-049-R4,CHO,6,4,2,0,0,2,0,1,1,0,1,1,2
KD-049-R4,CHEW,6,5,0,1,0,2,1,1,1,0,4,3,1
KD-049-R4,JCHEW,6,4,1,0,1,2,1,1,0,0,2,1,3
KD-049-R4,Medical Lab Technician,2,2,0,0,0,1,0,0,1,0,0,0,1
KD-049-R4,Medical Records Officer,6,4,1,0,1,2,0,0,2,0,2,1,1
KD-049-R4,Pharmacy Technician,8,8,0,0,0,3,1,2,2,0,4,4,2
KD-049-R4,Environmental Health Officer,4,4,0,0,0,2,0,0,2,0,0,0,2
KD-049-R5,Medical Officer,5,5,0,0,0,2,1,1,1,0,4,4,0
KD-049-R5,Nurse/Midwife,11,10,1,0,0,4,2,2,1,1,5,5,3
KD-049-R5,CHO,6,4,2,0,0,2,1,1,0,0,3,1,3
KD-049-R5,CHEW,6,5,0,1,0,2,1,1,1,0,5,4,0
KD-049-R5,JCHEW,6,4,1,0,1,2,0,1,1,0,4,3,0
KD-049-R5,Medical Lab Technician,2,2,0,0,0,0,0,0,2,0,0,0,0
KD-049-R5,Medical Records Officer,6,4,1,0,1,2,0,1,0,1,3,1,2
KD-049-R5,Pharmacy Technician,8,8,0,0,0,3,1,2,1,1,6,6,0
KD-049-R5,Environmental Health Officer,4,4,0,0,0,2,0,1,0,1,2,2,1
KD-049-R6,Medical Officer,5,5,0,0,0,3,1,1,0,0,5,5,0
KD-049-R6,Nurse/Midwife,11,10,1,0,0,4,2,2,1,1,7,6,2
KD-049-R6,CHO,6,4,2,0,0,2,1,1,0,0,5,3,1
KD-049-R6,CHEW,6,5,0,1,0,3,1,1,0,0,6,5,0
KD-049-R6,JCHEW,6,4,1,0,1,2,1,1,0,0,4,2,2
KD-049-R6,Medical Lab Technician,2,2,0,0,0,2,0,0,0,0,2,2,0
KD-049-R6,Medical Records Officer,6,4,1,0,1,2,1,1,0,0,4,3,1
KD-049-R6,Pharmacy Technician,8,8,0,0,0,3,1,1,3,0,3,3,2
KD-049-R6,Environmental Health Officer,4,4,0,0,0,2,1,1,0,0,2,2,2
KD-050-R1,Medical Officer,1,1,0,0,0,1,0,0,0,0,1,1,0
KD-050-R1,Nurse/Midwife,5,4,1,0,0,2,1,1,0,0,2,2,2
KD-050-R1,CHO,3,3,0,0,0,2,0,0,1,0,2,2,0
KD-050-R1,CHEW,4,4,0,0,0,2,0,0,1,1,2,2,0
KD-050-R1,JCHEW,5,3,0,0,2,2,0,1,0,0,3,1,2
KD-050-R1,Medical Lab Technician,1,1,0,0,0,1,0,0,0,0,0,0,1
KD-050-R1,Medical Records Officer,2,2,0,0,0,2,0,0,0,0,2,2,0
KD-050-R1,Pharmacy Technician,2,2,0,0,0,2,0,0,0,0,2,2,0
KD-050-R1,Environmental Health Officer,0,0,0,0,0,0,0,0,0,0,0,0,0
KD-050-R2,Medical Officer,1,1,0,0,0,1,0,0,0,0,1,1,0
KD-050-R2,Nurse/Midwife,5,4,1,0,0,2,1,1,0,0,2,2,2
KD-050-R2,CHO,3,3,0,0,0,1,0,0,1,1,0,0,1
KD-050-R2,CHEW,4,4,0,0,0,2,0,1,0,1,2,2,1
KD-050-R2,JCHEW,5,3,0,0,2,2,0,1,0,0,3,2,1
KD-050-R2,Medical Lab Technician,1,1,0,0,0,1,0,0,0,0,1,1,0
KD-050-R2,Medical Records Officer,2,2,0,0,0,2,0,0,0,0,2,2,0
KD-050-R2,Pharmacy Technician,2,2,0,0,0,2,0,0,0,0,2,2,0
KD-050-R2,Environmental Health Officer,0,0,0,0,0,0,0,0,0,0,0,0,0
KD-050-R3,Medical Officer,1,1,0,0,0,1,0,0,0,0,1,1,0
KD-050-R3,Nurse/Midwife,5,4,1,0,0,2,1,1,0,0,3,2,2
KD-050-R3,CHO,3,3,0,0,0,2,0,1,0,0,1,1,2
KD-050-R3,CHEW,4,4,0,0,0,2,1,1,0,0,2,2,2
KD-050-R3,JCHEW,5,3,0,0,2,2,0,1,0,0,4,3,0
KD-050-R3,Medical Lab Technician,1,1,0,0,0,0,0,0,1,0,0,0,0
KD-050-R3,Medical Records Officer,2,2,0,0,0,2,0,0,0,0,2,2,0
KD-050-R3,Pharmacy Technician,2,2,0,0,0,2,0,0,0,0,1,1,1
KD-050-R3,Environmental Health Officer,0,0,0,0,0,0,0,0,0,0,0,0,0
KD-050-R4,Medical Officer,1,1,0,0,0,1,0,0,0,0,1,1,0
KD-050-R4,Nurse/Midwife,5,4,1,0,0,2,0,1,0,1,4,3,0
KD-050-R4,CHO,3,3,0,0,0,2,0,1,0,0,2,2,1
KD-050-R4,CHEW,4,4,0,0,0,2,1,1,0,0,3,3,1
KD-050-R4,JCHEW,5,3,0,0,2,2,0,0,1,0,2,1,1
KD-050-R4,Medical Lab Technician,1,1,0,0,0,1,0,0,0,0,0,0,1
KD-050-R4,Medical Records Officer,2,2,0,0,0,2,0,0,0,0,1,1,1
KD-050-R4,Pharmacy Technician,2,2,0,0,0,2,0,0,0,0,2,2,0
KD-050-R4,Environmental Health Officer,0,0,0,0,0,0,0,0,0,0,0,0,0
KD-050-R5,Medical Officer,1,1,0,0,0,1,0,0,0,0,1,1,0
KD-050-R5,Nurse/Midwife,5,4,1,0,0,2,0,1,1,0,2,2,1
KD-050-R5,CHO,3,3,0,0,0,2,0,1,0,0,1,1,2
KD-050-R5,CHEW,4,4,0,0,0,2,1,1,0,0,2,2,2
KD-050-R5,JCHEW,5,3,0,0,2,2,0,1,0,0,5,3,0
KD-050-R5,Medical Lab Technician,1,1,0,0,0,1,0,0,0,0,0,0,1
KD-050-R5,Medical Records Officer,2,2,0,0,0,2,0,0,0,0,2,2,0
KD-050-R5,Pharmacy Technician,2,2,0,0,0,2,0,0,0,0,1,1,1
KD-050-R5,Environmental Health Officer,0,0,0,0,0,0,0,0,0,0,0,0,0
KD-050-R6,Medical Officer,1,1,0,0,0,1,0,0,0,0,1,1,0
KD-050-R6,Nurse/Midwife,5,4,1,0,0,2,0,1,0,1,4,3,0
KD-050-R6,CHO,3,3,0,0,0,2,0,1,0,0,2,2,1
KD-050-R6,CHEW,4,4,0,0,0,2,1,1,0,0,2,2,2
KD-050-R6,JCHEW,5,3,0,0,2,2,0,1,0,0,5,3,0
KD-050-R6,Medical Lab Technician,1,1,0,0,0,1,0,0,0,0,0,0,1
KD-050-R6,Medical Records Officer,2,2,0,0,0,2,0,0,0,0,2,2,0
KD-050-R6,Pharmacy Technician,2,2,0,0,0,2,0,0,0,0,1,1,1
KD-050-R6,Environmental Health Officer,0,0,0,0,0,0,0,0,0,0,0,0,0
KD-051-R1,Medical Officer,0,0,0,0,0,0,0,0,0,0,0,0,0
KD-051-R1,Nurse/Midwife,1,0,1,0,0,0,0,0,0,0,1,0,0
KD-051-R1,CHO,2,2,0,0,0,2,0,0,0,0,2,2,0
KD-051-R1,CHEW,11,6,2,1,2,6,0,0,0,0,9,5,1
KD-051-R1,JCHEW,1,1,0,0,0,1,0,0,0,0,1,1,0
KD-051-R1,Medical Lab Technician,0,0,0,0,0,0,0,0,0,0,0,0,0
KD-051-R1,Medical Records Officer,3,2,1,0,0,2,0,0,0,0,2,1,1
KD-051-R1,Pharmacy Technician,0,0,0,0,0,0,0,0,0,0,0,0,0
KD-051-R1,Environmental Health Officer,0,0,0,0,0,0,0,0,0,0,0,0,0
KD-051-R2,Medical Officer,0,0,0,0,0,0,0,0,0,0,0,0,0
KD-051-R2,Nurse/Midwife,1,0,1,0,0,0,0,0,0,0,1,0,0
KD-051-R2,CHO,2,2,0,0,0,2,0,0,0,0,2,2,0
KD-051-R2,CHEW,11,6,2,1,2,6,0,0,0,0,7,5,1
KD-051-R2,JCHEW,1,1,0,0,0,1,0,0,0,0,1,1,0
KD-051-R2,Medical Lab Technician,0,0,0,0,0,0,0,0,0,0,0,0,0
KD-051-R2,Medical Records Officer,3,2,1,0,0,2,0,0,0,0,1,1,1
KD-051-R2,Pharmacy Technician,0,0,0,0,0,0,0,0,0,0,0,0,0
KD-051-R2,Environmental Health Officer,0,0,0,0,0,0,0,0,0,0,0,0,0
KD-051-R3,Medical Officer,0,0,0,0,0,0,0,0,0,0,0,0,0
KD-051-R3,Nurse/Midwife,1,0,1,0,0,0,0,0,0,0,1,0,0
KD-051-R3,CHO,2,2,0,0,0,2,0,0,0,0,2,2,0
KD-051-R3,CHEW,11,6,2,1,2,6,0,0,0,0,8,5,1
KD-051-R3,JCHEW,1,1,0,0,0,1,0,0,0,0,1,1,0
KD-051-R3,Medical Lab Technician,0,0,0,0,0,0,0,0,0,0,0,0,0
KD-051-R3,Medical Records Officer,3,2,1,0,0,2,0,0,0,0,2,2,0
KD-051-R3,Pharmacy Technician,0,0,0,0,0,0,0,0,0,0,0,0,0
KD-051-R3,Environmental Health Officer,0,0,0,0,0,0,0,0,0,0,0,0,0
KD-051-R4,Medical Officer,0,0,0,0,0,0,0,0,0,0,0,0,0
KD-051-R4,Nurse/Midwife,1,0,1,0,0,0,0,0,0,0,0,0,0
KD-051-R4,CHO,2,2,0,0,0,1,0,0,1,0,1,1,0
KD-051-R4,CHEW,11,6,2,1,2,5,0,0,0,1,9,5,0
KD-051-R4,JCHEW,1,1,0,0,0,1,0,0,0,0,1,1,0
KD-051-R4,Medical Lab Technician,0,0,0,0,0,0,0,0,0,0,0,0,0
KD-051-R4,Medical Records Officer,3,2,1,0,0,2,0,0,0,0,3,2,0
KD-051-R4,Pharmacy Technician,0,0,0,0,0,0,0,0,0,0,0,0,0
KD-051-R4,Environmental Health Officer,0,0,0,0,0,0,0,0,0,0,0,0,0
KD-051-R5,Medical Officer,0,0,0,0,0,0,0,0,0,0,0,0,0
KD-051-R5,Nurse/Midwife,1,0,1,0,0,0,0,0,0,0,0,0,0
KD-051-R5,CHO,2,2,0,0,0,2,0,0,0,0,1,1,1
KD-051-R5,CHEW,11,6,2,1,2,5,0,0,0,1,7,4,1
KD-051-R5,JCHEW,1,1,0,0,0,1,0,0,0,0,1,1,0
KD-051-R5,Medical Lab Technician,0,0,0,0,0,0,0,0,0,0,0,0,0
KD-051-R5,Medical Records Officer,3,2,1,0,0,2,0,0,0,0,0,0,2
KD-051-R5,Pharmacy Technician,0,0,0,0,0,0,0,0,0,0,0,0,0
KD-051-R5,Environmental Health Officer,0,0,0,0,0,0,0,0,0,0,0,0,0
KD-051-R6,Medical Officer,0,0,0,0,0,0,0,0,0,0,0,0,0
KD-051-R6,Nurse/Midwife,1,0,1,0,0,0,0,0,0,0,1,0,0
KD-051-R6,CHO,2,2,0,0,0,2,0,0,0,0,2,2,0
KD-051-R6,CHEW,11,6,2,1,2,6,0,0,0,0,10,6,0
KD-051-R6,JCHEW,1,1,0,0,0,1,0,0,0,0,0,0,1
KD-051-R6,Medical Lab Technician,0,0,0,0,0,0,0,0,0,0,0,0,0
KD-051-R6,Medical Records Officer,3,2,1,0,0,2,0,0,0,0,2,1,1
KD-051-R6,Pharmacy Technician,0,0,0,0,0,0,0,0,0,0,0,0,0
KD-051-R6,Environmental Health Officer,0,0,0,0,0,0,0,0,0,0,0,0,0
KD-052-R1,Medical Officer,5,5,0,0,0,3,1,1,0,0,3,3,2
KD-052-R1,Nurse/Midwife,39,29,9,0,1,12,6,5,3,3,21,14,9
KD-052-R1,CHO,5,5,0,0,0,3,1,1,0,0,4,4,1
KD-052-R1,CHEW,6,5,0,0,1,2,1,1,1,0,3,2,2
KD-052-R1,JCHEW,4,1,3,0,0,1,0,0,0,0,3,1,0
KD-052-R1,Medical Lab Technician,11,6,1,4,0,2,1,1,0,2,4,1,3
KD-052-R1,Medical Records Officer,2,1,0,0,1,1,0,0,0,0,1,1,0
KD-052-R1,Pharmacy Technician,5,4,0,1,0,2,1,1,0,0,2,2,2
KD-052-R1,Environmental Health Officer,1,1,0,0,0,0,0,0,0,1,0,0,0
KD-052-R2,Medical Officer,5,5,0,0,0,2,0,0,3,0,2,2,0
KD-052-R2,Nurse/Midwife,39,29,9,0,1,12,6,5,5,1,24,19,4
KD-052-R2,CHO,5,5,0,0,0,3,1,1,0,0,2,2,3
KD-052-R2,CHEW,6,5,0,0,1,2,1,1,1,0,3,2,2
KD-052-R2,JCHEW,4,1,3,0,0,1,0,0,0,0,1,0,1
KD-052-R2,Medical Lab Technician,11,6,1,4,0,2,1,1,1,1,6,3,1
KD-052-R2,Medical Records Officer,2,1,0,0,1,1,0,0,0,0,2,1,0
KD-052-R2,Pharmacy Technician,5,4,0,1,0,2,0,1,0,1,4,3,0
KD-052-R2,Environmental Health Officer,1,1,0,0,0,1,0,0,0,0,1,1,0
KD-052-R3,Medical Officer,5,5,0,0,0,3,1,1,0,0,3,3,2
KD-052-R3,Nurse/Midwife,39,29,9,0,1,13,7,5,1,3,28,21,4
KD-052-R3,CHO,5,5,0,0,0,3,1,1,0,0,4,4,1
KD-052-R3,CHEW,6,5,0,0,1,2,0,1,2,0,2,1,2
KD-052-R3,JCHEW,4,1,3,0,0,0,0,0,1,0,3,0,0
KD-052-R3,Medical Lab Technician,11,6,1,4,0,3,1,1,1,0,7,3,2
KD-052-R3,Medical Records Officer,2,1,0,0,1,1,0,0,0,0,1,1,0
KD-052-R3,Pharmacy Technician,5,4,0,1,0,2,0,1,1,0,3,2,1
KD-052-R3,Environmental Health Officer,1,1,0,0,0,1,0,0,0,0,0,0,1
KD-052-R4,Medical Officer,5,5,0,0,0,2,0,1,2,0,3,3,0
KD-052-R4,Nurse/Midwife,39,29,9,0,1,13,7,6,2,1,22,17,9
KD-052-R4,CHO,5,5,0,0,0,3,1,1,0,0,3,3,2
KD-052-R4,CHEW,6,5,0,0,1,3,1,1,0,0,3,3,2
KD-052-R4,JCHEW,4,1,3,0,0,1,0,0,0,0,4,1,0
KD-052-R4,Medical Lab Technician,11,6,1,4,0,3,1,1,1,0,6,4,1
KD-052-R4,Medical Records Officer,2,1,0,0,1,1,0,0,0,0,1,0,1
KD-052-R4,Pharmacy Technician,5,4,0,1,0,2,1,1,0,0,4,3,1
KD-052-R4,Environmental Health Officer,1,1,0,0,0,0,0,0,0,1,0,0,0
KD-052-R5,Medical Officer,5,5,0,0,0,2,1,1,0,1,3,3,1
KD-052-R5,Nurse/Midwife,39,29,9,0,1,13,7,5,3,1,23,16,9
KD-052-R5,CHO,5,5,0,0,0,3,1,1,0,0,2,2,3
KD-052-R5,CHEW,6,5,0,0,1,2,1,1,1,0,3,2,2
KD-052-R5,JCHEW,4,1,3,0,0,1,0,0,0,0,4,1,0
KD-052-R5,Medical Lab Technician,11,6,1,4,0,3,1,2,0,0,4,3,3
KD-052-R5,Medical Records Officer,2,1,0,0,1,1,0,0,0,0,2,1,0
KD-052-R5,Pharmacy Technician,5,4,0,1,0,2,1,1,0,0,5,4,0
KD-052-R5,Environmental Health Officer,1,1,0,0,0,1,0,0,0,0,1,1,0
KD-052-R6,Medical Officer,5,5,0,0,0,2,1,1,0,1,4,4,0
KD-052-R6,Nurse/Midwife,39,29,9,0,1,13,7,6,2,1,26,21,5
KD-052-R6,CHO,5,5,0,0,0,2,1,1,1,0,1,1,3
KD-052-R6,CHEW,6,5,0,0,1,2,1,1,1,0,3,2,2
KD-052-R6,JCHEW,4,1,3,0,0,1,0,0,0,0,2,0,1
KD-052-R6,Medical Lab Technician,11,6,1,4,0,3,1,1,0,1,5,2,3
KD-052-R6,Medical Records Officer,2,1,0,0,1,1,0,0,0,0,2,1,0
KD-052-R6,Pharmacy Technician,5,4,0,1,0,2,0,1,0,1,4,3,0
KD-052-R6,Environmental Health Officer,1,1,0,0,0,1,0,0,0,0,1,1,0
KD-053-R1,Medical Officer,0,0,0,0,0,0,0,0,0,0,0,0,0
KD-053-R1,Nurse/Midwife,2,1,0,1,0,1,0,0,0,0,1,0,1
KD-053-R1,CHO,2,1,1,0,0,1,0,0,0,0,1,0,1
KD-053-R1,CHEW,2,2,0,0,0,2,0,0,0,0,1,1,1
KD-053-R1,JCHEW,7,4,1,2,0,3,0,0,0,1,4,2,1
KD-053-R1,Medical Lab Technician,1,1,0,0,0,1,0,0,0,0,0,0,1
KD-053-R1,Medical Records Officer,2,1,0,0,1,1,0,0,0,0,0,0,1
KD-053-R1,Pharmacy Technician,1,0,0,1,0,0,0,0,0,0,0,0,0
KD-053-R1,Environmental Health Officer,0,0,0,0,0,0,0,0,0,0,0,0,0
KD-053-R2,Medical Officer,0,0,0,0,0,0,0,0,0,0,0,0,0
KD-053-R2,Nurse/Midwife,2,1,0,1,0,1,0,0,0,0,2,1,0
KD-053-R2,CHO,2,1,1,0,0,1,0,0,0,0,2,1,0
KD-053-R2,CHEW,2,2,0,0,0,2,0,0,0,0,1,1,1
KD-053-R2,JCHEW,7,4,1,2,0,3,0,0,0,1,4,2,1
KD-053-R2,Medical Lab Technician,1,1,0,0,0,1,0,0,0,0,1,1,0
KD-053-R2,Medical Records Officer,2,1,0,0,1,1,0,0,0,0,1,1,0
KD-053-R2,Pharmacy Technician,1,0,0,1,0,0,0,0,0,0,0,0,0
KD-053-R2,Environmental Health Officer,0,0,0,0,0,0,0,0,0,0,0,0,0
KD-053-R3,Medical Officer,0,0,0,0,0,0,0,0,0,0,0,0,0
KD-053-R3,Nurse/Midwife,2,1,0,1,0,1,0,0,0,0,2,1,0
KD-053-R3,CHO,2,1,1,0,0,1,0,0,0,0,2,1,0
KD-053-R3,CHEW,2,2,0,0,0,2,0,0,0,0,2,2,0
KD-053-R3,JCHEW,7,4,1,2,0,4,0,0,0,0,6,3,1
KD-053-R3,Medical Lab Technician,1,1,0,0,0,1,0,0,0,0,1,1,0
KD-053-R3,Medical Records Officer,2,1,0,0,1,1,0,0,0,0,1,0,1
KD-053-R3,Pharmacy Technician,1,0,0,1,0,0,0,0,0,0,1,0,0
KD-053-R3,Environmental Health Officer,0,0,0,0,0,0,0,0,0,0,0,0,0
KD-053-R4,Medical Officer,0,0,0,0,0,0,0,0,0,0,0,0,0
KD-053-R4,Nurse/Midwife,2,1,0,1,0,0,0,0,0,1,0,0,0
KD-053-R4,CHO,2,1,1,0,0,1,0,0,0,0,0,0,1
KD-053-R4,CHEW,2,2,0,0,0,2,0,0,0,0,1,1,1
KD-053-R4,JCHEW,7,4,1,2,0,4,0,0,0,0,1,1,3
KD-053-R4,Medical Lab Technician,1,1,0,0,0,1,0,0,0,0,0,0,1
KD-053-R4,Medical Records Officer,2,1,0,0,1,1,0,0,0,0,2,1,0
KD-053-R4,Pharmacy Technician,1,0,0,1,0,0,0,0,0,0,1,0,0
KD-053-R4,Environmental Health Officer,0,0,0,0,0,0,0,0,0,0,0,0,0
KD-053-R5,Medical Officer,0,0,0,0,0,0,0,0,0,0,0,0,0
KD-053-R5,Nurse/Midwife,2,1,0,1,0,1,0,0,0,0,2,1,0
KD-053-R5,CHO,2,1,1,0,0,0,0,0,1,0,1,0,0
KD-053-R5,CHEW,2,2,0,0,0,1,0,0,0,1,1,1,0
KD-053-R5,JCHEW,7,4,1,2,0,4,0,0,0,0,5,2,2
KD-053-R5,Medical Lab Technician,1,1,0,0,0,1,0,0,0,0,1,1,0
KD-053-R5,Medical Records Officer,2,1,0,0,1,0,0,0,0,1,1,0,0
KD-053-R5,Pharmacy Technician,1,0,0,1,0,0,0,0,0,0,1,0,0
KD-053-R5,Environmental Health Officer,0,0,0,0,0,0,0,0,0,0,0,0,0
KD-053-R6,Medical Officer,0,0,0,0,0,0,0,0,0,0,0,0,0
KD-053-R6,Nurse/Midwife,2,1,0,1,0,1,0,0,0,0,1,1,0
KD-053-R6,CHO,2,1,1,0,0,1,0,0,0,0,2,1,0
KD-053-R6,CHEW,2,2,0,0,0,2,0,0,0,0,2,2,0
KD-053-R6,JCHEW,7,4,1,2,0,3,0,0,1,0,4,2,1
KD-053-R6,Medical Lab Technician,1,1,0,0,0,1,0,0,0,0,0,0,1
KD-053-R6,Medical Records Officer,2,1,0,0,1,1,0,0,0,0,0,0,1
KD-053-R6,Pharmacy Technician,1,0,0,1,0,0,0,0,0,0,1,0,0
KD-053-R6,Environmental Health Officer,0,0,0,0,0,0,0,0,0,0,0,0,0
KD-054-R1,Medical Officer,0,0,0,0,0,0,0,0,0,0,0,0,0
KD-054-R1,Nurse/Midwife,3,1,1,1,0,1,0,0,0,0,2,0,1
KD-054-R1,CHO,3,2,0,0,1,2,0,0,0,0,2,2,0
KD-054-R1,CHEW,6,3,0,2,1,3,0,0,0,0,4,2,1
KD-054-R1,JCHEW,4,2,0,0,2,2,0,0,0,0,1,1,1
KD-054-R1,Medical Lab Technician,1,0,0,0,1,0,0,0,0,0,0,0,0
KD-054-R1,Medical Records Officer,3,2,0,0,1,2,0,0,0,0,3,2,0
KD-054-R1,Pharmacy Technician,0,0,0,0,0,0,0,0,0,0,0,0,0
KD-054-R1,Environmental Health Officer,1,0,1,0,0,0,0,0,0,0,1,0,0
KD-054-R2,Medical Officer,0,0,0,0,0,0,0,0,0,0,0,0,0
KD-054-R2,Nurse/Midwife,3,1,1,1,0,1,0,0,0,0,3,1,0
KD-054-R2,CHO,3,2,0,0,1,2,0,0,0,0,3,2,0
KD-054-R2,CHEW,6,3,0,2,1,2,0,0,1,0,3,1,1
KD-054-R2,JCHEW,4,2,0,0,2,2,0,0,0,0,2,1,1
KD-054-R2,Medical Lab Technician,1,0,0,0,1,0,0,0,0,0,1,0,0
KD-054-R2,Medical Records Officer,3,2,0,0,1,2,0,0,0,0,3,2,0
KD-054-R2,Pharmacy Technician,0,0,0,0,0,0,0,0,0,0,0,0,0
KD-054-R2,Environmental Health Officer,1,0,1,0,0,0,0,0,0,0,1,0,0
KD-054-R3,Medical Officer,0,0,0,0,0,0,0,0,0,0,0,0,0
KD-054-R3,Nurse/Midwife,3,1,1,1,0,0,0,0,0,1,1,0,0
KD-054-R3,CHO,3,2,0,0,1,2,0,0,0,0,2,1,1
KD-054-R3,CHEW,6,3,0,2,1,3,0,0,0,0,0,0,3
KD-054-R3,JCHEW,4,2,0,0,2,2,0,0,0,0,2,1,1
KD-054-R3,Medical Lab Technician,1,0,0,0,1,0,0,0,0,0,0,0,0
KD-054-R3,Medical Records Officer,3,2,0,0,1,2,0,0,0,0,1,0,2
KD-054-R3,Pharmacy Technician,0,0,0,0,0,0,0,0,0,0,0,0,0
KD-054-R3,Environmental Health Officer,1,0,1,0,0,0,0,0,0,0,1,0,0
KD-054-R4,Medical Officer,0,0,0,0,0,0,0,0,0,0,0,0,0
KD-054-R4,Nurse/Midwife,3,1,1,1,0,1,0,0,0,0,2,0,1
KD-054-R4,CHO,3,2,0,0,1,2,0,0,0,0,1,1,1
KD-054-R4,CHEW,6,3,0,2,1,3,0,0,0,0,6,3,0
KD-054-R4,JCHEW,4,2,0,0,2,2,0,0,0,0,2,1,1
KD-054-R4,Medical Lab Technician,1,0,0,0,1,0,0,0,0,0,0,0,0
KD-054-R4,Medical Records Officer,3,2,0,0,1,2,0,0,0,0,1,1,1
KD-054-R4,Pharmacy Technician,0,0,0,0,0,0,0,0,0,0,0,0,0
KD-054-R4,Environmental Health Officer,1,0,1,0,0,0,0,0,0,0,0,0,0
KD-054-R5,Medical Officer,0,0,0,0,0,0,0,0,0,0,0,0,0
KD-054-R5,Nurse/Midwife,3,1,1,1,0,1,0,0,0,0,0,0,1
KD-054-R5,CHO,3,2,0,0,1,2,0,0,0,0,1,0,2
KD-054-R5,CHEW,6,3,0,2,1,3,0,0,0,0,4,3,0
KD-054-R5,JCHEW,4,2,0,0,2,2,0,0,0,0,1,0,2
KD-054-R5,Medical Lab Technician,1,0,0,0,1,0,0,0,0,0,0,0,0
KD-054-R5,Medical Records Officer,3,2,0,0,1,2,0,0,0,0,2,2,0
KD-054-R5,Pharmacy Technician,0,0,0,0,0,0,0,0,0,0,0,0,0
KD-054-R5,Environmental Health Officer,1,0,1,0,0,0,0,0,0,0,1,0,0
KD-054-R6,Medical Officer,0,0,0,0,0,0,0,0,0,0,0,0,0
KD-054-R6,Nurse/Midwife,3,1,1,1,0,1,0,0,0,0,1,0,1
KD-054-R6,CHO,3,2,0,0,1,2,0,0,0,0,3,2,0
KD-054-R6,CHEW,6,3,0,2,1,3,0,0,0,0,4,2,1
KD-054-R6,JCHEW,4,2,0,0,2,1,0,0,0,1,1,1,0
KD-054-R6,Medical Lab Technician,1,0,0,0,1,0,0,0,0,0,1,0,0
KD-054-R6,Medical Records Officer,3,2,0,0,1,2,0,0,0,0,3,2,0
KD-054-R6,Pharmacy Technician,0,0,0,0,0,0,0,0,0,0,0,0,0
KD-054-R6,Environmental Health Officer,1,0,1,0,0,0,0,0,0,0,0,0,0
KD-055-R1,Medical Officer,4,2,1,0,1,2,0,0,0,0,4,2,0
KD-055-R1,Nurse/Midwife,6,5,1,0,0,5,0,0,0,0,6,5,0
KD-055-R1,CHO,5,4,0,0,1,3,0,0,1,0,4,3,0
KD-055-R1,CHEW,7,5,1,0,1,5,0,0,0,0,6,4,1
KD-055-R1,JCHEW,8,4,1,0,3,3,0,0,1,0,6,2,1
KD-055-R1,Medical Lab Technician,1,1,0,0,0,1,0,0,0,0,1,1,0
KD-055-R1,Medical Records Officer,2,1,0,0,1,1,0,0,0,0,2,1,0
KD-055-R1,Pharmacy Technician,1,0,0,1,0,0,0,0,0,0,0,0,0
KD-055-R1,Environmental Health Officer,2,1,1,0,0,1,0,0,0,0,2,1,0
KD-055-R2,Medical Officer,4,2,1,0,1,2,0,0,0,0,4,2,0
KD-055-R2,Nurse/Midwife,6,5,1,0,0,4,0,0,0,1,5,4,0
KD-055-R2,CHO,5,4,0,0,1,3,0,0,0,1,4,3,0
KD-055-R2,CHEW,7,5,1,0,1,5,0,0,0,0,7,5,0
KD-055-R2,JCHEW,8,4,1,0,3,4,0,0,0,0,6,3,1
KD-055-R2,Medical Lab Technician,1,1,0,0,0,1,0,0,0,0,1,1,0
KD-055-R2,Medical Records Officer,2,1,0,0,1,1,0,0,0,0,2,1,0
KD-055-R2,Pharmacy Technician,1,0,0,1,0,0,0,0,0,0,1,0,0
KD-055-R2,Environmental Health Officer,2,1,1,0,0,1,0,0,0,0,2,1,0
KD-055-R3,Medical Officer,4,2,1,0,1,2,0,0,0,0,2,0,2
KD-055-R3,Nurse/Midwife,6,5,1,0,0,5,0,0,0,0,6,5,0
KD-055-R3,CHO,5,4,0,0,1,3,0,0,0,1,4,3,0
KD-055-R3,CHEW,7,5,1,0,1,4,0,0,1,0,5,4,0
KD-055-R3,JCHEW,8,4,1,0,3,4,0,0,0,0,7,4,0
KD-055-R3,Medical Lab Technician,1,1,0,0,0,1,0,0,0,0,1,1,0
KD-055-R3,Medical Records Officer,2,1,0,0,1,1,0,0,0,0,2,1,0
KD-055-R3,Pharmacy Technician,1,0,0,1,0,0,0,0,0,0,1,0,0
KD-055-R3,Environmental Health Officer,2,1,1,0,0,1,0,0,0,0,1,1,0
KD-055-R4,Medical Officer,4,2,1,0,1,2,0,0,0,0,3,1,1
KD-055-R4,Nurse/Midwife,6,5,1,0,0,4,0,0,0,1,4,4,0
KD-055-R4,CHO,5,4,0,0,1,4,0,0,0,0,3,2,2
KD-055-R4,CHEW,7,5,1,0,1,4,0,0,0,1,4,3,1
KD-055-R4,JCHEW,8,4,1,0,3,3,0,0,0,1,3,1,2
KD-055-R4,Medical Lab Technician,1,1,0,0,0,1,0,0,0,0,1,1,0
KD-055-R4,Medical Records Officer,2,1,0,0,1,0,0,0,0,1,1,0,0
KD-055-R4,Pharmacy Technician,1,0,0,1,0,0,0,0,0,0,0,0,0
KD-055-R4,Environmental Health Officer,2,1,1,0,0,0,0,0,1,0,1,0,0
KD-055-R5,Medical Officer,4,2,1,0,1,2,0,0,0,0,1,0,2
KD-055-R5,Nurse/Midwife,6,5,1,0,0,4,0,0,0,1,5,4,0
KD-055-R5,CHO,5,4,0,0,1,4,0,0,0,0,4,4,0
KD-055-R5,CHEW,7,5,1,0,1,5,0,0,0,0,6,4,1
KD-055-R5,JCHEW,8,4,1,0,3,4,0,0,0,0,7,4,0
KD-055-R5,Medical Lab Technician,1,1,0,0,0,1,0,0,0,0,0,0,1
KD-055-R5,Medical Records Officer,2,1,0,0,1,1,0,0,0,0,2,1,0
KD-055-R5,Pharmacy Technician,1,0,0,1,0,0,0,0,0,0,1,0,0
KD-055-R5,Environmental Health Officer,2,1,1,0,0,1,0,0,0,0,1,1,0
KD-055-R6,Medical Officer,4,2,1,0,1,2,0,0,0,0,1,0,2
KD-055-R6,Nurse/Midwife,6,5,1,0,0,4,0,0,1,0,5,4,0
KD-055-R6,CHO,5,4,0,0,1,4,0,0,0,0,3,3,1
KD-055-R6,CHEW,7,5,1,0,1,4,0,0,1,0,3,2,2
KD-055-R6,JCHEW,8,4,1,0,3,4,0,0,0,0,8,4,0
KD-055-R6,Medical Lab Technician,1,1,0,0,0,1,0,0,0,0,1,1,0
KD-055-R6,Medical Records Officer,2,1,0,0,1,1,0,0,0,0,1,0,1
KD-055-R6,Pharmacy Technician,1,0,0,1,0,0,0,0,0,0,0,0,0
KD-055-R6,Environmental Health Officer,2,1,1,0,0,1,0,0,0,0,2,1,0
KD-056-R1,Medical Officer,1,0,0,0,1,0,0,0,0,0,1,0,0
KD-056-R1,Nurse/Midwife,1,1,0,0,0,1,0,0,0,0,0,0,1
KD-056-R1,CHO,0,0,0,0,0,0,0,0,0,0,0,0,0
KD-056-R1,CHEW,2,2,0,0,0,2,0,0,0,0,1,1,1
KD-056-R1,JCHEW,0,0,0,0,0,0,0,0,0,0,0,0,0
KD-056-R1,Medical Lab Technician,0,0,0,0,0,0,0,0,0,0,0,0,0
KD-056-R1,Medical Records Officer,0,0,0,0,0,0,0,0,0,0,0,0,0
KD-056-R1,Pharmacy Technician,1,0,1,0,0,0,0,0,0,0,0,0,0
KD-056-R1,Environmental Health Officer,0,0,0,0,0,0,0,0,0,0,0,0,0
KD-056-R2,Medical Officer,1,0,0,0,1,0,0,0,0,0,1,0,0
KD-056-R2,Nurse/Midwife,1,1,0,0,0,1,0,0,0,0,1,1,0
KD-056-R2,CHO,0,0,0,0,0,0,0,0,0,0,0,0,0
KD-056-R2,CHEW,2,2,0,0,0,2,0,0,0,0,2,2,0
KD-056-R2,JCHEW,0,0,0,0,0,0,0,0,0,0,0,0,0
KD-056-R2,Medical Lab Technician,0,0,0,0,0,0,0,0,0,0,0,0,0
KD-056-R2,Medical Records Officer,0,0,0,0,0,0,0,0,0,0,0,0,0
KD-056-R2,Pharmacy Technician,1,0,1,0,0,0,0,0,0,0,0,0,0
KD-056-R2,Environmental Health Officer,0,0,0,0,0,0,0,0,0,0,0,0,0
KD-056-R3,Medical Officer,1,0,0,0,1,0,0,0,0,0,1,0,0
KD-056-R3,Nurse/Midwife,1,1,0,0,0,1,0,0,0,0,1,1,0
KD-056-R3,CHO,0,0,0,0,0,0,0,0,0,0,0,0,0
KD-056-R3,CHEW,2,2,0,0,0,2,0,0,0,0,1,1,1
KD-056-R3,JCHEW,0,0,0,0,0,0,0,0,0,0,0,0,0
KD-056-R3,Medical Lab Technician,0,0,0,0,0,0,0,0,0,0,0,0,0
KD-056-R3,Medical Records Officer,0,0,0,0,0,0,0,0,0,0,0,0,0
KD-056-R3,Pharmacy Technician,1,0,1,0,0,0,0,0,0,0,0,0,0
KD-056-R3,Environmental Health Officer,0,0,0,0,0,0,0,0,0,0,0,0,0
KD-056-R4,Medical Officer,1,0,0,0,1,0,0,0,0,0,1,0,0
KD-056-R4,Nurse/Midwife,1,1,0,0,0,1,0,0,0,0,1,1,0
KD-056-R4,CHO,0,0,0,0,0,0,0,0,0,0,0,0,0
KD-056-R4,CHEW,2,2,0,0,0,2,0,0,0,0,2,2,0
KD-056-R4,JCHEW,0,0,0,0,0,0,0,0,0,0,0,0,0
KD-056-R4,Medical Lab Technician,0,0,0,0,0,0,0,0,0,0,0,0,0
KD-056-R4,Medical Records Officer,0,0,0,0,0,0,0,0,0,0,0,0,0
KD-056-R4,Pharmacy Technician,1,0,1,0,0,0,0,0,0,0,1,0,0
KD-056-R4,Environmental Health Officer,0,0,0,0,0,0,0,0,0,0,0,0,0
KD-056-R5,Medical Officer,1,0,0,0,1,0,0,0,0,0,0,0,0
KD-056-R5,Nurse/Midwife,1,1,0,0,0,1,0,0,0,0,1,1,0
KD-056-R5,CHO,0,0,0,0,0,0,0,0,0,0,0,0,0
KD-056-R5,CHEW,2,2,0,0,0,2,0,0,0,0,2,2,0
KD-056-R5,JCHEW,0,0,0,0,0,0,0,0,0,0,0,0,0
KD-056-R5,Medical Lab Technician,0,0,0,0,0,0,0,0,0,0,0,0,0
KD-056-R5,Medical Records Officer,0,0,0,0,0,0,0,0,0,0,0,0,0
KD-056-R5,Pharmacy Technician,1,0,1,0,0,0,0,0,0,0,0,0,0
KD-056-R5,Environmental Health Officer,0,0,0,0,0,0,0,0,0,0,0,0,0
KD-056-R6,Medical Officer,1,0,0,0,1,0,0,0,0,0,1,0,0
KD-056-R6,Nurse/Midwife,1,1,0,0,0,1,0,0,0,0,1,1,0
KD-056-R6,CHO,0,0,0,0,0,0,0,0,0,0,0,0,0
KD-056-R6,CHEW,2,2,0,0,0,2,0,0,0,0,1,1,1
KD-056-R6,JCHEW,0,0,0,0,0,0,0,0,0,0,0,0,0
KD-056-R6,Medical Lab Technician,0,0,0,0,0,0,0,0,0,0,0,0,0
KD-056-R6,Medical Records Officer,0,0,0,0,0,0,0,0,0,0,0,0,0
KD-056-R6,Pharmacy Technician,1,0,1,0,0,0,0,0,0,0,1,0,0
KD-056-R6,Environmental Health Officer,0,0,0,0,0,0,0,0,0,0,0,0,0
KD-057-R1,Medical Officer,0,0,0,0,0,0,0,0,0,0,0,0,0
KD-057-R1,Nurse/Midwife,1,1,0,0,0,1,0,0,0,0,1,1,0
KD-057-R1,CHO,2,2,0,0,0,2,0,0,0,0,2,2,0
KD-057-R1,CHEW,5,2,1,0,2,2,0,0,0,0,4,2,0
KD-057-R1,JCHEW,4,2,0,0,2,2,0,0,0,0,2,1,1
KD-057-R1,Medical Lab Technician,1,1,0,0,0,1,0,0,0,0,1,1,0
KD-057-R1,Medical Records Officer,2,1,0,0,1,1,0,0,0,0,1,0,1
KD-057-R1,Pharmacy Technician,1,0,0,1,0,0,0,0,0,0,1,0,0
KD-057-R1,Environmental Health Officer,2,1,1,0,0,1,0,0,0,0,2,1,0
KD-057-R2,Medical Officer,0,0,0,0,0,0,0,0,0,0,0,0,0
KD-057-R2,Nurse/Midwife,1,1,0,0,0,1,0,0,0,0,0,0,1
KD-057-R2,CHO,2,2,0,0,0,2,0,0,0,0,1,1,1
KD-057-R2,CHEW,5,2,1,0,2,2,0,0,0,0,3,2,0
KD-057-R2,JCHEW,4,2,0,0,2,2,0,0,0,0,1,0,2
KD-057-R2,Medical Lab Technician,1,1,0,0,0,1,0,0,0,0,1,1,0
KD-057-R2,Medical Records Officer,2,1,0,0,1,1,0,0,0,0,0,0,1
KD-057-R2,Pharmacy Technician,1,0,0,1,0,0,0,0,0,0,0,0,0
KD-057-R2,Environmental Health Officer,2,1,1,0,0,1,0,0,0,0,1,1,0
KD-057-R3,Medical Officer,0,0,0,0,0,0,0,0,0,0,0,0,0
KD-057-R3,Nurse/Midwife,1,1,0,0,0,1,0,0,0,0,0,0,1
KD-057-R3,CHO,2,2,0,0,0,2,0,0,0,0,1,1,1
KD-057-R3,CHEW,5,2,1,0,2,2,0,0,0,0,3,2,0
KD-057-R3,JCHEW,4,2,0,0,2,2,0,0,0,0,3,1,1
KD-057-R3,Medical Lab Technician,1,1,0,0,0,1,0,0,0,0,1,1,0
KD-057-R3,Medical Records Officer,2,1,0,0,1,1,0,0,0,0,2,1,0
KD-057-R3,Pharmacy Technician,1,0,0,1,0,0,0,0,0,0,0,0,0
KD-057-R3,Environmental Health Officer,2,1,1,0,0,1,0,0,0,0,1,0,1
KD-057-R4,Medical Officer,0,0,0,0,0,0,0,0,0,0,0,0,0
KD-057-R4,Nurse/Midwife,1,1,0,0,0,0,0,0,0,1,0,0,0
KD-057-R4,CHO,2,2,0,0,0,2,0,0,0,0,0,0,2
KD-057-R4,CHEW,5,2,1,0,2,2,0,0,0,0,2,1,1
KD-057-R4,JCHEW,4,2,0,0,2,2,0,0,0,0,1,1,1
KD-057-R4,Medical Lab Technician,1,1,0,0,0,1,0,0,0,0,1,1,0
KD-057-R4,Medical Records Officer,2,1,0,0,1,1,0,0,0,0,0,0,1
KD-057-R4,Pharmacy Technician,1,0,0,1,0,0,0,0,0,0,0,0,0
KD-057-R4,Environmental Health Officer,2,1,1,0,0,1,0,0,0,0,0,0,1
KD-057-R5,Medical Officer,0,0,0,0,0,0,0,0,0,0,0,0,0
KD-057-R5,Nurse/Midwife,1,1,0,0,0,0,0,0,1,0,0,0,0
KD-057-R5,CHO,2,2,0,0,0,1,0,0,0,1,1,1,0
KD-057-R5,CHEW,5,2,1,0,2,2,0,0,0,0,3,2,0
KD-057-R5,JCHEW,4,2,0,0,2,2,0,0,0,0,4,2,0
KD-057-R5,Medical Lab Technician,1,1,0,0,0,0,0,0,0,1,0,0,0
KD-057-R5,Medical Records Officer,2,1,0,0,1,1,0,0,0,0,2,1,0
KD-057-R5,Pharmacy Technician,1,0,0,1,0,0,0,0,0,0,1,0,0
KD-057-R5,Environmental Health Officer,2,1,1,0,0,1,0,0,0,0,2,1,0
KD-057-R6,Medical Officer,0,0,0,0,0,0,0,0,0,0,0,0,0
KD-057-R6,Nurse/Midwife,1,1,0,0,0,1,0,0,0,0,1,1,0
KD-057-R6,CHO,2,2,0,0,0,2,0,0,0,0,1,1,1
KD-057-R6,CHEW,5,2,1,0,2,2,0,0,0,0,3,1,1
KD-057-R6,JCHEW,4,2,0,0,2,2,0,0,0,0,2,1,1
KD-057-R6,Medical Lab Technician,1,1,0,0,0,1,0,0,0,0,1,1,0
KD-057-R6,Medical Records Officer,2,1,0,0,1,1,0,0,0,0,2,1,0
KD-057-R6,Pharmacy Technician,1,0,0,1,0,0,0,0,0,0,1,0,0
KD-057-R6,Environmental Health Officer,2,1,1,0,0,1,0,0,0,0,1,1,0
KD-058-R1,Medical Officer,0,0,0,0,0,0,0,0,0,0,0,0,0
KD-058-R1,Nurse/Midwife,3,3,0,0,0,3,0,0,0,0,3,3,0
KD-058-R1,CHO,0,0,0,0,0,0,0,0,0,0,0,0,0
KD-058-R1,CHEW,9,4,1,1,3,4,0,0,0,0,4,2,2
KD-058-R1,JCHEW,4,3,1,0,0,3,0,0,0,0,1,1,2
KD-058-R1,Medical Lab Technician,1,0,0,1,0,0,0,0,0,0,1,0,0
KD-058-R1,Medical Records Officer,0,0,0,0,0,0,0,0,0,0,0,0,0
KD-058-R1,Pharmacy Technician,0,0,0,0,0,0,0,0,0,0,0,0,0
KD-058-R1,Environmental Health Officer,0,0,0,0,0,0,0,0,0,0,0,0,0
KD-058-R2,Medical Officer,0,0,0,0,0,0,0,0,0,0,0,0,0
KD-058-R2,Nurse/Midwife,3,3,0,0,0,3,0,0,0,0,2,2,1
KD-058-R2,CHO,0,0,0,0,0,0,0,0,0,0,0,0,0
KD-058-R2,CHEW,9,4,1,1,3,3,0,0,0,1,5,2,1
KD-058-R2,JCHEW,4,3,1,0,0,3,0,0,0,0,3,2,1
KD-058-R2,Medical Lab Technician,1,0,0,1,0,0,0,0,0,0,0,0,0
KD-058-R2,Medical Records Officer,0,0,0,0,0,0,0,0,0,0,0,0,0
KD-058-R2,Pharmacy Technician,0,0,0,0,0,0,0,0,0,0,0,0,0
KD-058-R2,Environmental Health Officer,0,0,0,0,0,0,0,0,0,0,0,0,0
KD-058-R3,Medical Officer,0,0,0,0,0,0,0,0,0,0,0,0,0
KD-058-R3,Nurse/Midwife,3,3,0,0,0,3,0,0,0,0,2,2,1
KD-058-R3,CHO,0,0,0,0,0,0,0,0,0,0,0,0,0
KD-058-R3,CHEW,9,4,1,1,3,4,0,0,0,0,2,2,2
KD-058-R3,JCHEW,4,3,1,0,0,3,0,0,0,0,1,1,2
KD-058-R3,Medical Lab Technician,1,0,0,1,0,0,0,0,0,0,0,0,0
KD-058-R3,Medical Records Officer,0,0,0,0,0,0,0,0,0,0,0,0,0
KD-058-R3,Pharmacy Technician,0,0,0,0,0,0,0,0,0,0,0,0,0
KD-058-R3,Environmental Health Officer,0,0,0,0,0,0,0,0,0,0,0,0,0
KD-058-R4,Medical Officer,0,0,0,0,0,0,0,0,0,0,0,0,0
KD-058-R4,Nurse/Midwife,3,3,0,0,0,3,0,0,0,0,0,0,3
KD-058-R4,CHO,0,0,0,0,0,0,0,0,0,0,0,0,0
KD-058-R4,CHEW,9,4,1,1,3,3,0,0,1,0,2,2,1
KD-058-R4,JCHEW,4,3,1,0,0,3,0,0,0,0,2,1,2
KD-058-R4,Medical Lab Technician,1,0,0,1,0,0,0,0,0,0,1,0,0
KD-058-R4,Medical Records Officer,0,0,0,0,0,0,0,0,0,0,0,0,0
KD-058-R4,Pharmacy Technician,0,0,0,0,0,0,0,0,0,0,0,0,0
KD-058-R4,Environmental Health Officer,0,0,0,0,0,0,0,0,0,0,0,0,0
KD-058-R5,Medical Officer,0,0,0,0,0,0,0,0,0,0,0,0,0
KD-058-R5,Nurse/Midwife,3,3,0,0,0,3,0,0,0,0,1,1,2
KD-058-R5,CHO,0,0,0,0,0,0,0,0,0,0,0,0,0
KD-058-R5,CHEW,9,4,1,1,3,4,0,0,0,0,6,3,1
KD-058-R5,JCHEW,4,3,1,0,0,2,0,0,0,1,2,1,1
KD-058-R5,Medical Lab Technician,1,0,0,1,0,0,0,0,0,0,1,0,0
KD-058-R5,Medical Records Officer,0,0,0,0,0,0,0,0,0,0,0,0,0
KD-058-R5,Pharmacy Technician,0,0,0,0,0,0,0,0,0,0,0,0,0
KD-058-R5,Environmental Health Officer,0,0,0,0,0,0,0,0,0,0,0,0,0
KD-058-R6,Medical Officer,0,0,0,0,0,0,0,0,0,0,0,0,0
KD-058-R6,Nurse/Midwife,3,3,0,0,0,2,0,0,0,1,2,2,0
KD-058-R6,CHO,0,0,0,0,0,0,0,0,0,0,0,0,0
KD-058-R6,CHEW,9,4,1,1,3,4,0,0,0,0,7,3,1
KD-058-R6,JCHEW,4,3,1,0,0,1,0,0,1,1,2,1,0
KD-058-R6,Medical Lab Technician,1,0,0,1,0,0,0,0,0,0,1,0,0
KD-058-R6,Medical Records Officer,0,0,0,0,0,0,0,0,0,0,0,0,0
KD-058-R6,Pharmacy Technician,0,0,0,0,0,0,0,0,0,0,0,0,0
KD-058-R6,Environmental Health Officer,0,0,0,0,0,0,0,0,0,0,0,0,0
KD-059-R1,Medical Officer,3,3,0,0,0,3,0,0,0,0,3,3,0
KD-059-R1,Nurse/Midwife,5,4,0,1,0,4,0,0,0,0,4,4,0
KD-059-R1,CHO,0,0,0,0,0,0,0,0,0,0,0,0,0
KD-059-R1,CHEW,6,5,0,1,0,5,0,0,0,0,5,4,1
KD-059-R1,JCHEW,7,4,1,2,0,3,0,0,1,0,6,3,0
KD-059-R1,Medical Lab Technician,1,1,0,0,0,1,0,0,0,0,1,1,0
KD-059-R1,Medical Records Officer,1,1,0,0,0,1,0,0,0,0,1,1,0
KD-059-R1,Pharmacy Technician,1,1,0,0,0,1,0,0,0,0,1,1,0
KD-059-R1,Environmental Health Officer,0,0,0,0,0,0,0,0,0,0,0,0,0
KD-059-R2,Medical Officer,3,3,0,0,0,3,0,0,0,0,2,2,1
KD-059-R2,Nurse/Midwife,5,4,0,1,0,2,0,0,2,0,3,2,0
KD-059-R2,CHO,0,0,0,0,0,0,0,0,0,0,0,0,0
KD-059-R2,CHEW,6,5,0,1,0,5,0,0,0,0,5,4,1
KD-059-R2,JCHEW,7,4,1,2,0,4,0,0,0,0,7,4,0
KD-059-R2,Medical Lab Technician,1,1,0,0,0,1,0,0,0,0,0,0,1
KD-059-R2,Medical Records Officer,1,1,0,0,0,1,0,0,0,0,0,0,1
KD-059-R2,Pharmacy Technician,1,1,0,0,0,0,0,0,1,0,0,0,0
KD-059-R2,Environmental Health Officer,0,0,0,0,0,0,0,0,0,0,0,0,0
KD-059-R3,Medical Officer,3,3,0,0,0,3,0,0,0,0,1,1,2
KD-059-R3,Nurse/Midwife,5,4,0,1,0,4,0,0,0,0,3,3,1
KD-059-R3,CHO,0,0,0,0,0,0,0,0,0,0,0,0,0
KD-059-R3,CHEW,6,5,0,1,0,5,0,0,0,0,3,3,2
KD-059-R3,JCHEW,7,4,1,2,0,4,0,0,0,0,2,2,2
KD-059-R3,Medical Lab Technician,1,1,0,0,0,1,0,0,0,0,1,1,0
KD-059-R3,Medical Records Officer,1,1,0,0,0,0,0,0,1,0,0,0,0
KD-059-R3,Pharmacy Technician,1,1,0,0,0,1,0,0,0,0,1,1,0
KD-059-R3,Environmental Health Officer,0,0,0,0,0,0,0,0,0,0,0,0,0
KD-059-R4,Medical Officer,3,3,0,0,0,3,0,0,0,0,2,2,1
KD-059-R4,Nurse/Midwife,5,4,0,1,0,4,0,0,0,0,5,4,0
KD-059-R4,CHO,0,0,0,0,0,0,0,0,0,0,0,0,0
KD-059-R4,CHEW,6,5,0,1,0,5,0,0,0,0,3,3,2
KD-059-R4,JCHEW,7,4,1,2,0,3,0,0,1,0,4,2,1
KD-059-R4,Medical Lab Technician,1,1,0,0,0,1,0,0,0,0,1,1,0
KD-059-R4,Medical Records Officer,1,1,0,0,0,1,0,0,0,0,1,1,0
KD-059-R4,Pharmacy Technician,1,1,0,0,0,1,0,0,0,0,1,1,0
KD-059-R4,Environmental Health Officer,0,0,0,0,0,0,0,0,0,0,0,0,0
KD-059-R5,Medical Officer,3,3,0,0,0,3,0,0,0,0,1,1,2
KD-059-R5,Nurse/Midwife,5,4,0,1,0,4,0,0,0,0,5,4,0
KD-059-R5,CHO,0,0,0,0,0,0,0,0,0,0,0,0,0
KD-059-R5,CHEW,6,5,0,1,0,5,0,0,0,0,5,4,1
KD-059-R5,JCHEW,7,4,1,2,0,4,0,0,0,0,5,3,1
KD-059-R5,Medical Lab Technician,1,1,0,0,0,0,0,0,1,0,0,0,0
KD-059-R5,Medical Records Officer,1,1,0,0,0,0,0,0,0,1,0,0,0
KD-059-R5,Pharmacy Technician,1,1,0,0,0,1,0,0,0,0,1,1,0
KD-059-R5,Environmental Health Officer,0,0,0,0,0,0,0,0,0,0,0,0,0
KD-059-R6,Medical Officer,3,3,0,0,0,3,0,0,0,0,2,2,1
KD-059-R6,Nurse/Midwife,5,4,0,1,0,4,0,0,0,0,3,2,2
KD-059-R6,CHO,0,0,0,0,0,0,0,0,0,0,0,0,0
KD-059-R6,CHEW,6,5,0,1,0,5,0,0,0,0,6,5,0
KD-059-R6,JCHEW,7,4,1,2,0,3,0,0,0,1,5,2,1
KD-059-R6,Medical Lab Technician,1,1,0,0,0,1,0,0,0,0,1,1,0
KD-059-R6,Medical Records Officer,1,1,0,0,0,1,0,0,0,0,1,1,0
KD-059-R6,Pharmacy Technician,1,1,0,0,0,1,0,0,0,0,0,0,1
KD-059-R6,Environmental Health Officer,0,0,0,0,0,0,0,0,0,0,0,0,0
KD-060-R1,Medical Officer,0,0,0,0,0,0,0,0,0,0,0,0,0
KD-060-R1,Nurse/Midwife,3,1,1,1,0,0,0,0,1,0,1,0,0
KD-060-R1,CHO,0,0,0,0,0,0,0,0,0,0,0,0,0
KD-060-R1,CHEW,5,3,1,0,1,3,0,0,0,0,4,3,0
KD-060-R1,JCHEW,4,3,0,1,0,3,0,0,0,0,4,3,0
KD-060-R1,Medical Lab Technician,2,0,0,2,0,0,0,0,0,0,1,0,0
KD-060-R1,Medical Records Officer,2,0,0,0,2,0,0,0,0,0,1,0,0
KD-060-R1,Pharmacy Technician,4,0,1,2,1,0,0,0,0,0,2,0,0
KD-060-R1,Environmental Health Officer,0,0,0,0,0,0,0,0,0,0,0,0,0
KD-060-R2,Medical Officer,0,0,0,0,0,0,0,0,0,0,0,0,0
KD-060-R2,Nurse/Midwife,3,1,1,1,0,1,0,0,0,0,2,1,0
KD-060-R2,CHO,0,0,0,0,0,0,0,0,0,0,0,0,0
KD-060-R2,CHEW,5,3,1,0,1,3,0,0,0,0,3,2,1
KD-060-R2,JCHEW,4,3,0,1,0,2,0,0,0,1,1,1,1
KD-060-R2,Medical Lab Technician,2,0,0,2,0,0,0,0,0,0,2,0,0
KD-060-R2,Medical Records Officer,2,0,0,0,2,0,0,0,0,0,2,0,0
KD-060-R2,Pharmacy Technician,4,0,1,2,1,0,0,0,0,0,0,0,0
KD-060-R2,Environmental Health Officer,0,0,0,0,0,0,0,0,0,0,0,0,0
KD-060-R3,Medical Officer,0,0,0,0,0,0,0,0,0,0,0,0,0
KD-060-R3,Nurse/Midwife,3,1,1,1,0,1,0,0,0,0,3,1,0
KD-060-R3,CHO,0,0,0,0,0,0,0,0,0,0,0,0,0
KD-060-R3,CHEW,5,3,1,0,1,3,0,0,0,0,2,1,2
KD-060-R3,JCHEW,4,3,0,1,0,2,0,0,0,1,1,1,1
KD-060-R3,Medical Lab Technician,2,0,0,2,0,0,0,0,0,0,2,0,0
KD-060-R3,Medical Records Officer,2,0,0,0,2,0,0,0,0,0,1,0,0
KD-060-R3,Pharmacy Technician,4,0,1,2,1,0,0,0,0,0,4,0,0
KD-060-R3,Environmental Health Officer,0,0,0,0,0,0,0,0,0,0,0,0,0
KD-060-R4,Medical Officer,0,0,0,0,0,0,0,0,0,0,0,0,0
KD-060-R4,Nurse/Midwife,3,1,1,1,0,1,0,0,0,0,2,0,1
KD-060-R4,CHO,0,0,0,0,0,0,0,0,0,0,0,0,0
KD-060-R4,CHEW,5,3,1,0,1,3,0,0,0,0,2,2,1
KD-060-R4,JCHEW,4,3,0,1,0,3,0,0,0,0,3,2,1
KD-060-R4,Medical Lab Technician,2,0,0,2,0,0,0,0,0,0,1,0,0
KD-060-R4,Medical Records Officer,2,0,0,0,2,0,0,0,0,0,1,0,0
KD-060-R4,Pharmacy Technician,4,0,1,2,1,0,0,0,0,0,3,0,0
KD-060-R4,Environmental Health Officer,0,0,0,0,0,0,0,0,0,0,0,0,0
KD-060-R5,Medical Officer,0,0,0,0,0,0,0,0,0,0,0,0,0
KD-060-R5,Nurse/Midwife,3,1,1,1,0,0,0,0,1,0,2,0,0
KD-060-R5,CHO,0,0,0,0,0,0,0,0,0,0,0,0,0
KD-060-R5,CHEW,5,3,1,0,1,3,0,0,0,0,1,1,2
KD-060-R5,JCHEW,4,3,0,1,0,3,0,0,0,0,1,1,2
KD-060-R5,Medical Lab Technician,2,0,0,2,0,0,0,0,0,0,1,0,0
KD-060-R5,Medical Records Officer,2,0,0,0,2,0,0,0,0,0,0,0,0
KD-060-R5,Pharmacy Technician,4,0,1,2,1,0,0,0,0,0,1,0,0
KD-060-R5,Environmental Health Officer,0,0,0,0,0,0,0,0,0,0,0,0,0
KD-060-R6,Medical Officer,0,0,0,0,0,0,0,0,0,0,0,0,0
KD-060-R6,Nurse/Midwife,3,1,1,1,0,1,0,0,0,0,1,0,1
KD-060-R6,CHO,0,0,0,0,0,0,0,0,0,0,0,0,0
KD-060-R6,CHEW,5,3,1,0,1,2,0,0,1,0,2,1,1
KD-060-R6,JCHEW,4,3,0,1,0,3,0,0,0,0,4,3,0
KD-060-R6,Medical Lab Technician,2,0,0,2,0,0,0,0,0,0,1,0,0
KD-060-R6,Medical Records Officer,2,0,0,0,2,0,0,0,0,0,0,0,0
KD-060-R6,Pharmacy Technician,4,0,1,2,1,0,0,0,0,0,2,0,0
KD-060-R6,Environmental Health Officer,0,0,0,0,0,0,0,0,0,0,0,0,0
KD-061-R1,Medical Officer,2,1,1,0,0,1,0,0,0,0,2,1,0
KD-061-R1,Nurse/Midwife,4,1,1,2,0,1,0,0,0,0,3,1,0
KD-061-R1,CHO,1,1,0,0,0,1,0,0,0,0,1,1,0
KD-061-R1,CHEW,2,1,1,0,0,1,0,0,0,0,1,1,0
KD-061-R1,JCHEW,6,4,1,1,0,2,0,1,1,0,5,3,0
KD-061-R1,Medical Lab Technician,2,0,1,1,0,0,0,0,0,0,1,0,0
KD-061-R1,Medical Records Officer,3,1,0,0,2,1,0,0,0,0,2,1,0
KD-061-R1,Pharmacy Technician,0,0,0,0,0,0,0,0,0,0,0,0,0
KD-061-R1,Environmental Health Officer,0,0,0,0,0,0,0,0,0,0,0,0,0
KD-061-R2,Medical Officer,2,1,1,0,0,1,0,0,0,0,2,1,0
KD-061-R2,Nurse/Midwife,4,1,1,2,0,1,0,0,0,0,2,1,0
KD-061-R2,CHO,1,1,0,0,0,1,0,0,0,0,1,1,0
KD-061-R2,CHEW,2,1,1,0,0,1,0,0,0,0,0,0,1
KD-061-R2,JCHEW,6,4,1,1,0,2,0,1,1,0,4,3,0
KD-061-R2,Medical Lab Technician,2,0,1,1,0,0,0,0,0,0,1,0,0
KD-061-R2,Medical Records Officer,3,1,0,0,2,1,0,0,0,0,2,1,0
KD-061-R2,Pharmacy Technician,0,0,0,0,0,0,0,0,0,0,0,0,0
KD-061-R2,Environmental Health Officer,0,0,0,0,0,0,0,0,0,0,0,0,0
KD-061-R3,Medical Officer,2,1,1,0,0,1,0,0,0,0,2,1,0
KD-061-R3,Nurse/Midwife,4,1,1,2,0,1,0,0,0,0,3,0,1
KD-061-R3,CHO,1,1,0,0,0,1,0,0,0,0,1,1,0
KD-061-R3,CHEW,2,1,1,0,0,1,0,0,0,0,2,1,0
KD-061-R3,JCHEW,6,4,1,1,0,2,1,1,0,0,4,2,2
KD-061-R3,Medical Lab Technician,2,0,1,1,0,0,0,0,0,0,2,0,0
KD-061-R3,Medical Records Officer,3,1,0,0,2,1,0,0,0,0,3,1,0
KD-061-R3,Pharmacy Technician,0,0,0,0,0,0,0,0,0,0,0,0,0
KD-061-R3,Environmental Health Officer,0,0,0,0,0,0,0,0,0,0,0,0,0
KD-061-R4,Medical Officer,2,1,1,0,0,1,0,0,0,0,0,0,1
KD-061-R4,Nurse/Midwife,4,1,1,2,0,1,0,0,0,0,2,1,0
KD-061-R4,CHO,1,1,0,0,0,1,0,0,0,0,0,0,1
KD-061-R4,CHEW,2,1,1,0,0,1,0,0,0,0,1,1,0
KD-061-R4,JCHEW,6,4,1,1,0,2,1,1,0,0,2,2,2
KD-061-R4,Medical Lab Technician,2,0,1,1,0,0,0,0,0,0,1,0,0
KD-061-R4,Medical Records Officer,3,1,0,0,2,1,0,0,0,0,3,1,0
KD-061-R4,Pharmacy Technician,0,0,0,0,0,0,0,0,0,0,0,0,0
KD-061-R4,Environmental Health Officer,0,0,0,0,0,0,0,0,0,0,0,0,0
KD-061-R5,Medical Officer,2,1,1,0,0,1,0,0,0,0,1,0,1
KD-061-R5,Nurse/Midwife,4,1,1,2,0,1,0,0,0,0,2,1,0
KD-061-R5,CHO,1,1,0,0,0,0,0,0,1,0,0,0,0
KD-061-R5,CHEW,2,1,1,0,0,1,0,0,0,0,2,1,0
KD-061-R5,JCHEW,6,4,1,1,0,2,0,1,1,0,3,2,1
KD-061-R5,Medical Lab Technician,2,0,1,1,0,0,0,0,0,0,1,0,0
KD-061-R5,Medical Records Officer,3,1,0,0,2,1,0,0,0,0,2,1,0
KD-061-R5,Pharmacy Technician,0,0,0,0,0,0,0,0,0,0,0,0,0
KD-061-R5,Environmental Health Officer,0,0,0,0,0,0,0,0,0,0,0,0,0
KD-061-R6,Medical Officer,2,1,1,0,0,0,0,0,1,0,1,0,0
KD-061-R6,Nurse/Midwife,4,1,1,2,0,1,0,0,0,0,3,1,0
KD-061-R6,CHO,1,1,0,0,0,1,0,0,0,0,1,1,0
KD-061-R6,CHEW,2,1,1,0,0,1,0,0,0,0,1,1,0
KD-061-R6,JCHEW,6,4,1,1,0,2,0,1,1,0,3,2,1
KD-061-R6,Medical Lab Technician,2,0,1,1,0,0,0,0,0,0,0,0,0
KD-061-R6,Medical Records Officer,3,1,0,0,2,1,0,0,0,0,3,1,0
KD-061-R6,Pharmacy Technician,0,0,0,0,0,0,0,0,0,0,0,0,0
KD-061-R6,Environmental Health Officer,0,0,0,0,0,0,0,0,0,0,0,0,0
KD-062-R1,Medical Officer,0,0,0,0,0,0,0,0,0,0,0,0,0
KD-062-R1,Nurse/Midwife,1,1,0,0,0,1,0,0,0,0,1,1,0
KD-062-R1,CHO,1,0,0,0,1,0,0,0,0,0,0,0,0
KD-062-R1,CHEW,4,3,0,0,1,3,0,0,0,0,3,3,0
KD-062-R1,JCHEW,2,1,1,0,0,1,0,0,0,0,0,0,1
KD-062-R1,Medical Lab Technician,1,0,0,1,0,0,0,0,0,0,0,0,0
KD-062-R1,Medical Records Officer,2,0,0,0,2,0,0,0,0,0,0,0,0
KD-062-R1,Pharmacy Technician,3,0,1,2,0,0,0,0,0,0,2,0,0
KD-062-R1,Environmental Health Officer,0,0,0,0,0,0,0,0,0,0,0,0,0
KD-062-R2,Medical Officer,0,0,0,0,0,0,0,0,0,0,0,0,0
KD-062-R2,Nurse/Midwife,1,1,0,0,0,1,0,0,0,0,0,0,1
KD-062-R2,CHO,1,0,0,0,1,0,0,0,0,0,0,0,0
KD-062-R2,CHEW,4,3,0,0,1,3,0,0,0,0,1,1,2
KD-062-R2,JCHEW,2,1,1,0,0,1,0,0,0,0,0,0,1
KD-062-R2,Medical Lab Technician,1,0,0,1,0,0,0,0,0,0,1,0,0
KD-062-R2,Medical Records Officer,2,0,0,0,2,0,0,0,0,0,2,0,0
KD-062-R2,Pharmacy Technician,3,0,1,2,0,0,0,0,0,0,1,0,0
KD-062-R2,Environmental Health Officer,0,0,0,0,0,0,0,0,0,0,0,0,0
KD-062-R3,Medical Officer,0,0,0,0,0,0,0,0,0,0,0,0,0
KD-062-R3,Nurse/Midwife,1,1,0,0,0,0,0,0,1,0,0,0,0
KD-062-R3,CHO,1,0,0,0,1,0,0,0,0,0,0,0,0
KD-062-R3,CHEW,4,3,0,0,1,3,0,0,0,0,2,1,2
KD-062-R3,JCHEW,2,1,1,0,0,1,0,0,0,0,0,0,1
KD-062-R3,Medical Lab Technician,1,0,0,1,0,0,0,0,0,0,0,0,0
KD-062-R3,Medical Records Officer,2,0,0,0,2,0,0,0,0,0,1,0,0
KD-062-R3,Pharmacy Technician,3,0,1,2,0,0,0,0,0,0,1,0,0
KD-062-R3,Environmental Health Officer,0,0,0,0,0,0,0,0,0,0,0,0,0
KD-062-R4,Medical Officer,0,0,0,0,0,0,0,0,0,0,0,0,0
KD-062-R4,Nurse/Midwife,1,1,0,0,0,1,0,0,0,0,1,1,0
KD-062-R4,CHO,1,0,0,0,1,0,0,0,0,0,1,0,0
KD-062-R4,CHEW,4,3,0,0,1,2,0,0,0,1,1,0,2
KD-062-R4,JCHEW,2,1,1,0,0,1,0,0,0,0,2,1,0
KD-062-R4,Medical Lab Technician,1,0,0,1,0,0,0,0,0,0,1,0,0
KD-062-R4,Medical Records Officer,2,0,0,0,2,0,0,0,0,0,1,0,0
KD-062-R4,Pharmacy Technician,3,0,1,2,0,0,0,0,0,0,1,0,0
KD-062-R4,Environmental Health Officer,0,0,0,0,0,0,0,0,0,0,0,0,0
KD-062-R5,Medical Officer,0,0,0,0,0,0,0,0,0,0,0,0,0
KD-062-R5,Nurse/Midwife,1,1,0,0,0,1,0,0,0,0,1,1,0
KD-062-R5,CHO,1,0,0,0,1,0,0,0,0,0,1,0,0
KD-062-R5,CHEW,4,3,0,0,1,3,0,0,0,0,3,2,1
KD-062-R5,JCHEW,2,1,1,0,0,1,0,0,0,0,1,0,1
KD-062-R5,Medical Lab Technician,1,0,0,1,0,0,0,0,0,0,1,0,0
KD-062-R5,Medical Records Officer,2,0,0,0,2,0,0,0,0,0,0,0,0
KD-062-R5,Pharmacy Technician,3,0,1,2,0,0,0,0,0,0,2,0,0
KD-062-R5,Environmental Health Officer,0,0,0,0,0,0,0,0,0,0,0,0,0
KD-062-R6,Medical Officer,0,0,0,0,0,0,0,0,0,0,0,0,0
KD-062-R6,Nurse/Midwife,1,1,0,0,0,1,0,0,0,0,1,1,0
KD-062-R6,CHO,1,0,0,0,1,0,0,0,0,0,1,0,0
KD-062-R6,CHEW,4,3,0,0,1,3,0,0,0,0,2,1,2
KD-062-R6,JCHEW,2,1,1,0,0,1,0,0,0,0,1,0,1
KD-062-R6,Medical Lab Technician,1,0,0,1,0,0,0,0,0,0,1,0,0
KD-062-R6,Medical Records Officer,2,0,0,0,2,0,0,0,0,0,2,0,0
KD-062-R6,Pharmacy Technician,3,0,1,2,0,0,0,0,0,0,1,0,0
KD-062-R6,Environmental Health Officer,0,0,0,0,0,0,0,0,0,0,0,0,0
KD-063-R1,Medical Officer,0,0,0,0,0,0,0,0,0,0,0,0,0
KD-063-R1,Nurse/Midwife,5,3,2,0,0,2,0,0,1,0,4,2,0
KD-063-R1,CHO,6,6,0,0,0,3,1,2,0,0,6,6,0
KD-063-R1,CHEW,13,4,3,3,3,2,0,1,1,0,8,2,1
KD-063-R1,JCHEW,6,5,0,1,0,2,0,1,1,1,3,3,0
KD-063-R1,Medical Lab Technician,0,0,0,0,0,0,0,0,0,0,0,0,0
KD-063-R1,Medical Records Officer,1,0,0,0,1,0,0,0,0,0,1,0,0
KD-063-R1,Pharmacy Technician,0,0,0,0,0,0,0,0,0,0,0,0,0
KD-063-R1,Environmental Health Officer,0,0,0,0,0,0,0,0,0,0,0,0,0
KD-063-R2,Medical Officer,0,0,0,0,0,0,0,0,0,0,0,0,0
KD-063-R2,Nurse/Midwife,5,3,2,0,0,2,0,1,0,0,3,3,0
KD-063-R2,CHO,6,6,0,0,0,3,1,1,1,0,3,3,2
KD-063-R2,CHEW,13,4,3,3,3,2,0,1,1,0,3,0,3
KD-063-R2,JCHEW,6,5,0,1,0,2,1,1,1,0,2,2,2
KD-063-R2,Medical Lab Technician,0,0,0,0,0,0,0,0,0,0,0,0,0
KD-063-R2,Medical Records Officer,1,0,0,0,1,0,0,0,0,0,1,0,0
KD-063-R2,Pharmacy Technician,0,0,0,0,0,0,0,0,0,0,0,0,0
KD-063-R2,Environmental Health Officer,0,0,0,0,0,0,0,0,0,0,0,0,0
KD-063-R3,Medical Officer,0,0,0,0,0,0,0,0,0,0,0,0,0
KD-063-R3,Nurse/Midwife,5,3,2,0,0,2,0,1,0,0,4,3,0
KD-063-R3,CHO,6,6,0,0,0,3,1,2,0,0,5,5,1
KD-063-R3,CHEW,13,4,3,3,3,2,1,1,0,0,10,4,0
KD-063-R3,JCHEW,6,5,0,1,0,2,0,1,1,1,3,3,0
KD-063-R3,Medical Lab Technician,0,0,0,0,0,0,0,0,0,0,0,0,0
KD-063-R3,Medical Records Officer,1,0,0,0,1,0,0,0,0,0,0,0,0
KD-063-R3,Pharmacy Technician,0,0,0,0,0,0,0,0,0,0,0,0,0
KD-063-R3,Environmental Health Officer,0,0,0,0,0,0,0,0,0,0,0,0,0
KD-063-R4,Medical Officer,0,0,0,0,0,0,0,0,0,0,0,0,0
KD-063-R4,Nurse/Midwife,5,3,2,0,0,2,0,0,1,0,3,2,0
KD-063-R4,CHO,6,6,0,0,0,3,1,1,1,0,3,3,2
KD-063-R4,CHEW,13,4,3,3,3,2,1,1,0,0,9,2,2
KD-063-R4,JCHEW,6,5,0,1,0,3,1,1,0,0,4,3,2
KD-063-R4,Medical Lab Technician,0,0,0,0,0,0,0,0,0,0,0,0,0
KD-063-R4,Medical Records Officer,1,0,0,0,1,0,0,0,0,0,1,0,0
KD-063-R4,Pharmacy Technician,0,0,0,0,0,0,0,0,0,0,0,0,0
KD-063-R4,Environmental Health Officer,0,0,0,0,0,0,0,0,0,0,0,0,0
KD-063-R5,Medical Officer,0,0,0,0,0,0,0,0,0,0,0,0,0
KD-063-R5,Nurse/Midwife,5,3,2,0,0,2,0,1,0,0,5,3,0
KD-063-R5,CHO,6,6,0,0,0,3,1,2,0,0,6,6,0
KD-063-R5,CHEW,13,4,3,3,3,2,0,1,1,0,9,3,0
KD-063-R5,JCHEW,6,5,0,1,0,3,1,1,0,0,5,5,0
KD-063-R5,Medical Lab Technician,0,0,0,0,0,0,0,0,0,0,0,0,0
KD-063-R5,Medical Records Officer,1,0,0,0,1,0,0,0,0,0,0,0,0
KD-063-R5,Pharmacy Technician,0,0,0,0,0,0,0,0,0,0,0,0,0
KD-063-R5,Environmental Health Officer,0,0,0,0,0,0,0,0,0,0,0,0,0
KD-063-R6,Medical Officer,0,0,0,0,0,0,0,0,0,0,0,0,0
KD-063-R6,Nurse/Midwife,5,3,2,0,0,2,0,0,1,0,3,2,0
KD-063-R6,CHO,6,6,0,0,0,3,1,2,0,0,6,6,0
KD-063-R6,CHEW,13,4,3,3,3,2,0,1,1,0,11,3,0
KD-063-R6,JCHEW,6,5,0,1,0,2,1,1,1,0,1,1,3
KD-063-R6,Medical Lab Technician,0,0,0,0,0,0,0,0,0,0,0,0,0
KD-063-R6,Medical Records Officer,1,0,0,0,1,0,0,0,0,0,1,0,0
KD-063-R6,Pharmacy Technician,0,0,0,0,0,0,0,0,0,0,0,0,0
KD-063-R6,Environmental Health Officer,0,0,0,0,0,0,0,0,0,0,0,0,0
KD-064-R1,Medical Officer,0,0,0,0,0,0,0,0,0,0,0,0,0
KD-064-R1,Nurse/Midwife,0,0,0,0,0,0,0,0,0,0,0,0,0
KD-064-R1,CHO,1,0,1,0,0,0,0,0,0,0,0,0,0
KD-064-R1,CHEW,2,2,0,0,0,2,0,0,0,0,1,1,1
KD-064-R1,JCHEW,0,0,0,0,0,0,0,0,0,0,0,0,0
KD-064-R1,Medical Lab Technician,1,0,0,0,1,0,0,0,0,0,0,0,0
KD-064-R1,Medical Records Officer,3,1,1,0,1,1,0,0,0,0,3,1,0
KD-064-R1,Pharmacy Technician,0,0,0,0,0,0,0,0,0,0,0,0,0
KD-064-R1,Environmental Health Officer,0,0,0,0,0,0,0,0,0,0,0,0,0
KD-064-R2,Medical Officer,0,0,0,0,0,0,0,0,0,0,0,0,0
KD-064-R2,Nurse/Midwife,0,0,0,0,0,0,0,0,0,0,0,0,0
KD-064-R2,CHO,1,0,1,0,0,0,0,0,0,0,1,0,0
KD-064-R2,CHEW,2,2,0,0,0,2,0,0,0,0,2,2,0
KD-064-R2,JCHEW,0,0,0,0,0,0,0,0,0,0,0,0,0
KD-064-R2,Medical Lab Technician,1,0,0,0,1,0,0,0,0,0,1,0,0
KD-064-R2,Medical Records Officer,3,1,1,0,1,1,0,0,0,0,3,1,0
KD-064-R2,Pharmacy Technician,0,0,0,0,0,0,0,0,0,0,0,0,0
KD-064-R2,Environmental Health Officer,0,0,0,0,0,0,0,0,0,0,0,0,0
KD-064-R3,Medical Officer,0,0,0,0,0,0,0,0,0,0,0,0,0
KD-064-R3,Nurse/Midwife,0,0,0,0,0,0,0,0,0,0,0,0,0
KD-064-R3,CHO,1,0,1,0,0,0,0,0,0,0,0,0,0
KD-064-R3,CHEW,2,2,0,0,0,2,0,0,0,0,2,2,0
KD-064-R3,JCHEW,0,0,0,0,0,0,0,0,0,0,0,0,0
KD-064-R3,Medical Lab Technician,1,0,0,0,1,0,0,0,0,0,0,0,0
KD-064-R3,Medical Records Officer,3,1,1,0,1,1,0,0,0,0,3,1,0
KD-064-R3,Pharmacy Technician,0,0,0,0,0,0,0,0,0,0,0,0,0
KD-064-R3,Environmental Health Officer,0,0,0,0,0,0,0,0,0,0,0,0,0
KD-064-R4,Medical Officer,0,0,0,0,0,0,0,0,0,0,0,0,0
KD-064-R4,Nurse/Midwife,0,0,0,0,0,0,0,0,0,0,0,0,0
KD-064-R4,CHO,1,0,1,0,0,0,0,0,0,0,1,0,0
KD-064-R4,CHEW,2,2,0,0,0,2,0,0,0,0,2,2,0
KD-064-R4,JCHEW,0,0,0,0,0,0,0,0,0,0,0,0,0
KD-064-R4,Medical Lab Technician,1,0,0,0,1,0,0,0,0,0,1,0,0
KD-064-R4,Medical Records Officer,3,1,1,0,1,0,0,0,1,0,0,0,0
KD-064-R4,Pharmacy Technician,0,0,0,0,0,0,0,0,0,0,0,0,0
KD-064-R4,Environmental Health Officer,0,0,0,0,0,0,0,0,0,0,0,0,0
KD-064-R5,Medical Officer,0,0,0,0,0,0,0,0,0,0,0,0,0
KD-064-R5,Nurse/Midwife,0,0,0,0,0,0,0,0,0,0,0,0,0
KD-064-R5,CHO,1,0,1,0,0,0,0,0,0,0,0,0,0
KD-064-R5,CHEW,2,2,0,0,0,2,0,0,0,0,1,1,1
KD-064-R5,JCHEW,0,0,0,0,0,0,0,0,0,0,0,0,0
KD-064-R5,Medical Lab Technician,1,0,0,0,1,0,0,0,0,0,0,0,0
KD-064-R5,Medical Records Officer,3,1,1,0,1,1,0,0,0,0,0,0,1
KD-064-R5,Pharmacy Technician,0,0,0,0,0,0,0,0,0,0,0,0,0
KD-064-R5,Environmental Health Officer,0,0,0,0,0,0,0,0,0,0,0,0,0
KD-064-R6,Medical Officer,0,0,0,0,0,0,0,0,0,0,0,0,0
KD-064-R6,Nurse/Midwife,0,0,0,0,0,0,0,0,0,0,0,0,0
KD-064-R6,CHO,1,0,1,0,0,0,0,0,0,0,0,0,0
KD-064-R6,CHEW,2,2,0,0,0,2,0,0,0,0,1,1,1
KD-064-R6,JCHEW,0,0,0,0,0,0,0,0,0,0,0,0,0
KD-064-R6,Medical Lab Technician,1,0,0,0,1,0,0,0,0,0,1,0,0
KD-064-R6,Medical Records Officer,3,1,1,0,1,1,0,0,0,0,2,0,1
KD-064-R6,Pharmacy Technician,0,0,0,0,0,0,0,0,0,0,0,0,0
KD-064-R6,Environmental Health Officer,0,0,0,0,0,0,0,0,0,0,0,0,0
KD-065-R1,Medical Officer,0,0,0,0,0,0,0,0,0,0,0,0,0
KD-065-R1,Nurse/Midwife,4,4,0,0,0,4,0,0,0,0,3,3,1
KD-065-R1,CHO,0,0,0,0,0,0,0,0,0,0,0,0,0
KD-065-R1,CHEW,4,3,1,0,0,3,0,0,0,0,3,2,1
KD-065-R1,JCHEW,5,1,0,1,3,1,0,0,0,0,3,1,0
KD-065-R1,Medical Lab Technician,0,0,0,0,0,0,0,0,0,0,0,0,0
KD-065-R1,Medical Records Officer,2,0,0,0,2,0,0,0,0,0,0,0,0
KD-065-R1,Pharmacy Technician,0,0,0,0,0,0,0,0,0,0,0,0,0
KD-065-R1,Environmental Health Officer,0,0,0,0,0,0,0,0,0,0,0,0,0
KD-065-R2,Medical Officer,0,0,0,0,0,0,0,0,0,0,0,0,0
KD-065-R2,Nurse/Midwife,4,4,0,0,0,4,0,0,0,0,4,4,0
KD-065-R2,CHO,0,0,0,0,0,0,0,0,0,0,0,0,0
KD-065-R2,CHEW,4,3,1,0,0,3,0,0,0,0,2,1,2
KD-065-R2,JCHEW,5,1,0,1,3,1,0,0,0,0,4,1,0
KD-065-R2,Medical Lab Technician,0,0,0,0,0,0,0,0,0,0,0,0,0
KD-065-R2,Medical Records Officer,2,0,0,0,2,0,0,0,0,0,0,0,0
KD-065-R2,Pharmacy Technician,0,0,0,0,0,0,0,0,0,0,0,0,0
KD-065-R2,Environmental Health Officer,0,0,0,0,0,0,0,0,0,0,0,0,0
KD-065-R3,Medical Officer,0,0,0,0,0,0,0,0,0,0,0,0,0
KD-065-R3,Nurse/Midwife,4,4,0,0,0,3,0,0,0,1,1,1,2
KD-065-R3,CHO,0,0,0,0,0,0,0,0,0,0,0,0,0
KD-065-R3,CHEW,4,3,1,0,0,2,0,0,0,1,1,0,2
KD-065-R3,JCHEW,5,1,0,1,3,1,0,0,0,0,5,1,0
KD-065-R3,Medical Lab Technician,0,0,0,0,0,0,0,0,0,0,0,0,0
KD-065-R3,Medical Records Officer,2,0,0,0,2,0,0,0,0,0,2,0,0
KD-065-R3,Pharmacy Technician,0,0,0,0,0,0,0,0,0,0,0,0,0
KD-065-R3,Environmental Health Officer,0,0,0,0,0,0,0,0,0,0,0,0,0
KD-065-R4,Medical Officer,0,0,0,0,0,0,0,0,0,0,0,0,0
KD-065-R4,Nurse/Midwife,4,4,0,0,0,4,0,0,0,0,1,1,3
KD-065-R4,CHO,0,0,0,0,0,0,0,0,0,0,0,0,0
KD-065-R4,CHEW,4,3,1,0,0,3,0,0,0,0,1,1,2
KD-065-R4,JCHEW,5,1,0,1,3,1,0,0,0,0,3,1,0
KD-065-R4,Medical Lab Technician,0,0,0,0,0,0,0,0,0,0,0,0,0
KD-065-R4,Medical Records Officer,2,0,0,0,2,0,0,0,0,0,1,0,0
KD-065-R4,Pharmacy Technician,0,0,0,0,0,0,0,0,0,0,0,0,0
KD-065-R4,Environmental Health Officer,0,0,0,0,0,0,0,0,0,0,0,0,0
KD-065-R5,Medical Officer,0,0,0,0,0,0,0,0,0,0,0,0,0
KD-065-R5,Nurse/Midwife,4,4,0,0,0,4,0,0,0,0,0,0,4
KD-065-R5,CHO,0,0,0,0,0,0,0,0,0,0,0,0,0
KD-065-R5,CHEW,4,3,1,0,0,2,0,0,0,1,3,2,0
KD-065-R5,JCHEW,5,1,0,1,3,1,0,0,0,0,3,1,0
KD-065-R5,Medical Lab Technician,0,0,0,0,0,0,0,0,0,0,0,0,0
KD-065-R5,Medical Records Officer,2,0,0,0,2,0,0,0,0,0,0,0,0
KD-065-R5,Pharmacy Technician,0,0,0,0,0,0,0,0,0,0,0,0,0
KD-065-R5,Environmental Health Officer,0,0,0,0,0,0,0,0,0,0,0,0,0
KD-065-R6,Medical Officer,0,0,0,0,0,0,0,0,0,0,0,0,0
KD-065-R6,Nurse/Midwife,4,4,0,0,0,4,0,0,0,0,4,4,0
KD-065-R6,CHO,0,0,0,0,0,0,0,0,0,0,0,0,0
KD-065-R6,CHEW,4,3,1,0,0,3,0,0,0,0,2,2,1
KD-065-R6,JCHEW,5,1,0,1,3,1,0,0,0,0,2,1,0
KD-065-R6,Medical Lab Technician,0,0,0,0,0,0,0,0,0,0,0,0,0
KD-065-R6,Medical Records Officer,2,0,0,0,2,0,0,0,0,0,2,0,0
KD-065-R6,Pharmacy Technician,0,0,0,0,0,0,0,0,0,0,0,0,0
KD-065-R6,Environmental Health Officer,0,0,0,0,0,0,0,0,0,0,0,0,0
KD-066-R1,Medical Officer,0,0,0,0,0,0,0,0,0,0,0,0,0
KD-066-R1,Nurse/Midwife,4,3,0,1,0,2,0,0,1,0,0,0,2
KD-066-R1,CHO,1,1,0,0,0,1,0,0,0,0,0,0,1
KD-066-R1,CHEW,6,4,1,1,0,2,1,1,0,0,3,2,2
KD-066-R1,JCHEW,3,2,0,1,0,1,0,0,1,0,1,1,0
KD-066-R1,Medical Lab Technician,0,0,0,0,0,0,0,0,0,0,0,0,0
KD-066-R1,Medical Records Officer,4,2,0,0,2,2,0,0,0,0,3,1,1
KD-066-R1,Pharmacy Technician,0,0,0,0,0,0,0,0,0,0,0,0,0
KD-066-R1,Environmental Health Officer,0,0,0,0,0,0,0,0,0,0,0,0,0
KD-066-R2,Medical Officer,0,0,0,0,0,0,0,0,0,0,0,0,0
KD-066-R2,Nurse/Midwife,4,3,0,1,0,2,0,0,1,0,2,1,1
KD-066-R2,CHO,1,1,0,0,0,1,0,0,0,0,0,0,1
KD-066-R2,CHEW,6,4,1,1,0,2,0,1,0,1,4,3,0
KD-066-R2,JCHEW,3,2,0,1,0,2,0,0,0,0,1,0,2
KD-066-R2,Medical Lab Technician,0,0,0,0,0,0,0,0,0,0,0,0,0
KD-066-R2,Medical Records Officer,4,2,0,0,2,2,0,0,0,0,2,1,1
KD-066-R2,Pharmacy Technician,0,0,0,0,0,0,0,0,0,0,0,0,0
KD-066-R2,Environmental Health Officer,0,0,0,0,0,0,0,0,0,0,0,0,0
KD-066-R3,Medical Officer,0,0,0,0,0,0,0,0,0,0,0,0,0
KD-066-R3,Nurse/Midwife,4,3,0,1,0,2,0,0,0,1,3,2,0
KD-066-R3,CHO,1,1,0,0,0,0,0,0,1,0,0,0,0
KD-066-R3,CHEW,6,4,1,1,0,2,1,1,0,0,5,3,1
KD-066-R3,JCHEW,3,2,0,1,0,2,0,0,0,0,1,0,2
KD-066-R3,Medical Lab Technician,0,0,0,0,0,0,0,0,0,0,0,0,0
KD-066-R3,Medical Records Officer,4,2,0,0,2,2,0,0,0,0,3,2,0
KD-066-R3,Pharmacy Technician,0,0,0,0,0,0,0,0,0,0,0,0,0
KD-066-R3,Environmental Health Officer,0,0,0,0,0,0,0,0,0,0,0,0,0
KD-066-R4,Medical Officer,0,0,0,0,0,0,0,0,0,0,0,0,0
KD-066-R4,Nurse/Midwife,4,3,0,1,0,2,0,0,0,1,0,0,2
KD-066-R4,CHO,1,1,0,0,0,1,0,0,0,0,1,1,0
KD-066-R4,CHEW,6,4,1,1,0,2,1,1,0,0,4,3,1
KD-066-R4,JCHEW,3,2,0,1,0,2,0,0,0,0,2,2,0
KD-066-R4,Medical Lab Technician,0,0,0,0,0,0,0,0,0,0,0,0,0
KD-066-R4,Medical Records Officer,4,2,0,0,2,2,0,0,0,0,1,0,2
KD-066-R4,Pharmacy Technician,0,0,0,0,0,0,0,0,0,0,0,0,0
KD-066-R4,Environmental Health Officer,0,0,0,0,0,0,0,0,0,0,0,0,0
KD-066-R5,Medical Officer,0,0,0,0,0,0,0,0,0,0,0,0,0
KD-066-R5,Nurse/Midwife,4,3,0,1,0,2,0,1,0,0,2,2,1
KD-066-R5,CHO,1,1,0,0,0,1,0,0,0,0,1,1,0
KD-066-R5,CHEW,6,4,1,1,0,2,0,1,0,1,1,1,2
KD-066-R5,JCHEW,3,2,0,1,0,2,0,0,0,0,1,1,1
KD-066-R5,Medical Lab Technician,0,0,0,0,0,0,0,0,0,0,0,0,0
KD-066-R5,Medical Records Officer,4,2,0,0,2,2,0,0,0,0,1,0,2
KD-066-R5,Pharmacy Technician,0,0,0,0,0,0,0,0,0,0,0,0,0
KD-066-R5,Environmental Health Officer,0,0,0,0,0,0,0,0,0,0,0,0,0
KD-066-R6,Medical Officer,0,0,0,0,0,0,0,0,0,0,0,0,0
KD-066-R6,Nurse/Midwife,4,3,0,1,0,1,0,0,2,0,2,1,0
KD-066-R6,CHO,1,1,0,0,0,1,0,0,0,0,0,0,1
KD-066-R6,CHEW,6,4,1,1,0,2,0,1,0,1,1,1,2
KD-066-R6,JCHEW,3,2,0,1,0,2,0,0,0,0,0,0,2
KD-066-R6,Medical Lab Technician,0,0,0,0,0,0,0,0,0,0,0,0,0
KD-066-R6,Medical Records Officer,4,2,0,0,2,2,0,0,0,0,2,1,1
KD-066-R6,Pharmacy Technician,0,0,0,0,0,0,0,0,0,0,0,0,0
KD-066-R6,Environmental Health Officer,0,0,0,0,0,0,0,0,0,0,0,0,0
KD-067-R1,Medical Officer,1,1,0,0,0,1,0,0,0,0,0,0,1
KD-067-R1,Nurse/Midwife,4,3,0,1,0,2,0,0,0,1,3,2,0
KD-067-R1,CHO,0,0,0,0,0,0,0,0,0,0,0,0,0
KD-067-R1,CHEW,10,5,1,2,2,2,1,1,1,0,7,4,0
KD-067-R1,JCHEW,4,2,0,1,1,2,0,0,0,0,2,2,0
KD-067-R1,Medical Lab Technician,1,1,0,0,0,1,0,0,0,0,0,0,1
KD-067-R1,Medical Records Officer,3,1,0,0,2,1,0,0,0,0,3,1,0
KD-067-R1,Pharmacy Technician,1,1,0,0,0,1,0,0,0,0,0,0,1
KD-067-R1,Environmental Health Officer,0,0,0,0,0,0,0,0,0,0,0,0,0
KD-067-R2,Medical Officer,1,1,0,0,0,1,0,0,0,0,1,1,0
KD-067-R2,Nurse/Midwife,4,3,0,1,0,1,0,0,1,1,2,1,0
KD-067-R2,CHO,0,0,0,0,0,0,0,0,0,0,0,0,0
KD-067-R2,CHEW,10,5,1,2,2,2,0,1,2,0,6,3,0
KD-067-R2,JCHEW,4,2,0,1,1,2,0,0,0,0,4,2,0
KD-067-R2,Medical Lab Technician,1,1,0,0,0,1,0,0,0,0,1,1,0
KD-067-R2,Medical Records Officer,3,1,0,0,2,1,0,0,0,0,3,1,0
KD-067-R2,Pharmacy Technician,1,1,0,0,0,1,0,0,0,0,1,1,0
KD-067-R2,Environmental Health Officer,0,0,0,0,0,0,0,0,0,0,0,0,0
KD-067-R3,Medical Officer,1,1,0,0,0,1,0,0,0,0,1,1,0
KD-067-R3,Nurse/Midwife,4,3,0,1,0,2,0,1,0,0,3,2,1
KD-067-R3,CHO,0,0,0,0,0,0,0,0,0,0,0,0,0
KD-067-R3,CHEW,10,5,1,2,2,3,1,1,0,0,9,5,0
KD-067-R3,JCHEW,4,2,0,1,1,2,0,0,0,0,4,2,0
KD-067-R3,Medical Lab Technician,1,1,0,0,0,1,0,0,0,0,0,0,1
KD-067-R3,Medical Records Officer,3,1,0,0,2,1,0,0,0,0,2,1,0
KD-067-R3,Pharmacy Technician,1,1,0,0,0,1,0,0,0,0,1,1,0
KD-067-R3,Environmental Health Officer,0,0,0,0,0,0,0,0,0,0,0,0,0
KD-067-R4,Medical Officer,1,1,0,0,0,1,0,0,0,0,1,1,0
KD-067-R4,Nurse/Midwife,4,3,0,1,0,2,0,1,0,0,3,2,1
KD-067-R4,CHO,0,0,0,0,0,0,0,0,0,0,0,0,0
KD-067-R4,CHEW,10,5,1,2,2,2,1,1,0,1,6,2,2
KD-067-R4,JCHEW,4,2,0,1,1,1,0,0,1,0,3,1,0
KD-067-R4,Medical Lab Technician,1,1,0,0,0,1,0,0,0,0,1,1,0
KD-067-R4,Medical Records Officer,3,1,0,0,2,1,0,0,0,0,1,0,1
KD-067-R4,Pharmacy Technician,1,1,0,0,0,0,0,0,1,0,0,0,0
KD-067-R4,Environmental Health Officer,0,0,0,0,0,0,0,0,0,0,0,0,0
KD-067-R5,Medical Officer,1,1,0,0,0,1,0,0,0,0,1,1,0
KD-067-R5,Nurse/Midwife,4,3,0,1,0,2,0,1,0,0,4,3,0
KD-067-R5,CHO,0,0,0,0,0,0,0,0,0,0,0,0,0
KD-067-R5,CHEW,10,5,1,2,2,2,0,0,2,1,4,1,1
KD-067-R5,JCHEW,4,2,0,1,1,2,0,0,0,0,4,2,0
KD-067-R5,Medical Lab Technician,1,1,0,0,0,1,0,0,0,0,1,1,0
KD-067-R5,Medical Records Officer,3,1,0,0,2,1,0,0,0,0,3,1,0
KD-067-R5,Pharmacy Technician,1,1,0,0,0,1,0,0,0,0,0,0,1
KD-067-R5,Environmental Health Officer,0,0,0,0,0,0,0,0,0,0,0,0,0
KD-067-R6,Medical Officer,1,1,0,0,0,1,0,0,0,0,1,1,0
KD-067-R6,Nurse/Midwife,4,3,0,1,0,2,0,1,0,0,4,3,0
KD-067-R6,CHO,0,0,0,0,0,0,0,0,0,0,0,0,0
KD-067-R6,CHEW,10,5,1,2,2,3,1,1,0,0,6,3,2
KD-067-R6,JCHEW,4,2,0,1,1,2,0,0,0,0,3,2,0
KD-067-R6,Medical Lab Technician,1,1,0,0,0,1,0,0,0,0,1,1,0
KD-067-R6,Medical Records Officer,3,1,0,0,2,1,0,0,0,0,1,1,0
KD-067-R6,Pharmacy Technician,1,1,0,0,0,1,0,0,0,0,0,0,1
KD-067-R6,Environmental Health Officer,0,0,0,0,0,0,0,0,0,0,0,0,0
KD-068-R1,Medical Officer,0,0,0,0,0,0,0,0,0,0,0,0,0
KD-068-R1,Nurse/Midwife,0,0,0,0,0,0,0,0,0,0,0,0,0
KD-068-R1,CHO,0,0,0,0,0,0,0,0,0,0,0,0,0
KD-068-R1,CHEW,2,2,0,0,0,2,0,0,0,0,2,2,0
KD-068-R1,JCHEW,3,1,1,0,1,1,0,0,0,0,2,0,1
KD-068-R1,Medical Lab Technician,0,0,0,0,0,0,0,0,0,0,0,0,0
KD-068-R1,Medical Records Officer,0,0,0,0,0,0,0,0,0,0,0,0,0
KD-068-R1,Pharmacy Technician,0,0,0,0,0,0,0,0,0,0,0,0,0
KD-068-R1,Environmental Health Officer,0,0,0,0,0,0,0,0,0,0,0,0,0
KD-068-R2,Medical Officer,0,0,0,0,0,0,0,0,0,0,0,0,0
KD-068-R2,Nurse/Midwife,0,0,0,0,0,0,0,0,0,0,0,0,0
KD-068-R2,CHO,0,0,0,0,0,0,0,0,0,0,0,0,0
KD-068-R2,CHEW,2,2,0,0,0,2,0,0,0,0,1,1,1
KD-068-R2,JCHEW,3,1,1,0,1,1,0,0,0,0,2,1,0
KD-068-R2,Medical Lab Technician,0,0,0,0,0,0,0,0,0,0,0,0,0
KD-068-R2,Medical Records Officer,0,0,0,0,0,0,0,0,0,0,0,0,0
KD-068-R2,Pharmacy Technician,0,0,0,0,0,0,0,0,0,0,0,0,0
KD-068-R2,Environmental Health Officer,0,0,0,0,0,0,0,0,0,0,0,0,0
KD-068-R3,Medical Officer,0,0,0,0,0,0,0,0,0,0,0,0,0
KD-068-R3,Nurse/Midwife,0,0,0,0,0,0,0,0,0,0,0,0,0
KD-068-R3,CHO,0,0,0,0,0,0,0,0,0,0,0,0,0
KD-068-R3,CHEW,2,2,0,0,0,2,0,0,0,0,2,2,0
KD-068-R3,JCHEW,3,1,1,0,1,0,0,0,0,1,2,0,0
KD-068-R3,Medical Lab Technician,0,0,0,0,0,0,0,0,0,0,0,0,0
KD-068-R3,Medical Records Officer,0,0,0,0,0,0,0,0,0,0,0,0,0
KD-068-R3,Pharmacy Technician,0,0,0,0,0,0,0,0,0,0,0,0,0
KD-068-R3,Environmental Health Officer,0,0,0,0,0,0,0,0,0,0,0,0,0
KD-068-R4,Medical Officer,0,0,0,0,0,0,0,0,0,0,0,0,0
KD-068-R4,Nurse/Midwife,0,0,0,0,0,0,0,0,0,0,0,0,0
KD-068-R4,CHO,0,0,0,0,0,0,0,0,0,0,0,0,0
KD-068-R4,CHEW,2,2,0,0,0,2,0,0,0,0,2,2,0
KD-068-R4,JCHEW,3,1,1,0,1,1,0,0,0,0,3,1,0
KD-068-R4,Medical Lab Technician,0,0,0,0,0,0,0,0,0,0,0,0,0
KD-068-R4,Medical Records Officer,0,0,0,0,0,0,0,0,0,0,0,0,0
KD-068-R4,Pharmacy Technician,0,0,0,0,0,0,0,0,0,0,0,0,0
KD-068-R4,Environmental Health Officer,0,0,0,0,0,0,0,0,0,0,0,0,0
KD-068-R5,Medical Officer,0,0,0,0,0,0,0,0,0,0,0,0,0
KD-068-R5,Nurse/Midwife,0,0,0,0,0,0,0,0,0,0,0,0,0
KD-068-R5,CHO,0,0,0,0,0,0,0,0,0,0,0,0,0
KD-068-R5,CHEW,2,2,0,0,0,2,0,0,0,0,0,0,2
KD-068-R5,JCHEW,3,1,1,0,1,1,0,0,0,0,2,0,1
KD-068-R5,Medical Lab Technician,0,0,0,0,0,0,0,0,0,0,0,0,0
KD-068-R5,Medical Records Officer,0,0,0,0,0,0,0,0,0,0,0,0,0
KD-068-R5,Pharmacy Technician,0,0,0,0,0,0,0,0,0,0,0,0,0
KD-068-R5,Environmental Health Officer,0,0,0,0,0,0,0,0,0,0,0,0,0
KD-068-R6,Medical Officer,0,0,0,0,0,0,0,0,0,0,0,0,0
KD-068-R6,Nurse/Midwife,0,0,0,0,0,0,0,0,0,0,0,0,0
KD-068-R6,CHO,0,0,0,0,0,0,0,0,0,0,0,0,0
KD-068-R6,CHEW,2,2,0,0,0,2,0,0,0,0,2,2,0
KD-068-R6,JCHEW,3,1,1,0,1,1,0,0,0,0,3,1,0
KD-068-R6,Medical Lab Technician,0,0,0,0,0,0,0,0,0,0,0,0,0
KD-068-R6,Medical Records Officer,0,0,0,0,0,0,0,0,0,0,0,0,0
KD-068-R6,Pharmacy Technician,0,0,0,0,0,0,0,0,0,0,0,0,0
KD-068-R6,Environmental Health Officer,0,0,0,0,0,0,0,0,0,0,0,0,0
KD-069-R1,Medical Officer,0,0,0,0,0,0,0,0,0,0,0,0,0
KD-069-R1,Nurse/Midwife,0,0,0,0,0,0,0,0,0,0,0,0,0
KD-069-R1,CHO,1,0,1,0,0,0,0,0,0,0,1,0,0
KD-069-R1,CHEW,6,3,2,0,1,3,0,0,0,0,5,3,0
KD-069-R1,JCHEW,4,3,1,0,0,3,0,0,0,0,3,3,0
KD-069-R1,Medical Lab Technician,0,0,0,0,0,0,0,0,0,0,0,0,0
KD-069-R1,Medical Records Officer,4,0,1,0,3,0,0,0,0,0,4,0,0
KD-069-R1,Pharmacy Technician,0,0,0,0,0,0,0,0,0,0,0,0,0
KD-069-R1,Environmental Health Officer,0,0,0,0,0,0,0,0,0,0,0,0,0
KD-069-R2,Medical Officer,0,0,0,0,0,0,0,0,0,0,0,0,0
KD-069-R2,Nurse/Midwife,0,0,0,0,0,0,0,0,0,0,0,0,0
KD-069-R2,CHO,1,0,1,0,0,0,0,0,0,0,0,0,0
KD-069-R2,CHEW,6,3,2,0,1,3,0,0,0,0,4,2,1
KD-069-R2,JCHEW,4,3,1,0,0,3,0,0,0,0,3,3,0
KD-069-R2,Medical Lab Technician,0,0,0,0,0,0,0,0,0,0,0,0,0
KD-069-R2,Medical Records Officer,4,0,1,0,3,0,0,0,0,0,3,0,0
KD-069-R2,Pharmacy Technician,0,0,0,0,0,0,0,0,0,0,0,0,0
KD-069-R2,Environmental Health Officer,0,0,0,0,0,0,0,0,0,0,0,0,0
KD-069-R3,Medical Officer,0,0,0,0,0,0,0,0,0,0,0,0,0
KD-069-R3,Nurse/Midwife,0,0,0,0,0,0,0,0,0,0,0,0,0
KD-069-R3,CHO,1,0,1,0,0,0,0,0,0,0,0,0,0
KD-069-R3,CHEW,6,3,2,0,1,3,0,0,0,0,6,3,0
KD-069-R3,JCHEW,4,3,1,0,0,3,0,0,0,0,4,3,0
KD-069-R3,Medical Lab Technician,0,0,0,0,0,0,0,0,0,0,0,0,0
KD-069-R3,Medical Records Officer,4,0,1,0,3,0,0,0,0,0,4,0,0
KD-069-R3,Pharmacy Technician,0,0,0,0,0,0,0,0,0,0,0,0,0
KD-069-R3,Environmental Health Officer,0,0,0,0,0,0,0,0,0,0,0,0,0
KD-069-R4,Medical Officer,0,0,0,0,0,0,0,0,0,0,0,0,0
KD-069-R4,Nurse/Midwife,0,0,0,0,0,0,0,0,0,0,0,0,0
KD-069-R4,CHO,1,0,1,0,0,0,0,0,0,0,1,0,0
KD-069-R4,CHEW,6,3,2,0,1,1,0,0,1,1,3,1,0
KD-069-R4,JCHEW,4,3,1,0,0,1,0,0,1,1,1,1,0
KD-069-R4,Medical Lab Technician,0,0,0,0,0,0,0,0,0,0,0,0,0
KD-069-R4,Medical Records Officer,4,0,1,0,3,0,0,0,0,0,4,0,0
KD-069-R4,Pharmacy Technician,0,0,0,0,0,0,0,0,0,0,0,0,0
KD-069-R4,Environmental Health Officer,0,0,0,0,0,0,0,0,0,0,0,0,0
KD-069-R5,Medical Officer,0,0,0,0,0,0,0,0,0,0,0,0,0
KD-069-R5,Nurse/Midwife,0,0,0,0,0,0,0,0,0,0,0,0,0
KD-069-R5,CHO,1,0,1,0,0,0,0,0,0,0,1,0,0
KD-069-R5,CHEW,6,3,2,0,1,3,0,0,0,0,6,3,0
KD-069-R5,JCHEW,4,3,1,0,0,3,0,0,0,0,4,3,0
KD-069-R5,Medical Lab Technician,0,0,0,0,0,0,0,0,0,0,0,0,0
KD-069-R5,Medical Records Officer,4,0,1,0,3,0,0,0,0,0,2,0,0
KD-069-R5,Pharmacy Technician,0,0,0,0,0,0,0,0,0,0,0,0,0
KD-069-R5,Environmental Health Officer,0,0,0,0,0,0,0,0,0,0,0,0,0
KD-069-R6,Medical Officer,0,0,0,0,0,0,0,0,0,0,0,0,0
KD-069-R6,Nurse/Midwife,0,0,0,0,0,0,0,0,0,0,0,0,0
KD-069-R6,CHO,1,0,1,0,0,0,0,0,0,0,1,0,0
KD-069-R6,CHEW,6,3,2,0,1,1,0,0,0,2,3,1,0
KD-069-R6,JCHEW,4,3,1,0,0,3,0,0,0,0,3,3,0
KD-069-R6,Medical Lab Technician,0,0,0,0,0,0,0,0,0,0,0,0,0
KD-069-R6,Medical Records Officer,4,0,1,0,3,0,0,0,0,0,4,0,0
KD-069-R6,Pharmacy Technician,0,0,0,0,0,0,0,0,0,0,0,0,0
KD-069-R6,Environmental Health Officer,0,0,0,0,0,0,0,0,0,0,0,0,0
KD-070-R1,Medical Officer,0,0,0,0,0,0,0,0,0,0,0,0,0
KD-070-R1,Nurse/Midwife,0,0,0,0,0,0,0,0,0,0,0,0,0
KD-070-R1,CHO,0,0,0,0,0,0,0,0,0,0,0,0,0
KD-070-R1,CHEW,5,4,0,0,1,3,0,0,1,0,2,1,2
KD-070-R1,JCHEW,3,2,1,0,0,2,0,0,0,0,2,2,0
KD-070-R1,Medical Lab Technician,0,0,0,0,0,0,0,0,0,0,0,0,0
KD-070-R1,Medical Records Officer,1,0,0,0,1,0,0,0,0,0,1,0,0
KD-070-R1,Pharmacy Technician,0,0,0,0,0,0,0,0,0,0,0,0,0
KD-070-R1,Environmental Health Officer,0,0,0,0,0,0,0,0,0,0,0,0,0
KD-070-R2,Medical Officer,0,0,0,0,0,0,0,0,0,0,0,0,0
KD-070-R2,Nurse/Midwife,0,0,0,0,0,0,0,0,0,0,0,0,0
KD-070-R2,CHO,0,0,0,0,0,0,0,0,0,0,0,0,0
KD-070-R2,CHEW,5,4,0,0,1,3,0,0,0,1,3,2,1
KD-070-R2,JCHEW,3,2,1,0,0,1,0,0,1,0,2,1,0
KD-070-R2,Medical Lab Technician,0,0,0,0,0,0,0,0,0,0,0,0,0
KD-070-R2,Medical Records Officer,1,0,0,0,1,0,0,0,0,0,1,0,0
KD-070-R2,Pharmacy Technician,0,0,0,0,0,0,0,0,0,0,0,0,0
KD-070-R2,Environmental Health Officer,0,0,0,0,0,0,0,0,0,0,0,0,0
KD-070-R3,Medical Officer,0,0,0,0,0,0,0,0,0,0,0,0,0
KD-070-R3,Nurse/Midwife,0,0,0,0,0,0,0,0,0,0,0,0,0
KD-070-R3,CHO,0,0,0,0,0,0,0,0,0,0,0,0,0
KD-070-R3,CHEW,5,4,0,0,1,3,0,0,0,1,3,3,0
KD-070-R3,JCHEW,3,2,1,0,0,2,0,0,0,0,3,2,0
KD-070-R3,Medical Lab Technician,0,0,0,0,0,0,0,0,0,0,0,0,0
KD-070-R3,Medical Records Officer,1,0,0,0,1,0,0,0,0,0,1,0,0
KD-070-R3,Pharmacy Technician,0,0,0,0,0,0,0,0,0,0,0,0,0
KD-070-R3,Environmental Health Officer,0,0,0,0,0,0,0,0,0,0,0,0,0
KD-070-R4,Medical Officer,0,0,0,0,0,0,0,0,0,0,0,0,0
KD-070-R4,Nurse/Midwife,0,0,0,0,0,0,0,0,0,0,0,0,0
KD-070-R4,CHO,0,0,0,0,0,0,0,0,0,0,0,0,0
KD-070-R4,CHEW,5,4,0,0,1,4,0,0,0,0,4,3,1
KD-070-R4,JCHEW,3,2,1,0,0,2,0,0,0,0,2,1,1
KD-070-R4,Medical Lab Technician,0,0,0,0,0,0,0,0,0,0,0,0,0
KD-070-R4,Medical Records Officer,1,0,0,0,1,0,0,0,0,0,1,0,0
KD-070-R4,Pharmacy Technician,0,0,0,0,0,0,0,0,0,0,0,0,0
KD-070-R4,Environmental Health Officer,0,0,0,0,0,0,0,0,0,0,0,0,0
KD-070-R5,Medical Officer,0,0,0,0,0,0,0,0,0,0,0,0,0
KD-070-R5,Nurse/Midwife,0,0,0,0,0,0,0,0,0,0,0,0,0
KD-070-R5,CHO,0,0,0,0,0,0,0,0,0,0,0,0,0
KD-070-R5,CHEW,5,4,0,0,1,3,0,0,0,1,4,3,0
KD-070-R5,JCHEW,3,2,1,0,0,1,0,0,0,1,1,1,0
KD-070-R5,Medical Lab Technician,0,0,0,0,0,0,0,0,0,0,0,0,0
KD-070-R5,Medical Records Officer,1,0,0,0,1,0,0,0,0,0,0,0,0
KD-070-R5,Pharmacy Technician,0,0,0,0,0,0,0,0,0,0,0,0,0
KD-070-R5,Environmental Health Officer,0,0,0,0,0,0,0,0,0,0,0,0,0
KD-070-R6,Medical Officer,0,0,0,0,0,0,0,0,0,0,0,0,0
KD-070-R6,Nurse/Midwife,0,0,0,0,0,0,0,0,0,0,0,0,0
KD-070-R6,CHO,0,0,0,0,0,0,0,0,0,0,0,0,0
KD-070-R6,CHEW,5,4,0,0,1,3,0,0,0,1,3,3,0
KD-070-R6,JCHEW,3,2,1,0,0,2,0,0,0,0,2,1,1
KD-070-R6,Medical Lab Technician,0,0,0,0,0,0,0,0,0,0,0,0,0
KD-070-R6,Medical Records Officer,1,0,0,0,1,0,0,0,0,0,1,0,0
KD-070-R6,Pharmacy Technician,0,0,0,0,0,0,0,0,0,0,0,0,0
KD-070-R6,Environmental Health Officer,0,0,0,0,0,0,0,0,0,0,0,0,0
KD-071-R1,Medical Officer,1,1,0,0,0,1,0,0,0,0,1,1,0
KD-071-R1,Nurse/Midwife,7,5,0,2,0,3,1,1,0,0,6,4,1
KD-071-R1,CHO,4,3,1,0,0,2,0,0,1,0,2,2,0
KD-071-R1,CHEW,5,3,1,1,0,2,0,0,1,0,4,2,0
KD-071-R1,JCHEW,9,4,3,2,0,2,1,1,0,0,9,4,0
KD-071-R1,Medical Lab Technician,2,1,0,1,0,1,0,0,0,0,1,1,0
KD-071-R1,Medical Records Officer,1,0,0,0,1,0,0,0,0,0,1,0,0
KD-071-R1,Pharmacy Technician,2,0,0,2,0,0,0,0,0,0,2,0,0
KD-071-R1,Environmental Health Officer,1,1,0,0,0,1,0,0,0,0,1,1,0
KD-071-R2,Medical Officer,1,1,0,0,0,0,0,0,0,1,0,0,0
KD-071-R2,Nurse/Midwife,7,5,0,2,0,2,0,1,0,2,2,2,1
KD-071-R2,CHO,4,3,1,0,0,2,0,1,0,0,4,3,0
KD-071-R2,CHEW,5,3,1,1,0,2,0,1,0,0,3,2,1
KD-071-R2,JCHEW,9,4,3,2,0,2,0,1,0,1,4,1,2
KD-071-R2,Medical Lab Technician,2,1,0,1,0,0,0,0,0,1,1,0,0
KD-071-R2,Medical Records Officer,1,0,0,0,1,0,0,0,0,0,0,0,0
KD-071-R2,Pharmacy Technician,2,0,0,2,0,0,0,0,0,0,1,0,0
KD-071-R2,Environmental Health Officer,1,1,0,0,0,0,0,0,1,0,0,0,0
KD-071-R3,Medical Officer,1,1,0,0,0,1,0,0,0,0,1,1,0
KD-071-R3,Nurse/Midwife,7,5,0,2,0,2,0,0,3,0,2,1,1
KD-071-R3,CHO,4,3,1,0,0,2,0,1,0,0,3,2,1
KD-071-R3,CHEW,5,3,1,1,0,2,0,1,0,0,3,2,1
KD-071-R3,JCHEW,9,4,3,2,0,2,1,1,0,0,5,4,0
KD-071-R3,Medical Lab Technician,2,1,0,1,0,1,0,0,0,0,1,0,1
KD-071-R3,Medical Records Officer,1,0,0,0,1,0,0,0,0,0,1,0,0
KD-071-R3,Pharmacy Technician,2,0,0,2,0,0,0,0,0,0,0,0,0
KD-071-R3,Environmental Health Officer,1,1,0,0,0,0,0,0,0,1,0,0,0
KD-071-R4,Medical Officer,1,1,0,0,0,1,0,0,0,0,1,1,0
KD-071-R4,Nurse/Midwife,7,5,0,2,0,3,1,1,0,0,6,4,1
KD-071-R4,CHO,4,3,1,0,0,2,0,1,0,0,4,3,0
KD-071-R4,CHEW,5,3,1,1,0,1,0,0,2,0,2,1,0
KD-071-R4,JCHEW,9,4,3,2,0,2,1,1,0,0,5,3,1
KD-071-R4,Medical Lab Technician,2,1,0,1,0,1,0,0,0,0,2,1,0
KD-071-R4,Medical Records Officer,1,0,0,0,1,0,0,0,0,0,1,0,0
KD-071-R4,Pharmacy Technician,2,0,0,2,0,0,0,0,0,0,1,0,0
KD-071-R4,Environmental Health Officer,1,1,0,0,0,1,0,0,0,0,1,1,0
KD-071-R5,Medical Officer,1,1,0,0,0,1,0,0,0,0,1,1,0
KD-071-R5,Nurse/Midwife,7,5,0,2,0,3,1,1,0,0,5,4,1
KD-071-R5,CHO,4,3,1,0,0,2,0,0,1,0,3,2,0
KD-071-R5,CHEW,5,3,1,1,0,2,0,1,0,0,3,2,1
KD-071-R5,JCHEW,9,4,3,2,0,2,0,1,0,1,3,2,1
KD-071-R5,Medical Lab Technician,2,1,0,1,0,1,0,0,0,0,1,0,1
KD-071-R5,Medical Records Officer,1,0,0,0,1,0,0,0,0,0,0,0,0
KD-071-R5,Pharmacy Technician,2,0,0,2,0,0,0,0,0,0,2,0,0
KD-071-R5,Environmental Health Officer,1,1,0,0,0,0,0,0,0,1,0,0,0
KD-071-R6,Medical Officer,1,1,0,0,0,0,0,0,0,1,0,0,0
KD-071-R6,Nurse/Midwife,7,5,0,2,0,2,1,1,1,0,5,3,1
KD-071-R6,CHO,4,3,1,0,0,2,0,1,0,0,3,2,1
KD-071-R6,CHEW,5,3,1,1,0,2,0,1,0,0,4,3,0
KD-071-R6,JCHEW,9,4,3,2,0,2,1,1,0,0,6,3,1
KD-071-R6,Medical Lab Technician,2,1,0,1,0,1,0,0,0,0,1,0,1
KD-071-R6,Medical Records Officer,1,0,0,0,1,0,0,0,0,0,1,0,0
KD-071-R6,Pharmacy Technician,2,0,0,2,0,0,0,0,0,0,2,0,0
KD-071-R6,Environmental Health Officer,1,1,0,0,0,1,0,0,0,0,0,0,1
KD-072-R1,Medical Officer,4,4,0,0,0,4,0,0,0,0,2,2,2
KD-072-R1,Nurse/Midwife,35,27,6,1,1,26,0,0,1,0,26,21,5
KD-072-R1,CHO,5,4,1,0,0,4,0,0,0,0,3,3,1
KD-072-R1,CHEW,4,3,0,1,0,2,0,0,0,1,2,1,1
KD-072-R1,JCHEW,5,3,1,1,0,3,0,0,0,0,4,3,0
KD-072-R1,Medical Lab Technician,10,10,0,0,0,9,0,0,0,1,8,8,1
KD-072-R1,Medical Records Officer,5,4,0,0,1,4,0,0,0,0,3,3,1
KD-072-R1,Pharmacy Technician,8,8,0,0,0,8,0,0,0,0,5,5,3
KD-072-R1,Environmental Health Officer,2,2,0,0,0,2,0,0,0,0,0,0,2
KD-072-R2,Medical Officer,4,4,0,0,0,4,0,0,0,0,4,4,0
KD-072-R2,Nurse/Midwife,35,27,6,1,1,24,0,0,0,3,23,18,6
KD-072-R2,CHO,5,4,1,0,0,4,0,0,0,0,4,3,1
KD-072-R2,CHEW,4,3,0,1,0,3,0,0,0,0,3,2,1
KD-072-R2,JCHEW,5,3,1,1,0,3,0,0,0,0,4,3,0
KD-072-R2,Medical Lab Technician,10,10,0,0,0,8,0,0,0,2,7,7,1
KD-072-R2,Medical Records Officer,5,4,0,0,1,4,0,0,0,0,5,4,0
KD-072-R2,Pharmacy Technician,8,8,0,0,0,7,0,0,0,1,3,3,4
KD-072-R2,Environmental Health Officer,2,2,0,0,0,2,0,0,0,0,2,2,0
KD-072-R3,Medical Officer,4,4,0,0,0,3,0,0,1,0,3,3,0
KD-072-R3,Nurse/Midwife,35,27,6,1,1,21,0,0,3,3,20,16,5
KD-072-R3,CHO,5,4,1,0,0,2,0,0,0,2,1,1,1
KD-072-R3,CHEW,4,3,0,1,0,3,0,0,0,0,4,3,0
KD-072-R3,JCHEW,5,3,1,1,0,2,0,0,1,0,2,1,1
KD-072-R3,Medical Lab Technician,10,10,0,0,0,10,0,0,0,0,8,8,2
KD-072-R3,Medical Records Officer,5,4,0,0,1,4,0,0,0,0,4,3,1
KD-072-R3,Pharmacy Technician,8,8,0,0,0,7,0,0,1,0,6,6,1
KD-072-R3,Environmental Health Officer,2,2,0,0,0,2,0,0,0,0,1,1,1
KD-072-R4,Medical Officer,4,4,0,0,0,3,0,0,1,0,2,2,1
KD-072-R4,Nurse/Midwife,35,27,6,1,1,26,0,0,1,0,23,20,6
KD-072-R4,CHO,5,4,1,0,0,4,0,0,0,0,2,1,3
KD-072-R4,CHEW,4,3,0,1,0,3,0,0,0,0,2,2,1
KD-072-R4,JCHEW,5,3,1,1,0,3,0,0,0,0,3,2,1
KD-072-R4,Medical Lab Technician,10,10,0,0,0,9,0,0,0,1,6,6,3
KD-072-R4,Medical Records Officer,5,4,0,0,1,3,0,0,1,0,4,3,0
KD-072-R4,Pharmacy Technician,8,8,0,0,0,8,0,0,0,0,3,3,5
KD-072-R4,Environmental Health Officer,2,2,0,0,0,1,0,0,1,0,1,1,0
KD-072-R5,Medical Officer,4,4,0,0,0,3,0,0,1,0,3,3,0
KD-072-R5,Nurse/Midwife,35,27,6,1,1,22,0,0,2,3,23,17,5
KD-072-R5,CHO,5,4,1,0,0,4,0,0,0,0,4,4,0
KD-072-R5,CHEW,4,3,0,1,0,3,0,0,0,0,4,3,0
KD-072-R5,JCHEW,5,3,1,1,0,3,0,0,0,0,5,3,0
KD-072-R5,Medical Lab Technician,10,10,0,0,0,9,0,0,1,0,7,7,2
KD-072-R5,Medical Records Officer,5,4,0,0,1,4,0,0,0,0,3,2,2
KD-072-R5,Pharmacy Technician,8,8,0,0,0,7,0,0,0,1,5,5,2
KD-072-R5,Environmental Health Officer,2,2,0,0,0,2,0,0,0,0,2,2,0
KD-072-R6,Medical Officer,4,4,0,0,0,4,0,0,0,0,3,3,1
KD-072-R6,Nurse/Midwife,35,27,6,1,1,24,0,0,0,3,25,18,6
KD-072-R6,CHO,5,4,1,0,0,3,0,0,0,1,4,3,0
KD-072-R6,CHEW,4,3,0,1,0,3,0,0,0,0,4,3,0
KD-072-R6,JCHEW,5,3,1,1,0,3,0,0,0,0,5,3,0
KD-072-R6,Medical Lab Technician,10,10,0,0,0,10,0,0,0,0,7,7,3
KD-072-R6,Medical Records Officer,5,4,0,0,1,4,0,0,0,0,2,2,2
KD-072-R6,Pharmacy Technician,8,8,0,0,0,7,0,0,1,0,6,6,1
KD-072-R6,Environmental Health Officer,2,2,0,0,0,2,0,0,0,0,2,2,0
KD-073-R1,Medical Officer,1,1,0,0,0,1,0,0,0,0,1,1,0
KD-073-R1,Nurse/Midwife,5,5,0,0,0,5,0,0,0,0,3,3,2
KD-073-R1,CHO,4,4,0,0,0,4,0,0,0,0,3,3,1
KD-073-R1,CHEW,5,5,0,0,0,5,0,0,0,0,3,3,2
KD-073-R1,JCHEW,5,3,0,1,1,2,0,0,1,0,3,1,1
KD-073-R1,Medical Lab Technician,0,0,0,0,0,0,0,0,0,0,0,0,0
KD-073-R1,Medical Records Officer,3,1,0,0,2,1,0,0,0,0,3,1,0
KD-073-R1,Pharmacy Technician,3,2,1,0,0,2,0,0,0,0,3,2,0
KD-073-R1,Environmental Health Officer,2,1,0,0,1,1,0,0,0,0,1,1,0
KD-073-R2,Medical Officer,1,1,0,0,0,1,0,0,0,0,1,1,0
KD-073-R2,Nurse/Midwife,5,5,0,0,0,3,0,0,0,2,3,3,0
KD-073-R2,CHO,4,4,0,0,0,4,0,0,0,0,4,4,0
KD-073-R2,CHEW,5,5,0,0,0,5,0,0,0,0,4,4,1
KD-073-R2,JCHEW,5,3,0,1,1,3,0,0,0,0,5,3,0
KD-073-R2,Medical Lab Technician,0,0,0,0,0,0,0,0,0,0,0,0,0
KD-073-R2,Medical Records Officer,3,1,0,0,2,1,0,0,0,0,3,1,0
KD-073-R2,Pharmacy Technician,3,2,1,0,0,1,0,0,0,1,0,0,1
KD-073-R2,Environmental Health Officer,2,1,0,0,1,1,0,0,0,0,1,1,0
KD-073-R3,Medical Officer,1,1,0,0,0,1,0,0,0,0,0,0,1
KD-073-R3,Nurse/Midwife,5,5,0,0,0,4,0,0,1,0,4,4,0
KD-073-R3,CHO,4,4,0,0,0,4,0,0,0,0,2,2,2
KD-073-R3,CHEW,5,5,0,0,0,4,0,0,0,1,2,2,2
KD-073-R3,JCHEW,5,3,0,1,1,3,0,0,0,0,4,2,1
KD-073-R3,Medical Lab Technician,0,0,0,0,0,0,0,0,0,0,0,0,0
KD-073-R3,Medical Records Officer,3,1,0,0,2,1,0,0,0,0,2,0,1
KD-073-R3,Pharmacy Technician,3,2,1,0,0,2,0,0,0,0,2,1,1
KD-073-R3,Environmental Health Officer,2,1,0,0,1,1,0,0,0,0,2,1,0
KD-073-R4,Medical Officer,1,1,0,0,0,1,0,0,0,0,1,1,0
KD-073-R4,Nurse/Midwife,5,5,0,0,0,4,0,0,0,1,3,3,1
KD-073-R4,CHO,4,4,0,0,0,3,0,0,1,0,3,3,0
KD-073-R4,CHEW,5,5,0,0,0,5,0,0,0,0,2,2,3
KD-073-R4,JCHEW,5,3,0,1,1,2,0,0,1,0,4,2,0
KD-073-R4,Medical Lab Technician,0,0,0,0,0,0,0,0,0,0,0,0,0
KD-073-R4,Medical Records Officer,3,1,0,0,2,1,0,0,0,0,2,1,0
KD-073-R4,Pharmacy Technician,3,2,1,0,0,2,0,0,0,0,3,2,0
KD-073-R4,Environmental Health Officer,2,1,0,0,1,1,0,0,0,0,2,1,0
KD-073-R5,Medical Officer,1,1,0,0,0,0,0,0,1,0,0,0,0
KD-073-R5,Nurse/Midwife,5,5,0,0,0,4,0,0,0,1,4,4,0
KD-073-R5,CHO,4,4,0,0,0,3,0,0,0,1,3,3,0
KD-073-R5,CHEW,5,5,0,0,0,5,0,0,0,0,3,3,2
KD-073-R5,JCHEW,5,3,0,1,1,3,0,0,0,0,5,3,0
KD-073-R5,Medical Lab Technician,0,0,0,0,0,0,0,0,0,0,0,0,0
KD-073-R5,Medical Records Officer,3,1,0,0,2,1,0,0,0,0,3,1,0
KD-073-R5,Pharmacy Technician,3,2,1,0,0,2,0,0,0,0,2,1,1
KD-073-R5,Environmental Health Officer,2,1,0,0,1,1,0,0,0,0,2,1,0
KD-073-R6,Medical Officer,1,1,0,0,0,1,0,0,0,0,1,1,0
KD-073-R6,Nurse/Midwife,5,5,0,0,0,5,0,0,0,0,3,3,2
KD-073-R6,CHO,4,4,0,0,0,4,0,0,0,0,4,4,0
KD-073-R6,CHEW,5,5,0,0,0,5,0,0,0,0,4,4,1
KD-073-R6,JCHEW,5,3,0,1,1,3,0,0,0,0,4,2,1
KD-073-R6,Medical Lab Technician,0,0,0,0,0,0,0,0,0,0,0,0,0
KD-073-R6,Medical Records Officer,3,1,0,0,2,1,0,0,0,0,2,1,0
KD-073-R6,Pharmacy Technician,3,2,1,0,0,2,0,0,0,0,3,2,0
KD-073-R6,Environmental Health Officer,2,1,0,0,1,1,0,0,0,0,2,1,0
KD-074-R1,Medical Officer,1,0,1,0,0,0,0,0,0,0,0,0,0
KD-074-R1,Nurse/Midwife,0,0,0,0,0,0,0,0,0,0,0,0,0
KD-074-R1,CHO,0,0,0,0,0,0,0,0,0,0,0,0,0
KD-074-R1,CHEW,2,1,0,0,1,1,0,0,0,0,2,1,0
KD-074-R1,JCHEW,4,3,0,0,1,2,0,0,1,0,3,2,0
KD-074-R1,Medical Lab Technician,0,0,0,0,0,0,0,0,0,0,0,0,0
KD-074-R1,Medical Records Officer,2,0,0,0,2,0,0,0,0,0,1,0,0
KD-074-R1,Pharmacy Technician,0,0,0,0,0,0,0,0,0,0,0,0,0
KD-074-R1,Environmental Health Officer,1,0,0,0,1,0,0,0,0,0,0,0,0
KD-074-R2,Medical Officer,1,0,1,0,0,0,0,0,0,0,1,0,0
KD-074-R2,Nurse/Midwife,0,0,0,0,0,0,0,0,0,0,0,0,0
KD-074-R2,CHO,0,0,0,0,0,0,0,0,0,0,0,0,0
KD-074-R2,CHEW,2,1,0,0,1,1,0,0,0,0,1,0,1
KD-074-R2,JCHEW,4,3,0,0,1,1,0,0,1,1,1,1,0
KD-074-R2,Medical Lab Technician,0,0,0,0,0,0,0,0,0,0,0,0,0
KD-074-R2,Medical Records Officer,2,0,0,0,2,0,0,0,0,0,1,0,0
KD-074-R2,Pharmacy Technician,0,0,0,0,0,0,0,0,0,0,0,0,0
KD-074-R2,Environmental Health Officer,1,0,0,0,1,0,0,0,0,0,1,0,0
KD-074-R3,Medical Officer,1,0,1,0,0,0,0,0,0,0,1,0,0
KD-074-R3,Nurse/Midwife,0,0,0,0,0,0,0,0,0,0,0,0,0
KD-074-R3,CHO,0,0,0,0,0,0,0,0,0,0,0,0,0
KD-074-R3,CHEW,2,1,0,0,1,1,0,0,0,0,1,0,1
KD-074-R3,JCHEW,4,3,0,0,1,2,0,1,0,0,4,3,0
KD-074-R3,Medical Lab Technician,0,0,0,0,0,0,0,0,0,0,0,0,0
KD-074-R3,Medical Records Officer,2,0,0,0,2,0,0,0,0,0,2,0,0
KD-074-R3,Pharmacy Technician,0,0,0,0,0,0,0,0,0,0,0,0,0
KD-074-R3,Environmental Health Officer,1,0,0,0,1,0,0,0,0,0,1,0,0
KD-074-R4,Medical Officer,1,0,1,0,0,0,0,0,0,0,0,0,0
KD-074-R4,Nurse/Midwife,0,0,0,0,0,0,0,0,0,0,0,0,0
KD-074-R4,CHO,0,0,0,0,0,0,0,0,0,0,0,0,0
KD-074-R4,CHEW,2,1,0,0,1,1,0,0,0,0,1,0,1
KD-074-R4,JCHEW,4,3,0,0,1,2,0,0,1,0,2,1,1
KD-074-R4,Medical Lab Technician,0,0,0,0,0,0,0,0,0,0,0,0,0
KD-074-R4,Medical Records Officer,2,0,0,0,2,0,0,0,0,0,2,0,0
KD-074-R4,Pharmacy Technician,0,0,0,0,0,0,0,0,0,0,0,0,0
KD-074-R4,Environmental Health Officer,1,0,0,0,1,0,0,0,0,0,0,0,0
KD-074-R5,Medical Officer,1,0,1,0,0,0,0,0,0,0,0,0,0
KD-074-R5,Nurse/Midwife,0,0,0,0,0,0,0,0,0,0,0,0,0
KD-074-R5,CHO,0,0,0,0,0,0,0,0,0,0,0,0,0
KD-074-R5,CHEW,2,1,0,0,1,1,0,0,0,0,2,1,0
KD-074-R5,JCHEW,4,3,0,0,1,2,0,0,1,0,2,1,1
KD-074-R5,Medical Lab Technician,0,0,0,0,0,0,0,0,0,0,0,0,0
KD-074-R5,Medical Records Officer,2,0,0,0,2,0,0,0,0,0,1,0,0
KD-074-R5,Pharmacy Technician,0,0,0,0,0,0,0,0,0,0,0,0,0
KD-074-R5,Environmental Health Officer,1,0,0,0,1,0,0,0,0,0,1,0,0
KD-074-R6,Medical Officer,1,0,1,0,0,0,0,0,0,0,1,0,0
KD-074-R6,Nurse/Midwife,0,0,0,0,0,0,0,0,0,0,0,0,0
KD-074-R6,CHO,0,0,0,0,0,0,0,0,0,0,0,0,0
KD-074-R6,CHEW,2,1,0,0,1,1,0,0,0,0,2,1,0
KD-074-R6,JCHEW,4,3,0,0,1,1,0,0,2,0,2,1,0
KD-074-R6,Medical Lab Technician,0,0,0,0,0,0,0,0,0,0,0,0,0
KD-074-R6,Medical Records Officer,2,0,0,0,2,0,0,0,0,0,2,0,0
KD-074-R6,Pharmacy Technician,0,0,0,0,0,0,0,0,0,0,0,0,0
KD-074-R6,Environmental Health Officer,1,0,0,0,1,0,0,0,0,0,0,0,0
KD-075-R1,Medical Officer,2,2,0,0,0,1,0,0,1,0,1,1,0
KD-075-R1,Nurse/Midwife,8,6,2,0,0,5,0,0,1,0,6,4,1
KD-075-R1,CHO,2,1,1,0,0,1,0,0,0,0,2,1,0
KD-075-R1,CHEW,6,5,1,0,0,4,0,0,1,0,4,3,1
KD-075-R1,JCHEW,5,2,0,1,2,2,0,0,0,0,3,1,1
KD-075-R1,Medical Lab Technician,0,0,0,0,0,0,0,0,0,0,0,0,0
KD-075-R1,Medical Records Officer,2,1,0,0,1,1,0,0,0,0,0,0,1
KD-075-R1,Pharmacy Technician,0,0,0,0,0,0,0,0,0,0,0,0,0
KD-075-R1,Environmental Health Officer,0,0,0,0,0,0,0,0,0,0,0,0,0
KD-075-R2,Medical Officer,2,2,0,0,0,2,0,0,0,0,2,2,0
KD-075-R2,Nurse/Midwife,8,6,2,0,0,6,0,0,0,0,4,4,2
KD-075-R2,CHO,2,1,1,0,0,1,0,0,0,0,2,1,0
KD-075-R2,CHEW,6,5,1,0,0,5,0,0,0,0,3,2,3
KD-075-R2,JCHEW,5,2,0,1,2,1,0,0,0,1,1,0,1
KD-075-R2,Medical Lab Technician,0,0,0,0,0,0,0,0,0,0,0,0,0
KD-075-R2,Medical Records Officer,2,1,0,0,1,1,0,0,0,0,1,0,1
KD-075-R2,Pharmacy Technician,0,0,0,0,0,0,0,0,0,0,0,0,0
KD-075-R2,Environmental Health Officer,0,0,0,0,0,0,0,0,0,0,0,0,0
KD-075-R3,Medical Officer,2,2,0,0,0,2,0,0,0,0,2,2,0
KD-075-R3,Nurse/Midwife,8,6,2,0,0,6,0,0,0,0,5,4,2
KD-075-R3,CHO,2,1,1,0,0,1,0,0,0,0,1,1,0
KD-075-R3,CHEW,6,5,1,0,0,5,0,0,0,0,6,5,0
KD-075-R3,JCHEW,5,2,0,1,2,2,0,0,0,0,5,2,0
KD-075-R3,Medical Lab Technician,0,0,0,0,0,0,0,0,0,0,0,0,0
KD-075-R3,Medical Records Officer,2,1,0,0,1,1,0,0,0,0,1,0,1
KD-075-R3,Pharmacy Technician,0,0,0,0,0,0,0,0,0,0,0,0,0
KD-075-R3,Environmental Health Officer,0,0,0,0,0,0,0,0,0,0,0,0,0
KD-075-R4,Medical Officer,2,2,0,0,0,2,0,0,0,0,2,2,0
KD-075-R4,Nurse/Midwife,8,6,2,0,0,6,0,0,0,0,7,6,0
KD-075-R4,CHO,2,1,1,0,0,1,0,0,0,0,2,1,0
KD-075-R4,CHEW,6,5,1,0,0,5,0,0,0,0,6,5,0
KD-075-R4,JCHEW,5,2,0,1,2,2,0,0,0,0,5,2,0
KD-075-R4,Medical Lab Technician,0,0,0,0,0,0,0,0,0,0,0,0,0
KD-075-R4,Medical Records Officer,2,1,0,0,1,1,0,0,0,0,2,1,0
KD-075-R4,Pharmacy Technician,0,0,0,0,0,0,0,0,0,0,0,0,0
KD-075-R4,Environmental Health Officer,0,0,0,0,0,0,0,0,0,0,0,0,0
KD-075-R5,Medical Officer,2,2,0,0,0,2,0,0,0,0,2,2,0
KD-075-R5,Nurse/Midwife,8,6,2,0,0,6,0,0,0,0,6,4,2
KD-075-R5,CHO,2,1,1,0,0,0,0,0,0,1,1,0,0
KD-075-R5,CHEW,6,5,1,0,0,4,0,0,0,1,3,3,1
KD-075-R5,JCHEW,5,2,0,1,2,2,0,0,0,0,3,1,1
KD-075-R5,Medical Lab Technician,0,0,0,0,0,0,0,0,0,0,0,0,0
KD-075-R5,Medical Records Officer,2,1,0,0,1,1,0,0,0,0,2,1,0
KD-075-R5,Pharmacy Technician,0,0,0,0,0,0,0,0,0,0,0,0,0
KD-075-R5,Environmental Health Officer,0,0,0,0,0,0,0,0,0,0,0,0,0
KD-075-R6,Medical Officer,2,2,0,0,0,2,0,0,0,0,2,2,0
KD-075-R6,Nurse/Midwife,8,6,2,0,0,5,0,0,0,1,4,3,2
KD-075-R6,CHO,2,1,1,0,0,1,0,0,0,0,1,0,1
KD-075-R6,CHEW,6,5,1,0,0,5,0,0,0,0,5,4,1
KD-075-R6,JCHEW,5,2,0,1,2,2,0,0,0,0,2,1,1
KD-075-R6,Medical Lab Technician,0,0,0,0,0,0,0,0,0,0,0,0,0
KD-075-R6,Medical Records Officer,2,1,0,0,1,1,0,0,0,0,1,1,0
KD-075-R6,Pharmacy Technician,0,0,0,0,0,0,0,0,0,0,0,0,0
KD-075-R6,Environmental Health Officer,0,0,0,0,0,0,0,0,0,0,0,0,0
KD-076-R1,Medical Officer,0,0,0,0,0,0,0,0,0,0,0,0,0
KD-076-R1,Nurse/Midwife,1,1,0,0,0,1,0,0,0,0,1,1,0
KD-076-R1,CHO,1,1,0,0,0,1,0,0,0,0,1,1,0
KD-076-R1,CHEW,5,5,0,0,0,4,0,0,1,0,3,3,1
KD-076-R1,JCHEW,5,2,1,0,2,2,0,0,0,0,2,0,2
KD-076-R1,Medical Lab Technician,1,0,1,0,0,0,0,0,0,0,0,0,0
KD-076-R1,Medical Records Officer,1,0,0,0,1,0,0,0,0,0,0,0,0
KD-076-R1,Pharmacy Technician,2,1,0,1,0,1,0,0,0,0,1,1,0
KD-076-R1,Environmental Health Officer,0,0,0,0,0,0,0,0,0,0,0,0,0
KD-076-R2,Medical Officer,0,0,0,0,0,0,0,0,0,0,0,0,0
KD-076-R2,Nurse/Midwife,1,1,0,0,0,1,0,0,0,0,1,1,0
KD-076-R2,CHO,1,1,0,0,0,1,0,0,0,0,1,1,0
KD-076-R2,CHEW,5,5,0,0,0,5,0,0,0,0,4,4,1
KD-076-R2,JCHEW,5,2,1,0,2,2,0,0,0,0,3,1,1
KD-076-R2,Medical Lab Technician,1,0,1,0,0,0,0,0,0,0,0,0,0
KD-076-R2,Medical Records Officer,1,0,0,0,1,0,0,0,0,0,1,0,0
KD-076-R2,Pharmacy Technician,2,1,0,1,0,1,0,0,0,0,2,1,0
KD-076-R2,Environmental Health Officer,0,0,0,0,0,0,0,0,0,0,0,0,0
KD-076-R3,Medical Officer,0,0,0,0,0,0,0,0,0,0,0,0,0
KD-076-R3,Nurse/Midwife,1,1,0,0,0,1,0,0,0,0,1,1,0
KD-076-R3,CHO,1,1,0,0,0,1,0,0,0,0,1,1,0
KD-076-R3,CHEW,5,5,0,0,0,5,0,0,0,0,5,5,0
KD-076-R3,JCHEW,5,2,1,0,2,2,0,0,0,0,2,0,2
KD-076-R3,Medical Lab Technician,1,0,1,0,0,0,0,0,0,0,0,0,0
KD-076-R3,Medical Records Officer,1,0,0,0,1,0,0,0,0,0,1,0,0
KD-076-R3,Pharmacy Technician,2,1,0,1,0,1,0,0,0,0,1,1,0
KD-076-R3,Environmental Health Officer,0,0,0,0,0,0,0,0,0,0,0,0,0
KD-076-R4,Medical Officer,0,0,0,0,0,0,0,0,0,0,0,0,0
KD-076-R4,Nurse/Midwife,1,1,0,0,0,1,0,0,0,0,0,0,1
KD-076-R4,CHO,1,1,0,0,0,1,0,0,0,0,1,1,0
KD-076-R4,CHEW,5,5,0,0,0,5,0,0,0,0,1,1,4
KD-076-R4,JCHEW,5,2,1,0,2,2,0,0,0,0,4,2,0
KD-076-R4,Medical Lab Technician,1,0,1,0,0,0,0,0,0,0,1,0,0
KD-076-R4,Medical Records Officer,1,0,0,0,1,0,0,0,0,0,1,0,0
KD-076-R4,Pharmacy Technician,2,1,0,1,0,0,0,0,0,1,1,0,0
KD-076-R4,Environmental Health Officer,0,0,0,0,0,0,0,0,0,0,0,0,0
KD-076-R5,Medical Officer,0,0,0,0,0,0,0,0,0,0,0,0,0
KD-076-R5,Nurse/Midwife,1,1,0,0,0,1,0,0,0,0,1,1,0
KD-076-R5,CHO,1,1,0,0,0,1,0,0,0,0,0,0,1
KD-076-R5,CHEW,5,5,0,0,0,5,0,0,0,0,1,1,4
KD-076-R5,JCHEW,5,2,1,0,2,2,0,0,0,0,3,2,0
KD-076-R5,Medical Lab Technician,1,0,1,0,0,0,0,0,0,0,1,0,0
KD-076-R5,Medical Records Officer,1,0,0,0,1,0,0,0,0,0,0,0,0
KD-076-R5,Pharmacy Technician,2,1,0,1,0,1,0,0,0,0,1,1,0
KD-076-R5,Environmental Health Officer,0,0,0,0,0,0,0,0,0,0,0,0,0
KD-076-R6,Medical Officer,0,0,0,0,0,0,0,0,0,0,0,0,0
KD-076-R6,Nurse/Midwife,1,1,0,0,0,1,0,0,0,0,1,1,0
KD-076-R6,CHO,1,1,0,0,0,1,0,0,0,0,1,1,0
KD-076-R6,CHEW,5,5,0,0,0,4,0,0,1,0,2,2,2
KD-076-R6,JCHEW,5,2,1,0,2,2,0,0,0,0,5,2,0
KD-076-R6,Medical Lab Technician,1,0,1,0,0,0,0,0,0,0,1,0,0
KD-076-R6,Medical Records Officer,1,0,0,0,1,0,0,0,0,0,1,0,0
KD-076-R6,Pharmacy Technician,2,1,0,1,0,1,0,0,0,0,2,1,0
KD-076-R6,Environmental Health Officer,0,0,0,0,0,0,0,0,0,0,0,0,0
KD-077-R1,Medical Officer,0,0,0,0,0,0,0,0,0,0,0,0,0
KD-077-R1,Nurse/Midwife,2,1,0,0,1,0,0,0,0,1,0,0,0
KD-077-R1,CHO,3,3,0,0,0,2,0,0,1,0,1,1,1
KD-077-R1,CHEW,2,1,0,0,1,1,0,0,0,0,0,0,1
KD-077-R1,JCHEW,7,3,1,0,3,2,0,1,0,0,2,1,2
KD-077-R1,Medical Lab Technician,1,0,0,1,0,0,0,0,0,0,1,0,0
KD-077-R1,Medical Records Officer,1,0,0,0,1,0,0,0,0,0,0,0,0
KD-077-R1,Pharmacy Technician,1,1,0,0,0,1,0,0,0,0,0,0,1
KD-077-R1,Environmental Health Officer,1,0,0,0,1,0,0,0,0,0,1,0,0
KD-077-R2,Medical Officer,0,0,0,0,0,0,0,0,0,0,0,0,0
KD-077-R2,Nurse/Midwife,2,1,0,0,1,0,0,0,1,0,1,0,0
KD-077-R2,CHO,3,3,0,0,0,2,0,1,0,0,3,3,0
KD-077-R2,CHEW,2,1,0,0,1,1,0,0,0,0,2,1,0
KD-077-R2,JCHEW,7,3,1,0,3,2,0,1,0,0,4,2,1
KD-077-R2,Medical Lab Technician,1,0,0,1,0,0,0,0,0,0,1,0,0
KD-077-R2,Medical Records Officer,1,0,0,0,1,0,0,0,0,0,1,0,0
KD-077-R2,Pharmacy Technician,1,1,0,0,0,1,0,0,0,0,0,0,1
KD-077-R2,Environmental Health Officer,1,0,0,0,1,0,0,0,0,0,1,0,0
KD-077-R3,Medical Officer,0,0,0,0,0,0,0,0,0,0,0,0,0
KD-077-R3,Nurse/Midwife,2,1,0,0,1,1,0,0,0,0,1,0,1
KD-077-R3,CHO,3,3,0,0,0,2,0,0,0,1,1,1,1
KD-077-R3,CHEW,2,1,0,0,1,1,0,0,0,0,1,1,0
KD-077-R3,JCHEW,7,3,1,0,3,2,0,1,0,0,2,2,1
KD-077-R3,Medical Lab Technician,1,0,0,1,0,0,0,0,0,0,1,0,0
KD-077-R3,Medical Records Officer,1,0,0,0,1,0,0,0,0,0,0,0,0
KD-077-R3,Pharmacy Technician,1,1,0,0,0,1,0,0,0,0,0,0,1
KD-077-R3,Environmental Health Officer,1,0,0,0,1,0,0,0,0,0,0,0,0
KD-077-R4,Medical Officer,0,0,0,0,0,0,0,0,0,0,0,0,0
KD-077-R4,Nurse/Midwife,2,1,0,0,1,1,0,0,0,0,1,1,0
KD-077-R4,CHO,3,3,0,0,0,2,0,1,0,0,1,1,2
KD-077-R4,CHEW,2,1,0,0,1,1,0,0,0,0,0,0,1
KD-077-R4,JCHEW,7,3,1,0,3,2,0,1,0,0,5,3,0
KD-077-R4,Medical Lab Technician,1,0,0,1,0,0,0,0,0,0,1,0,0
KD-077-R4,Medical Records Officer,1,0,0,0,1,0,0,0,0,0,0,0,0
KD-077-R4,Pharmacy Technician,1,1,0,0,0,1,0,0,0,0,1,1,0
KD-077-R4,Environmental Health Officer,1,0,0,0,1,0,0,0,0,0,0,0,0
KD-077-R5,Medical Officer,0,0,0,0,0,0,0,0,0,0,0,0,0
KD-077-R5,Nurse/Midwife,2,1,0,0,1,1,0,0,0,0,1,0,1
KD-077-R5,CHO,3,3,0,0,0,2,0,1,0,0,1,1,2
KD-077-R5,CHEW,2,1,0,0,1,1,0,0,0,0,2,1,0
KD-077-R5,JCHEW,7,3,1,0,3,2,0,1,0,0,3,2,1
KD-077-R5,Medical Lab Technician,1,0,0,1,0,0,0,0,0,0,1,0,0
KD-077-R5,Medical Records Officer,1,0,0,0,1,0,0,0,0,0,1,0,0
KD-077-R5,Pharmacy Technician,1,1,0,0,0,0,0,0,0,1,0,0,0
KD-077-R5,Environmental Health Officer,1,0,0,0,1,0,0,0,0,0,1,0,0
KD-077-R6,Medical Officer,0,0,0,0,0,0,0,0,0,0,0,0,0
KD-077-R6,Nurse/Midwife,2,1,0,0,1,1,0,0,0,0,1,1,0
KD-077-R6,CHO,3,3,0,0,0,2,0,1,0,0,1,1,2
KD-077-R6,CHEW,2,1,0,0,1,1,0,0,0,0,0,0,1
KD-077-R6,JCHEW,7,3,1,0,3,2,0,0,0,1,4,2,0
KD-077-R6,Medical Lab Technician,1,0,0,1,0,0,0,0,0,0,0,0,0
KD-077-R6,Medical Records Officer,1,0,0,0,1,0,0,0,0,0,0,0,0
KD-077-R6,Pharmacy Technician,1,1,0,0,0,1,0,0,0,0,1,1,0
KD-077-R6,Environmental Health Officer,1,0,0,0,1,0,0,0,0,0,0,0,0
KD-078-R1,Medical Officer,7,7,0,0,0,7,0,0,0,0,7,7,0
KD-078-R1,Nurse/Midwife,32,24,6,1,1,23,0,0,0,1,26,19,4
KD-078-R1,CHO,3,3,0,0,0,3,0,0,0,0,3,3,0
KD-078-R1,CHEW,2,1,1,0,0,1,0,0,0,0,1,1,0
KD-078-R1,JCHEW,5,4,0,1,0,4,0,0,0,0,3,3,1
KD-078-R1,Medical Lab Technician,10,9,0,0,1,9,0,0,0,0,9,8,1
KD-078-R1,Medical Records Officer,4,2,0,0,2,2,0,0,0,0,3,2,0
KD-078-R1,Pharmacy Technician,7,6,0,1,0,6,0,0,0,0,7,6,0
KD-078-R1,Environmental Health Officer,2,2,0,0,0,2,0,0,0,0,2,2,0
KD-078-R2,Medical Officer,7,7,0,0,0,5,0,0,2,0,4,4,1
KD-078-R2,Nurse/Midwife,32,24,6,1,1,23,0,0,0,1,27,21,2
KD-078-R2,CHO,3,3,0,0,0,3,0,0,0,0,2,2,1
KD-078-R2,CHEW,2,1,1,0,0,1,0,0,0,0,2,1,0
KD-078-R2,JCHEW,5,4,0,1,0,3,0,0,0,1,4,3,0
KD-078-R2,Medical Lab Technician,10,9,0,0,1,9,0,0,0,0,8,7,2
KD-078-R2,Medical Records Officer,4,2,0,0,2,1,0,0,1,0,3,1,0
KD-078-R2,Pharmacy Technician,7,6,0,1,0,6,0,0,0,0,6,5,1
KD-078-R2,Environmental Health Officer,2,2,0,0,0,2,0,0,0,0,1,1,1
KD-078-R3,Medical Officer,7,7,0,0,0,6,0,0,0,1,3,3,3
KD-078-R3,Nurse/Midwife,32,24,6,1,1,24,0,0,0,0,22,18,6
KD-078-R3,CHO,3,3,0,0,0,3,0,0,0,0,2,2,1
KD-078-R3,CHEW,2,1,1,0,0,1,0,0,0,0,0,0,1
KD-078-R3,JCHEW,5,4,0,1,0,4,0,0,0,0,4,3,1
KD-078-R3,Medical Lab Technician,10,9,0,0,1,7,0,0,1,1,4,3,4
KD-078-R3,Medical Records Officer,4,2,0,0,2,2,0,0,0,0,2,1,1
KD-078-R3,Pharmacy Technician,7,6,0,1,0,6,0,0,0,0,4,3,3
KD-078-R3,Environmental Health Officer,2,2,0,0,0,1,0,0,0,1,1,1,0
KD-078-R4,Medical Officer,7,7,0,0,0,6,0,0,1,0,4,4,2
KD-078-R4,Nurse/Midwife,32,24,6,1,1,23,0,0,0,1,23,17,6
KD-078-R4,CHO,3,3,0,0,0,3,0,0,0,0,3,3,0
KD-078-R4,CHEW,2,1,1,0,0,1,0,0,0,0,1,0,1
KD-078-R4,JCHEW,5,4,0,1,0,3,0,0,1,0,3,2,1
KD-078-R4,Medical Lab Technician,10,9,0,0,1,7,0,0,0,2,4,3,4
KD-078-R4,Medical Records Officer,4,2,0,0,2,2,0,0,0,0,2,0,2
KD-078-R4,Pharmacy Technician,7,6,0,1,0,6,0,0,0,0,4,3,3
KD-078-R4,Environmental Health Officer,2,2,0,0,0,1,0,0,0,1,1,1,0
KD-078-R5,Medical Officer,7,7,0,0,0,7,0,0,0,0,6,6,1
KD-078-R5,Nurse/Midwife,32,24,6,1,1,23,0,0,1,0,27,20,3
KD-078-R5,CHO,3,3,0,0,0,3,0,0,0,0,3,3,0
KD-078-R5,CHEW,2,1,1,0,0,1,0,0,0,0,2,1,0
KD-078-R5,JCHEW,5,4,0,1,0,2,0,0,1,1,3,2,0
KD-078-R5,Medical Lab Technician,10,9,0,0,1,8,0,0,0,1,9,8,0
KD-078-R5,Medical Records Officer,4,2,0,0,2,2,0,0,0,0,3,2,0
KD-078-R5,Pharmacy Technician,7,6,0,1,0,6,0,0,0,0,5,5,1
KD-078-R5,Environmental Health Officer,2,2,0,0,0,2,0,0,0,0,2,2,0
KD-078-R6,Medical Officer,7,7,0,0,0,7,0,0,0,0,6,6,1
KD-078-R6,Nurse/Midwife,32,24,6,1,1,21,0,0,1,2,25,18,3
KD-078-R6,CHO,3,3,0,0,0,3,0,0,0,0,2,2,1
KD-078-R6,CHEW,2,1,1,0,0,0,0,0,1,0,1,0,0
KD-078-R6,JCHEW,5,4,0,1,0,4,0,0,0,0,3,2,2
KD-078-R6,Medical Lab Technician,10,9,0,0,1,8,0,0,1,0,7,7,1
KD-078-R6,Medical Records Officer,4,2,0,0,2,2,0,0,0,0,4,2,0
KD-078-R6,Pharmacy Technician,7,6,0,1,0,5,0,0,1,0,5,4,1
KD-078-R6,Environmental Health Officer,2,2,0,0,0,2,0,0,0,0,1,1,1
KD-079-R1,Medical Officer,0,0,0,0,0,0,0,0,0,0,0,0,0
KD-079-R1,Nurse/Midwife,1,1,0,0,0,1,0,0,0,0,0,0,1
KD-079-R1,CHO,0,0,0,0,0,0,0,0,0,0,0,0,0
KD-079-R1,CHEW,3,2,0,0,1,2,0,0,0,0,2,2,0
KD-079-R1,JCHEW,3,2,0,0,1,1,0,0,0,1,1,0,1
KD-079-R1,Medical Lab Technician,1,0,0,0,1,0,0,0,0,0,1,0,0
KD-079-R1,Medical Records Officer,1,1,0,0,0,1,0,0,0,0,1,1,0
KD-079-R1,Pharmacy Technician,0,0,0,0,0,0,0,0,0,0,0,0,0
KD-079-R1,Environmental Health Officer,0,0,0,0,0,0,0,0,0,0,0,0,0
KD-079-R2,Medical Officer,0,0,0,0,0,0,0,0,0,0,0,0,0
KD-079-R2,Nurse/Midwife,1,1,0,0,0,0,0,0,0,1,0,0,0
KD-079-R2,CHO,0,0,0,0,0,0,0,0,0,0,0,0,0
KD-079-R2,CHEW,3,2,0,0,1,2,0,0,0,0,3,2,0
KD-079-R2,JCHEW,3,2,0,0,1,2,0,0,0,0,2,1,1
KD-079-R2,Medical Lab Technician,1,0,0,0,1,0,0,0,0,0,1,0,0
KD-079-R2,Medical Records Officer,1,1,0,0,0,1,0,0,0,0,0,0,1
KD-079-R2,Pharmacy Technician,0,0,0,0,0,0,0,0,0,0,0,0,0
KD-079-R2,Environmental Health Officer,0,0,0,0,0,0,0,0,0,0,0,0,0
KD-079-R3,Medical Officer,0,0,0,0,0,0,0,0,0,0,0,0,0
KD-079-R3,Nurse/Midwife,1,1,0,0,0,1,0,0,0,0,0,0,1
KD-079-R3,CHO,0,0,0,0,0,0,0,0,0,0,0,0,0
KD-079-R3,CHEW,3,2,0,0,1,2,0,0,0,0,3,2,0
KD-079-R3,JCHEW,3,2,0,0,1,2,0,0,0,0,1,0,2
KD-079-R3,Medical Lab Technician,1,0,0,0,1,0,0,0,0,0,1,0,0
KD-079-R3,Medical Records Officer,1,1,0,0,0,1,0,0,0,0,1,1,0
KD-079-R3,Pharmacy Technician,0,0,0,0,0,0,0,0,0,0,0,0,0
KD-079-R3,Environmental Health Officer,0,0,0,0,0,0,0,0,0,0,0,0,0
KD-079-R4,Medical Officer,0,0,0,0,0,0,0,0,0,0,0,0,0
KD-079-R4,Nurse/Midwife,1,1,0,0,0,1,0,0,0,0,0,0,1
KD-079-R4,CHO,0,0,0,0,0,0,0,0,0,0,0,0,0
KD-079-R4,CHEW,3,2,0,0,1,2,0,0,0,0,2,1,1
KD-079-R4,JCHEW,3,2,0,0,1,2,0,0,0,0,3,2,0
KD-079-R4,Medical Lab Technician,1,0,0,0,1,0,0,0,0,0,1,0,0
KD-079-R4,Medical Records Officer,1,1,0,0,0,1,0,0,0,0,1,1,0
KD-079-R4,Pharmacy Technician,0,0,0,0,0,0,0,0,0,0,0,0,0
KD-079-R4,Environmental Health Officer,0,0,0,0,0,0,0,0,0,0,0,0,0
KD-079-R5,Medical Officer,0,0,0,0,0,0,0,0,0,0,0,0,0
KD-079-R5,Nurse/Midwife,1,1,0,0,0,1,0,0,0,0,1,1,0
KD-079-R5,CHO,0,0,0,0,0,0,0,0,0,0,0,0,0
KD-079-R5,CHEW,3,2,0,0,1,2,0,0,0,0,2,2,0
KD-079-R5,JCHEW,3,2,0,0,1,2,0,0,0,0,1,1,1
KD-079-R5,Medical Lab Technician,1,0,0,0,1,0,0,0,0,0,1,0,0
KD-079-R5,Medical Records Officer,1,1,0,0,0,1,0,0,0,0,1,1,0
KD-079-R5,Pharmacy Technician,0,0,0,0,0,0,0,0,0,0,0,0,0
KD-079-R5,Environmental Health Officer,0,0,0,0,0,0,0,0,0,0,0,0,0
KD-079-R6,Medical Officer,0,0,0,0,0,0,0,0,0,0,0,0,0
KD-079-R6,Nurse/Midwife,1,1,0,0,0,1,0,0,0,0,0,0,1
KD-079-R6,CHO,0,0,0,0,0,0,0,0,0,0,0,0,0
KD-079-R6,CHEW,3,2,0,0,1,1,0,0,1,0,2,1,0
KD-079-R6,JCHEW,3,2,0,0,1,2,0,0,0,0,3,2,0
KD-079-R6,Medical Lab Technician,1,0,0,0,1,0,0,0,0,0,1,0,0
KD-079-R6,Medical Records Officer,1,1,0,0,0,0,0,0,1,0,0,0,0
KD-079-R6,Pharmacy Technician,0,0,0,0,0,0,0,0,0,0,0,0,0
KD-079-R6,Environmental Health Officer,0,0,0,0,0,0,0,0,0,0,0,0,0
KD-080-R1,Medical Officer,0,0,0,0,0,0,0,0,0,0,0,0,0
KD-080-R1,Nurse/Midwife,2,1,0,0,1,1,0,0,0,0,1,1,0
KD-080-R1,CHO,0,0,0,0,0,0,0,0,0,0,0,0,0
KD-080-R1,CHEW,0,0,0,0,0,0,0,0,0,0,0,0,0
KD-080-R1,JCHEW,1,0,1,0,0,0,0,0,0,0,1,0,0
KD-080-R1,Medical Lab Technician,2,1,0,1,0,1,0,0,0,0,2,1,0
KD-080-R1,Medical Records Officer,1,0,0,0,1,0,0,0,0,0,0,0,0
KD-080-R1,Pharmacy Technician,1,1,0,0,0,1,0,0,0,0,1,1,0
KD-080-R1,Environmental Health Officer,1,0,1,0,0,0,0,0,0,0,0,0,0
KD-080-R2,Medical Officer,0,0,0,0,0,0,0,0,0,0,0,0,0
KD-080-R2,Nurse/Midwife,2,1,0,0,1,1,0,0,0,0,0,0,1
KD-080-R2,CHO,0,0,0,0,0,0,0,0,0,0,0,0,0
KD-080-R2,CHEW,0,0,0,0,0,0,0,0,0,0,0,0,0
KD-080-R2,JCHEW,1,0,1,0,0,0,0,0,0,0,1,0,0
KD-080-R2,Medical Lab Technician,2,1,0,1,0,1,0,0,0,0,1,0,1
KD-080-R2,Medical Records Officer,1,0,0,0,1,0,0,0,0,0,1,0,0
KD-080-R2,Pharmacy Technician,1,1,0,0,0,0,0,0,1,0,0,0,0
KD-080-R2,Environmental Health Officer,1,0,1,0,0,0,0,0,0,0,0,0,0
KD-080-R3,Medical Officer,0,0,0,0,0,0,0,0,0,0,0,0,0
KD-080-R3,Nurse/Midwife,2,1,0,0,1,1,0,0,0,0,1,1,0
KD-080-R3,CHO,0,0,0,0,0,0,0,0,0,0,0,0,0
KD-080-R3,CHEW,0,0,0,0,0,0,0,0,0,0,0,0,0
KD-080-R3,JCHEW,1,0,1,0,0,0,0,0,0,0,0,0,0
KD-080-R3,Medical Lab Technician,2,1,0,1,0,1,0,0,0,0,1,0,1
KD-080-R3,Medical Records Officer,1,0,0,0,1,0,0,0,0,0,1,0,0
KD-080-R3,Pharmacy Technician,1,1,0,0,0,1,0,0,0,0,0,0,1
KD-080-R3,Environmental Health Officer,1,0,1,0,0,0,0,0,0,0,0,0,0
KD-080-R4,Medical Officer,0,0,0,0,0,0,0,0,0,0,0,0,0
KD-080-R4,Nurse/Midwife,2,1,0,0,1,0,0,0,1,0,1,0,0
KD-080-R4,CHO,0,0,0,0,0,0,0,0,0,0,0,0,0
KD-080-R4,CHEW,0,0,0,0,0,0,0,0,0,0,0,0,0
KD-080-R4,JCHEW,1,0,1,0,0,0,0,0,0,0,0,0,0
KD-080-R4,Medical Lab Technician,2,1,0,1,0,1,0,0,0,0,1,0,1
KD-080-R4,Medical Records Officer,1,0,0,0,1,0,0,0,0,0,0,0,0
KD-080-R4,Pharmacy Technician,1,1,0,0,0,1,0,0,0,0,1,1,0
KD-080-R4,Environmental Health Officer,1,0,1,0,0,0,0,0,0,0,0,0,0
KD-080-R5,Medical Officer,0,0,0,0,0,0,0,0,0,0,0,0,0
KD-080-R5,Nurse/Midwife,2,1,0,0,1,1,0,0,0,0,0,0,1
KD-080-R5,CHO,0,0,0,0,0,0,0,0,0,0,0,0,0
KD-080-R5,CHEW,0,0,0,0,0,0,0,0,0,0,0,0,0
KD-080-R5,JCHEW,1,0,1,0,0,0,0,0,0,0,1,0,0
KD-080-R5,Medical Lab Technician,2,1,0,1,0,1,0,0,0,0,0,0,1
KD-080-R5,Medical Records Officer,1,0,0,0,1,0,0,0,0,0,1,0,0
KD-080-R5,Pharmacy Technician,1,1,0,0,0,1,0,0,0,0,1,1,0
KD-080-R5,Environmental Health Officer,1,0,1,0,0,0,0,0,0,0,0,0,0
KD-080-R6,Medical Officer,0,0,0,0,0,0,0,0,0,0,0,0,0
KD-080-R6,Nurse/Midwife,2,1,0,0,1,1,0,0,0,0,2,1,0
KD-080-R6,CHO,0,0,0,0,0,0,0,0,0,0,0,0,0
KD-080-R6,CHEW,0,0,0,0,0,0,0,0,0,0,0,0,0
KD-080-R6,JCHEW,1,0,1,0,0,0,0,0,0,0,1,0,0
KD-080-R6,Medical Lab Technician,2,1,0,1,0,1,0,0,0,0,2,1,0
KD-080-R6,Medical Records Officer,1,0,0,0,1,0,0,0,0,0,1,0,0
KD-080-R6,Pharmacy Technician,1,1,0,0,0,1,0,0,0,0,1,1,0
KD-080-R6,Environmental Health Officer,1,0,1,0,0,0,0,0,0,0,0,0,0
KD-081-R1,Medical Officer,0,0,0,0,0,0,0,0,0,0,0,0,0
KD-081-R1,Nurse/Midwife,9,7,1,1,0,3,1,2,1,0,5,4,2
KD-081-R1,CHO,0,0,0,0,0,0,0,0,0,0,0,0,0
KD-081-R1,CHEW,6,4,1,0,1,2,0,1,1,0,4,3,0
KD-081-R1,JCHEW,5,4,1,0,0,2,1,1,0,0,2,2,2
KD-081-R1,Medical Lab Technician,1,0,0,1,0,0,0,0,0,0,1,0,0
KD-081-R1,Medical Records Officer,2,0,1,0,1,0,0,0,0,0,1,0,0
KD-081-R1,Pharmacy Technician,2,1,0,1,0,1,0,0,0,0,1,1,0
KD-081-R1,Environmental Health Officer,0,0,0,0,0,0,0,0,0,0,0,0,0
KD-081-R2,Medical Officer,0,0,0,0,0,0,0,0,0,0,0,0,0
KD-081-R2,Nurse/Midwife,9,7,1,1,0,3,1,2,1,0,6,5,1
KD-081-R2,CHO,0,0,0,0,0,0,0,0,0,0,0,0,0
KD-081-R2,CHEW,6,4,1,0,1,2,0,1,0,1,4,3,0
KD-081-R2,JCHEW,5,4,1,0,0,2,0,1,1,0,4,3,0
KD-081-R2,Medical Lab Technician,1,0,0,1,0,0,0,0,0,0,1,0,0
KD-081-R2,Medical Records Officer,2,0,1,0,1,0,0,0,0,0,2,0,0
KD-081-R2,Pharmacy Technician,2,1,0,1,0,1,0,0,0,0,2,1,0
KD-081-R2,Environmental Health Officer,0,0,0,0,0,0,0,0,0,0,0,0,0
KD-081-R3,Medical Officer,0,0,0,0,0,0,0,0,0,0,0,0,0
KD-081-R3,Nurse/Midwife,9,7,1,1,0,3,1,1,2,0,6,4,1
KD-081-R3,CHO,0,0,0,0,0,0,0,0,0,0,0,0,0
KD-081-R3,CHEW,6,4,1,0,1,2,1,1,0,0,5,4,0
KD-081-R3,JCHEW,5,4,1,0,0,2,0,1,1,0,4,3,0
KD-081-R3,Medical Lab Technician,1,0,0,1,0,0,0,0,0,0,1,0,0
KD-081-R3,Medical Records Officer,2,0,1,0,1,0,0,0,0,0,2,0,0
KD-081-R3,Pharmacy Technician,2,1,0,1,0,1,0,0,0,0,1,1,0
KD-081-R3,Environmental Health Officer,0,0,0,0,0,0,0,0,0,0,0,0,0
KD-081-R4,Medical Officer,0,0,0,0,0,0,0,0,0,0,0,0,0
KD-081-R4,Nurse/Midwife,9,7,1,1,0,3,1,2,1,0,8,6,0
KD-081-R4,CHO,0,0,0,0,0,0,0,0,0,0,0,0,0
KD-081-R4,CHEW,6,4,1,0,1,2,0,0,1,1,2,1,1
KD-081-R4,JCHEW,5,4,1,0,0,2,0,1,1,0,1,1,2
KD-081-R4,Medical Lab Technician,1,0,0,1,0,0,0,0,0,0,1,0,0
KD-081-R4,Medical Records Officer,2,0,1,0,1,0,0,0,0,0,2,0,0
KD-081-R4,Pharmacy Technician,2,1,0,1,0,1,0,0,0,0,1,1,0
KD-081-R4,Environmental Health Officer,0,0,0,0,0,0,0,0,0,0,0,0,0
KD-081-R5,Medical Officer,0,0,0,0,0,0,0,0,0,0,0,0,0
KD-081-R5,Nurse/Midwife,9,7,1,1,0,3,1,2,1,0,7,5,1
KD-081-R5,CHO,0,0,0,0,0,0,0,0,0,0,0,0,0
KD-081-R5,CHEW,6,4,1,0,1,2,1,1,0,0,3,3,1
KD-081-R5,JCHEW,5,4,1,0,0,2,0,1,1,0,4,3,0
KD-081-R5,Medical Lab Technician,1,0,0,1,0,0,0,0,0,0,1,0,0
KD-081-R5,Medical Records Officer,2,0,1,0,1,0,0,0,0,0,2,0,0
KD-081-R5,Pharmacy Technician,2,1,0,1,0,1,0,0,0,0,2,1,0
KD-081-R5,Environmental Health Officer,0,0,0,0,0,0,0,0,0,0,0,0,0
KD-081-R6,Medical Officer,0,0,0,0,0,0,0,0,0,0,0,0,0
KD-081-R6,Nurse/Midwife,9,7,1,1,0,3,1,2,1,0,5,3,3
KD-081-R6,CHO,0,0,0,0,0,0,0,0,0,0,0,0,0
KD-081-R6,CHEW,6,4,1,0,1,2,0,0,1,1,3,2,0
KD-081-R6,JCHEW,5,4,1,0,0,2,0,0,2,0,2,1,1
KD-081-R6,Medical Lab Technician,1,0,0,1,0,0,0,0,0,0,0,0,0
KD-081-R6,Medical Records Officer,2,0,1,0,1,0,0,0,0,0,1,0,0
KD-081-R6,Pharmacy Technician,2,1,0,1,0,1,0,0,0,0,2,1,0
KD-081-R6,Environmental Health Officer,0,0,0,0,0,0,0,0,0,0,0,0,0
KD-082-R1,Medical Officer,5,5,0,0,0,3,1,1,0,0,5,5,0
KD-082-R1,Nurse/Midwife,29,20,9,0,0,8,4,3,5,0,16,10,5
KD-082-R1,CHO,2,1,0,0,1,1,0,0,0,0,1,1,0
KD-082-R1,CHEW,5,3,0,1,1,2,0,0,1,0,4,2,0
KD-082-R1,JCHEW,5,4,1,0,0,2,1,1,0,0,4,4,0
KD-082-R1,Medical Lab Technician,9,8,0,1,0,4,2,1,1,0,8,7,0
KD-082-R1,Medical Records Officer,6,6,0,0,0,3,1,2,0,0,5,5,1
KD-082-R1,Pharmacy Technician,6,4,1,1,0,2,0,0,1,1,3,1,1
KD-082-R1,Environmental Health Officer,3,3,0,0,0,2,0,0,1,0,1,1,1
KD-082-R2,Medical Officer,5,5,0,0,0,2,1,1,1,0,4,4,0
KD-082-R2,Nurse/Midwife,29,20,9,0,0,7,4,3,6,0,14,10,4
KD-082-R2,CHO,2,1,0,0,1,1,0,0,0,0,1,1,0
KD-082-R2,CHEW,5,3,0,1,1,2,0,1,0,0,4,2,1
KD-082-R2,JCHEW,5,4,1,0,0,2,0,1,0,1,4,3,0
KD-082-R2,Medical Lab Technician,9,8,0,1,0,4,2,1,1,0,6,5,2
KD-082-R2,Medical Records Officer,6,6,0,0,0,2,0,1,1,2,2,2,1
KD-082-R2,Pharmacy Technician,6,4,1,1,0,2,1,1,0,0,4,4,0
KD-082-R2,Environmental Health Officer,3,3,0,0,0,2,0,0,0,1,2,2,0
KD-082-R3,Medical Officer,5,5,0,0,0,2,1,1,1,0,2,2,2
KD-082-R3,Nurse/Midwife,29,20,9,0,0,7,4,3,5,1,12,10,4
KD-082-R3,CHO,2,1,0,0,1,1,0,0,0,0,1,0,1
KD-082-R3,CHEW,5,3,0,1,1,2,0,0,1,0,3,1,1
KD-082-R3,JCHEW,5,4,1,0,0,2,0,1,1,0,1,0,3
KD-082-R3,Medical Lab Technician,9,8,0,1,0,3,1,2,0,2,3,3,3
KD-082-R3,Medical Records Officer,6,6,0,0,0,2,1,1,1,1,4,4,0
KD-082-R3,Pharmacy Technician,6,4,1,1,0,2,0,1,1,0,2,1,2
KD-082-R3,Environmental Health Officer,3,3,0,0,0,2,0,0,1,0,0,0,2
KD-082-R4,Medical Officer,5,5,0,0,0,2,1,1,0,1,4,4,0
KD-082-R4,Nurse/Midwife,29,20,9,0,0,10,5,4,0,1,17,12,7
KD-082-R4,CHO,2,1,0,0,1,1,0,0,0,0,1,0,1
KD-082-R4,CHEW,5,3,0,1,1,2,0,1,0,0,4,2,1
KD-082-R4,JCHEW,5,4,1,0,0,2,1,1,0,0,4,4,0
KD-082-R4,Medical Lab Technician,9,8,0,1,0,3,1,2,2,0,3,2,4
KD-082-R4,Medical Records Officer,6,6,0,0,0,2,1,1,2,0,2,2,2
KD-082-R4,Pharmacy Technician,6,4,1,1,0,2,1,1,0,0,5,4,0
KD-082-R4,Environmental Health Officer,3,3,0,0,0,2,0,1,0,0,0,0,3
KD-082-R5,Medical Officer,5,5,0,0,0,2,1,1,0,1,2,2,2
KD-082-R5,Nurse/Midwife,29,20,9,0,0,8,4,4,4,0,21,14,2
KD-082-R5,CHO,2,1,0,0,1,1,0,0,0,0,1,1,0
KD-082-R5,CHEW,5,3,0,1,1,2,0,0,0,1,3,2,0
KD-082-R5,JCHEW,5,4,1,0,0,2,1,1,0,0,4,3,1
KD-082-R5,Medical Lab Technician,9,8,0,1,0,4,2,1,1,0,5,4,3
KD-082-R5,Medical Records Officer,6,6,0,0,0,2,1,1,0,2,3,3,1
KD-082-R5,Pharmacy Technician,6,4,1,1,0,2,1,1,0,0,5,3,1
KD-082-R5,Environmental Health Officer,3,3,0,0,0,2,0,0,1,0,2,2,0
KD-082-R6,Medical Officer,5,5,0,0,0,2,1,1,1,0,3,3,1
KD-082-R6,Nurse/Midwife,29,20,9,0,0,9,5,3,3,0,20,15,2
KD-082-R6,CHO,2,1,0,0,1,0,0,0,1,0,1,0,0
KD-082-R6,CHEW,5,3,0,1,1,2,0,0,1,0,3,1,1
KD-082-R6,JCHEW,5,4,1,0,0,2,0,1,1,0,4,3,0
KD-082-R6,Medical Lab Technician,9,8,0,1,0,4,2,1,1,0,7,6,1
KD-082-R6,Medical Records Officer,6,6,0,0,0,3,1,1,1,0,3,3,2
KD-082-R6,Pharmacy Technician,6,4,1,1,0,2,0,1,0,1,3,3,0
KD-082-R6,Environmental Health Officer,3,3,0,0,0,2,0,1,0,0,1,1,2
KD-083-R1,Medical Officer,2,1,1,0,0,1,0,0,0,0,2,1,0
KD-083-R1,Nurse/Midwife,7,4,2,1,0,2,0,1,1,0,5,2,1
KD-083-R1,CHO,1,1,0,0,0,1,0,0,0,0,0,0,1
KD-083-R1,CHEW,3,3,0,0,0,2,0,0,1,0,0,0,2
KD-083-R1,JCHEW,8,2,1,2,3,2,0,0,0,0,6,1,1
KD-083-R1,Medical Lab Technician,1,1,0,0,0,1,0,0,0,0,0,0,1
KD-083-R1,Medical Records Officer,0,0,0,0,0,0,0,0,0,0,0,0,0
KD-083-R1,Pharmacy Technician,2,1,0,1,0,1,0,0,0,0,1,1,0
KD-083-R1,Environmental Health Officer,0,0,0,0,0,0,0,0,0,0,0,0,0
KD-083-R2,Medical Officer,2,1,1,0,0,0,0,0,1,0,0,0,0
KD-083-R2,Nurse/Midwife,7,4,2,1,0,2,0,1,0,1,4,3,0
KD-083-R2,CHO,1,1,0,0,0,1,0,0,0,0,1,1,0
KD-083-R2,CHEW,3,3,0,0,0,2,0,1,0,0,2,2,1
KD-083-R2,JCHEW,8,2,1,2,3,2,0,0,0,0,4,0,2
KD-083-R2,Medical Lab Technician,1,1,0,0,0,1,0,0,0,0,1,1,0
KD-083-R2,Medical Records Officer,0,0,0,0,0,0,0,0,0,0,0,0,0
KD-083-R2,Pharmacy Technician,2,1,0,1,0,1,0,0,0,0,2,1,0
KD-083-R2,Environmental Health Officer,0,0,0,0,0,0,0,0,0,0,0,0,0
KD-083-R3,Medical Officer,2,1,1,0,0,1,0,0,0,0,1,0,1
KD-083-R3,Nurse/Midwife,7,4,2,1,0,2,0,1,0,1,5,3,0
KD-083-R3,CHO,1,1,0,0,0,0,0,0,1,0,0,0,0
KD-083-R3,CHEW,3,3,0,0,0,2,0,0,1,0,1,1,1
KD-083-R3,JCHEW,8,2,1,2,3,1,0,0,1,0,5,1,0
KD-083-R3,Medical Lab Technician,1,1,0,0,0,1,0,0,0,0,1,1,0
KD-083-R3,Medical Records Officer,0,0,0,0,0,0,0,0,0,0,0,0,0
KD-083-R3,Pharmacy Technician,2,1,0,1,0,1,0,0,0,0,1,0,1
KD-083-R3,Environmental Health Officer,0,0,0,0,0,0,0,0,0,0,0,0,0
KD-083-R4,Medical Officer,2,1,1,0,0,1,0,0,0,0,0,0,1
KD-083-R4,Nurse/Midwife,7,4,2,1,0,2,0,1,1,0,2,1,2
KD-083-R4,CHO,1,1,0,0,0,1,0,0,0,0,1,1,0
KD-083-R4,CHEW,3,3,0,0,0,2,0,1,0,0,2,2,1
KD-083-R4,JCHEW,8,2,1,2,3,2,0,0,0,0,3,0,2
KD-083-R4,Medical Lab Technician,1,1,0,0,0,1,0,0,0,0,0,0,1
KD-083-R4,Medical Records Officer,0,0,0,0,0,0,0,0,0,0,0,0,0
KD-083-R4,Pharmacy Technician,2,1,0,1,0,1,0,0,0,0,1,1,0
KD-083-R4,Environmental Health Officer,0,0,0,0,0,0,0,0,0,0,0,0,0
KD-083-R5,Medical Officer,2,1,1,0,0,1,0,0,0,0,1,1,0
KD-083-R5,Nurse/Midwife,7,4,2,1,0,2,1,1,0,0,6,4,0
KD-083-R5,CHO,1,1,0,0,0,1,0,0,0,0,1,1,0
KD-083-R5,CHEW,3,3,0,0,0,2,0,0,1,0,2,2,0
KD-083-R5,JCHEW,8,2,1,2,3,2,0,0,0,0,6,0,2
KD-083-R5,Medical Lab Technician,1,1,0,0,0,1,0,0,0,0,1,1,0
KD-083-R5,Medical Records Officer,0,0,0,0,0,0,0,0,0,0,0,0,0
KD-083-R5,Pharmacy Technician,2,1,0,1,0,0,0,0,1,0,1,0,0
KD-083-R5,Environmental Health Officer,0,0,0,0,0,0,0,0,0,0,0,0,0
KD-083-R6,Medical Officer,2,1,1,0,0,1,0,0,0,0,1,1,0
KD-083-R6,Nurse/Midwife,7,4,2,1,0,2,0,1,1,0,4,1,2
KD-083-R6,CHO,1,1,0,0,0,0,0,0,1,0,0,0,0
KD-083-R6,CHEW,3,3,0,0,0,2,0,0,1,0,2,2,0
KD-083-R6,JCHEW,8,2,1,2,3,2,0,0,0,0,6,2,0
KD-083-R6,Medical Lab Technician,1,1,0,0,0,1,0,0,0,0,1,1,0
KD-083-R6,Medical Records Officer,0,0,0,0,0,0,0,0,0,0,0,0,0
KD-083-R6,Pharmacy Technician,2,1,0,1,0,1,0,0,0,0,0,0,1
KD-083-R6,Environmental Health Officer,0,0,0,0,0,0,0,0,0,0,0,0,0
KD-084-R1,Medical Officer,10,9,0,0,1,9,0,0,0,0,6,6,3
KD-084-R1,Nurse/Midwife,33,24,7,2,0,22,0,0,1,1,28,21,1
KD-084-R1,CHO,3,3,0,0,0,2,0,0,0,1,2,2,0
KD-084-R1,CHEW,12,8,4,0,0,8,0,0,0,0,9,7,1
KD-084-R1,JCHEW,4,4,0,0,0,4,0,0,0,0,4,4,0
KD-084-R1,Medical Lab Technician,12,11,1,0,0,11,0,0,0,0,12,11,0
KD-084-R1,Medical Records Officer,3,2,0,0,1,2,0,0,0,0,3,2,0
KD-084-R1,Pharmacy Technician,3,3,0,0,0,3,0,0,0,0,3,3,0
KD-084-R1,Environmental Health Officer,1,1,0,0,0,1,0,0,0,0,1,1,0
KD-084-R2,Medical Officer,10,9,0,0,1,9,0,0,0,0,8,7,2
KD-084-R2,Nurse/Midwife,33,24,7,2,0,23,0,0,1,0,23,16,7
KD-084-R2,CHO,3,3,0,0,0,2,0,0,0,1,1,1,1
KD-084-R2,CHEW,12,8,4,0,0,7,0,0,0,1,6,5,2
KD-084-R2,JCHEW,4,4,0,0,0,4,0,0,0,0,3,3,1
KD-084-R2,Medical Lab Technician,12,11,1,0,0,8,0,0,3,0,8,7,1
KD-084-R2,Medical Records Officer,3,2,0,0,1,2,0,0,0,0,2,2,0
KD-084-R2,Pharmacy Technician,3,3,0,0,0,3,0,0,0,0,3,3,0
KD-084-R2,Environmental Health Officer,1,1,0,0,0,1,0,0,0,0,0,0,1
KD-084-R3,Medical Officer,10,9,0,0,1,9,0,0,0,0,10,9,0
KD-084-R3,Nurse/Midwife,33,24,7,2,0,21,0,0,0,3,25,19,2
KD-084-R3,CHO,3,3,0,0,0,3,0,0,0,0,2,2,1
KD-084-R3,CHEW,12,8,4,0,0,7,0,0,0,1,8,5,2
KD-084-R3,JCHEW,4,4,0,0,0,3,0,0,0,1,1,1,2
KD-084-R3,Medical Lab Technician,12,11,1,0,0,10,0,0,0,1,11,10,0
KD-084-R3,Medical Records Officer,3,2,0,0,1,2,0,0,0,0,2,2,0
KD-084-R3,Pharmacy Technician,3,3,0,0,0,3,0,0,0,0,3,3,0
KD-084-R3,Environmental Health Officer,1,1,0,0,0,1,0,0,0,0,1,1,0
KD-084-R4,Medical Officer,10,9,0,0,1,9,0,0,0,0,7,6,3
KD-084-R4,Nurse/Midwife,33,24,7,2,0,19,0,0,1,4,23,16,3
KD-084-R4,CHO,3,3,0,0,0,3,0,0,0,0,1,1,2
KD-084-R4,CHEW,12,8,4,0,0,8,0,0,0,0,8,5,3
KD-084-R4,JCHEW,4,4,0,0,0,4,0,0,0,0,2,2,2
KD-084-R4,Medical Lab Technician,12,11,1,0,0,11,0,0,0,0,10,10,1
KD-084-R4,Medical Records Officer,3,2,0,0,1,2,0,0,0,0,2,1,1
KD-084-R4,Pharmacy Technician,3,3,0,0,0,3,0,0,0,0,3,3,0
KD-084-R4,Environmental Health Officer,1,1,0,0,0,1,0,0,0,0,1,1,0
KD-084-R5,Medical Officer,10,9,0,0,1,8,0,0,0,1,9,8,0
KD-084-R5,Nurse/Midwife,33,24,7,2,0,21,0,0,1,2,23,17,4
KD-084-R5,CHO,3,3,0,0,0,3,0,0,0,0,2,2,1
KD-084-R5,CHEW,12,8,4,0,0,8,0,0,0,0,10,7,1
KD-084-R5,JCHEW,4,4,0,0,0,4,0,0,0,0,4,4,0
KD-084-R5,Medical Lab Technician,12,11,1,0,0,11,0,0,0,0,11,10,1
KD-084-R5,Medical Records Officer,3,2,0,0,1,2,0,0,0,0,3,2,0
KD-084-R5,Pharmacy Technician,3,3,0,0,0,3,0,0,0,0,1,1,2
KD-084-R5,Environmental Health Officer,1,1,0,0,0,1,0,0,0,0,1,1,0
KD-084-R6,Medical Officer,10,9,0,0,1,8,0,0,1,0,9,8,0
KD-084-R6,Nurse/Midwife,33,24,7,2,0,21,0,0,1,2,25,19,2
KD-084-R6,CHO,3,3,0,0,0,3,0,0,0,0,2,2,1
KD-084-R6,CHEW,12,8,4,0,0,7,0,0,1,0,8,6,1
KD-084-R6,JCHEW,4,4,0,0,0,4,0,0,0,0,1,1,3
KD-084-R6,Medical Lab Technician,12,11,1,0,0,10,0,0,0,1,9,8,2
KD-084-R6,Medical Records Officer,3,2,0,0,1,2,0,0,0,0,2,1,1
KD-084-R6,Pharmacy Technician,3,3,0,0,0,2,0,0,1,0,2,2,0
KD-084-R6,Environmental Health Officer,1,1,0,0,0,1,0,0,0,0,0,0,1
KD-085-R1,Medical Officer,4,4,0,0,0,2,0,1,1,0,3,3,0
KD-085-R1,Nurse/Midwife,3,3,0,0,0,2,0,0,0,1,2,2,0
KD-085-R1,CHO,1,0,1,0,0,0,0,0,0,0,1,0,0
KD-085-R1,CHEW,12,7,1,1,3,2,0,1,4,0,5,2,1
KD-085-R1,JCHEW,4,3,1,0,0,1,0,0,1,1,2,1,0
KD-085-R1,Medical Lab Technician,1,1,0,0,0,1,0,0,0,0,1,1,0
KD-085-R1,Medical Records Officer,1,0,0,0,1,0,0,0,0,0,1,0,0
KD-085-R1,Pharmacy Technician,1,0,0,1,0,0,0,0,0,0,0,0,0
KD-085-R1,Environmental Health Officer,0,0,0,0,0,0,0,0,0,0,0,0,0
KD-085-R2,Medical Officer,4,4,0,0,0,2,0,0,2,0,1,1,1
KD-085-R2,Nurse/Midwife,3,3,0,0,0,2,0,1,0,0,2,2,1
KD-085-R2,CHO,1,0,1,0,0,0,0,0,0,0,1,0,0
KD-085-R2,CHEW,12,7,1,1,3,3,1,2,0,1,9,5,1
KD-085-R2,JCHEW,4,3,1,0,0,2,0,1,0,0,4,3,0
KD-085-R2,Medical Lab Technician,1,1,0,0,0,1,0,0,0,0,1,1,0
KD-085-R2,Medical Records Officer,1,0,0,0,1,0,0,0,0,0,1,0,0
KD-085-R2,Pharmacy Technician,1,0,0,1,0,0,0,0,0,0,1,0,0
KD-085-R2,Environmental Health Officer,0,0,0,0,0,0,0,0,0,0,0,0,0
KD-085-R3,Medical Officer,4,4,0,0,0,2,0,1,1,0,3,3,0
KD-085-R3,Nurse/Midwife,3,3,0,0,0,2,0,1,0,0,3,3,0
KD-085-R3,CHO,1,0,1,0,0,0,0,0,0,0,1,0,0
KD-085-R3,CHEW,12,7,1,1,3,3,1,2,0,1,6,4,2
KD-085-R3,JCHEW,4,3,1,0,0,2,0,0,1,0,2,1,1
KD-085-R3,Medical Lab Technician,1,1,0,0,0,1,0,0,0,0,1,1,0
KD-085-R3,Medical Records Officer,1,0,0,0,1,0,0,0,0,0,1,0,0
KD-085-R3,Pharmacy Technician,1,0,0,1,0,0,0,0,0,0,1,0,0
KD-085-R3,Environmental Health Officer,0,0,0,0,0,0,0,0,0,0,0,0,0
KD-085-R4,Medical Officer,4,4,0,0,0,2,1,1,0,0,1,1,3
KD-085-R4,Nurse/Midwife,3,3,0,0,0,2,0,1,0,0,2,2,1
KD-085-R4,CHO,1,0,1,0,0,0,0,0,0,0,1,0,0
KD-085-R4,CHEW,12,7,1,1,3,3,1,2,1,0,5,3,3
KD-085-R4,JCHEW,4,3,1,0,0,2,0,0,1,0,3,2,0
KD-085-R4,Medical Lab Technician,1,1,0,0,0,1,0,0,0,0,1,1,0
KD-085-R4,Medical Records Officer,1,0,0,0,1,0,0,0,0,0,1,0,0
KD-085-R4,Pharmacy Technician,1,0,0,1,0,0,0,0,0,0,1,0,0
KD-085-R4,Environmental Health Officer,0,0,0,0,0,0,0,0,0,0,0,0,0
KD-085-R5,Medical Officer,4,4,0,0,0,2,0,0,1,1,2,2,0
KD-085-R5,Nurse/Midwife,3,3,0,0,0,2,0,1,0,0,3,3,0
KD-085-R5,CHO,1,0,1,0,0,0,0,0,0,0,0,0,0
KD-085-R5,CHEW,12,7,1,1,3,3,1,2,1,0,8,4,2
KD-085-R5,JCHEW,4,3,1,0,0,2,0,0,1,0,2,1,1
KD-085-R5,Medical Lab Technician,1,1,0,0,0,1,0,0,0,0,0,0,1
KD-085-R5,Medical Records Officer,1,0,0,0,1,0,0,0,0,0,1,0,0
KD-085-R5,Pharmacy Technician,1,0,0,1,0,0,0,0,0,0,0,0,0
KD-085-R5,Environmental Health Officer,0,0,0,0,0,0,0,0,0,0,0,0,0
KD-085-R6,Medical Officer,4,4,0,0,0,2,1,1,0,0,2,2,2
KD-085-R6,Nurse/Midwife,3,3,0,0,0,2,0,0,1,0,1,1,1
KD-085-R6,CHO,1,0,1,0,0,0,0,0,0,0,1,0,0
KD-085-R6,CHEW,12,7,1,1,3,2,1,1,3,0,7,3,1
KD-085-R6,JCHEW,4,3,1,0,0,2,0,0,0,1,2,1,1
KD-085-R6,Medical Lab Technician,1,1,0,0,0,1,0,0,0,0,1,1,0
KD-085-R6,Medical Records Officer,1,0,0,0,1,0,0,0,0,0,1,0,0
KD-085-R6,Pharmacy Technician,1,0,0,1,0,0,0,0,0,0,1,0,0
KD-085-R6,Environmental Health Officer,0,0,0,0,0,0,0,0,0,0,0,0,0
KD-086-R1,Medical Officer,0,0,0,0,0,0,0,0,0,0,0,0,0
KD-086-R1,Nurse/Midwife,0,0,0,0,0,0,0,0,0,0,0,0,0
KD-086-R1,CHO,0,0,0,0,0,0,0,0,0,0,0,0,0
KD-086-R1,CHEW,3,3,0,0,0,3,0,0,0,0,3,3,0
KD-086-R1,JCHEW,3,0,0,1,2,0,0,0,0,0,2,0,0
KD-086-R1,Medical Lab Technician,0,0,0,0,0,0,0,0,0,0,0,0,0
KD-086-R1,Medical Records Officer,3,2,0,0,1,2,0,0,0,0,1,1,1
KD-086-R1,Pharmacy Technician,1,0,0,1,0,0,0,0,0,0,0,0,0
KD-086-R1,Environmental Health Officer,0,0,0,0,0,0,0,0,0,0,0,0,0
KD-086-R2,Medical Officer,0,0,0,0,0,0,0,0,0,0,0,0,0
KD-086-R2,Nurse/Midwife,0,0,0,0,0,0,0,0,0,0,0,0,0
KD-086-R2,CHO,0,0,0,0,0,0,0,0,0,0,0,0,0
KD-086-R2,CHEW,3,3,0,0,0,1,0,0,0,2,1,1,0
KD-086-R2,JCHEW,3,0,0,1,2,0,0,0,0,0,2,0,0
KD-086-R2,Medical Lab Technician,0,0,0,0,0,0,0,0,0,0,0,0,0
KD-086-R2,Medical Records Officer,3,2,0,0,1,1,0,0,0,1,1,1,0
KD-086-R2,Pharmacy Technician,1,0,0,1,0,0,0,0,0,0,0,0,0
KD-086-R2,Environmental Health Officer,0,0,0,0,0,0,0,0,0,0,0,0,0
KD-086-R3,Medical Officer,0,0,0,0,0,0,0,0,0,0,0,0,0
KD-086-R3,Nurse/Midwife,0,0,0,0,0,0,0,0,0,0,0,0,0
KD-086-R3,CHO,0,0,0,0,0,0,0,0,0,0,0,0,0
KD-086-R3,CHEW,3,3,0,0,0,2,0,0,0,1,1,1,1
KD-086-R3,JCHEW,3,0,0,1,2,0,0,0,0,0,1,0,0
KD-086-R3,Medical Lab Technician,0,0,0,0,0,0,0,0,0,0,0,0,0
KD-086-R3,Medical Records Officer,3,2,0,0,1,2,0,0,0,0,2,1,1
KD-086-R3,Pharmacy Technician,1,0,0,1,0,0,0,0,0,0,0,0,0
KD-086-R3,Environmental Health Officer,0,0,0,0,0,0,0,0,0,0,0,0,0
KD-086-R4,Medical Officer,0,0,0,0,0,0,0,0,0,0,0,0,0
KD-086-R4,Nurse/Midwife,0,0,0,0,0,0,0,0,0,0,0,0,0
KD-086-R4,CHO,0,0,0,0,0,0,0,0,0,0,0,0,0
KD-086-R4,CHEW,3,3,0,0,0,2,0,0,0,1,1,1,1
KD-086-R4,JCHEW,3,0,0,1,2,0,0,0,0,0,1,0,0
KD-086-R4,Medical Lab Technician,0,0,0,0,0,0,0,0,0,0,0,0,0
KD-086-R4,Medical Records Officer,3,2,0,0,1,2,0,0,0,0,2,2,0
KD-086-R4,Pharmacy Technician,1,0,0,1,0,0,0,0,0,0,1,0,0
KD-086-R4,Environmental Health Officer,0,0,0,0,0,0,0,0,0,0,0,0,0
KD-086-R5,Medical Officer,0,0,0,0,0,0,0,0,0,0,0,0,0
KD-086-R5,Nurse/Midwife,0,0,0,0,0,0,0,0,0,0,0,0,0
KD-086-R5,CHO,0,0,0,0,0,0,0,0,0,0,0,0,0
KD-086-R5,CHEW,3,3,0,0,0,3,0,0,0,0,2,2,1
KD-086-R5,JCHEW,3,0,0,1,2,0,0,0,0,0,2,0,0
KD-086-R5,Medical Lab Technician,0,0,0,0,0,0,0,0,0,0,0,0,0
KD-086-R5,Medical Records Officer,3,2,0,0,1,2,0,0,0,0,1,1,1
KD-086-R5,Pharmacy Technician,1,0,0,1,0,0,0,0,0,0,0,0,0
KD-086-R5,Environmental Health Officer,0,0,0,0,0,0,0,0,0,0,0,0,0
KD-086-R6,Medical Officer,0,0,0,0,0,0,0,0,0,0,0,0,0
KD-086-R6,Nurse/Midwife,0,0,0,0,0,0,0,0,0,0,0,0,0
KD-086-R6,CHO,0,0,0,0,0,0,0,0,0,0,0,0,0
KD-086-R6,CHEW,3,3,0,0,0,2,0,0,1,0,1,1,1
KD-086-R6,JCHEW,3,0,0,1,2,0,0,0,0,0,1,0,0
KD-086-R6,Medical Lab Technician,0,0,0,0,0,0,0,0,0,0,0,0,0
KD-086-R6,Medical Records Officer,3,2,0,0,1,2,0,0,0,0,3,2,0
KD-086-R6,Pharmacy Technician,1,0,0,1,0,0,0,0,0,0,1,0,0
KD-086-R6,Environmental Health Officer,0,0,0,0,0,0,0,0,0,0,0,0,0
KD-087-R1,Medical Officer,1,0,1,0,0,0,0,0,0,0,1,0,0
KD-087-R1,Nurse/Midwife,5,3,0,2,0,3,0,0,0,0,5,3,0
KD-087-R1,CHO,0,0,0,0,0,0,0,0,0,0,0,0,0
KD-087-R1,CHEW,6,3,1,0,2,2,0,0,1,0,4,2,0
KD-087-R1,JCHEW,5,2,0,0,3,2,0,0,0,0,5,2,0
KD-087-R1,Medical Lab Technician,1,1,0,0,0,1,0,0,0,0,1,1,0
KD-087-R1,Medical Records Officer,2,1,0,0,1,1,0,0,0,0,2,1,0
KD-087-R1,Pharmacy Technician,2,2,0,0,0,2,0,0,0,0,2,2,0
KD-087-R1,Environmental Health Officer,0,0,0,0,0,0,0,0,0,0,0,0,0
KD-087-R2,Medical Officer,1,0,1,0,0,0,0,0,0,0,0,0,0
KD-087-R2,Nurse/Midwife,5,3,0,2,0,3,0,0,0,0,4,2,1
KD-087-R2,CHO,0,0,0,0,0,0,0,0,0,0,0,0,0
KD-087-R2,CHEW,6,3,1,0,2,2,0,0,1,0,3,2,0
KD-087-R2,JCHEW,5,2,0,0,3,2,0,0,0,0,5,2,0
KD-087-R2,Medical Lab Technician,1,1,0,0,0,1,0,0,0,0,1,1,0
KD-087-R2,Medical Records Officer,2,1,0,0,1,1,0,0,0,0,1,0,1
KD-087-R2,Pharmacy Technician,2,2,0,0,0,2,0,0,0,0,2,2,0
KD-087-R2,Environmental Health Officer,0,0,0,0,0,0,0,0,0,0,0,0,0
KD-087-R3,Medical Officer,1,0,1,0,0,0,0,0,0,0,1,0,0
KD-087-R3,Nurse/Midwife,5,3,0,2,0,2,0,0,0,1,4,2,0
KD-087-R3,CHO,0,0,0,0,0,0,0,0,0,0,0,0,0
KD-087-R3,CHEW,6,3,1,0,2,3,0,0,0,0,4,2,1
KD-087-R3,JCHEW,5,2,0,0,3,2,0,0,0,0,3,2,0
KD-087-R3,Medical Lab Technician,1,1,0,0,0,1,0,0,0,0,1,1,0
KD-087-R3,Medical Records Officer,2,1,0,0,1,0,0,0,0,1,1,0,0
KD-087-R3,Pharmacy Technician,2,2,0,0,0,2,0,0,0,0,2,2,0
KD-087-R3,Environmental Health Officer,0,0,0,0,0,0,0,0,0,0,0,0,0
KD-087-R4,Medical Officer,1,0,1,0,0,0,0,0,0,0,1,0,0
KD-087-R4,Nurse/Midwife,5,3,0,2,0,2,0,0,0,1,4,2,0
KD-087-R4,CHO,0,0,0,0,0,0,0,0,0,0,0,0,0
KD-087-R4,CHEW,6,3,1,0,2,3,0,0,0,0,4,2,1
KD-087-R4,JCHEW,5,2,0,0,3,2,0,0,0,0,4,2,0
KD-087-R4,Medical Lab Technician,1,1,0,0,0,0,0,0,0,1,0,0,0
KD-087-R4,Medical Records Officer,2,1,0,0,1,1,0,0,0,0,1,1,0
KD-087-R4,Pharmacy Technician,2,2,0,0,0,0,0,0,1,1,0,0,0
KD-087-R4,Environmental Health Officer,0,0,0,0,0,0,0,0,0,0,0,0,0
KD-087-R5,Medical Officer,1,0,1,0,0,0,0,0,0,0,0,0,0
KD-087-R5,Nurse/Midwife,5,3,0,2,0,1,0,0,2,0,2,1,0
KD-087-R5,CHO,0,0,0,0,0,0,0,0,0,0,0,0,0
KD-087-R5,CHEW,6,3,1,0,2,2,0,0,1,0,3,1,1
KD-087-R5,JCHEW,5,2,0,0,3,2,0,0,0,0,4,2,0
KD-087-R5,Medical Lab Technician,1,1,0,0,0,1,0,0,0,0,0,0,1
KD-087-R5,Medical Records Officer,2,1,0,0,1,1,0,0,0,0,1,1,0
KD-087-R5,Pharmacy Technician,2,2,0,0,0,2,0,0,0,0,2,2,0
KD-087-R5,Environmental Health Officer,0,0,0,0,0,0,0,0,0,0,0,0,0
KD-087-R6,Medical Officer,1,0,1,0,0,0,0,0,0,0,1,0,0
KD-087-R6,Nurse/Midwife,5,3,0,2,0,3,0,0,0,0,4,2,1
KD-087-R6,CHO,0,0,0,0,0,0,0,0,0,0,0,0,0
KD-087-R6,CHEW,6,3,1,0,2,3,0,0,0,0,6,3,0
KD-087-R6,JCHEW,5,2,0,0,3,2,0,0,0,0,5,2,0
KD-087-R6,Medical Lab Technician,1,1,0,0,0,1,0,0,0,0,1,1,0
KD-087-R6,Medical Records Officer,2,1,0,0,1,1,0,0,0,0,1,0,1
KD-087-R6,Pharmacy Technician,2,2,0,0,0,2,0,0,0,0,1,1,1
KD-087-R6,Environmental Health Officer,0,0,0,0,0,0,0,0,0,0,0,0,0
KD-088-R1,Medical Officer,0,0,0,0,0,0,0,0,0,0,0,0,0
KD-088-R1,Nurse/Midwife,7,2,4,1,0,1,0,0,0,1,3,1,0
KD-088-R1,CHO,1,0,1,0,0,0,0,0,0,0,0,0,0
KD-088-R1,CHEW,8,4,2,1,1,3,0,0,0,1,5,2,1
KD-088-R1,JCHEW,2,1,0,1,0,1,0,0,0,0,1,0,1
KD-088-R1,Medical Lab Technician,3,2,0,1,0,2,0,0,0,0,3,2,0
KD-088-R1,Medical Records Officer,4,1,0,0,3,1,0,0,0,0,4,1,0
KD-088-R1,Pharmacy Technician,1,1,0,0,0,1,0,0,0,0,1,1,0
KD-088-R1,Environmental Health Officer,1,1,0,0,0,1,0,0,0,0,1,1,0
KD-088-R2,Medical Officer,0,0,0,0,0,0,0,0,0,0,0,0,0
KD-088-R2,Nurse/Midwife,7,2,4,1,0,2,0,0,0,0,5,1,1
KD-088-R2,CHO,1,0,1,0,0,0,0,0,0,0,0,0,0
KD-088-R2,CHEW,8,4,2,1,1,4,0,0,0,0,6,4,0
KD-088-R2,JCHEW,2,1,0,1,0,1,0,0,0,0,1,0,1
KD-088-R2,Medical Lab Technician,3,2,0,1,0,2,0,0,0,0,3,2,0
KD-088-R2,Medical Records Officer,4,1,0,0,3,1,0,0,0,0,3,1,0
KD-088-R2,Pharmacy Technician,1,1,0,0,0,1,0,0,0,0,1,1,0
KD-088-R2,Environmental Health Officer,1,1,0,0,0,1,0,0,0,0,1,1,0
KD-088-R3,Medical Officer,0,0,0,0,0,0,0,0,0,0,0,0,0
KD-088-R3,Nurse/Midwife,7,2,4,1,0,2,0,0,0,0,6,2,0
KD-088-R3,CHO,1,0,1,0,0,0,0,0,0,0,0,0,0
KD-088-R3,CHEW,8,4,2,1,1,3,0,0,1,0,1,1,2
KD-088-R3,JCHEW,2,1,0,1,0,1,0,0,0,0,1,0,1
KD-088-R3,Medical Lab Technician,3,2,0,1,0,2,0,0,0,0,0,0,2
KD-088-R3,Medical Records Officer,4,1,0,0,3,1,0,0,0,0,0,0,1
KD-088-R3,Pharmacy Technician,1,1,0,0,0,1,0,0,0,0,0,0,1
KD-088-R3,Environmental Health Officer,1,1,0,0,0,1,0,0,0,0,1,1,0
KD-088-R4,Medical Officer,0,0,0,0,0,0,0,0,0,0,0,0,0
KD-088-R4,Nurse/Midwife,7,2,4,1,0,2,0,0,0,0,1,0,2
KD-088-R4,CHO,1,0,1,0,0,0,0,0,0,0,0,0,0
KD-088-R4,CHEW,8,4,2,1,1,4,0,0,0,0,4,3,1
KD-088-R4,JCHEW,2,1,0,1,0,1,0,0,0,0,2,1,0
KD-088-R4,Medical Lab Technician,3,2,0,1,0,2,0,0,0,0,2,2,0
KD-088-R4,Medical Records Officer,4,1,0,0,3,1,0,0,0,0,2,1,0
KD-088-R4,Pharmacy Technician,1,1,0,0,0,1,0,0,0,0,0,0,1
KD-088-R4,Environmental Health Officer,1,1,0,0,0,1,0,0,0,0,0,0,1
KD-088-R5,Medical Officer,0,0,0,0,0,0,0,0,0,0,0,0,0
KD-088-R5,Nurse/Midwife,7,2,4,1,0,2,0,0,0,0,2,0,2
KD-088-R5,CHO,1,0,1,0,0,0,0,0,0,0,0,0,0
KD-088-R5,CHEW,8,4,2,1,1,4,0,0,0,0,2,1,3
KD-088-R5,JCHEW,2,1,0,1,0,1,0,0,0,0,0,0,1
KD-088-R5,Medical Lab Technician,3,2,0,1,0,2,0,0,0,0,3,2,0
KD-088-R5,Medical Records Officer,4,1,0,0,3,1,0,0,0,0,1,1,0
KD-088-R5,Pharmacy Technician,1,1,0,0,0,1,0,0,0,0,0,0,1
KD-088-R5,Environmental Health Officer,1,1,0,0,0,1,0,0,0,0,0,0,1
KD-088-R6,Medical Officer,0,0,0,0,0,0,0,0,0,0,0,0,0
KD-088-R6,Nurse/Midwife,7,2,4,1,0,2,0,0,0,0,3,1,1
KD-088-R6,CHO,1,0,1,0,0,0,0,0,0,0,0,0,0
KD-088-R6,CHEW,8,4,2,1,1,4,0,0,0,0,4,2,2
KD-088-R6,JCHEW,2,1,0,1,0,1,0,0,0,0,1,0,1
KD-088-R6,Medical Lab Technician,3,2,0,1,0,1,0,0,0,1,1,0,1
KD-088-R6,Medical Records Officer,4,1,0,0,3,1,0,0,0,0,4,1,0
KD-088-R6,Pharmacy Technician,1,1,0,0,0,1,0,0,0,0,0,0,1
KD-088-R6,Environmental Health Officer,1,1,0,0,0,1,0,0,0,0,0,0,1
KD-089-R1,Medical Officer,0,0,0,0,0,0,0,0,0,0,0,0,0
KD-089-R1,Nurse/Midwife,1,1,0,0,0,1,0,0,0,0,1,1,0
KD-089-R1,CHO,2,1,0,0,1,1,0,0,0,0,2,1,0
KD-089-R1,CHEW,9,7,0,0,2,6,0,0,1,0,6,4,2
KD-089-R1,JCHEW,2,1,0,0,1,1,0,0,0,0,2,1,0
KD-089-R1,Medical Lab Technician,0,0,0,0,0,0,0,0,0,0,0,0,0
KD-089-R1,Medical Records Officer,1,0,0,0,1,0,0,0,0,0,0,0,0
KD-089-R1,Pharmacy Technician,0,0,0,0,0,0,0,0,0,0,0,0,0
KD-089-R1,Environmental Health Officer,0,0,0,0,0,0,0,0,0,0,0,0,0
KD-089-R2,Medical Officer,0,0,0,0,0,0,0,0,0,0,0,0,0
KD-089-R2,Nurse/Midwife,1,1,0,0,0,1,0,0,0,0,0,0,1
KD-089-R2,CHO,2,1,0,0,1,1,0,0,0,0,0,0,1
KD-089-R2,CHEW,9,7,0,0,2,7,0,0,0,0,2,2,5
KD-089-R2,JCHEW,2,1,0,0,1,1,0,0,0,0,0,0,1
KD-089-R2,Medical Lab Technician,0,0,0,0,0,0,0,0,0,0,0,0,0
KD-089-R2,Medical Records Officer,1,0,0,0,1,0,0,0,0,0,0,0,0
KD-089-R2,Pharmacy Technician,0,0,0,0,0,0,0,0,0,0,0,0,0
KD-089-R2,Environmental Health Officer,0,0,0,0,0,0,0,0,0,0,0,0,0
KD-089-R3,Medical Officer,0,0,0,0,0,0,0,0,0,0,0,0,0
KD-089-R3,Nurse/Midwife,1,1,0,0,0,1,0,0,0,0,1,1,0
KD-089-R3,CHO,2,1,0,0,1,1,0,0,0,0,1,1,0
KD-089-R3,CHEW,9,7,0,0,2,6,0,0,0,1,5,4,2
KD-089-R3,JCHEW,2,1,0,0,1,1,0,0,0,0,1,0,1
KD-089-R3,Medical Lab Technician,0,0,0,0,0,0,0,0,0,0,0,0,0
KD-089-R3,Medical Records Officer,1,0,0,0,1,0,0,0,0,0,1,0,0
KD-089-R3,Pharmacy Technician,0,0,0,0,0,0,0,0,0,0,0,0,0
KD-089-R3,Environmental Health Officer,0,0,0,0,0,0,0,0,0,0,0,0,0
KD-089-R4,Medical Officer,0,0,0,0,0,0,0,0,0,0,0,0,0
KD-089-R4,Nurse/Midwife,1,1,0,0,0,1,0,0,0,0,0,0,1
KD-089-R4,CHO,2,1,0,0,1,1,0,0,0,0,1,1,0
KD-089-R4,CHEW,9,7,0,0,2,7,0,0,0,0,3,3,4
KD-089-R4,JCHEW,2,1,0,0,1,1,0,0,0,0,0,0,1
KD-089-R4,Medical Lab Technician,0,0,0,0,0,0,0,0,0,0,0,0,0
KD-089-R4,Medical Records Officer,1,0,0,0,1,0,0,0,0,0,0,0,0
KD-089-R4,Pharmacy Technician,0,0,0,0,0,0,0,0,0,0,0,0,0
KD-089-R4,Environmental Health Officer,0,0,0,0,0,0,0,0,0,0,0,0,0
KD-089-R5,Medical Officer,0,0,0,0,0,0,0,0,0,0,0,0,0
KD-089-R5,Nurse/Midwife,1,1,0,0,0,1,0,0,0,0,0,0,1
KD-089-R5,CHO,2,1,0,0,1,1,0,0,0,0,2,1,0
KD-089-R5,CHEW,9,7,0,0,2,7,0,0,0,0,7,5,2
KD-089-R5,JCHEW,2,1,0,0,1,1,0,0,0,0,2,1,0
KD-089-R5,Medical Lab Technician,0,0,0,0,0,0,0,0,0,0,0,0,0
KD-089-R5,Medical Records Officer,1,0,0,0,1,0,0,0,0,0,1,0,0
KD-089-R5,Pharmacy Technician,0,0,0,0,0,0,0,0,0,0,0,0,0
KD-089-R5,Environmental Health Officer,0,0,0,0,0,0,0,0,0,0,0,0,0
KD-089-R6,Medical Officer,0,0,0,0,0,0,0,0,0,0,0,0,0
KD-089-R6,Nurse/Midwife,1,1,0,0,0,1,0,0,0,0,1,1,0
KD-089-R6,CHO,2,1,0,0,1,1,0,0,0,0,2,1,0
KD-089-R6,CHEW,9,7,0,0,2,6,0,0,0,1,7,6,0
KD-089-R6,JCHEW,2,1,0,0,1,1,0,0,0,0,1,1,0
KD-089-R6,Medical Lab Technician,0,0,0,0,0,0,0,0,0,0,0,0,0
KD-089-R6,Medical Records Officer,1,0,0,0,1,0,0,0,0,0,1,0,0
KD-089-R6,Pharmacy Technician,0,0,0,0,0,0,0,0,0,0,0,0,0
KD-089-R6,Environmental Health Officer,0,0,0,0,0,0,0,0,0,0,0,0,0
KD-090-R1,Medical Officer,1,1,0,0,0,1,0,0,0,0,1,1,0
KD-090-R1,Nurse/Midwife,4,4,0,0,0,2,0,0,2,0,0,0,2
KD-090-R1,CHO,0,0,0,0,0,0,0,0,0,0,0,0,0
KD-090-R1,CHEW,7,5,1,0,1,5,0,0,0,0,4,3,2
KD-090-R1,JCHEW,4,1,1,1,1,1,0,0,0,0,1,0,1
KD-090-R1,Medical Lab Technician,1,0,0,0,1,0,0,0,0,0,1,0,0
KD-090-R1,Medical Records Officer,1,1,0,0,0,1,0,0,0,0,1,1,0
KD-090-R1,Pharmacy Technician,1,1,0,0,0,1,0,0,0,0,1,1,0
KD-090-R1,Environmental Health Officer,0,0,0,0,0,0,0,0,0,0,0,0,0
KD-090-R2,Medical Officer,1,1,0,0,0,1,0,0,0,0,1,1,0
KD-090-R2,Nurse/Midwife,4,4,0,0,0,4,0,0,0,0,2,2,2
KD-090-R2,CHO,0,0,0,0,0,0,0,0,0,0,0,0,0
KD-090-R2,CHEW,7,5,1,0,1,5,0,0,0,0,4,3,2
KD-090-R2,JCHEW,4,1,1,1,1,1,0,0,0,0,3,1,0
KD-090-R2,Medical Lab Technician,1,0,0,0,1,0,0,0,0,0,0,0,0
KD-090-R2,Medical Records Officer,1,1,0,0,0,1,0,0,0,0,1,1,0
KD-090-R2,Pharmacy Technician,1,1,0,0,0,1,0,0,0,0,1,1,0
KD-090-R2,Environmental Health Officer,0,0,0,0,0,0,0,0,0,0,0,0,0
KD-090-R3,Medical Officer,1,1,0,0,0,1,0,0,0,0,0,0,1
KD-090-R3,Nurse/Midwife,4,4,0,0,0,4,0,0,0,0,1,1,3
KD-090-R3,CHO,0,0,0,0,0,0,0,0,0,0,0,0,0
KD-090-R3,CHEW,7,5,1,0,1,5,0,0,0,0,2,2,3
KD-090-R3,JCHEW,4,1,1,1,1,1,0,0,0,0,0,0,1
KD-090-R3,Medical Lab Technician,1,0,0,0,1,0,0,0,0,0,0,0,0
KD-090-R3,Medical Records Officer,1,1,0,0,0,1,0,0,0,0,0,0,1
KD-090-R3,Pharmacy Technician,1,1,0,0,0,1,0,0,0,0,0,0,1
KD-090-R3,Environmental Health Officer,0,0,0,0,0,0,0,0,0,0,0,0,0
KD-090-R4,Medical Officer,1,1,0,0,0,1,0,0,0,0,1,1,0
KD-090-R4,Nurse/Midwife,4,4,0,0,0,3,0,0,0,1,2,2,1
KD-090-R4,CHO,0,0,0,0,0,0,0,0,0,0,0,0,0
KD-090-R4,CHEW,7,5,1,0,1,5,0,0,0,0,6,5,0
KD-090-R4,JCHEW,4,1,1,1,1,1,0,0,0,0,2,0,1
KD-090-R4,Medical Lab Technician,1,0,0,0,1,0,0,0,0,0,0,0,0
KD-090-R4,Medical Records Officer,1,1,0,0,0,1,0,0,0,0,0,0,1
KD-090-R4,Pharmacy Technician,1,1,0,0,0,1,0,0,0,0,0,0,1
KD-090-R4,Environmental Health Officer,0,0,0,0,0,0,0,0,0,0,0,0,0
KD-090-R5,Medical Officer,1,1,0,0,0,1,0,0,0,0,1,1,0
KD-090-R5,Nurse/Midwife,4,4,0,0,0,4,0,0,0,0,3,3,1
KD-090-R5,CHO,0,0,0,0,0,0,0,0,0,0,0,0,0
KD-090-R5,CHEW,7,5,1,0,1,5,0,0,0,0,4,4,1
KD-090-R5,JCHEW,4,1,1,1,1,1,0,0,0,0,2,1,0
KD-090-R5,Medical Lab Technician,1,0,0,0,1,0,0,0,0,0,0,0,0
KD-090-R5,Medical Records Officer,1,1,0,0,0,0,0,0,1,0,0,0,0
KD-090-R5,Pharmacy Technician,1,1,0,0,0,0,0,0,1,0,0,0,0
KD-090-R5,Environmental Health Officer,0,0,0,0,0,0,0,0,0,0,0,0,0
KD-090-R6,Medical Officer,1,1,0,0,0,1,0,0,0,0,1,1,0
KD-090-R6,Nurse/Midwife,4,4,0,0,0,4,0,0,0,0,2,2,2
KD-090-R6,CHO,0,0,0,0,0,0,0,0,0,0,0,0,0
KD-090-R6,CHEW,7,5,1,0,1,5,0,0,0,0,4,3,2
KD-090-R6,JCHEW,4,1,1,1,1,1,0,0,0,0,1,1,0
KD-090-R6,Medical Lab Technician,1,0,0,0,1,0,0,0,0,0,0,0,0
KD-090-R6,Medical Records Officer,1,1,0,0,0,1,0,0,0,0,0,0,1
KD-090-R6,Pharmacy Technician,1,1,0,0,0,1,0,0,0,0,0,0,1
KD-090-R6,Environmental Health Officer,0,0,0,0,0,0,0,0,0,0,0,0,0
KD-091-R1,Medical Officer,13,13,0,0,0,12,0,0,1,0,9,9,3
KD-091-R1,Nurse/Midwife,35,30,5,0,0,27,0,0,2,1,19,15,12
KD-091-R1,CHO,8,8,0,0,0,8,0,0,0,0,5,5,3
KD-091-R1,CHEW,10,5,3,0,2,5,0,0,0,0,8,4,1
KD-091-R1,JCHEW,6,5,1,0,0,5,0,0,0,0,5,5,0
KD-091-R1,Medical Lab Technician,10,9,0,1,0,7,0,0,1,1,7,6,1
KD-091-R1,Medical Records Officer,6,6,0,0,0,4,0,0,2,0,3,3,1
KD-091-R1,Pharmacy Technician,8,7,0,1,0,6,0,0,1,0,7,6,0
KD-091-R1,Environmental Health Officer,5,5,0,0,0,5,0,0,0,0,3,3,2
KD-091-R2,Medical Officer,13,13,0,0,0,13,0,0,0,0,9,9,4
KD-091-R2,Nurse/Midwife,35,30,5,0,0,25,0,0,2,3,28,23,2
KD-091-R2,CHO,8,8,0,0,0,6,0,0,0,2,5,5,1
KD-091-R2,CHEW,10,5,3,0,2,5,0,0,0,0,6,3,2
KD-091-R2,JCHEW,6,5,1,0,0,5,0,0,0,0,4,3,2
KD-091-R2,Medical Lab Technician,10,9,0,1,0,9,0,0,0,0,9,8,1
KD-091-R2,Medical Records Officer,6,6,0,0,0,4,0,0,2,0,3,3,1
KD-091-R2,Pharmacy Technician,8,7,0,1,0,6,0,0,0,1,7,6,0
KD-091-R2,Environmental Health Officer,5,5,0,0,0,5,0,0,0,0,4,4,1
KD-091-R3,Medical Officer,13,13,0,0,0,10,0,0,1,2,6,6,4
KD-091-R3,Nurse/Midwife,35,30,5,0,0,28,0,0,1,1,22,20,8
KD-091-R3,CHO,8,8,0,0,0,8,0,0,0,0,6,6,2
KD-091-R3,CHEW,10,5,3,0,2,5,0,0,0,0,9,4,1
KD-091-R3,JCHEW,6,5,1,0,0,5,0,0,0,0,4,4,1
KD-091-R3,Medical Lab Technician,10,9,0,1,0,9,0,0,0,0,4,4,5
KD-091-R3,Medical Records Officer,6,6,0,0,0,5,0,0,0,1,2,2,3
KD-091-R3,Pharmacy Technician,8,7,0,1,0,7,0,0,0,0,5,4,3
KD-091-R3,Environmental Health Officer,5,5,0,0,0,4,0,0,1,0,3,3,1
KD-091-R4,Medical Officer,13,13,0,0,0,12,0,0,0,1,8,8,4
KD-091-R4,Nurse/Midwife,35,30,5,0,0,29,0,0,0,1,27,24,5
KD-091-R4,CHO,8,8,0,0,0,8,0,0,0,0,7,7,1
KD-091-R4,CHEW,10,5,3,0,2,5,0,0,0,0,5,3,2
KD-091-R4,JCHEW,6,5,1,0,0,5,0,0,0,0,5,4,1
KD-091-R4,Medical Lab Technician,10,9,0,1,0,8,0,0,1,0,6,5,3
KD-091-R4,Medical Records Officer,6,6,0,0,0,4,0,0,1,1,2,2,2
KD-091-R4,Pharmacy Technician,8,7,0,1,0,6,0,0,1,0,7,6,0
KD-091-R4,Environmental Health Officer,5,5,0,0,0,5,0,0,0,0,4,4,1
KD-091-R5,Medical Officer,13,13,0,0,0,11,0,0,1,1,9,9,2
KD-091-R5,Nurse/Midwife,35,30,5,0,0,27,0,0,1,2,27,23,4
KD-091-R5,CHO,8,8,0,0,0,8,0,0,0,0,6,6,2
KD-091-R5,CHEW,10,5,3,0,2,5,0,0,0,0,9,5,0
KD-091-R5,JCHEW,6,5,1,0,0,4,0,0,0,1,5,4,0
KD-091-R5,Medical Lab Technician,10,9,0,1,0,8,0,0,0,1,9,8,0
KD-091-R5,Medical Records Officer,6,6,0,0,0,6,0,0,0,0,6,6,0
KD-091-R5,Pharmacy Technician,8,7,0,1,0,7,0,0,0,0,6,5,2
KD-091-R5,Environmental Health Officer,5,5,0,0,0,5,0,0,0,0,3,3,2
KD-091-R6,Medical Officer,13,13,0,0,0,11,0,0,2,0,8,8,3
KD-091-R6,Nurse/Midwife,35,30,5,0,0,29,0,0,1,0,28,25,4
KD-091-R6,CHO,8,8,0,0,0,8,0,0,0,0,5,5,3
KD-091-R6,CHEW,10,5,3,0,2,4,0,0,0,1,5,3,1
KD-091-R6,JCHEW,6,5,1,0,0,5,0,0,0,0,5,4,1
KD-091-R6,Medical Lab Technician,10,9,0,1,0,9,0,0,0,0,6,5,4
KD-091-R6,Medical Records Officer,6,6,0,0,0,6,0,0,0,0,6,6,0
KD-091-R6,Pharmacy Technician,8,7,0,1,0,7,0,0,0,0,6,5,2
KD-091-R6,Environmental Health Officer,5,5,0,0,0,4,0,0,0,1,4,4,0
KD-092-R1,Medical Officer,1,0,0,0,1,0,0,0,0,0,0,0,0
KD-092-R1,Nurse/Midwife,0,0,0,0,0,0,0,0,0,0,0,0,0
KD-092-R1,CHO,1,1,0,0,0,1,0,0,0,0,1,1,0
KD-092-R1,CHEW,5,1,0,0,4,1,0,0,0,0,3,0,1
KD-092-R1,JCHEW,4,1,1,0,2,1,0,0,0,0,1,0,1
KD-092-R1,Medical Lab Technician,0,0,0,0,0,0,0,0,0,0,0,0,0
KD-092-R1,Medical Records Officer,2,0,0,0,2,0,0,0,0,0,2,0,0
KD-092-R1,Pharmacy Technician,0,0,0,0,0,0,0,0,0,0,0,0,0
KD-092-R1,Environmental Health Officer,0,0,0,0,0,0,0,0,0,0,0,0,0
KD-092-R2,Medical Officer,1,0,0,0,1,0,0,0,0,0,1,0,0
KD-092-R2,Nurse/Midwife,0,0,0,0,0,0,0,0,0,0,0,0,0
KD-092-R2,CHO,1,1,0,0,0,1,0,0,0,0,1,1,0
KD-092-R2,CHEW,5,1,0,0,4,1,0,0,0,0,2,1,0
KD-092-R2,JCHEW,4,1,1,0,2,1,0,0,0,0,3,1,0
KD-092-R2,Medical Lab Technician,0,0,0,0,0,0,0,0,0,0,0,0,0
KD-092-R2,Medical Records Officer,2,0,0,0,2,0,0,0,0,0,1,0,0
KD-092-R2,Pharmacy Technician,0,0,0,0,0,0,0,0,0,0,0,0,0
KD-092-R2,Environmental Health Officer,0,0,0,0,0,0,0,0,0,0,0,0,0
KD-092-R3,Medical Officer,1,0,0,0,1,0,0,0,0,0,0,0,0
KD-092-R3,Nurse/Midwife,0,0,0,0,0,0,0,0,0,0,0,0,0
KD-092-R3,CHO,1,1,0,0,0,0,0,0,1,0,0,0,0
KD-092-R3,CHEW,5,1,0,0,4,1,0,0,0,0,3,1,0
KD-092-R3,JCHEW,4,1,1,0,2,1,0,0,0,0,0,0,1
KD-092-R3,Medical Lab Technician,0,0,0,0,0,0,0,0,0,0,0,0,0
KD-092-R3,Medical Records Officer,2,0,0,0,2,0,0,0,0,0,2,0,0
KD-092-R3,Pharmacy Technician,0,0,0,0,0,0,0,0,0,0,0,0,0
KD-092-R3,Environmental Health Officer,0,0,0,0,0,0,0,0,0,0,0,0,0
KD-092-R4,Medical Officer,1,0,0,0,1,0,0,0,0,0,0,0,0
KD-092-R4,Nurse/Midwife,0,0,0,0,0,0,0,0,0,0,0,0,0
KD-092-R4,CHO,1,1,0,0,0,1,0,0,0,0,0,0,1
KD-092-R4,CHEW,5,1,0,0,4,1,0,0,0,0,3,0,1
KD-092-R4,JCHEW,4,1,1,0,2,1,0,0,0,0,2,0,1
KD-092-R4,Medical Lab Technician,0,0,0,0,0,0,0,0,0,0,0,0,0
KD-092-R4,Medical Records Officer,2,0,0,0,2,0,0,0,0,0,2,0,0
KD-092-R4,Pharmacy Technician,0,0,0,0,0,0,0,0,0,0,0,0,0
KD-092-R4,Environmental Health Officer,0,0,0,0,0,0,0,0,0,0,0,0,0
KD-092-R5,Medical Officer,1,0,0,0,1,0,0,0,0,0,0,0,0
KD-092-R5,Nurse/Midwife,0,0,0,0,0,0,0,0,0,0,0,0,0
KD-092-R5,CHO,1,1,0,0,0,1,0,0,0,0,0,0,1
KD-092-R5,CHEW,5,1,0,0,4,1,0,0,0,0,2,1,0
KD-092-R5,JCHEW,4,1,1,0,2,1,0,0,0,0,2,1,0
KD-092-R5,Medical Lab Technician,0,0,0,0,0,0,0,0,0,0,0,0,0
KD-092-R5,Medical Records Officer,2,0,0,0,2,0,0,0,0,0,1,0,0
KD-092-R5,Pharmacy Technician,0,0,0,0,0,0,0,0,0,0,0,0,0
KD-092-R5,Environmental Health Officer,0,0,0,0,0,0,0,0,0,0,0,0,0
KD-092-R6,Medical Officer,1,0,0,0,1,0,0,0,0,0,0,0,0
KD-092-R6,Nurse/Midwife,0,0,0,0,0,0,0,0,0,0,0,0,0
KD-092-R6,CHO,1,1,0,0,0,1,0,0,0,0,1,1,0
KD-092-R6,CHEW,5,1,0,0,4,1,0,0,0,0,4,1,0
KD-092-R6,JCHEW,4,1,1,0,2,0,0,0,1,0,0,0,0
KD-092-R6,Medical Lab Technician,0,0,0,0,0,0,0,0,0,0,0,0,0
KD-092-R6,Medical Records Officer,2,0,0,0,2,0,0,0,0,0,0,0,0
KD-092-R6,Pharmacy Technician,0,0,0,0,0,0,0,0,0,0,0,0,0
KD-092-R6,Environmental Health Officer,0,0,0,0,0,0,0,0,0,0,0,0,0
KD-093-R1,Medical Officer,0,0,0,0,0,0,0,0,0,0,0,0,0
KD-093-R1,Nurse/Midwife,0,0,0,0,0,0,0,0,0,0,0,0,0
KD-093-R1,CHO,1,0,1,0,0,0,0,0,0,0,0,0,0
KD-093-R1,CHEW,2,0,0,0,2,0,0,0,0,0,1,0,0
KD-093-R1,JCHEW,1,0,0,0,1,0,0,0,0,0,0,0,0
KD-093-R1,Medical Lab Technician,0,0,0,0,0,0,0,0,0,0,0,0,0
KD-093-R1,Medical Records Officer,1,0,0,0,1,0,0,0,0,0,1,0,0
KD-093-R1,Pharmacy Technician,0,0,0,0,0,0,0,0,0,0,0,0,0
KD-093-R1,Environmental Health Officer,0,0,0,0,0,0,0,0,0,0,0,0,0
KD-093-R2,Medical Officer,0,0,0,0,0,0,0,0,0,0,0,0,0
KD-093-R2,Nurse/Midwife,0,0,0,0,0,0,0,0,0,0,0,0,0
KD-093-R2,CHO,1,0,1,0,0,0,0,0,0,0,1,0,0
KD-093-R2,CHEW,2,0,0,0,2,0,0,0,0,0,2,0,0
KD-093-R2,JCHEW,1,0,0,0,1,0,0,0,0,0,1,0,0
KD-093-R2,Medical Lab Technician,0,0,0,0,0,0,0,0,0,0,0,0,0
KD-093-R2,Medical Records Officer,1,0,0,0,1,0,0,0,0,0,0,0,0
KD-093-R2,Pharmacy Technician,0,0,0,0,0,0,0,0,0,0,0,0,0
KD-093-R2,Environmental Health Officer,0,0,0,0,0,0,0,0,0,0,0,0,0
KD-093-R3,Medical Officer,0,0,0,0,0,0,0,0,0,0,0,0,0
KD-093-R3,Nurse/Midwife,0,0,0,0,0,0,0,0,0,0,0,0,0
KD-093-R3,CHO,1,0,1,0,0,0,0,0,0,0,0,0,0
KD-093-R3,CHEW,2,0,0,0,2,0,0,0,0,0,1,0,0
KD-093-R3,JCHEW,1,0,0,0,1,0,0,0,0,0,1,0,0
KD-093-R3,Medical Lab Technician,0,0,0,0,0,0,0,0,0,0,0,0,0
KD-093-R3,Medical Records Officer,1,0,0,0,1,0,0,0,0,0,1,0,0
KD-093-R3,Pharmacy Technician,0,0,0,0,0,0,0,0,0,0,0,0,0
KD-093-R3,Environmental Health Officer,0,0,0,0,0,0,0,0,0,0,0,0,0
KD-093-R4,Medical Officer,0,0,0,0,0,0,0,0,0,0,0,0,0
KD-093-R4,Nurse/Midwife,0,0,0,0,0,0,0,0,0,0,0,0,0
KD-093-R4,CHO,1,0,1,0,0,0,0,0,0,0,1,0,0
KD-093-R4,CHEW,2,0,0,0,2,0,0,0,0,0,2,0,0
KD-093-R4,JCHEW,1,0,0,0,1,0,0,0,0,0,0,0,0
KD-093-R4,Medical Lab Technician,0,0,0,0,0,0,0,0,0,0,0,0,0
KD-093-R4,Medical Records Officer,1,0,0,0,1,0,0,0,0,0,0,0,0
KD-093-R4,Pharmacy Technician,0,0,0,0,0,0,0,0,0,0,0,0,0
KD-093-R4,Environmental Health Officer,0,0,0,0,0,0,0,0,0,0,0,0,0
KD-093-R5,Medical Officer,0,0,0,0,0,0,0,0,0,0,0,0,0
KD-093-R5,Nurse/Midwife,0,0,0,0,0,0,0,0,0,0,0,0,0
KD-093-R5,CHO,1,0,1,0,0,0,0,0,0,0,0,0,0
KD-093-R5,CHEW,2,0,0,0,2,0,0,0,0,0,1,0,0
KD-093-R5,JCHEW,1,0,0,0,1,0,0,0,0,0,1,0,0
KD-093-R5,Medical Lab Technician,0,0,0,0,0,0,0,0,0,0,0,0,0
KD-093-R5,Medical Records Officer,1,0,0,0,1,0,0,0,0,0,0,0,0
KD-093-R5,Pharmacy Technician,0,0,0,0,0,0,0,0,0,0,0,0,0
KD-093-R5,Environmental Health Officer,0,0,0,0,0,0,0,0,0,0,0,0,0
KD-093-R6,Medical Officer,0,0,0,0,0,0,0,0,0,0,0,0,0
KD-093-R6,Nurse/Midwife,0,0,0,0,0,0,0,0,0,0,0,0,0
KD-093-R6,CHO,1,0,1,0,0,0,0,0,0,0,1,0,0
KD-093-R6,CHEW,2,0,0,0,2,0,0,0,0,0,1,0,0
KD-093-R6,JCHEW,1,0,0,0,1,0,0,0,0,0,1,0,0
KD-093-R6,Medical Lab Technician,0,0,0,0,0,0,0,0,0,0,0,0,0
KD-093-R6,Medical Records Officer,1,0,0,0,1,0,0,0,0,0,0,0,0
KD-093-R6,Pharmacy Technician,0,0,0,0,0,0,0,0,0,0,0,0,0
KD-093-R6,Environmental Health Officer,0,0,0,0,0,0,0,0,0,0,0,0,0
KD-094-R1,Medical Officer,2,2,0,0,0,2,0,0,0,0,2,2,0
KD-094-R1,Nurse/Midwife,7,5,1,1,0,3,1,1,0,0,7,5,0
KD-094-R1,CHO,1,1,0,0,0,1,0,0,0,0,1,1,0
KD-094-R1,CHEW,8,6,1,0,1,3,1,2,0,0,6,5,1
KD-094-R1,JCHEW,7,5,1,0,1,2,0,0,3,0,3,2,0
KD-094-R1,Medical Lab Technician,0,0,0,0,0,0,0,0,0,0,0,0,0
KD-094-R1,Medical Records Officer,5,2,1,0,2,2,0,0,0,0,4,2,0
KD-094-R1,Pharmacy Technician,6,4,0,1,1,2,1,1,0,0,6,4,0
KD-094-R1,Environmental Health Officer,0,0,0,0,0,0,0,0,0,0,0,0,0
KD-094-R2,Medical Officer,2,2,0,0,0,2,0,0,0,0,2,2,0
KD-094-R2,Nurse/Midwife,7,5,1,1,0,3,1,1,0,0,4,4,1
KD-094-R2,CHO,1,1,0,0,0,1,0,0,0,0,1,1,0
KD-094-R2,CHEW,8,6,1,0,1,3,1,1,1,0,4,2,3
KD-094-R2,JCHEW,7,5,1,0,1,3,1,1,0,0,2,2,3
KD-094-R2,Medical Lab Technician,0,0,0,0,0,0,0,0,0,0,0,0,0
KD-094-R2,Medical Records Officer,5,2,1,0,2,2,0,0,0,0,2,1,1
KD-094-R2,Pharmacy Technician,6,4,0,1,1,2,1,1,0,0,4,3,1
KD-094-R2,Environmental Health Officer,0,0,0,0,0,0,0,0,0,0,0,0,0
KD-094-R3,Medical Officer,2,2,0,0,0,2,0,0,0,0,0,0,2
KD-094-R3,Nurse/Midwife,7,5,1,1,0,3,1,1,0,0,5,3,2
KD-094-R3,CHO,1,1,0,0,0,1,0,0,0,0,1,1,0
KD-094-R3,CHEW,8,6,1,0,1,3,1,2,0,0,6,4,2
KD-094-R3,JCHEW,7,5,1,0,1,3,1,1,0,0,5,4,1
KD-094-R3,Medical Lab Technician,0,0,0,0,0,0,0,0,0,0,0,0,0
KD-094-R3,Medical Records Officer,5,2,1,0,2,2,0,0,0,0,2,2,0
KD-094-R3,Pharmacy Technician,6,4,0,1,1,2,0,1,1,0,5,3,0
KD-094-R3,Environmental Health Officer,0,0,0,0,0,0,0,0,0,0,0,0,0
KD-094-R4,Medical Officer,2,2,0,0,0,2,0,0,0,0,2,2,0
KD-094-R4,Nurse/Midwife,7,5,1,1,0,2,1,1,1,0,4,3,1
KD-094-R4,CHO,1,1,0,0,0,1,0,0,0,0,1,1,0
KD-094-R4,CHEW,8,6,1,0,1,3,1,1,0,1,6,5,0
KD-094-R4,JCHEW,7,5,1,0,1,3,1,1,0,0,4,3,2
KD-094-R4,Medical Lab Technician,0,0,0,0,0,0,0,0,0,0,0,0,0
KD-094-R4,Medical Records Officer,5,2,1,0,2,1,0,0,0,1,3,0,1
KD-094-R4,Pharmacy Technician,6,4,0,1,1,2,0,1,0,1,3,1,2
KD-094-R4,Environmental Health Officer,0,0,0,0,0,0,0,0,0,0,0,0,0
KD-094-R5,Medical Officer,2,2,0,0,0,0,0,0,2,0,0,0,0
KD-094-R5,Nurse/Midwife,7,5,1,1,0,2,0,1,1,1,2,1,2
KD-094-R5,CHO,1,1,0,0,0,1,0,0,0,0,0,0,1
KD-094-R5,CHEW,8,6,1,0,1,3,1,2,0,0,5,4,2
KD-094-R5,JCHEW,7,5,1,0,1,2,1,1,0,1,6,4,0
KD-094-R5,Medical Lab Technician,0,0,0,0,0,0,0,0,0,0,0,0,0
KD-094-R5,Medical Records Officer,5,2,1,0,2,2,0,0,0,0,4,2,0
KD-094-R5,Pharmacy Technician,6,4,0,1,1,2,1,1,0,0,4,2,2
KD-094-R5,Environmental Health Officer,0,0,0,0,0,0,0,0,0,0,0,0,0
KD-094-R6,Medical Officer,2,2,0,0,0,2,0,0,0,0,2,2,0
KD-094-R6,Nurse/Midwife,7,5,1,1,0,2,1,1,1,0,4,3,1
KD-094-R6,CHO,1,1,0,0,0,0,0,0,0,1,0,0,0
KD-094-R6,CHEW,8,6,1,0,1,3,1,2,0,0,3,3,3
KD-094-R6,JCHEW,7,5,1,0,1,2,0,1,1,1,5,3,0
KD-094-R6,Medical Lab Technician,0,0,0,0,0,0,0,0,0,0,0,0,0
KD-094-R6,Medical Records Officer,5,2,1,0,2,1,0,0,1,0,3,1,0
KD-094-R6,Pharmacy Technician,6,4,0,1,1,2,0,0,2,0,2,1,1
KD-094-R6,Environmental Health Officer,0,0,0,0,0,0,0,0,0,0,0,0,0
KD-095-R1,Medical Officer,0,0,0,0,0,0,0,0,0,0,0,0,0
KD-095-R1,Nurse/Midwife,0,0,0,0,0,0,0,0,0,0,0,0,0
KD-095-R1,CHO,1,1,0,0,0,1,0,0,0,0,0,0,1
KD-095-R1,CHEW,3,2,0,0,1,1,0,0,0,1,2,1,0
KD-095-R1,JCHEW,5,5,0,0,0,5,0,0,0,0,2,2,3
KD-095-R1,Medical Lab Technician,1,0,1,0,0,0,0,0,0,0,1,0,0
KD-095-R1,Medical Records Officer,1,0,0,0,1,0,0,0,0,0,1,0,0
KD-095-R1,Pharmacy Technician,0,0,0,0,0,0,0,0,0,0,0,0,0
KD-095-R1,Environmental Health Officer,0,0,0,0,0,0,0,0,0,0,0,0,0
KD-095-R2,Medical Officer,0,0,0,0,0,0,0,0,0,0,0,0,0
KD-095-R2,Nurse/Midwife,0,0,0,0,0,0,0,0,0,0,0,0,0
KD-095-R2,CHO,1,1,0,0,0,1,0,0,0,0,0,0,1
KD-095-R2,CHEW,3,2,0,0,1,2,0,0,0,0,2,2,0
KD-095-R2,JCHEW,5,5,0,0,0,4,0,0,0,1,3,3,1
KD-095-R2,Medical Lab Technician,1,0,1,0,0,0,0,0,0,0,1,0,0
KD-095-R2,Medical Records Officer,1,0,0,0,1,0,0,0,0,0,0,0,0
KD-095-R2,Pharmacy Technician,0,0,0,0,0,0,0,0,0,0,0,0,0
KD-095-R2,Environmental Health Officer,0,0,0,0,0,0,0,0,0,0,0,0,0
KD-095-R3,Medical Officer,0,0,0,0,0,0,0,0,0,0,0,0,0
KD-095-R3,Nurse/Midwife,0,0,0,0,0,0,0,0,0,0,0,0,0
KD-095-R3,CHO,1,1,0,0,0,1,0,0,0,0,1,1,0
KD-095-R3,CHEW,3,2,0,0,1,2,0,0,0,0,2,2,0
KD-095-R3,JCHEW,5,5,0,0,0,5,0,0,0,0,2,2,3
KD-095-R3,Medical Lab Technician,1,0,1,0,0,0,0,0,0,0,0,0,0
KD-095-R3,Medical Records Officer,1,0,0,0,1,0,0,0,0,0,1,0,0
KD-095-R3,Pharmacy Technician,0,0,0,0,0,0,0,0,0,0,0,0,0
KD-095-R3,Environmental Health Officer,0,0,0,0,0,0,0,0,0,0,0,0,0
KD-095-R4,Medical Officer,0,0,0,0,0,0,0,0,0,0,0,0,0
KD-095-R4,Nurse/Midwife,0,0,0,0,0,0,0,0,0,0,0,0,0
KD-095-R4,CHO,1,1,0,0,0,1,0,0,0,0,1,1,0
KD-095-R4,CHEW,3,2,0,0,1,2,0,0,0,0,2,2,0
KD-095-R4,JCHEW,5,5,0,0,0,5,0,0,0,0,3,3,2
KD-095-R4,Medical Lab Technician,1,0,1,0,0,0,0,0,0,0,1,0,0
KD-095-R4,Medical Records Officer,1,0,0,0,1,0,0,0,0,0,0,0,0
KD-095-R4,Pharmacy Technician,0,0,0,0,0,0,0,0,0,0,0,0,0
KD-095-R4,Environmental Health Officer,0,0,0,0,0,0,0,0,0,0,0,0,0
KD-095-R5,Medical Officer,0,0,0,0,0,0,0,0,0,0,0,0,0
KD-095-R5,Nurse/Midwife,0,0,0,0,0,0,0,0,0,0,0,0,0
KD-095-R5,CHO,1,1,0,0,0,1,0,0,0,0,1,1,0
KD-095-R5,CHEW,3,2,0,0,1,2,0,0,0,0,3,2,0
KD-095-R5,JCHEW,5,5,0,0,0,3,0,0,0,2,3,3,0
KD-095-R5,Medical Lab Technician,1,0,1,0,0,0,0,0,0,0,1,0,0
KD-095-R5,Medical Records Officer,1,0,0,0,1,0,0,0,0,0,1,0,0
KD-095-R5,Pharmacy Technician,0,0,0,0,0,0,0,0,0,0,0,0,0
KD-095-R5,Environmental Health Officer,0,0,0,0,0,0,0,0,0,0,0,0,0
KD-095-R6,Medical Officer,0,0,0,0,0,0,0,0,0,0,0,0,0
KD-095-R6,Nurse/Midwife,0,0,0,0,0,0,0,0,0,0,0,0,0
KD-095-R6,CHO,1,1,0,0,0,1,0,0,0,0,1,1,0
KD-095-R6,CHEW,3,2,0,0,1,2,0,0,0,0,3,2,0
KD-095-R6,JCHEW,5,5,0,0,0,5,0,0,0,0,3,3,2
KD-095-R6,Medical Lab Technician,1,0,1,0,0,0,0,0,0,0,0,0,0
KD-095-R6,Medical Records Officer,1,0,0,0,1,0,0,0,0,0,1,0,0
KD-095-R6,Pharmacy Technician,0,0,0,0,0,0,0,0,0,0,0,0,0
KD-095-R6,Environmental Health Officer,0,0,0,0,0,0,0,0,0,0,0,0,0
KD-096-R1,Medical Officer,0,0,0,0,0,0,0,0,0,0,0,0,0
KD-096-R1,Nurse/Midwife,0,0,0,0,0,0,0,0,0,0,0,0,0
KD-096-R1,CHO,0,0,0,0,0,0,0,0,0,0,0,0,0
KD-096-R1,CHEW,1,1,0,0,0,1,0,0,0,0,0,0,1
KD-096-R1,JCHEW,2,1,0,0,1,1,0,0,0,0,1,0,1
KD-096-R1,Medical Lab Technician,0,0,0,0,0,0,0,0,0,0,0,0,0
KD-096-R1,Medical Records Officer,1,1,0,0,0,1,0,0,0,0,0,0,1
KD-096-R1,Pharmacy Technician,0,0,0,0,0,0,0,0,0,0,0,0,0
KD-096-R1,Environmental Health Officer,0,0,0,0,0,0,0,0,0,0,0,0,0
KD-096-R2,Medical Officer,0,0,0,0,0,0,0,0,0,0,0,0,0
KD-096-R2,Nurse/Midwife,0,0,0,0,0,0,0,0,0,0,0,0,0
KD-096-R2,CHO,0,0,0,0,0,0,0,0,0,0,0,0,0
KD-096-R2,CHEW,1,1,0,0,0,1,0,0,0,0,0,0,1
KD-096-R2,JCHEW,2,1,0,0,1,1,0,0,0,0,2,1,0
KD-096-R2,Medical Lab Technician,0,0,0,0,0,0,0,0,0,0,0,0,0
KD-096-R2,Medical Records Officer,1,1,0,0,0,1,0,0,0,0,1,1,0
KD-096-R2,Pharmacy Technician,0,0,0,0,0,0,0,0,0,0,0,0,0
KD-096-R2,Environmental Health Officer,0,0,0,0,0,0,0,0,0,0,0,0,0
KD-096-R3,Medical Officer,0,0,0,0,0,0,0,0,0,0,0,0,0
KD-096-R3,Nurse/Midwife,0,0,0,0,0,0,0,0,0,0,0,0,0
KD-096-R3,CHO,0,0,0,0,0,0,0,0,0,0,0,0,0
KD-096-R3,CHEW,1,1,0,0,0,1,0,0,0,0,1,1,0
KD-096-R3,JCHEW,2,1,0,0,1,1,0,0,0,0,2,1,0
KD-096-R3,Medical Lab Technician,0,0,0,0,0,0,0,0,0,0,0,0,0
KD-096-R3,Medical Records Officer,1,1,0,0,0,0,0,0,0,1,0,0,0
KD-096-R3,Pharmacy Technician,0,0,0,0,0,0,0,0,0,0,0,0,0
KD-096-R3,Environmental Health Officer,0,0,0,0,0,0,0,0,0,0,0,0,0
KD-096-R4,Medical Officer,0,0,0,0,0,0,0,0,0,0,0,0,0
KD-096-R4,Nurse/Midwife,0,0,0,0,0,0,0,0,0,0,0,0,0
KD-096-R4,CHO,0,0,0,0,0,0,0,0,0,0,0,0,0
KD-096-R4,CHEW,1,1,0,0,0,1,0,0,0,0,0,0,1
KD-096-R4,JCHEW,2,1,0,0,1,1,0,0,0,0,0,0,1
KD-096-R4,Medical Lab Technician,0,0,0,0,0,0,0,0,0,0,0,0,0
KD-096-R4,Medical Records Officer,1,1,0,0,0,1,0,0,0,0,0,0,1
KD-096-R4,Pharmacy Technician,0,0,0,0,0,0,0,0,0,0,0,0,0
KD-096-R4,Environmental Health Officer,0,0,0,0,0,0,0,0,0,0,0,0,0
KD-096-R5,Medical Officer,0,0,0,0,0,0,0,0,0,0,0,0,0
KD-096-R5,Nurse/Midwife,0,0,0,0,0,0,0,0,0,0,0,0,0
KD-096-R5,CHO,0,0,0,0,0,0,0,0,0,0,0,0,0
KD-096-R5,CHEW,1,1,0,0,0,1,0,0,0,0,0,0,1
KD-096-R5,JCHEW,2,1,0,0,1,1,0,0,0,0,0,0,1
KD-096-R5,Medical Lab Technician,0,0,0,0,0,0,0,0,0,0,0,0,0
KD-096-R5,Medical Records Officer,1,1,0,0,0,1,0,0,0,0,0,0,1
KD-096-R5,Pharmacy Technician,0,0,0,0,0,0,0,0,0,0,0,0,0
KD-096-R5,Environmental Health Officer,0,0,0,0,0,0,0,0,0,0,0,0,0
KD-096-R6,Medical Officer,0,0,0,0,0,0,0,0,0,0,0,0,0
KD-096-R6,Nurse/Midwife,0,0,0,0,0,0,0,0,0,0,0,0,0
KD-096-R6,CHO,0,0,0,0,0,0,0,0,0,0,0,0,0
KD-096-R6,CHEW,1,1,0,0,0,1,0,0,0,0,0,0,1
KD-096-R6,JCHEW,2,1,0,0,1,1,0,0,0,0,1,1,0
KD-096-R6,Medical Lab Technician,0,0,0,0,0,0,0,0,0,0,0,0,0
KD-096-R6,Medical Records Officer,1,1,0,0,0,1,0,0,0,0,0,0,1
KD-096-R6,Pharmacy Technician,0,0,0,0,0,0,0,0,0,0,0,0,0
KD-096-R6,Environmental Health Officer,0,0,0,0,0,0,0,0,0,0,0,0,0
KD-097-R1,Medical Officer,0,0,0,0,0,0,0,0,0,0,0,0,0
KD-097-R1,Nurse/Midwife,0,0,0,0,0,0,0,0,0,0,0,0,0
KD-097-R1,CHO,0,0,0,0,0,0,0,0,0,0,0,0,0
KD-097-R1,CHEW,1,0,0,0,1,0,0,0,0,0,0,0,0
KD-097-R1,JCHEW,4,3,0,0,1,2,0,0,0,1,0,0,2
KD-097-R1,Medical Lab Technician,0,0,0,0,0,0,0,0,0,0,0,0,0
KD-097-R1,Medical Records Officer,0,0,0,0,0,0,0,0,0,0,0,0,0
KD-097-R1,Pharmacy Technician,1,1,0,0,0,1,0,0,0,0,1,1,0
KD-097-R1,Environmental Health Officer,0,0,0,0,0,0,0,0,0,0,0,0,0
KD-097-R2,Medical Officer,0,0,0,0,0,0,0,0,0,0,0,0,0
KD-097-R2,Nurse/Midwife,0,0,0,0,0,0,0,0,0,0,0,0,0
KD-097-R2,CHO,0,0,0,0,0,0,0,0,0,0,0,0,0
KD-097-R2,CHEW,1,0,0,0,1,0,0,0,0,0,1,0,0
KD-097-R2,JCHEW,4,3,0,0,1,1,0,0,1,1,1,0,1
KD-097-R2,Medical Lab Technician,0,0,0,0,0,0,0,0,0,0,0,0,0
KD-097-R2,Medical Records Officer,0,0,0,0,0,0,0,0,0,0,0,0,0
KD-097-R2,Pharmacy Technician,1,1,0,0,0,1,0,0,0,0,0,0,1
KD-097-R2,Environmental Health Officer,0,0,0,0,0,0,0,0,0,0,0,0,0
KD-097-R3,Medical Officer,0,0,0,0,0,0,0,0,0,0,0,0,0
KD-097-R3,Nurse/Midwife,0,0,0,0,0,0,0,0,0,0,0,0,0
KD-097-R3,CHO,0,0,0,0,0,0,0,0,0,0,0,0,0
KD-097-R3,CHEW,1,0,0,0,1,0,0,0,0,0,1,0,0
KD-097-R3,JCHEW,4,3,0,0,1,1,0,0,1,1,1,1,0
KD-097-R3,Medical Lab Technician,0,0,0,0,0,0,0,0,0,0,0,0,0
KD-097-R3,Medical Records Officer,0,0,0,0,0,0,0,0,0,0,0,0,0
KD-097-R3,Pharmacy Technician,1,1,0,0,0,1,0,0,0,0,1,1,0
KD-097-R3,Environmental Health Officer,0,0,0,0,0,0,0,0,0,0,0,0,0
KD-097-R4,Medical Officer,0,0,0,0,0,0,0,0,0,0,0,0,0
KD-097-R4,Nurse/Midwife,0,0,0,0,0,0,0,0,0,0,0,0,0
KD-097-R4,CHO,0,0,0,0,0,0,0,0,0,0,0,0,0
KD-097-R4,CHEW,1,0,0,0,1,0,0,0,0,0,0,0,0
KD-097-R4,JCHEW,4,3,0,0,1,2,0,1,0,0,0,0,3
KD-097-R4,Medical Lab Technician,0,0,0,0,0,0,0,0,0,0,0,0,0
KD-097-R4,Medical Records Officer,0,0,0,0,0,0,0,0,0,0,0,0,0
KD-097-R4,Pharmacy Technician,1,1,0,0,0,1,0,0,0,0,0,0,1
KD-097-R4,Environmental Health Officer,0,0,0,0,0,0,0,0,0,0,0,0,0
KD-097-R5,Medical Officer,0,0,0,0,0,0,0,0,0,0,0,0,0
KD-097-R5,Nurse/Midwife,0,0,0,0,0,0,0,0,0,0,0,0,0
KD-097-R5,CHO,0,0,0,0,0,0,0,0,0,0,0,0,0
KD-097-R5,CHEW,1,0,0,0,1,0,0,0,0,0,0,0,0
KD-097-R5,JCHEW,4,3,0,0,1,1,0,0,1,1,2,1,0
KD-097-R5,Medical Lab Technician,0,0,0,0,0,0,0,0,0,0,0,0,0
KD-097-R5,Medical Records Officer,0,0,0,0,0,0,0,0,0,0,0,0,0
KD-097-R5,Pharmacy Technician,1,1,0,0,0,1,0,0,0,0,1,1,0
KD-097-R5,Environmental Health Officer,0,0,0,0,0,0,0,0,0,0,0,0,0
KD-097-R6,Medical Officer,0,0,0,0,0,0,0,0,0,0,0,0,0
KD-097-R6,Nurse/Midwife,0,0,0,0,0,0,0,0,0,0,0,0,0
KD-097-R6,CHO,0,0,0,0,0,0,0,0,0,0,0,0,0
KD-097-R6,CHEW,1,0,0,0,1,0,0,0,0,0,0,0,0
KD-097-R6,JCHEW,4,3,0,0,1,2,0,1,0,0,1,1,2
KD-097-R6,Medical Lab Technician,0,0,0,0,0,0,0,0,0,0,0,0,0
KD-097-R6,Medical Records Officer,0,0,0,0,0,0,0,0,0,0,0,0,0
KD-097-R6,Pharmacy Technician,1,1,0,0,0,1,0,0,0,0,1,1,0
KD-097-R6,Environmental Health Officer,0,0,0,0,0,0,0,0,0,0,0,0,0
KD-098-R1,Medical Officer,0,0,0,0,0,0,0,0,0,0,0,0,0
KD-098-R1,Nurse/Midwife,4,4,0,0,0,2,0,0,1,1,2,2,0
KD-098-R1,CHO,0,0,0,0,0,0,0,0,0,0,0,0,0
KD-098-R1,CHEW,7,4,2,0,1,2,1,1,0,0,1,1,3
KD-098-R1,JCHEW,9,3,2,1,3,1,0,0,1,1,2,0,1
KD-098-R1,Medical Lab Technician,0,0,0,0,0,0,0,0,0,0,0,0,0
KD-098-R1,Medical Records Officer,1,0,0,0,1,0,0,0,0,0,0,0,0
KD-098-R1,Pharmacy Technician,0,0,0,0,0,0,0,0,0,0,0,0,0
KD-098-R1,Environmental Health Officer,1,1,0,0,0,1,0,0,0,0,1,1,0
KD-098-R2,Medical Officer,0,0,0,0,0,0,0,0,0,0,0,0,0
KD-098-R2,Nurse/Midwife,4,4,0,0,0,2,1,1,0,0,4,4,0
KD-098-R2,CHO,0,0,0,0,0,0,0,0,0,0,0,0,0
KD-098-R2,CHEW,7,4,2,0,1,2,1,1,0,0,4,2,2
KD-098-R2,JCHEW,9,3,2,1,3,2,0,1,0,0,6,3,0
KD-098-R2,Medical Lab Technician,0,0,0,0,0,0,0,0,0,0,0,0,0
KD-098-R2,Medical Records Officer,1,0,0,0,1,0,0,0,0,0,1,0,0
KD-098-R2,Pharmacy Technician,0,0,0,0,0,0,0,0,0,0,0,0,0
KD-098-R2,Environmental Health Officer,1,1,0,0,0,1,0,0,0,0,1,1,0
KD-098-R3,Medical Officer,0,0,0,0,0,0,0,0,0,0,0,0,0
KD-098-R3,Nurse/Midwife,4,4,0,0,0,2,0,1,0,1,3,3,0
KD-098-R3,CHO,0,0,0,0,0,0,0,0,0,0,0,0,0
KD-098-R3,CHEW,7,4,2,0,1,2,0,0,2,0,3,2,0
KD-098-R3,JCHEW,9,3,2,1,3,2,0,1,0,0,7,2,1
KD-098-R3,Medical Lab Technician,0,0,0,0,0,0,0,0,0,0,0,0,0
KD-098-R3,Medical Records Officer,1,0,0,0,1,0,0,0,0,0,1,0,0
KD-098-R3,Pharmacy Technician,0,0,0,0,0,0,0,0,0,0,0,0,0
KD-098-R3,Environmental Health Officer,1,1,0,0,0,1,0,0,0,0,1,1,0
KD-098-R4,Medical Officer,0,0,0,0,0,0,0,0,0,0,0,0,0
KD-098-R4,Nurse/Midwife,4,4,0,0,0,2,1,1,0,0,4,4,0
KD-098-R4,CHO,0,0,0,0,0,0,0,0,0,0,0,0,0
KD-098-R4,CHEW,7,4,2,0,1,2,0,1,1,0,5,3,0
KD-098-R4,JCHEW,9,3,2,1,3,2,0,1,0,0,4,3,0
KD-098-R4,Medical Lab Technician,0,0,0,0,0,0,0,0,0,0,0,0,0
KD-098-R4,Medical Records Officer,1,0,0,0,1,0,0,0,0,0,1,0,0
KD-098-R4,Pharmacy Technician,0,0,0,0,0,0,0,0,0,0,0,0,0
KD-098-R4,Environmental Health Officer,1,1,0,0,0,1,0,0,0,0,0,0,1
KD-098-R5,Medical Officer,0,0,0,0,0,0,0,0,0,0,0,0,0
KD-098-R5,Nurse/Midwife,4,4,0,0,0,2,0,0,0,2,2,2,0
KD-098-R5,CHO,0,0,0,0,0,0,0,0,0,0,0,0,0
KD-098-R5,CHEW,7,4,2,0,1,2,0,1,1,0,3,2,1
KD-098-R5,JCHEW,9,3,2,1,3,2,0,1,0,0,2,1,2
KD-098-R5,Medical Lab Technician,0,0,0,0,0,0,0,0,0,0,0,0,0
KD-098-R5,Medical Records Officer,1,0,0,0,1,0,0,0,0,0,1,0,0
KD-098-R5,Pharmacy Technician,0,0,0,0,0,0,0,0,0,0,0,0,0
KD-098-R5,Environmental Health Officer,1,1,0,0,0,0,0,0,0,1,0,0,0
KD-098-R6,Medical Officer,0,0,0,0,0,0,0,0,0,0,0,0,0
KD-098-R6,Nurse/Midwife,4,4,0,0,0,2,1,1,0,0,2,2,2
KD-098-R6,CHO,0,0,0,0,0,0,0,0,0,0,0,0,0
KD-098-R6,CHEW,7,4,2,0,1,2,1,1,0,0,6,3,1
KD-098-R6,JCHEW,9,3,2,1,3,2,0,1,0,0,6,2,1
KD-098-R6,Medical Lab Technician,0,0,0,0,0,0,0,0,0,0,0,0,0
KD-098-R6,Medical Records Officer,1,0,0,0,1,0,0,0,0,0,1,0,0
KD-098-R6,Pharmacy Technician,0,0,0,0,0,0,0,0,0,0,0,0,0
KD-098-R6,Environmental Health Officer,1,1,0,0,0,0,0,0,1,0,0,0,0
KD-099-R1,Medical Officer,2,1,0,0,1,1,0,0,0,0,2,1,0
KD-099-R1,Nurse/Midwife,7,4,3,0,0,2,1,1,0,0,5,3,1
KD-099-R1,CHO,3,2,1,0,0,2,0,0,0,0,3,2,0
KD-099-R1,CHEW,2,2,0,0,0,2,0,0,0,0,2,2,0
KD-099-R1,JCHEW,4,2,0,0,2,2,0,0,0,0,0,0,2
KD-099-R1,Medical Lab Technician,2,2,0,0,0,2,0,0,0,0,2,2,0
KD-099-R1,Medical Records Officer,5,2,0,0,3,1,0,0,1,0,3,1,0
KD-099-R1,Pharmacy Technician,3,1,0,1,1,0,0,0,1,0,1,0,0
KD-099-R1,Environmental Health Officer,0,0,0,0,0,0,0,0,0,0,0,0,0
KD-099-R2,Medical Officer,2,1,0,0,1,1,0,0,0,0,2,1,0
KD-099-R2,Nurse/Midwife,7,4,3,0,0,2,1,1,0,0,6,4,0
KD-099-R2,CHO,3,2,1,0,0,1,0,0,1,0,2,1,0
KD-099-R2,CHEW,2,2,0,0,0,2,0,0,0,0,0,0,2
KD-099-R2,JCHEW,4,2,0,0,2,2,0,0,0,0,3,1,1
KD-099-R2,Medical Lab Technician,2,2,0,0,0,2,0,0,0,0,2,2,0
KD-099-R2,Medical Records Officer,5,2,0,0,3,2,0,0,0,0,5,2,0
KD-099-R2,Pharmacy Technician,3,1,0,1,1,1,0,0,0,0,2,1,0
KD-099-R2,Environmental Health Officer,0,0,0,0,0,0,0,0,0,0,0,0,0
KD-099-R3,Medical Officer,2,1,0,0,1,1,0,0,0,0,2,1,0
KD-099-R3,Nurse/Midwife,7,4,3,0,0,2,0,1,0,1,6,3,0
KD-099-R3,CHO,3,2,1,0,0,2,0,0,0,0,3,2,0
KD-099-R3,CHEW,2,2,0,0,0,0,0,0,1,1,0,0,0
KD-099-R3,JCHEW,4,2,0,0,2,2,0,0,0,0,3,2,0
KD-099-R3,Medical Lab Technician,2,2,0,0,0,1,0,0,0,1,1,1,0
KD-099-R3,Medical Records Officer,5,2,0,0,3,1,0,0,0,1,4,1,0
KD-099-R3,Pharmacy Technician,3,1,0,1,1,1,0,0,0,0,2,1,0
KD-099-R3,Environmental Health Officer,0,0,0,0,0,0,0,0,0,0,0,0,0
KD-099-R4,Medical Officer,2,1,0,0,1,1,0,0,0,0,1,0,1
KD-099-R4,Nurse/Midwife,7,4,3,0,0,2,0,1,1,0,2,1,2
KD-099-R4,CHO,3,2,1,0,0,1,0,0,1,0,1,1,0
KD-099-R4,CHEW,2,2,0,0,0,2,0,0,0,0,2,2,0
KD-099-R4,JCHEW,4,2,0,0,2,2,0,0,0,0,2,1,1
KD-099-R4,Medical Lab Technician,2,2,0,0,0,2,0,0,0,0,1,1,1
KD-099-R4,Medical Records Officer,5,2,0,0,3,2,0,0,0,0,3,1,1
KD-099-R4,Pharmacy Technician,3,1,0,1,1,1,0,0,0,0,2,1,0
KD-099-R4,Environmental Health Officer,0,0,0,0,0,0,0,0,0,0,0,0,0
KD-099-R5,Medical Officer,2,1,0,0,1,1,0,0,0,0,1,1,0
KD-099-R5,Nurse/Midwife,7,4,3,0,0,2,1,1,0,0,5,3,1
KD-099-R5,CHO,3,2,1,0,0,1,0,0,1,0,2,1,0
KD-099-R5,CHEW,2,2,0,0,0,2,0,0,0,0,1,1,1
KD-099-R5,JCHEW,4,2,0,0,2,2,0,0,0,0,1,0,2
KD-099-R5,Medical Lab Technician,2,2,0,0,0,1,0,0,0,1,1,1,0
KD-099-R5,Medical Records Officer,5,2,0,0,3,2,0,0,0,0,3,1,1
KD-099-R5,Pharmacy Technician,3,1,0,1,1,0,0,0,1,0,0,0,0
KD-099-R5,Environmental Health Officer,0,0,0,0,0,0,0,0,0,0,0,0,0
KD-099-R6,Medical Officer,2,1,0,0,1,1,0,0,0,0,1,1,0
KD-099-R6,Nurse/Midwife,7,4,3,0,0,2,1,1,0,0,3,2,2
KD-099-R6,CHO,3,2,1,0,0,2,0,0,0,0,1,1,1
KD-099-R6,CHEW,2,2,0,0,0,2,0,0,0,0,1,1,1
KD-099-R6,JCHEW,4,2,0,0,2,2,0,0,0,0,2,1,1
KD-099-R6,Medical Lab Technician,2,2,0,0,0,2,0,0,0,0,2,2,0
KD-099-R6,Medical Records Officer,5,2,0,0,3,2,0,0,0,0,3,2,0
KD-099-R6,Pharmacy Technician,3,1,0,1,1,0,0,0,1,0,1,0,0
KD-099-R6,Environmental Health Officer,0,0,0,0,0,0,0,0,0,0,0,0,0
KD-100-R1,Medical Officer,0,0,0,0,0,0,0,0,0,0,0,0,0
KD-100-R1,Nurse/Midwife,0,0,0,0,0,0,0,0,0,0,0,0,0
KD-100-R1,CHO,0,0,0,0,0,0,0,0,0,0,0,0,0
KD-100-R1,CHEW,4,2,0,0,2,2,0,0,0,0,2,0,2
KD-100-R1,JCHEW,2,0,0,0,2,0,0,0,0,0,0,0,0
KD-100-R1,Medical Lab Technician,0,0,0,0,0,0,0,0,0,0,0,0,0
KD-100-R1,Medical Records Officer,0,0,0,0,0,0,0,0,0,0,0,0,0
KD-100-R1,Pharmacy Technician,0,0,0,0,0,0,0,0,0,0,0,0,0
KD-100-R1,Environmental Health Officer,0,0,0,0,0,0,0,0,0,0,0,0,0
KD-100-R2,Medical Officer,0,0,0,0,0,0,0,0,0,0,0,0,0
KD-100-R2,Nurse/Midwife,0,0,0,0,0,0,0,0,0,0,0,0,0
KD-100-R2,CHO,0,0,0,0,0,0,0,0,0,0,0,0,0
KD-100-R2,CHEW,4,2,0,0,2,2,0,0,0,0,4,2,0
KD-100-R2,JCHEW,2,0,0,0,2,0,0,0,0,0,0,0,0
KD-100-R2,Medical Lab Technician,0,0,0,0,0,0,0,0,0,0,0,0,0
KD-100-R2,Medical Records Officer,0,0,0,0,0,0,0,0,0,0,0,0,0
KD-100-R2,Pharmacy Technician,0,0,0,0,0,0,0,0,0,0,0,0,0
KD-100-R2,Environmental Health Officer,0,0,0,0,0,0,0,0,0,0,0,0,0
KD-100-R3,Medical Officer,0,0,0,0,0,0,0,0,0,0,0,0,0
KD-100-R3,Nurse/Midwife,0,0,0,0,0,0,0,0,0,0,0,0,0
KD-100-R3,CHO,0,0,0,0,0,0,0,0,0,0,0,0,0
KD-100-R3,CHEW,4,2,0,0,2,2,0,0,0,0,3,2,0
KD-100-R3,JCHEW,2,0,0,0,2,0,0,0,0,0,0,0,0
KD-100-R3,Medical Lab Technician,0,0,0,0,0,0,0,0,0,0,0,0,0
KD-100-R3,Medical Records Officer,0,0,0,0,0,0,0,0,0,0,0,0,0
KD-100-R3,Pharmacy Technician,0,0,0,0,0,0,0,0,0,0,0,0,0
KD-100-R3,Environmental Health Officer,0,0,0,0,0,0,0,0,0,0,0,0,0
KD-100-R4,Medical Officer,0,0,0,0,0,0,0,0,0,0,0,0,0
KD-100-R4,Nurse/Midwife,0,0,0,0,0,0,0,0,0,0,0,0,0
KD-100-R4,CHO,0,0,0,0,0,0,0,0,0,0,0,0,0
KD-100-R4,CHEW,4,2,0,0,2,2,0,0,0,0,2,2,0
KD-100-R4,JCHEW,2,0,0,0,2,0,0,0,0,0,1,0,0
KD-100-R4,Medical Lab Technician,0,0,0,0,0,0,0,0,0,0,0,0,0
KD-100-R4,Medical Records Officer,0,0,0,0,0,0,0,0,0,0,0,0,0
KD-100-R4,Pharmacy Technician,0,0,0,0,0,0,0,0,0,0,0,0,0
KD-100-R4,Environmental Health Officer,0,0,0,0,0,0,0,0,0,0,0,0,0
KD-100-R5,Medical Officer,0,0,0,0,0,0,0,0,0,0,0,0,0
KD-100-R5,Nurse/Midwife,0,0,0,0,0,0,0,0,0,0,0,0,0
KD-100-R5,CHO,0,0,0,0,0,0,0,0,0,0,0,0,0
KD-100-R5,CHEW,4,2,0,0,2,2,0,0,0,0,4,2,0
KD-100-R5,JCHEW,2,0,0,0,2,0,0,0,0,0,1,0,0
KD-100-R5,Medical Lab Technician,0,0,0,0,0,0,0,0,0,0,0,0,0
KD-100-R5,Medical Records Officer,0,0,0,0,0,0,0,0,0,0,0,0,0
KD-100-R5,Pharmacy Technician,0,0,0,0,0,0,0,0,0,0,0,0,0
KD-100-R5,Environmental Health Officer,0,0,0,0,0,0,0,0,0,0,0,0,0
KD-100-R6,Medical Officer,0,0,0,0,0,0,0,0,0,0,0,0,0
KD-100-R6,Nurse/Midwife,0,0,0,0,0,0,0,0,0,0,0,0,0
KD-100-R6,CHO,0,0,0,0,0,0,0,0,0,0,0,0,0
KD-100-R6,CHEW,4,2,0,0,2,1,0,0,0,1,2,1,0
KD-100-R6,JCHEW,2,0,0,0,2,0,0,0,0,0,1,0,0
KD-100-R6,Medical Lab Technician,0,0,0,0,0,0,0,0,0,0,0,0,0
KD-100-R6,Medical Records Officer,0,0,0,0,0,0,0,0,0,0,0,0,0
KD-100-R6,Pharmacy Technician,0,0,0,0,0,0,0,0,0,0,0,0,0
KD-100-R6,Environmental Health Officer,0,0,0,0,0,0,0,0,0,0,0,0,0
KD-101-R1,Medical Officer,1,1,0,0,0,1,0,0,0,0,1,1,0
KD-101-R1,Nurse/Midwife,3,1,1,1,0,1,0,0,0,0,2,1,0
KD-101-R1,CHO,0,0,0,0,0,0,0,0,0,0,0,0,0
KD-101-R1,CHEW,6,5,0,0,1,2,1,1,1,0,5,4,0
KD-101-R1,JCHEW,3,1,0,0,2,1,0,0,0,0,2,0,1
KD-101-R1,Medical Lab Technician,2,2,0,0,0,1,0,0,1,0,1,1,0
KD-101-R1,Medical Records Officer,3,3,0,0,0,2,0,1,0,0,3,3,0
KD-101-R1,Pharmacy Technician,2,1,0,1,0,1,0,0,0,0,1,1,0
KD-101-R1,Environmental Health Officer,0,0,0,0,0,0,0,0,0,0,0,0,0
KD-101-R2,Medical Officer,1,1,0,0,0,1,0,0,0,0,1,1,0
KD-101-R2,Nurse/Midwife,3,1,1,1,0,1,0,0,0,0,1,0,1
KD-101-R2,CHO,0,0,0,0,0,0,0,0,0,0,0,0,0
KD-101-R2,CHEW,6,5,0,0,1,2,0,1,2,0,4,3,0
KD-101-R2,JCHEW,3,1,0,0,2,1,0,0,0,0,1,0,1
KD-101-R2,Medical Lab Technician,2,2,0,0,0,2,0,0,0,0,2,2,0
KD-101-R2,Medical Records Officer,3,3,0,0,0,2,0,1,0,0,3,3,0
KD-101-R2,Pharmacy Technician,2,1,0,1,0,1,0,0,0,0,2,1,0
KD-101-R2,Environmental Health Officer,0,0,0,0,0,0,0,0,0,0,0,0,0
KD-101-R3,Medical Officer,1,1,0,0,0,1,0,0,0,0,1,1,0
KD-101-R3,Nurse/Midwife,3,1,1,1,0,1,0,0,0,0,2,1,0
KD-101-R3,CHO,0,0,0,0,0,0,0,0,0,0,0,0,0
KD-101-R3,CHEW,6,5,0,0,1,2,1,1,1,0,2,2,2
KD-101-R3,JCHEW,3,1,0,0,2,1,0,0,0,0,3,1,0
KD-101-R3,Medical Lab Technician,2,2,0,0,0,2,0,0,0,0,2,2,0
KD-101-R3,Medical Records Officer,3,3,0,0,0,2,0,1,0,0,1,1,2
KD-101-R3,Pharmacy Technician,2,1,0,1,0,1,0,0,0,0,2,1,0
KD-101-R3,Environmental Health Officer,0,0,0,0,0,0,0,0,0,0,0,0,0
KD-101-R4,Medical Officer,1,1,0,0,0,1,0,0,0,0,1,1,0
KD-101-R4,Nurse/Midwife,3,1,1,1,0,0,0,0,1,0,1,0,0
KD-101-R4,CHO,0,0,0,0,0,0,0,0,0,0,0,0,0
KD-101-R4,CHEW,6,5,0,0,1,2,1,1,1,0,4,3,1
KD-101-R4,JCHEW,3,1,0,0,2,1,0,0,0,0,2,0,1
KD-101-R4,Medical Lab Technician,2,2,0,0,0,2,0,0,0,0,2,2,0
KD-101-R4,Medical Records Officer,3,3,0,0,0,2,0,0,0,1,1,1,1
KD-101-R4,Pharmacy Technician,2,1,0,1,0,1,0,0,0,0,2,1,0
KD-101-R4,Environmental Health Officer,0,0,0,0,0,0,0,0,0,0,0,0,0
KD-101-R5,Medical Officer,1,1,0,0,0,1,0,0,0,0,1,1,0
KD-101-R5,Nurse/Midwife,3,1,1,1,0,1,0,0,0,0,2,1,0
KD-101-R5,CHO,0,0,0,0,0,0,0,0,0,0,0,0,0
KD-101-R5,CHEW,6,5,0,0,1,2,1,1,0,1,4,4,0
KD-101-R5,JCHEW,3,1,0,0,2,1,0,0,0,0,1,0,1
KD-101-R5,Medical Lab Technician,2,2,0,0,0,2,0,0,0,0,2,2,0
KD-101-R5,Medical Records Officer,3,3,0,0,0,2,0,1,0,0,0,0,3
KD-101-R5,Pharmacy Technician,2,1,0,1,0,1,0,0,0,0,2,1,0
KD-101-R5,Environmental Health Officer,0,0,0,0,0,0,0,0,0,0,0,0,0
KD-101-R6,Medical Officer,1,1,0,0,0,1,0,0,0,0,1,1,0
KD-101-R6,Nurse/Midwife,3,1,1,1,0,1,0,0,0,0,2,1,0
KD-101-R6,CHO,0,0,0,0,0,0,0,0,0,0,0,0,0
KD-101-R6,CHEW,6,5,0,0,1,2,1,1,1,0,3,3,1
KD-101-R6,JCHEW,3,1,0,0,2,1,0,0,0,0,3,1,0
KD-101-R6,Medical Lab Technician,2,2,0,0,0,1,0,0,1,0,0,0,1
KD-101-R6,Medical Records Officer,3,3,0,0,0,2,0,0,1,0,1,1,1
KD-101-R6,Pharmacy Technician,2,1,0,1,0,1,0,0,0,0,1,0,1
KD-101-R6,Environmental Health Officer,0,0,0,0,0,0,0,0,0,0,0,0,0
KD-102-R1,Medical Officer,0,0,0,0,0,0,0,0,0,0,0,0,0
KD-102-R1,Nurse/Midwife,7,4,0,2,1,2,0,1,1,0,4,2,1
KD-102-R1,CHO,2,1,0,0,1,1,0,0,0,0,2,1,0
KD-102-R1,CHEW,6,4,0,0,2,2,1,1,0,0,3,3,1
KD-102-R1,JCHEW,11,6,0,2,3,2,1,1,2,0,7,3,1
KD-102-R1,Medical Lab Technician,5,3,1,1,0,2,0,0,1,0,3,1,1
KD-102-R1,Medical Records Officer,1,1,0,0,0,1,0,0,0,0,1,1,0
KD-102-R1,Pharmacy Technician,4,3,0,1,0,2,0,1,0,0,2,2,1
KD-102-R1,Environmental Health Officer,1,1,0,0,0,0,0,0,1,0,0,0,0
KD-102-R2,Medical Officer,0,0,0,0,0,0,0,0,0,0,0,0,0
KD-102-R2,Nurse/Midwife,7,4,0,2,1,2,1,1,0,0,6,4,0
KD-102-R2,CHO,2,1,0,0,1,0,0,0,1,0,1,0,0
KD-102-R2,CHEW,6,4,0,0,2,2,1,1,0,0,4,3,1
KD-102-R2,JCHEW,11,6,0,2,3,3,1,2,0,0,7,2,4
KD-102-R2,Medical Lab Technician,5,3,1,1,0,2,0,1,0,0,5,3,0
KD-102-R2,Medical Records Officer,1,1,0,0,0,1,0,0,0,0,1,1,0
KD-102-R2,Pharmacy Technician,4,3,0,1,0,2,0,1,0,0,4,3,0
KD-102-R2,Environmental Health Officer,1,1,0,0,0,1,0,0,0,0,1,1,0
KD-102-R3,Medical Officer,0,0,0,0,0,0,0,0,0,0,0,0,0
KD-102-R3,Nurse/Midwife,7,4,0,2,1,2,0,1,0,1,4,3,0
KD-102-R3,CHO,2,1,0,0,1,1,0,0,0,0,2,1,0
KD-102-R3,CHEW,6,4,0,0,2,2,0,0,2,0,4,2,0
KD-102-R3,JCHEW,11,6,0,2,3,2,1,1,2,0,8,4,0
KD-102-R3,Medical Lab Technician,5,3,1,1,0,2,0,1,0,0,5,3,0
KD-102-R3,Medical Records Officer,1,1,0,0,0,1,0,0,0,0,0,0,1
KD-102-R3,Pharmacy Technician,4,3,0,1,0,2,0,0,1,0,3,2,0
KD-102-R3,Environmental Health Officer,1,1,0,0,0,0,0,0,0,1,0,0,0
KD-102-R4,Medical Officer,0,0,0,0,0,0,0,0,0,0,0,0,0
KD-102-R4,Nurse/Midwife,7,4,0,2,1,2,0,1,1,0,4,3,0
KD-102-R4,CHO,2,1,0,0,1,0,0,0,0,1,0,0,0
KD-102-R4,CHEW,6,4,0,0,2,2,0,1,1,0,5,3,0
KD-102-R4,JCHEW,11,6,0,2,3,2,1,1,1,1,6,2,2
KD-102-R4,Medical Lab Technician,5,3,1,1,0,2,0,0,1,0,2,2,0
KD-102-R4,Medical Records Officer,1,1,0,0,0,1,0,0,0,0,1,1,0
KD-102-R4,Pharmacy Technician,4,3,0,1,0,2,0,0,1,0,2,2,0
KD-102-R4,Environmental Health Officer,1,1,0,0,0,1,0,0,0,0,1,1,0
KD-102-R5,Medical Officer,0,0,0,0,0,0,0,0,0,0,0,0,0
KD-102-R5,Nurse/Midwife,7,4,0,2,1,2,1,1,0,0,6,3,1
KD-102-R5,CHO,2,1,0,0,1,1,0,0,0,0,1,0,1
KD-102-R5,CHEW,6,4,0,0,2,2,0,1,1,0,2,1,2
KD-102-R5,JCHEW,11,6,0,2,3,3,1,1,1,0,7,5,0
KD-102-R5,Medical Lab Technician,5,3,1,1,0,2,0,1,0,0,4,2,1
KD-102-R5,Medical Records Officer,1,1,0,0,0,1,0,0,0,0,1,1,0
KD-102-R5,Pharmacy Technician,4,3,0,1,0,2,0,1,0,0,4,3,0
KD-102-R5,Environmental Health Officer,1,1,0,0,0,1,0,0,0,0,0,0,1
KD-102-R6,Medical Officer,0,0,0,0,0,0,0,0,0,0,0,0,0
KD-102-R6,Nurse/Midwife,7,4,0,2,1,2,1,1,0,0,4,4,0
KD-102-R6,CHO,2,1,0,0,1,0,0,0,0,1,1,0,0
KD-102-R6,CHEW,6,4,0,0,2,2,0,0,1,1,2,2,0
KD-102-R6,JCHEW,11,6,0,2,3,2,1,1,1,1,4,1,3
KD-102-R6,Medical Lab Technician,5,3,1,1,0,2,0,1,0,0,3,2,1
KD-102-R6,Medical Records Officer,1,1,0,0,0,0,0,0,0,1,0,0,0
KD-102-R6,Pharmacy Technician,4,3,0,1,0,1,0,0,2,0,1,1,0
KD-102-R6,Environmental Health Officer,1,1,0,0,0,1,0,0,0,0,0,0,1
KD-103-R1,Medical Officer,1,1,0,0,0,1,0,0,0,0,1,1,0
KD-103-R1,Nurse/Midwife,2,1,0,1,0,1,0,0,0,0,2,1,0
KD-103-R1,CHO,0,0,0,0,0,0,0,0,0,0,0,0,0
KD-103-R1,CHEW,5,0,1,0,4,0,0,0,0,0,3,0,0
KD-103-R1,JCHEW,5,1,0,1,3,1,0,0,0,0,2,0,1
KD-103-R1,Medical Lab Technician,2,1,1,0,0,1,0,0,0,0,1,0,1
KD-103-R1,Medical Records Officer,1,0,0,0,1,0,0,0,0,0,0,0,0
KD-103-R1,Pharmacy Technician,1,0,0,0,1,0,0,0,0,0,1,0,0
KD-103-R1,Environmental Health Officer,0,0,0,0,0,0,0,0,0,0,0,0,0
KD-103-R2,Medical Officer,1,1,0,0,0,0,0,0,1,0,0,0,0
KD-103-R2,Nurse/Midwife,2,1,0,1,0,1,0,0,0,0,0,0,1
KD-103-R2,CHO,0,0,0,0,0,0,0,0,0,0,0,0,0
KD-103-R2,CHEW,5,0,1,0,4,0,0,0,0,0,0,0,0
KD-103-R2,JCHEW,5,1,0,1,3,1,0,0,0,0,4,1,0
KD-103-R2,Medical Lab Technician,2,1,1,0,0,1,0,0,0,0,1,1,0
KD-103-R2,Medical Records Officer,1,0,0,0,1,0,0,0,0,0,0,0,0
KD-103-R2,Pharmacy Technician,1,0,0,0,1,0,0,0,0,0,1,0,0
KD-103-R2,Environmental Health Officer,0,0,0,0,0,0,0,0,0,0,0,0,0
KD-103-R3,Medical Officer,1,1,0,0,0,0,0,0,1,0,0,0,0
KD-103-R3,Nurse/Midwife,2,1,0,1,0,1,0,0,0,0,1,1,0
KD-103-R3,CHO,0,0,0,0,0,0,0,0,0,0,0,0,0
KD-103-R3,CHEW,5,0,1,0,4,0,0,0,0,0,2,0,0
KD-103-R3,JCHEW,5,1,0,1,3,1,0,0,0,0,2,1,0
KD-103-R3,Medical Lab Technician,2,1,1,0,0,1,0,0,0,0,1,0,1
KD-103-R3,Medical Records Officer,1,0,0,0,1,0,0,0,0,0,0,0,0
KD-103-R3,Pharmacy Technician,1,0,0,0,1,0,0,0,0,0,0,0,0
KD-103-R3,Environmental Health Officer,0,0,0,0,0,0,0,0,0,0,0,0,0
KD-103-R4,Medical Officer,1,1,0,0,0,1,0,0,0,0,0,0,1
KD-103-R4,Nurse/Midwife,2,1,0,1,0,1,0,0,0,0,1,1,0
KD-103-R4,CHO,0,0,0,0,0,0,0,0,0,0,0,0,0
KD-103-R4,CHEW,5,0,1,0,4,0,0,0,0,0,2,0,0
KD-103-R4,JCHEW,5,1,0,1,3,1,0,0,0,0,2,1,0
KD-103-R4,Medical Lab Technician,2,1,1,0,0,1,0,0,0,0,2,1,0
KD-103-R4,Medical Records Officer,1,0,0,0,1,0,0,0,0,0,1,0,0
KD-103-R4,Pharmacy Technician,1,0,0,0,1,0,0,0,0,0,1,0,0
KD-103-R4,Environmental Health Officer,0,0,0,0,0,0,0,0,0,0,0,0,0
KD-103-R5,Medical Officer,1,1,0,0,0,1,0,0,0,0,1,1,0
KD-103-R5,Nurse/Midwife,2,1,0,1,0,1,0,0,0,0,0,0,1
KD-103-R5,CHO,0,0,0,0,0,0,0,0,0,0,0,0,0
KD-103-R5,CHEW,5,0,1,0,4,0,0,0,0,0,1,0,0
KD-103-R5,JCHEW,5,1,0,1,3,1,0,0,0,0,2,1,0
KD-103-R5,Medical Lab Technician,2,1,1,0,0,1,0,0,0,0,1,0,1
KD-103-R5,Medical Records Officer,1,0,0,0,1,0,0,0,0,0,0,0,0
KD-103-R5,Pharmacy Technician,1,0,0,0,1,0,0,0,0,0,0,0,0
KD-103-R5,Environmental Health Officer,0,0,0,0,0,0,0,0,0,0,0,0,0
KD-103-R6,Medical Officer,1,1,0,0,0,1,0,0,0,0,1,1,0
KD-103-R6,Nurse/Midwife,2,1,0,1,0,1,0,0,0,0,1,0,1
KD-103-R6,CHO,0,0,0,0,0,0,0,0,0,0,0,0,0
KD-103-R6,CHEW,5,0,1,0,4,0,0,0,0,0,4,0,0
KD-103-R6,JCHEW,5,1,0,1,3,0,0,0,1,0,2,0,0
KD-103-R6,Medical Lab Technician,2,1,1,0,0,1,0,0,0,0,1,1,0
KD-103-R6,Medical Records Officer,1,0,0,0,1,0,0,0,0,0,1,0,0
KD-103-R6,Pharmacy Technician,1,0,0,0,1,0,0,0,0,0,0,0,0
KD-103-R6,Environmental Health Officer,0,0,0,0,0,0,0,0,0,0,0,0,0
KD-104-R1,Medical Officer,0,0,0,0,0,0,0,0,0,0,0,0,0
KD-104-R1,Nurse/Midwife,4,2,0,2,0,1,0,0,0,1,2,1,0
KD-104-R1,CHO,2,1,1,0,0,1,0,0,0,0,1,1,0
KD-104-R1,CHEW,6,5,0,0,1,4,0,0,0,1,4,3,1
KD-104-R1,JCHEW,3,1,1,0,1,1,0,0,0,0,3,1,0
KD-104-R1,Medical Lab Technician,0,0,0,0,0,0,0,0,0,0,0,0,0
KD-104-R1,Medical Records Officer,4,1,0,0,3,1,0,0,0,0,4,1,0
KD-104-R1,Pharmacy Technician,0,0,0,0,0,0,0,0,0,0,0,0,0
KD-104-R1,Environmental Health Officer,0,0,0,0,0,0,0,0,0,0,0,0,0
KD-104-R2,Medical Officer,0,0,0,0,0,0,0,0,0,0,0,0,0
KD-104-R2,Nurse/Midwife,4,2,0,2,0,1,0,0,1,0,2,1,0
KD-104-R2,CHO,2,1,1,0,0,1,0,0,0,0,1,1,0
KD-104-R2,CHEW,6,5,0,0,1,4,0,0,0,1,4,3,1
KD-104-R2,JCHEW,3,1,1,0,1,1,0,0,0,0,1,0,1
KD-104-R2,Medical Lab Technician,0,0,0,0,0,0,0,0,0,0,0,0,0
KD-104-R2,Medical Records Officer,4,1,0,0,3,1,0,0,0,0,3,1,0
KD-104-R2,Pharmacy Technician,0,0,0,0,0,0,0,0,0,0,0,0,0
KD-104-R2,Environmental Health Officer,0,0,0,0,0,0,0,0,0,0,0,0,0
KD-104-R3,Medical Officer,0,0,0,0,0,0,0,0,0,0,0,0,0
KD-104-R3,Nurse/Midwife,4,2,0,2,0,2,0,0,0,0,1,1,1
KD-104-R3,CHO,2,1,1,0,0,1,0,0,0,0,2,1,0
KD-104-R3,CHEW,6,5,0,0,1,5,0,0,0,0,5,4,1
KD-104-R3,JCHEW,3,1,1,0,1,1,0,0,0,0,2,1,0
KD-104-R3,Medical Lab Technician,0,0,0,0,0,0,0,0,0,0,0,0,0
KD-104-R3,Medical Records Officer,4,1,0,0,3,1,0,0,0,0,4,1,0
KD-104-R3,Pharmacy Technician,0,0,0,0,0,0,0,0,0,0,0,0,0
KD-104-R3,Environmental Health Officer,0,0,0,0,0,0,0,0,0,0,0,0,0
KD-104-R4,Medical Officer,0,0,0,0,0,0,0,0,0,0,0,0,0
KD-104-R4,Nurse/Midwife,4,2,0,2,0,2,0,0,0,0,1,0,2
KD-104-R4,CHO,2,1,1,0,0,1,0,0,0,0,1,1,0
KD-104-R4,CHEW,6,5,0,0,1,5,0,0,0,0,5,5,0
KD-104-R4,JCHEW,3,1,1,0,1,1,0,0,0,0,2,0,1
KD-104-R4,Medical Lab Technician,0,0,0,0,0,0,0,0,0,0,0,0,0
KD-104-R4,Medical Records Officer,4,1,0,0,3,1,0,0,0,0,2,1,0
KD-104-R4,Pharmacy Technician,0,0,0,0,0,0,0,0,0,0,0,0,0
KD-104-R4,Environmental Health Officer,0,0,0,0,0,0,0,0,0,0,0,0,0
KD-104-R5,Medical Officer,0,0,0,0,0,0,0,0,0,0,0,0,0
KD-104-R5,Nurse/Midwife,4,2,0,2,0,2,0,0,0,0,4,2,0
KD-104-R5,CHO,2,1,1,0,0,1,0,0,0,0,2,1,0
KD-104-R5,CHEW,6,5,0,0,1,4,0,0,1,0,4,3,1
KD-104-R5,JCHEW,3,1,1,0,1,1,0,0,0,0,3,1,0
KD-104-R5,Medical Lab Technician,0,0,0,0,0,0,0,0,0,0,0,0,0
KD-104-R5,Medical Records Officer,4,1,0,0,3,1,0,0,0,0,3,1,0
KD-104-R5,Pharmacy Technician,0,0,0,0,0,0,0,0,0,0,0,0,0
KD-104-R5,Environmental Health Officer,0,0,0,0,0,0,0,0,0,0,0,0,0
KD-104-R6,Medical Officer,0,0,0,0,0,0,0,0,0,0,0,0,0
KD-104-R6,Nurse/Midwife,4,2,0,2,0,2,0,0,0,0,3,1,1
KD-104-R6,CHO,2,1,1,0,0,0,0,0,1,0,1,0,0
KD-104-R6,CHEW,6,5,0,0,1,5,0,0,0,0,6,5,0
KD-104-R6,JCHEW,3,1,1,0,1,0,0,0,1,0,1,0,0
KD-104-R6,Medical Lab Technician,0,0,0,0,0,0,0,0,0,0,0,0,0
KD-104-R6,Medical Records Officer,4,1,0,0,3,1,0,0,0,0,4,1,0
KD-104-R6,Pharmacy Technician,0,0,0,0,0,0,0,0,0,0,0,0,0
KD-104-R6,Environmental Health Officer,0,0,0,0,0,0,0,0,0,0,0,0,0
KD-105-R1,Medical Officer,0,0,0,0,0,0,0,0,0,0,0,0,0
KD-105-R1,Nurse/Midwife,0,0,0,0,0,0,0,0,0,0,0,0,0
KD-105-R1,CHO,0,0,0,0,0,0,0,0,0,0,0,0,0
KD-105-R1,CHEW,4,3,0,0,1,3,0,0,0,0,1,1,2
KD-105-R1,JCHEW,0,0,0,0,0,0,0,0,0,0,0,0,0
KD-105-R1,Medical Lab Technician,0,0,0,0,0,0,0,0,0,0,0,0,0
KD-105-R1,Medical Records Officer,2,1,1,0,0,0,0,0,1,0,1,0,0
KD-105-R1,Pharmacy Technician,0,0,0,0,0,0,0,0,0,0,0,0,0
KD-105-R1,Environmental Health Officer,0,0,0,0,0,0,0,0,0,0,0,0,0
KD-105-R2,Medical Officer,0,0,0,0,0,0,0,0,0,0,0,0,0
KD-105-R2,Nurse/Midwife,0,0,0,0,0,0,0,0,0,0,0,0,0
KD-105-R2,CHO,0,0,0,0,0,0,0,0,0,0,0,0,0
KD-105-R2,CHEW,4,3,0,0,1,2,0,0,0,1,2,2,0
KD-105-R2,JCHEW,0,0,0,0,0,0,0,0,0,0,0,0,0
KD-105-R2,Medical Lab Technician,0,0,0,0,0,0,0,0,0,0,0,0,0
KD-105-R2,Medical Records Officer,2,1,1,0,0,1,0,0,0,0,2,1,0
KD-105-R2,Pharmacy Technician,0,0,0,0,0,0,0,0,0,0,0,0,0
KD-105-R2,Environmental Health Officer,0,0,0,0,0,0,0,0,0,0,0,0,0
KD-105-R3,Medical Officer,0,0,0,0,0,0,0,0,0,0,0,0,0
KD-105-R3,Nurse/Midwife,0,0,0,0,0,0,0,0,0,0,0,0,0
KD-105-R3,CHO,0,0,0,0,0,0,0,0,0,0,0,0,0
KD-105-R3,CHEW,4,3,0,0,1,3,0,0,0,0,4,3,0
KD-105-R3,JCHEW,0,0,0,0,0,0,0,0,0,0,0,0,0
KD-105-R3,Medical Lab Technician,0,0,0,0,0,0,0,0,0,0,0,0,0
KD-105-R3,Medical Records Officer,2,1,1,0,0,1,0,0,0,0,1,0,1
KD-105-R3,Pharmacy Technician,0,0,0,0,0,0,0,0,0,0,0,0,0
KD-105-R3,Environmental Health Officer,0,0,0,0,0,0,0,0,0,0,0,0,0
KD-105-R4,Medical Officer,0,0,0,0,0,0,0,0,0,0,0,0,0
KD-105-R4,Nurse/Midwife,0,0,0,0,0,0,0,0,0,0,0,0,0
KD-105-R4,CHO,0,0,0,0,0,0,0,0,0,0,0,0,0
KD-105-R4,CHEW,4,3,0,0,1,3,0,0,0,0,3,3,0
KD-105-R4,JCHEW,0,0,0,0,0,0,0,0,0,0,0,0,0
KD-105-R4,Medical Lab Technician,0,0,0,0,0,0,0,0,0,0,0,0,0
KD-105-R4,Medical Records Officer,2,1,1,0,0,1,0,0,0,0,1,0,1
KD-105-R4,Pharmacy Technician,0,0,0,0,0,0,0,0,0,0,0,0,0
KD-105-R4,Environmental Health Officer,0,0,0,0,0,0,0,0,0,0,0,0,0
KD-105-R5,Medical Officer,0,0,0,0,0,0,0,0,0,0,0,0,0
KD-105-R5,Nurse/Midwife,0,0,0,0,0,0,0,0,0,0,0,0,0
KD-105-R5,CHO,0,0,0,0,0,0,0,0,0,0,0,0,0
KD-105-R5,CHEW,4,3,0,0,1,1,0,0,2,0,2,1,0
KD-105-R5,JCHEW,0,0,0,0,0,0,0,0,0,0,0,0,0
KD-105-R5,Medical Lab Technician,0,0,0,0,0,0,0,0,0,0,0,0,0
KD-105-R5,Medical Records Officer,2,1,1,0,0,1,0,0,0,0,1,1,0
KD-105-R5,Pharmacy Technician,0,0,0,0,0,0,0,0,0,0,0,0,0
KD-105-R5,Environmental Health Officer,0,0,0,0,0,0,0,0,0,0,0,0,0
KD-105-R6,Medical Officer,0,0,0,0,0,0,0,0,0,0,0,0,0
KD-105-R6,Nurse/Midwife,0,0,0,0,0,0,0,0,0,0,0,0,0
KD-105-R6,CHO,0,0,0,0,0,0,0,0,0,0,0,0,0
KD-105-R6,CHEW,4,3,0,0,1,3,0,0,0,0,3,2,1
KD-105-R6,JCHEW,0,0,0,0,0,0,0,0,0,0,0,0,0
KD-105-R6,Medical Lab Technician,0,0,0,0,0,0,0,0,0,0,0,0,0
KD-105-R6,Medical Records Officer,2,1,1,0,0,1,0,0,0,0,2,1,0
KD-105-R6,Pharmacy Technician,0,0,0,0,0,0,0,0,0,0,0,0,0
KD-105-R6,Environmental Health Officer,0,0,0,0,0,0,0,0,0,0,0,0,0
KD-106-R1,Medical Officer,1,1,0,0,0,1,0,0,0,0,1,1,0
KD-106-R1,Nurse/Midwife,5,4,1,0,0,3,0,0,0,1,1,1,2
KD-106-R1,CHO,4,4,0,0,0,2,0,0,0,2,2,2,0
KD-106-R1,CHEW,8,5,2,0,1,5,0,0,0,0,8,5,0
KD-106-R1,JCHEW,6,4,0,1,1,4,0,0,0,0,6,4,0
KD-106-R1,Medical Lab Technician,2,1,0,1,0,1,0,0,0,0,0,0,1
KD-106-R1,Medical Records Officer,2,2,0,0,0,2,0,0,0,0,2,2,0
KD-106-R1,Pharmacy Technician,0,0,0,0,0,0,0,0,0,0,0,0,0
KD-106-R1,Environmental Health Officer,0,0,0,0,0,0,0,0,0,0,0,0,0
KD-106-R2,Medical Officer,1,1,0,0,0,0,0,0,1,0,0,0,0
KD-106-R2,Nurse/Midwife,5,4,1,0,0,3,0,0,1,0,2,1,2
KD-106-R2,CHO,4,4,0,0,0,4,0,0,0,0,3,3,1
KD-106-R2,CHEW,8,5,2,0,1,5,0,0,0,0,6,4,1
KD-106-R2,JCHEW,6,4,0,1,1,4,0,0,0,0,4,3,1
KD-106-R2,Medical Lab Technician,2,1,0,1,0,1,0,0,0,0,1,0,1
KD-106-R2,Medical Records Officer,2,2,0,0,0,2,0,0,0,0,2,2,0
KD-106-R2,Pharmacy Technician,0,0,0,0,0,0,0,0,0,0,0,0,0
KD-106-R2,Environmental Health Officer,0,0,0,0,0,0,0,0,0,0,0,0,0
KD-106-R3,Medical Officer,1,1,0,0,0,0,0,0,1,0,0,0,0
KD-106-R3,Nurse/Midwife,5,4,1,0,0,4,0,0,0,0,3,2,2
KD-106-R3,CHO,4,4,0,0,0,3,0,0,0,1,3,3,0
KD-106-R3,CHEW,8,5,2,0,1,5,0,0,0,0,5,4,1
KD-106-R3,JCHEW,6,4,0,1,1,4,0,0,0,0,3,2,2
KD-106-R3,Medical Lab Technician,2,1,0,1,0,0,0,0,0,1,1,0,0
KD-106-R3,Medical Records Officer,2,2,0,0,0,1,0,0,1,0,1,1,0
KD-106-R3,Pharmacy Technician,0,0,0,0,0,0,0,0,0,0,0,0,0
KD-106-R3,Environmental Health Officer,0,0,0,0,0,0,0,0,0,0,0,0,0
KD-106-R4,Medical Officer,1,1,0,0,0,1,0,0,0,0,1,1,0
KD-106-R4,Nurse/Midwife,5,4,1,0,0,4,0,0,0,0,3,3,1
KD-106-R4,CHO,4,4,0,0,0,4,0,0,0,0,4,4,0
KD-106-R4,CHEW,8,5,2,0,1,5,0,0,0,0,4,2,3
KD-106-R4,JCHEW,6,4,0,1,1,4,0,0,0,0,4,2,2
KD-106-R4,Medical Lab Technician,2,1,0,1,0,1,0,0,0,0,1,1,0
KD-106-R4,Medical Records Officer,2,2,0,0,0,2,0,0,0,0,2,2,0
KD-106-R4,Pharmacy Technician,0,0,0,0,0,0,0,0,0,0,0,0,0
KD-106-R4,Environmental Health Officer,0,0,0,0,0,0,0,0,0,0,0,0,0
KD-106-R5,Medical Officer,1,1,0,0,0,1,0,0,0,0,0,0,1
KD-106-R5,Nurse/Midwife,5,4,1,0,0,3,0,0,0,1,4,3,0
KD-106-R5,CHO,4,4,0,0,0,4,0,0,0,0,3,3,1
KD-106-R5,CHEW,8,5,2,0,1,4,0,0,0,1,6,4,0
KD-106-R5,JCHEW,6,4,0,1,1,4,0,0,0,0,4,3,1
KD-106-R5,Medical Lab Technician,2,1,0,1,0,1,0,0,0,0,2,1,0
KD-106-R5,Medical Records Officer,2,2,0,0,0,2,0,0,0,0,2,2,0
KD-106-R5,Pharmacy Technician,0,0,0,0,0,0,0,0,0,0,0,0,0
KD-106-R5,Environmental Health Officer,0,0,0,0,0,0,0,0,0,0,0,0,0
KD-106-R6,Medical Officer,1,1,0,0,0,1,0,0,0,0,1,1,0
KD-106-R6,Nurse/Midwife,5,4,1,0,0,4,0,0,0,0,4,3,1
KD-106-R6,CHO,4,4,0,0,0,3,0,0,1,0,1,1,2
KD-106-R6,CHEW,8,5,2,0,1,5,0,0,0,0,4,2,3
KD-106-R6,JCHEW,6,4,0,1,1,4,0,0,0,0,3,3,1
KD-106-R6,Medical Lab Technician,2,1,0,1,0,0,0,0,0,1,1,0,0
KD-106-R6,Medical Records Officer,2,2,0,0,0,2,0,0,0,0,0,0,2
KD-106-R6,Pharmacy Technician,0,0,0,0,0,0,0,0,0,0,0,0,0
KD-106-R6,Environmental Health Officer,0,0,0,0,0,0,0,0,0,0,0,0,0
KD-107-R1,Medical Officer,0,0,0,0,0,0,0,0,0,0,0,0,0
KD-107-R1,Nurse/Midwife,4,4,0,0,0,2,1,1,0,0,4,4,0
KD-107-R1,CHO,3,1,1,0,1,0,0,0,1,0,2,0,0
KD-107-R1,CHEW,9,7,1,1,0,3,1,2,1,0,4,2,4
KD-107-R1,JCHEW,3,0,1,0,2,0,0,0,0,0,3,0,0
KD-107-R1,Medical Lab Technician,0,0,0,0,0,0,0,0,0,0,0,0,0
KD-107-R1,Medical Records Officer,2,2,0,0,0,2,0,0,0,0,2,2,0
KD-107-R1,Pharmacy Technician,2,2,0,0,0,2,0,0,0,0,2,2,0
KD-107-R1,Environmental Health Officer,0,0,0,0,0,0,0,0,0,0,0,0,0
KD-107-R2,Medical Officer,0,0,0,0,0,0,0,0,0,0,0,0,0
KD-107-R2,Nurse/Midwife,4,4,0,0,0,2,1,1,0,0,3,3,1
KD-107-R2,CHO,3,1,1,0,1,0,0,0,0,1,1,0,0
KD-107-R2,CHEW,9,7,1,1,0,3,1,1,2,0,3,1,4
KD-107-R2,JCHEW,3,0,1,0,2,0,0,0,0,0,2,0,0
KD-107-R2,Medical Lab Technician,0,0,0,0,0,0,0,0,0,0,0,0,0
KD-107-R2,Medical Records Officer,2,2,0,0,0,2,0,0,0,0,2,2,0
KD-107-R2,Pharmacy Technician,2,2,0,0,0,2,0,0,0,0,1,1,1
KD-107-R2,Environmental Health Officer,0,0,0,0,0,0,0,0,0,0,0,0,0
KD-107-R3,Medical Officer,0,0,0,0,0,0,0,0,0,0,0,0,0
KD-107-R3,Nurse/Midwife,4,4,0,0,0,2,1,1,0,0,3,3,1
KD-107-R3,CHO,3,1,1,0,1,0,0,0,1,0,1,0,0
KD-107-R3,CHEW,9,7,1,1,0,3,1,2,1,0,5,3,3
KD-107-R3,JCHEW,3,0,1,0,2,0,0,0,0,0,3,0,0
KD-107-R3,Medical Lab Technician,0,0,0,0,0,0,0,0,0,0,0,0,0
KD-107-R3,Medical Records Officer,2,2,0,0,0,2,0,0,0,0,2,2,0
KD-107-R3,Pharmacy Technician,2,2,0,0,0,2,0,0,0,0,1,1,1
KD-107-R3,Environmental Health Officer,0,0,0,0,0,0,0,0,0,0,0,0,0
KD-107-R4,Medical Officer,0,0,0,0,0,0,0,0,0,0,0,0,0
KD-107-R4,Nurse/Midwife,4,4,0,0,0,2,1,1,0,0,2,2,2
KD-107-R4,CHO,3,1,1,0,1,1,0,0,0,0,1,0,1
KD-107-R4,CHEW,9,7,1,1,0,3,1,2,0,1,5,4,2
KD-107-R4,JCHEW,3,0,1,0,2,0,0,0,0,0,0,0,0
KD-107-R4,Medical Lab Technician,0,0,0,0,0,0,0,0,0,0,0,0,0
KD-107-R4,Medical Records Officer,2,2,0,0,0,1,0,0,1,0,1,1,0
KD-107-R4,Pharmacy Technician,2,2,0,0,0,1,0,0,1,0,1,1,0
KD-107-R4,Environmental Health Officer,0,0,0,0,0,0,0,0,0,0,0,0,0
KD-107-R5,Medical Officer,0,0,0,0,0,0,0,0,0,0,0,0,0
KD-107-R5,Nurse/Midwife,4,4,0,0,0,2,0,1,1,0,2,2,1
KD-107-R5,CHO,3,1,1,0,1,1,0,0,0,0,2,1,0
KD-107-R5,CHEW,9,7,1,1,0,3,1,1,1,1,4,3,2
KD-107-R5,JCHEW,3,0,1,0,2,0,0,0,0,0,2,0,0
KD-107-R5,Medical Lab Technician,0,0,0,0,0,0,0,0,0,0,0,0,0
KD-107-R5,Medical Records Officer,2,2,0,0,0,2,0,0,0,0,2,2,0
KD-107-R5,Pharmacy Technician,2,2,0,0,0,1,0,0,0,1,1,1,0
KD-107-R5,Environmental Health Officer,0,0,0,0,0,0,0,0,0,0,0,0,0
KD-107-R6,Medical Officer,0,0,0,0,0,0,0,0,0,0,0,0,0
KD-107-R6,Nurse/Midwife,4,4,0,0,0,2,0,1,1,0,3,3,0
KD-107-R6,CHO,3,1,1,0,1,1,0,0,0,0,0,0,1
KD-107-R6,CHEW,9,7,1,1,0,3,1,2,1,0,5,3,3
KD-107-R6,JCHEW,3,0,1,0,2,0,0,0,0,0,1,0,0
KD-107-R6,Medical Lab Technician,0,0,0,0,0,0,0,0,0,0,0,0,0
KD-107-R6,Medical Records Officer,2,2,0,0,0,1,0,0,1,0,1,1,0
KD-107-R6,Pharmacy Technician,2,2,0,0,0,2,0,0,0,0,1,1,1
KD-107-R6,Environmental Health Officer,0,0,0,0,0,0,0,0,0,0,0,0,0
KD-108-R1,Medical Officer,1,1,0,0,0,1,0,0,0,0,1,1,0
KD-108-R1,Nurse/Midwife,9,8,0,1,0,4,2,2,0,0,6,5,3
KD-108-R1,CHO,4,3,0,0,1,2,0,1,0,0,2,1,2
KD-108-R1,CHEW,9,6,1,1,1,3,1,1,1,0,5,4,1
KD-108-R1,JCHEW,4,3,0,0,1,1,0,0,2,0,1,1,0
KD-108-R1,Medical Lab Technician,2,1,1,0,0,1,0,0,0,0,1,1,0
KD-108-R1,Medical Records Officer,4,3,0,0,1,1,0,0,1,1,1,0,1
KD-108-R1,Pharmacy Technician,4,3,0,1,0,2,0,1,0,0,4,3,0
KD-108-R1,Environmental Health Officer,1,1,0,0,0,1,0,0,0,0,1,1,0
KD-108-R2,Medical Officer,1,1,0,0,0,1,0,0,0,0,1,1,0
KD-108-R2,Nurse/Midwife,9,8,0,1,0,4,2,1,1,0,5,4,3
KD-108-R2,CHO,4,3,0,0,1,2,0,1,0,0,4,3,0
KD-108-R2,CHEW,9,6,1,1,1,3,1,1,0,1,7,5,0
KD-108-R2,JCHEW,4,3,0,0,1,2,0,0,1,0,3,2,0
KD-108-R2,Medical Lab Technician,2,1,1,0,0,1,0,0,0,0,2,1,0
KD-108-R2,Medical Records Officer,4,3,0,0,1,2,0,1,0,0,3,2,1
KD-108-R2,Pharmacy Technician,4,3,0,1,0,2,0,1,0,0,3,2,1
KD-108-R2,Environmental Health Officer,1,1,0,0,0,0,0,0,1,0,0,0,0
KD-108-R3,Medical Officer,1,1,0,0,0,1,0,0,0,0,1,1,0
KD-108-R3,Nurse/Midwife,9,8,0,1,0,4,2,2,0,0,6,5,3
KD-108-R3,CHO,4,3,0,0,1,1,0,0,2,0,0,0,1
KD-108-R3,CHEW,9,6,1,1,1,3,1,1,1,0,5,4,1
KD-108-R3,JCHEW,4,3,0,0,1,2,0,1,0,0,3,2,1
KD-108-R3,Medical Lab Technician,2,1,1,0,0,1,0,0,0,0,1,0,1
KD-108-R3,Medical Records Officer,4,3,0,0,1,2,0,1,0,0,2,1,2
KD-108-R3,Pharmacy Technician,4,3,0,1,0,2,0,1,0,0,4,3,0
KD-108-R3,Environmental Health Officer,1,1,0,0,0,1,0,0,0,0,1,1,0
KD-108-R4,Medical Officer,1,1,0,0,0,1,0,0,0,0,1,1,0
KD-108-R4,Nurse/Midwife,9,8,0,1,0,4,2,2,0,0,4,4,4
KD-108-R4,CHO,4,3,0,0,1,2,0,0,1,0,1,1,1
KD-108-R4,CHEW,9,6,1,1,1,2,1,1,2,0,6,3,1
KD-108-R4,JCHEW,4,3,0,0,1,2,0,0,1,0,1,1,1
KD-108-R4,Medical Lab Technician,2,1,1,0,0,1,0,0,0,0,0,0,1
KD-108-R4,Medical Records Officer,4,3,0,0,1,2,0,0,0,1,3,2,0
KD-108-R4,Pharmacy Technician,4,3,0,1,0,2,0,1,0,0,3,2,1
KD-108-R4,Environmental Health Officer,1,1,0,0,0,0,0,0,1,0,0,0,0
KD-108-R5,Medical Officer,1,1,0,0,0,1,0,0,0,0,0,0,1
KD-108-R5,Nurse/Midwife,9,8,0,1,0,4,2,1,0,1,4,4,3
KD-108-R5,CHO,4,3,0,0,1,2,0,1,0,0,4,3,0
KD-108-R5,CHEW,9,6,1,1,1,3,1,2,0,0,7,5,1
KD-108-R5,JCHEW,4,3,0,0,1,2,0,1,0,0,1,1,2
KD-108-R5,Medical Lab Technician,2,1,1,0,0,1,0,0,0,0,2,1,0
KD-108-R5,Medical Records Officer,4,3,0,0,1,2,0,1,0,0,2,1,2
KD-108-R5,Pharmacy Technician,4,3,0,1,0,2,0,1,0,0,3,2,1
KD-108-R5,Environmental Health Officer,1,1,0,0,0,1,0,0,0,0,1,1,0
KD-108-R6,Medical Officer,1,1,0,0,0,1,0,0,0,0,1,1,0
KD-108-R6,Nurse/Midwife,9,8,0,1,0,4,2,1,1,0,7,6,1
KD-108-R6,CHO,4,3,0,0,1,1,0,0,1,1,2,1,0
KD-108-R6,CHEW,9,6,1,1,1,2,1,1,2,0,5,3,1
KD-108-R6,JCHEW,4,3,0,0,1,2,0,0,0,1,2,1,1
KD-108-R6,Medical Lab Technician,2,1,1,0,0,1,0,0,0,0,1,0,1
KD-108-R6,Medical Records Officer,4,3,0,0,1,2,0,0,1,0,2,1,1
KD-108-R6,Pharmacy Technician,4,3,0,1,0,2,0,0,1,0,3,2,0
KD-108-R6,Environmental Health Officer,1,1,0,0,0,1,0,0,0,0,1,1,0
KD-109-R1,Medical Officer,1,1,0,0,0,1,0,0,0,0,1,1,0
KD-109-R1,Nurse/Midwife,5,3,0,2,0,2,0,0,1,0,2,1,1
KD-109-R1,CHO,2,1,1,0,0,1,0,0,0,0,1,1,0
KD-109-R1,CHEW,7,6,0,0,1,3,1,1,1,0,4,4,1
KD-109-R1,JCHEW,1,0,0,0,1,0,0,0,0,0,0,0,0
KD-109-R1,Medical Lab Technician,1,0,0,1,0,0,0,0,0,0,1,0,0
KD-109-R1,Medical Records Officer,2,0,0,0,2,0,0,0,0,0,2,0,0
KD-109-R1,Pharmacy Technician,3,1,0,1,1,1,0,0,0,0,3,1,0
KD-109-R1,Environmental Health Officer,1,0,1,0,0,0,0,0,0,0,1,0,0
KD-109-R2,Medical Officer,1,1,0,0,0,1,0,0,0,0,1,1,0
KD-109-R2,Nurse/Midwife,5,3,0,2,0,2,0,1,0,0,3,1,2
KD-109-R2,CHO,2,1,1,0,0,0,0,0,1,0,1,0,0
KD-109-R2,CHEW,7,6,0,0,1,3,1,2,0,0,6,5,1
KD-109-R2,JCHEW,1,0,0,0,1,0,0,0,0,0,1,0,0
KD-109-R2,Medical Lab Technician,1,0,0,1,0,0,0,0,0,0,0,0,0
KD-109-R2,Medical Records Officer,2,0,0,0,2,0,0,0,0,0,2,0,0
KD-109-R2,Pharmacy Technician,3,1,0,1,1,1,0,0,0,0,3,1,0
KD-109-R2,Environmental Health Officer,1,0,1,0,0,0,0,0,0,0,1,0,0
KD-109-R3,Medical Officer,1,1,0,0,0,1,0,0,0,0,0,0,1
KD-109-R3,Nurse/Midwife,5,3,0,2,0,2,0,0,0,1,3,1,1
KD-109-R3,CHO,2,1,1,0,0,1,0,0,0,0,2,1,0
KD-109-R3,CHEW,7,6,0,0,1,3,1,1,0,1,1,1,4
KD-109-R3,JCHEW,1,0,0,0,1,0,0,0,0,0,1,0,0
KD-109-R3,Medical Lab Technician,1,0,0,1,0,0,0,0,0,0,0,0,0
KD-109-R3,Medical Records Officer,2,0,0,0,2,0,0,0,0,0,1,0,0
KD-109-R3,Pharmacy Technician,3,1,0,1,1,1,0,0,0,0,1,0,1
KD-109-R3,Environmental Health Officer,1,0,1,0,0,0,0,0,0,0,0,0,0
KD-109-R4,Medical Officer,1,1,0,0,0,1,0,0,0,0,1,1,0
KD-109-R4,Nurse/Midwife,5,3,0,2,0,2,0,1,0,0,1,0,3
KD-109-R4,CHO,2,1,1,0,0,1,0,0,0,0,0,0,1
KD-109-R4,CHEW,7,6,0,0,1,3,1,1,1,0,3,3,2
KD-109-R4,JCHEW,1,0,0,0,1,0,0,0,0,0,1,0,0
KD-109-R4,Medical Lab Technician,1,0,0,1,0,0,0,0,0,0,0,0,0
KD-109-R4,Medical Records Officer,2,0,0,0,2,0,0,0,0,0,0,0,0
KD-109-R4,Pharmacy Technician,3,1,0,1,1,1,0,0,0,0,0,0,1
KD-109-R4,Environmental Health Officer,1,0,1,0,0,0,0,0,0,0,1,0,0
KD-109-R5,Medical Officer,1,1,0,0,0,1,0,0,0,0,0,0,1
KD-109-R5,Nurse/Midwife,5,3,0,2,0,2,0,0,1,0,4,2,0
KD-109-R5,CHO,2,1,1,0,0,1,0,0,0,0,0,0,1
KD-109-R5,CHEW,7,6,0,0,1,2,1,1,1,1,3,3,1
KD-109-R5,JCHEW,1,0,0,0,1,0,0,0,0,0,1,0,0
KD-109-R5,Medical Lab Technician,1,0,0,1,0,0,0,0,0,0,1,0,0
KD-109-R5,Medical Records Officer,2,0,0,0,2,0,0,0,0,0,1,0,0
KD-109-R5,Pharmacy Technician,3,1,0,1,1,1,0,0,0,0,1,0,1
KD-109-R5,Environmental Health Officer,1,0,1,0,0,0,0,0,0,0,1,0,0
KD-109-R6,Medical Officer,1,1,0,0,0,1,0,0,0,0,0,0,1
KD-109-R6,Nurse/Midwife,5,3,0,2,0,2,0,1,0,0,2,1,2
KD-109-R6,CHO,2,1,1,0,0,1,0,0,0,0,2,1,0
KD-109-R6,CHEW,7,6,0,0,1,3,1,1,1,0,3,3,2
KD-109-R6,JCHEW,1,0,0,0,1,0,0,0,0,0,0,0,0
KD-109-R6,Medical Lab Technician,1,0,0,1,0,0,0,0,0,0,1,0,0
KD-109-R6,Medical Records Officer,2,0,0,0,2,0,0,0,0,0,1,0,0
KD-109-R6,Pharmacy Technician,3,1,0,1,1,0,0,0,1,0,0,0,0
KD-109-R6,Environmental Health Officer,1,0,1,0,0,0,0,0,0,0,1,0,0
KD-110-R1,Medical Officer,1,0,0,0,1,0,0,0,0,0,0,0,0
KD-110-R1,Nurse/Midwife,4,2,2,0,0,2,0,0,0,0,3,2,0
KD-110-R1,CHO,5,5,0,0,0,2,1,1,1,0,2,2,2
KD-110-R1,CHEW,8,6,2,0,0,2,1,1,1,1,3,2,2
KD-110-R1,JCHEW,5,4,1,0,0,2,0,1,0,1,2,2,1
KD-110-R1,Medical Lab Technician,2,1,0,1,0,0,0,0,0,1,1,0,0
KD-110-R1,Medical Records Officer,1,1,0,0,0,1,0,0,0,0,1,1,0
KD-110-R1,Pharmacy Technician,2,1,1,0,0,1,0,0,0,0,1,1,0
KD-110-R1,Environmental Health Officer,2,1,0,0,1,1,0,0,0,0,1,1,0
KD-110-R2,Medical Officer,1,0,0,0,1,0,0,0,0,0,1,0,0
KD-110-R2,Nurse/Midwife,4,2,2,0,0,2,0,0,0,0,4,2,0
KD-110-R2,CHO,5,5,0,0,0,2,1,1,1,0,3,3,1
KD-110-R2,CHEW,8,6,2,0,0,3,1,1,1,0,5,4,1
KD-110-R2,JCHEW,5,4,1,0,0,2,1,1,0,0,4,3,1
KD-110-R2,Medical Lab Technician,2,1,0,1,0,1,0,0,0,0,2,1,0
KD-110-R2,Medical Records Officer,1,1,0,0,0,1,0,0,0,0,0,0,1
KD-110-R2,Pharmacy Technician,2,1,1,0,0,1,0,0,0,0,0,0,1
KD-110-R2,Environmental Health Officer,2,1,0,0,1,1,0,0,0,0,2,1,0
KD-110-R3,Medical Officer,1,0,0,0,1,0,0,0,0,0,1,0,0
KD-110-R3,Nurse/Midwife,4,2,2,0,0,2,0,0,0,0,3,2,0
KD-110-R3,CHO,5,5,0,0,0,2,0,0,2,1,1,1,1
KD-110-R3,CHEW,8,6,2,0,0,2,1,1,2,0,5,3,1
KD-110-R3,JCHEW,5,4,1,0,0,2,0,1,0,1,3,3,0
KD-110-R3,Medical Lab Technician,2,1,0,1,0,1,0,0,0,0,1,0,1
KD-110-R3,Medical Records Officer,1,1,0,0,0,1,0,0,0,0,1,1,0
KD-110-R3,Pharmacy Technician,2,1,1,0,0,1,0,0,0,0,1,1,0
KD-110-R3,Environmental Health Officer,2,1,0,0,1,1,0,0,0,0,2,1,0
KD-110-R4,Medical Officer,1,0,0,0,1,0,0,0,0,0,0,0,0
KD-110-R4,Nurse/Midwife,4,2,2,0,0,2,0,0,0,0,2,1,1
KD-110-R4,CHO,5,5,0,0,0,3,1,1,0,0,3,3,2
KD-110-R4,CHEW,8,6,2,0,0,3,1,1,1,0,5,3,2
KD-110-R4,JCHEW,5,4,1,0,0,2,1,1,0,0,4,3,1
KD-110-R4,Medical Lab Technician,2,1,0,1,0,1,0,0,0,0,1,1,0
KD-110-R4,Medical Records Officer,1,1,0,0,0,1,0,0,0,0,0,0,1
KD-110-R4,Pharmacy Technician,2,1,1,0,0,0,0,0,0,1,1,0,0
KD-110-R4,Environmental Health Officer,2,1,0,0,1,1,0,0,0,0,2,1,0
KD-110-R5,Medical Officer,1,0,0,0,1,0,0,0,0,0,1,0,0
KD-110-R5,Nurse/Midwife,4,2,2,0,0,2,0,0,0,0,3,1,1
KD-110-R5,CHO,5,5,0,0,0,3,1,1,0,0,3,3,2
KD-110-R5,CHEW,8,6,2,0,0,3,1,2,0,0,4,3,3
KD-110-R5,JCHEW,5,4,1,0,0,2,1,1,0,0,4,4,0
KD-110-R5,Medical Lab Technician,2,1,0,1,0,1,0,0,0,0,2,1,0
KD-110-R5,Medical Records Officer,1,1,0,0,0,1,0,0,0,0,1,1,0
KD-110-R5,Pharmacy Technician,2,1,1,0,0,1,0,0,0,0,0,0,1
KD-110-R5,Environmental Health Officer,2,1,0,0,1,1,0,0,0,0,1,1,0
KD-110-R6,Medical Officer,1,0,0,0,1,0,0,0,0,0,0,0,0
KD-110-R6,Nurse/Midwife,4,2,2,0,0,2,0,0,0,0,2,1,1
KD-110-R6,CHO,5,5,0,0,0,2,1,1,0,1,4,4,0
KD-110-R6,CHEW,8,6,2,0,0,2,1,1,2,0,3,2,2
KD-110-R6,JCHEW,5,4,1,0,0,2,1,1,0,0,3,3,1
KD-110-R6,Medical Lab Technician,2,1,0,1,0,1,0,0,0,0,2,1,0
KD-110-R6,Medical Records Officer,1,1,0,0,0,1,0,0,0,0,0,0,1
KD-110-R6,Pharmacy Technician,2,1,1,0,0,1,0,0,0,0,2,1,0
KD-110-R6,Environmental Health Officer,2,1,0,0,1,1,0,0,0,0,2,1,0
KD-111-R1,Medical Officer,0,0,0,0,0,0,0,0,0,0,0,0,0
KD-111-R1,Nurse/Midwife,2,0,0,2,0,0,0,0,0,0,1,0,0
KD-111-R1,CHO,1,1,0,0,0,0,0,0,1,0,0,0,0
KD-111-R1,CHEW,4,3,0,0,1,2,0,1,0,0,2,1,2
KD-111-R1,JCHEW,0,0,0,0,0,0,0,0,0,0,0,0,0
KD-111-R1,Medical Lab Technician,1,0,0,1,0,0,0,0,0,0,0,0,0
KD-111-R1,Medical Records Officer,0,0,0,0,0,0,0,0,0,0,0,0,0
KD-111-R1,Pharmacy Technician,0,0,0,0,0,0,0,0,0,0,0,0,0
KD-111-R1,Environmental Health Officer,0,0,0,0,0,0,0,0,0,0,0,0,0
KD-111-R2,Medical Officer,0,0,0,0,0,0,0,0,0,0,0,0,0
KD-111-R2,Nurse/Midwife,2,0,0,2,0,0,0,0,0,0,1,0,0
KD-111-R2,CHO,1,1,0,0,0,0,0,0,0,1,0,0,0
KD-111-R2,CHEW,4,3,0,0,1,2,0,0,1,0,2,2,0
KD-111-R2,JCHEW,0,0,0,0,0,0,0,0,0,0,0,0,0
KD-111-R2,Medical Lab Technician,1,0,0,1,0,0,0,0,0,0,0,0,0
KD-111-R2,Medical Records Officer,0,0,0,0,0,0,0,0,0,0,0,0,0
KD-111-R2,Pharmacy Technician,0,0,0,0,0,0,0,0,0,0,0,0,0
KD-111-R2,Environmental Health Officer,0,0,0,0,0,0,0,0,0,0,0,0,0
KD-111-R3,Medical Officer,0,0,0,0,0,0,0,0,0,0,0,0,0
KD-111-R3,Nurse/Midwife,2,0,0,2,0,0,0,0,0,0,2,0,0
KD-111-R3,CHO,1,1,0,0,0,1,0,0,0,0,1,1,0
KD-111-R3,CHEW,4,3,0,0,1,2,0,0,1,0,0,0,2
KD-111-R3,JCHEW,0,0,0,0,0,0,0,0,0,0,0,0,0
KD-111-R3,Medical Lab Technician,1,0,0,1,0,0,0,0,0,0,1,0,0
KD-111-R3,Medical Records Officer,0,0,0,0,0,0,0,0,0,0,0,0,0
KD-111-R3,Pharmacy Technician,0,0,0,0,0,0,0,0,0,0,0,0,0
KD-111-R3,Environmental Health Officer,0,0,0,0,0,0,0,0,0,0,0,0,0
KD-111-R4,Medical Officer,0,0,0,0,0,0,0,0,0,0,0,0,0
KD-111-R4,Nurse/Midwife,2,0,0,2,0,0,0,0,0,0,0,0,0
KD-111-R4,CHO,1,1,0,0,0,1,0,0,0,0,1,1,0
KD-111-R4,CHEW,4,3,0,0,1,2,0,0,1,0,3,2,0
KD-111-R4,JCHEW,0,0,0,0,0,0,0,0,0,0,0,0,0
KD-111-R4,Medical Lab Technician,1,0,0,1,0,0,0,0,0,0,1,0,0
KD-111-R4,Medical Records Officer,0,0,0,0,0,0,0,0,0,0,0,0,0
KD-111-R4,Pharmacy Technician,0,0,0,0,0,0,0,0,0,0,0,0,0
KD-111-R4,Environmental Health Officer,0,0,0,0,0,0,0,0,0,0,0,0,0
KD-111-R5,Medical Officer,0,0,0,0,0,0,0,0,0,0,0,0,0
KD-111-R5,Nurse/Midwife,2,0,0,2,0,0,0,0,0,0,1,0,0
KD-111-R5,CHO,1,1,0,0,0,1,0,0,0,0,0,0,1
KD-111-R5,CHEW,4,3,0,0,1,2,0,0,0,1,1,1,1
KD-111-R5,JCHEW,0,0,0,0,0,0,0,0,0,0,0,0,0
KD-111-R5,Medical Lab Technician,1,0,0,1,0,0,0,0,0,0,0,0,0
KD-111-R5,Medical Records Officer,0,0,0,0,0,0,0,0,0,0,0,0,0
KD-111-R5,Pharmacy Technician,0,0,0,0,0,0,0,0,0,0,0,0,0
KD-111-R5,Environmental Health Officer,0,0,0,0,0,0,0,0,0,0,0,0,0
KD-111-R6,Medical Officer,0,0,0,0,0,0,0,0,0,0,0,0,0
KD-111-R6,Nurse/Midwife,2,0,0,2,0,0,0,0,0,0,0,0,0
KD-111-R6,CHO,1,1,0,0,0,1,0,0,0,0,1,1,0
KD-111-R6,CHEW,4,3,0,0,1,2,0,0,1,0,1,1,1
KD-111-R6,JCHEW,0,0,0,0,0,0,0,0,0,0,0,0,0
KD-111-R6,Medical Lab Technician,1,0,0,1,0,0,0,0,0,0,1,0,0
KD-111-R6,Medical Records Officer,0,0,0,0,0,0,0,0,0,0,0,0,0
KD-111-R6,Pharmacy Technician,0,0,0,0,0,0,0,0,0,0,0,0,0
KD-111-R6,Environmental Health Officer,0,0,0,0,0,0,0,0,0,0,0,0,0
KD-112-R1,Medical Officer,0,0,0,0,0,0,0,0,0,0,0,0,0
KD-112-R1,Nurse/Midwife,3,2,1,0,0,2,0,0,0,0,2,1,1
KD-112-R1,CHO,1,0,1,0,0,0,0,0,0,0,1,0,0
KD-112-R1,CHEW,3,3,0,0,0,3,0,0,0,0,3,3,0
KD-112-R1,JCHEW,2,1,0,0,1,1,0,0,0,0,2,1,0
KD-112-R1,Medical Lab Technician,3,0,1,2,0,0,0,0,0,0,2,0,0
KD-112-R1,Medical Records Officer,0,0,0,0,0,0,0,0,0,0,0,0,0
KD-112-R1,Pharmacy Technician,1,0,0,1,0,0,0,0,0,0,1,0,0
KD-112-R1,Environmental Health Officer,1,1,0,0,0,1,0,0,0,0,1,1,0
KD-112-R2,Medical Officer,0,0,0,0,0,0,0,0,0,0,0,0,0
KD-112-R2,Nurse/Midwife,3,2,1,0,0,1,0,0,1,0,2,1,0
KD-112-R2,CHO,1,0,1,0,0,0,0,0,0,0,0,0,0
KD-112-R2,CHEW,3,3,0,0,0,3,0,0,0,0,2,2,1
KD-112-R2,JCHEW,2,1,0,0,1,1,0,0,0,0,0,0,1
KD-112-R2,Medical Lab Technician,3,0,1,2,0,0,0,0,0,0,2,0,0
KD-112-R2,Medical Records Officer,0,0,0,0,0,0,0,0,0,0,0,0,0
KD-112-R2,Pharmacy Technician,1,0,0,1,0,0,0,0,0,0,1,0,0
KD-112-R2,Environmental Health Officer,1,1,0,0,0,1,0,0,0,0,1,1,0
KD-112-R3,Medical Officer,0,0,0,0,0,0,0,0,0,0,0,0,0
KD-112-R3,Nurse/Midwife,3,2,1,0,0,2,0,0,0,0,2,1,1
KD-112-R3,CHO,1,0,1,0,0,0,0,0,0,0,0,0,0
KD-112-R3,CHEW,3,3,0,0,0,3,0,0,0,0,3,3,0
KD-112-R3,JCHEW,2,1,0,0,1,0,0,0,0,1,1,0,0
KD-112-R3,Medical Lab Technician,3,0,1,2,0,0,0,0,0,0,1,0,0
KD-112-R3,Medical Records Officer,0,0,0,0,0,0,0,0,0,0,0,0,0
KD-112-R3,Pharmacy Technician,1,0,0,1,0,0,0,0,0,0,1,0,0
KD-112-R3,Environmental Health Officer,1,1,0,0,0,1,0,0,0,0,1,1,0
KD-112-R4,Medical Officer,0,0,0,0,0,0,0,0,0,0,0,0,0
KD-112-R4,Nurse/Midwife,3,2,1,0,0,2,0,0,0,0,2,1,1
KD-112-R4,CHO,1,0,1,0,0,0,0,0,0,0,1,0,0
KD-112-R4,CHEW,3,3,0,0,0,3,0,0,0,0,0,0,3
KD-112-R4,JCHEW,2,1,0,0,1,1,0,0,0,0,2,1,0
KD-112-R4,Medical Lab Technician,3,0,1,2,0,0,0,0,0,0,1,0,0
KD-112-R4,Medical Records Officer,0,0,0,0,0,0,0,0,0,0,0,0,0
KD-112-R4,Pharmacy Technician,1,0,0,1,0,0,0,0,0,0,0,0,0
KD-112-R4,Environmental Health Officer,1,1,0,0,0,1,0,0,0,0,0,0,1
KD-112-R5,Medical Officer,0,0,0,0,0,0,0,0,0,0,0,0,0
KD-112-R5,Nurse/Midwife,3,2,1,0,0,2,0,0,0,0,2,1,1
KD-112-R5,CHO,1,0,1,0,0,0,0,0,0,0,0,0,0
KD-112-R5,CHEW,3,3,0,0,0,3,0,0,0,0,2,2,1
KD-112-R5,JCHEW,2,1,0,0,1,0,0,0,0,1,1,0,0
KD-112-R5,Medical Lab Technician,3,0,1,2,0,0,0,0,0,0,1,0,0
KD-112-R5,Medical Records Officer,0,0,0,0,0,0,0,0,0,0,0,0,0
KD-112-R5,Pharmacy Technician,1,0,0,1,0,0,0,0,0,0,1,0,0
KD-112-R5,Environmental Health Officer,1,1,0,0,0,1,0,0,0,0,1,1,0
KD-112-R6,Medical Officer,0,0,0,0,0,0,0,0,0,0,0,0,0
KD-112-R6,Nurse/Midwife,3,2,1,0,0,1,0,0,1,0,1,0,1
KD-112-R6,CHO,1,0,1,0,0,0,0,0,0,0,1,0,0
KD-112-R6,CHEW,3,3,0,0,0,2,0,0,0,1,1,1,1
KD-112-R6,JCHEW,2,1,0,0,1,1,0,0,0,0,1,1,0
KD-112-R6,Medical Lab Technician,3,0,1,2,0,0,0,0,0,0,1,0,0
KD-112-R6,Medical Records Officer,0,0,0,0,0,0,0,0,0,0,0,0,0
KD-112-R6,Pharmacy Technician,1,0,0,1,0,0,0,0,0,0,1,0,0
KD-112-R6,Environmental Health Officer,1,1,0,0,0,1,0,0,0,0,1,1,0
KD-113-R1,Medical Officer,0,0,0,0,0,0,0,0,0,0,0,0,0
KD-113-R1,Nurse/Midwife,4,3,0,1,0,3,0,0,0,0,2,2,1
KD-113-R1,CHO,4,2,2,0,0,2,0,0,0,0,2,1,1
KD-113-R1,CHEW,10,4,1,1,4,3,0,0,1,0,5,3,0
KD-113-R1,JCHEW,2,1,1,0,0,1,0,0,0,0,0,0,1
KD-113-R1,Medical Lab Technician,0,0,0,0,0,0,0,0,0,0,0,0,0
KD-113-R1,Medical Records Officer,2,0,0,0,2,0,0,0,0,0,1,0,0
KD-113-R1,Pharmacy Technician,0,0,0,0,0,0,0,0,0,0,0,0,0
KD-113-R1,Environmental Health Officer,0,0,0,0,0,0,0,0,0,0,0,0,0
KD-113-R2,Medical Officer,0,0,0,0,0,0,0,0,0,0,0,0,0
KD-113-R2,Nurse/Midwife,4,3,0,1,0,3,0,0,0,0,3,2,1
KD-113-R2,CHO,4,2,2,0,0,2,0,0,0,0,2,1,1
KD-113-R2,CHEW,10,4,1,1,4,4,0,0,0,0,5,2,2
KD-113-R2,JCHEW,2,1,1,0,0,1,0,0,0,0,1,1,0
KD-113-R2,Medical Lab Technician,0,0,0,0,0,0,0,0,0,0,0,0,0
KD-113-R2,Medical Records Officer,2,0,0,0,2,0,0,0,0,0,1,0,0
KD-113-R2,Pharmacy Technician,0,0,0,0,0,0,0,0,0,0,0,0,0
KD-113-R2,Environmental Health Officer,0,0,0,0,0,0,0,0,0,0,0,0,0
KD-113-R3,Medical Officer,0,0,0,0,0,0,0,0,0,0,0,0,0
KD-113-R3,Nurse/Midwife,4,3,0,1,0,2,0,0,0,1,2,1,1
KD-113-R3,CHO,4,2,2,0,0,1,0,0,1,0,2,1,0
KD-113-R3,CHEW,10,4,1,1,4,4,0,0,0,0,2,1,3
KD-113-R3,JCHEW,2,1,1,0,0,1,0,0,0,0,1,1,0
KD-113-R3,Medical Lab Technician,0,0,0,0,0,0,0,0,0,0,0,0,0
KD-113-R3,Medical Records Officer,2,0,0,0,2,0,0,0,0,0,0,0,0
KD-113-R3,Pharmacy Technician,0,0,0,0,0,0,0,0,0,0,0,0,0
KD-113-R3,Environmental Health Officer,0,0,0,0,0,0,0,0,0,0,0,0,0
KD-113-R4,Medical Officer,0,0,0,0,0,0,0,0,0,0,0,0,0
KD-113-R4,Nurse/Midwife,4,3,0,1,0,3,0,0,0,0,2,2,1
KD-113-R4,CHO,4,2,2,0,0,2,0,0,0,0,4,2,0
KD-113-R4,CHEW,10,4,1,1,4,4,0,0,0,0,4,1,3
KD-113-R4,JCHEW,2,1,1,0,0,1,0,0,0,0,1,1,0
KD-113-R4,Medical Lab Technician,0,0,0,0,0,0,0,0,0,0,0,0,0
KD-113-R4,Medical Records Officer,2,0,0,0,2,0,0,0,0,0,2,0,0
KD-113-R4,Pharmacy Technician,0,0,0,0,0,0,0,0,0,0,0,0,0
KD-113-R4,Environmental Health Officer,0,0,0,0,0,0,0,0,0,0,0,0,0
KD-113-R5,Medical Officer,0,0,0,0,0,0,0,0,0,0,0,0,0
KD-113-R5,Nurse/Midwife,4,3,0,1,0,3,0,0,0,0,3,3,0
KD-113-R5,CHO,4,2,2,0,0,2,0,0,0,0,4,2,0
KD-113-R5,CHEW,10,4,1,1,4,4,0,0,0,0,5,3,1
KD-113-R5,JCHEW,2,1,1,0,0,1,0,0,0,0,2,1,0
KD-113-R5,Medical Lab Technician,0,0,0,0,0,0,0,0,0,0,0,0,0
KD-113-R5,Medical Records Officer,2,0,0,0,2,0,0,0,0,0,1,0,0
KD-113-R5,Pharmacy Technician,0,0,0,0,0,0,0,0,0,0,0,0,0
KD-113-R5,Environmental Health Officer,0,0,0,0,0,0,0,0,0,0,0,0,0
KD-113-R6,Medical Officer,0,0,0,0,0,0,0,0,0,0,0,0,0
KD-113-R6,Nurse/Midwife,4,3,0,1,0,3,0,0,0,0,3,3,0
KD-113-R6,CHO,4,2,2,0,0,1,0,0,0,1,1,0,1
KD-113-R6,CHEW,10,4,1,1,4,4,0,0,0,0,6,2,2
KD-113-R6,JCHEW,2,1,1,0,0,1,0,0,0,0,0,0,1
KD-113-R6,Medical Lab Technician,0,0,0,0,0,0,0,0,0,0,0,0,0
KD-113-R6,Medical Records Officer,2,0,0,0,2,0,0,0,0,0,1,0,0
KD-113-R6,Pharmacy Technician,0,0,0,0,0,0,0,0,0,0,0,0,0
KD-113-R6,Environmental Health Officer,0,0,0,0,0,0,0,0,0,0,0,0,0
KD-114-R1,Medical Officer,2,1,1,0,0,1,0,0,0,0,2,1,0
KD-114-R1,Nurse/Midwife,5,5,0,0,0,5,0,0,0,0,4,4,1
KD-114-R1,CHO,1,1,0,0,0,1,0,0,0,0,0,0,1
KD-114-R1,CHEW,8,4,3,1,0,3,0,0,1,0,6,3,0
KD-114-R1,JCHEW,10,7,3,0,0,5,0,0,1,1,5,3,2
KD-114-R1,Medical Lab Technician,3,2,0,1,0,2,0,0,0,0,1,1,1
KD-114-R1,Medical Records Officer,2,0,0,0,2,0,0,0,0,0,1,0,0
KD-114-R1,Pharmacy Technician,2,1,0,0,1,0,0,0,1,0,0,0,0
KD-114-R1,Environmental Health Officer,1,1,0,0,0,1,0,0,0,0,0,0,1
KD-114-R2,Medical Officer,2,1,1,0,0,1,0,0,0,0,2,1,0
KD-114-R2,Nurse/Midwife,5,5,0,0,0,5,0,0,0,0,4,4,1
KD-114-R2,CHO,1,1,0,0,0,1,0,0,0,0,1,1,0
KD-114-R2,CHEW,8,4,3,1,0,3,0,0,1,0,5,3,0
KD-114-R2,JCHEW,10,7,3,0,0,4,0,0,1,2,7,4,0
KD-114-R2,Medical Lab Technician,3,2,0,1,0,2,0,0,0,0,3,2,0
KD-114-R2,Medical Records Officer,2,0,0,0,2,0,0,0,0,0,1,0,0
KD-114-R2,Pharmacy Technician,2,1,0,0,1,1,0,0,0,0,1,0,1
KD-114-R2,Environmental Health Officer,1,1,0,0,0,1,0,0,0,0,0,0,1
KD-114-R3,Medical Officer,2,1,1,0,0,1,0,0,0,0,2,1,0
KD-114-R3,Nurse/Midwife,5,5,0,0,0,5,0,0,0,0,4,4,1
KD-114-R3,CHO,1,1,0,0,0,1,0,0,0,0,1,1,0
KD-114-R3,CHEW,8,4,3,1,0,4,0,0,0,0,5,2,2
KD-114-R3,JCHEW,10,7,3,0,0,6,0,0,0,1,8,5,1
KD-114-R3,Medical Lab Technician,3,2,0,1,0,2,0,0,0,0,2,1,1
KD-114-R3,Medical Records Officer,2,0,0,0,2,0,0,0,0,0,2,0,0
KD-114-R3,Pharmacy Technician,2,1,0,0,1,1,0,0,0,0,2,1,0
KD-114-R3,Environmental Health Officer,1,1,0,0,0,1,0,0,0,0,1,1,0
KD-114-R4,Medical Officer,2,1,1,0,0,1,0,0,0,0,1,0,1
KD-114-R4,Nurse/Midwife,5,5,0,0,0,5,0,0,0,0,3,3,2
KD-114-R4,CHO,1,1,0,0,0,1,0,0,0,0,1,1,0
KD-114-R4,CHEW,8,4,3,1,0,4,0,0,0,0,6,2,2
KD-114-R4,JCHEW,10,7,3,0,0,7,0,0,0,0,7,5,2
KD-114-R4,Medical Lab Technician,3,2,0,1,0,1,0,0,1,0,2,1,0
KD-114-R4,Medical Records Officer,2,0,0,0,2,0,0,0,0,0,2,0,0
KD-114-R4,Pharmacy Technician,2,1,0,0,1,1,0,0,0,0,2,1,0
KD-114-R4,Environmental Health Officer,1,1,0,0,0,1,0,0,0,0,0,0,1
KD-114-R5,Medical Officer,2,1,1,0,0,1,0,0,0,0,0,0,1
KD-114-R5,Nurse/Midwife,5,5,0,0,0,5,0,0,0,0,3,3,2
KD-114-R5,CHO,1,1,0,0,0,1,0,0,0,0,1,1,0
KD-114-R5,CHEW,8,4,3,1,0,4,0,0,0,0,4,2,2
KD-114-R5,JCHEW,10,7,3,0,0,7,0,0,0,0,5,4,3
KD-114-R5,Medical Lab Technician,3,2,0,1,0,2,0,0,0,0,3,2,0
KD-114-R5,Medical Records Officer,2,0,0,0,2,0,0,0,0,0,1,0,0
KD-114-R5,Pharmacy Technician,2,1,0,0,1,1,0,0,0,0,1,1,0
KD-114-R5,Environmental Health Officer,1,1,0,0,0,1,0,0,0,0,1,1,0
KD-114-R6,Medical Officer,2,1,1,0,0,1,0,0,0,0,0,0,1
KD-114-R6,Nurse/Midwife,5,5,0,0,0,4,0,0,0,1,3,3,1
KD-114-R6,CHO,1,1,0,0,0,1,0,0,0,0,0,0,1
KD-114-R6,CHEW,8,4,3,1,0,3,0,0,0,1,5,3,0
KD-114-R6,JCHEW,10,7,3,0,0,7,0,0,0,0,10,7,0
KD-114-R6,Medical Lab Technician,3,2,0,1,0,2,0,0,0,0,1,1,1
KD-114-R6,Medical Records Officer,2,0,0,0,2,0,0,0,0,0,2,0,0
KD-114-R6,Pharmacy Technician,2,1,0,0,1,1,0,0,0,0,1,1,0
KD-114-R6,Environmental Health Officer,1,1,0,0,0,1,0,0,0,0,1,1,0
KD-115-R1,Medical Officer,8,8,0,0,0,8,0,0,0,0,5,5,3
KD-115-R1,Nurse/Midwife,22,15,6,0,1,15,0,0,0,0,14,8,7
KD-115-R1,CHO,2,2,0,0,0,2,0,0,0,0,2,2,0
KD-115-R1,CHEW,6,1,2,0,3,1,0,0,0,0,4,1,0
KD-115-R1,JCHEW,7,5,2,0,0,5,0,0,0,0,6,4,1
KD-115-R1,Medical Lab Technician,6,6,0,0,0,6,0,0,0,0,5,5,1
KD-115-R1,Medical Records Officer,2,2,0,0,0,2,0,0,0,0,2,2,0
KD-115-R1,Pharmacy Technician,6,6,0,0,0,6,0,0,0,0,5,5,1
KD-115-R1,Environmental Health Officer,2,0,1,0,1,0,0,0,0,0,2,0,0
KD-115-R2,Medical Officer,8,8,0,0,0,7,0,0,0,1,2,2,5
KD-115-R2,Nurse/Midwife,22,15,6,0,1,13,0,0,1,1,12,9,4
KD-115-R2,CHO,2,2,0,0,0,2,0,0,0,0,1,1,1
KD-115-R2,CHEW,6,1,2,0,3,1,0,0,0,0,3,1,0
KD-115-R2,JCHEW,7,5,2,0,0,4,0,0,1,0,2,2,2
KD-115-R2,Medical Lab Technician,6,6,0,0,0,6,0,0,0,0,6,6,0
KD-115-R2,Medical Records Officer,2,2,0,0,0,2,0,0,0,0,2,2,0
KD-115-R2,Pharmacy Technician,6,6,0,0,0,4,0,0,2,0,3,3,1
KD-115-R2,Environmental Health Officer,2,0,1,0,1,0,0,0,0,0,0,0,0
KD-115-R3,Medical Officer,8,8,0,0,0,8,0,0,0,0,5,5,3
KD-115-R3,Nurse/Midwife,22,15,6,0,1,14,0,0,1,0,14,10,4
KD-115-R3,CHO,2,2,0,0,0,2,0,0,0,0,1,1,1
KD-115-R3,CHEW,6,1,2,0,3,1,0,0,0,0,3,0,1
KD-115-R3,JCHEW,7,5,2,0,0,4,0,0,1,0,3,3,1
KD-115-R3,Medical Lab Technician,6,6,0,0,0,6,0,0,0,0,5,5,1
KD-115-R3,Medical Records Officer,2,2,0,0,0,2,0,0,0,0,0,0,2
KD-115-R3,Pharmacy Technician,6,6,0,0,0,5,0,0,1,0,5,5,0
KD-115-R3,Environmental Health Officer,2,0,1,0,1,0,0,0,0,0,2,0,0
KD-115-R4,Medical Officer,8,8,0,0,0,8,0,0,0,0,5,5,3
KD-115-R4,Nurse/Midwife,22,15,6,0,1,14,0,0,0,1,10,5,9
KD-115-R4,CHO,2,2,0,0,0,2,0,0,0,0,1,1,1
KD-115-R4,CHEW,6,1,2,0,3,1,0,0,0,0,4,1,0
KD-115-R4,JCHEW,7,5,2,0,0,4,0,0,1,0,2,1,3
KD-115-R4,Medical Lab Technician,6,6,0,0,0,6,0,0,0,0,3,3,3
KD-115-R4,Medical Records Officer,2,2,0,0,0,2,0,0,0,0,1,1,1
KD-115-R4,Pharmacy Technician,6,6,0,0,0,5,0,0,1,0,5,5,0
KD-115-R4,Environmental Health Officer,2,0,1,0,1,0,0,0,0,0,1,0,0
KD-115-R5,Medical Officer,8,8,0,0,0,7,0,0,1,0,5,5,2
KD-115-R5,Nurse/Midwife,22,15,6,0,1,14,0,0,1,0,15,9,5
KD-115-R5,CHO,2,2,0,0,0,2,0,0,0,0,0,0,2
KD-115-R5,CHEW,6,1,2,0,3,0,0,0,0,1,3,0,0
KD-115-R5,JCHEW,7,5,2,0,0,5,0,0,0,0,4,2,3
KD-115-R5,Medical Lab Technician,6,6,0,0,0,4,0,0,1,1,3,3,1
KD-115-R5,Medical Records Officer,2,2,0,0,0,2,0,0,0,0,2,2,0
KD-115-R5,Pharmacy Technician,6,6,0,0,0,5,0,0,1,0,2,2,3
KD-115-R5,Environmental Health Officer,2,0,1,0,1,0,0,0,0,0,2,0,0
KD-115-R6,Medical Officer,8,8,0,0,0,7,0,0,1,0,1,1,6
KD-115-R6,Nurse/Midwife,22,15,6,0,1,14,0,0,0,1,12,8,6
KD-115-R6,CHO,2,2,0,0,0,2,0,0,0,0,1,1,1
KD-115-R6,CHEW,6,1,2,0,3,1,0,0,0,0,3,1,0
KD-115-R6,JCHEW,7,5,2,0,0,5,0,0,0,0,3,3,2
KD-115-R6,Medical Lab Technician,6,6,0,0,0,3,0,0,1,2,2,2,1
KD-115-R6,Medical Records Officer,2,2,0,0,0,1,0,0,1,0,1,1,0
KD-115-R6,Pharmacy Technician,6,6,0,0,0,5,0,0,1,0,2,2,3
KD-115-R6,Environmental Health Officer,2,0,1,0,1,0,0,0,0,0,0,0,0
KD-116-R1,Medical Officer,0,0,0,0,0,0,0,0,0,0,0,0,0
KD-116-R1,Nurse/Midwife,2,1,0,1,0,1,0,0,0,0,1,0,1
KD-116-R1,CHO,0,0,0,0,0,0,0,0,0,0,0,0,0
KD-116-R1,CHEW,6,4,2,0,0,4,0,0,0,0,5,3,1
KD-116-R1,JCHEW,5,3,0,2,0,3,0,0,0,0,5,3,0
KD-116-R1,Medical Lab Technician,2,2,0,0,0,2,0,0,0,0,1,1,1
KD-116-R1,Medical Records Officer,2,0,0,0,2,0,0,0,0,0,1,0,0
KD-116-R1,Pharmacy Technician,0,0,0,0,0,0,0,0,0,0,0,0,0
KD-116-R1,Environmental Health Officer,0,0,0,0,0,0,0,0,0,0,0,0,0
KD-116-R2,Medical Officer,0,0,0,0,0,0,0,0,0,0,0,0,0
KD-116-R2,Nurse/Midwife,2,1,0,1,0,1,0,0,0,0,1,0,1
KD-116-R2,CHO,0,0,0,0,0,0,0,0,0,0,0,0,0
KD-116-R2,CHEW,6,4,2,0,0,3,0,0,1,0,3,1,2
KD-116-R2,JCHEW,5,3,0,2,0,3,0,0,0,0,3,1,2
KD-116-R2,Medical Lab Technician,2,2,0,0,0,1,0,0,0,1,1,1,0
KD-116-R2,Medical Records Officer,2,0,0,0,2,0,0,0,0,0,1,0,0
KD-116-R2,Pharmacy Technician,0,0,0,0,0,0,0,0,0,0,0,0,0
KD-116-R2,Environmental Health Officer,0,0,0,0,0,0,0,0,0,0,0,0,0
KD-116-R3,Medical Officer,0,0,0,0,0,0,0,0,0,0,0,0,0
KD-116-R3,Nurse/Midwife,2,1,0,1,0,1,0,0,0,0,0,0,1
KD-116-R3,CHO,0,0,0,0,0,0,0,0,0,0,0,0,0
KD-116-R3,CHEW,6,4,2,0,0,4,0,0,0,0,4,3,1
KD-116-R3,JCHEW,5,3,0,2,0,3,0,0,0,0,2,1,2
KD-116-R3,Medical Lab Technician,2,2,0,0,0,2,0,0,0,0,1,1,1
KD-116-R3,Medical Records Officer,2,0,0,0,2,0,0,0,0,0,1,0,0
KD-116-R3,Pharmacy Technician,0,0,0,0,0,0,0,0,0,0,0,0,0
KD-116-R3,Environmental Health Officer,0,0,0,0,0,0,0,0,0,0,0,0,0
KD-116-R4,Medical Officer,0,0,0,0,0,0,0,0,0,0,0,0,0
KD-116-R4,Nurse/Midwife,2,1,0,1,0,0,0,0,1,0,0,0,0
KD-116-R4,CHO,0,0,0,0,0,0,0,0,0,0,0,0,0
KD-116-R4,CHEW,6,4,2,0,0,4,0,0,0,0,2,1,3
KD-116-R4,JCHEW,5,3,0,2,0,3,0,0,0,0,3,1,2
KD-116-R4,Medical Lab Technician,2,2,0,0,0,2,0,0,0,0,0,0,2
KD-116-R4,Medical Records Officer,2,0,0,0,2,0,0,0,0,0,2,0,0
KD-116-R4,Pharmacy Technician,0,0,0,0,0,0,0,0,0,0,0,0,0
KD-116-R4,Environmental Health Officer,0,0,0,0,0,0,0,0,0,0,0,0,0
KD-116-R5,Medical Officer,0,0,0,0,0,0,0,0,0,0,0,0,0
KD-116-R5,Nurse/Midwife,2,1,0,1,0,1,0,0,0,0,1,1,0
KD-116-R5,CHO,0,0,0,0,0,0,0,0,0,0,0,0,0
KD-116-R5,CHEW,6,4,2,0,0,3,0,0,0,1,4,2,1
KD-116-R5,JCHEW,5,3,0,2,0,2,0,0,0,1,4,2,0
KD-116-R5,Medical Lab Technician,2,2,0,0,0,2,0,0,0,0,2,2,0
KD-116-R5,Medical Records Officer,2,0,0,0,2,0,0,0,0,0,1,0,0
KD-116-R5,Pharmacy Technician,0,0,0,0,0,0,0,0,0,0,0,0,0
KD-116-R5,Environmental Health Officer,0,0,0,0,0,0,0,0,0,0,0,0,0
KD-116-R6,Medical Officer,0,0,0,0,0,0,0,0,0,0,0,0,0
KD-116-R6,Nurse/Midwife,2,1,0,1,0,0,0,0,0,1,1,0,0
KD-116-R6,CHO,0,0,0,0,0,0,0,0,0,0,0,0,0
KD-116-R6,CHEW,6,4,2,0,0,4,0,0,0,0,4,3,1
KD-116-R6,JCHEW,5,3,0,2,0,3,0,0,0,0,4,3,0
KD-116-R6,Medical Lab Technician,2,2,0,0,0,2,0,0,0,0,2,2,0
KD-116-R6,Medical Records Officer,2,0,0,0,2,0,0,0,0,0,2,0,0
KD-116-R6,Pharmacy Technician,0,0,0,0,0,0,0,0,0,0,0,0,0
KD-116-R6,Environmental Health Officer,0,0,0,0,0,0,0,0,0,0,0,0,0
KD-117-R1,Medical Officer,3,3,0,0,0,2,0,0,1,0,1,1,1
KD-117-R1,Nurse/Midwife,3,2,1,0,0,2,0,0,0,0,3,2,0
KD-117-R1,CHO,1,1,0,0,0,1,0,0,0,0,1,1,0
KD-117-R1,CHEW,6,3,1,1,1,3,0,0,0,0,5,2,1
KD-117-R1,JCHEW,5,4,0,0,1,4,0,0,0,0,1,1,3
KD-117-R1,Medical Lab Technician,0,0,0,0,0,0,0,0,0,0,0,0,0
KD-117-R1,Medical Records Officer,1,0,1,0,0,0,0,0,0,0,0,0,0
KD-117-R1,Pharmacy Technician,0,0,0,0,0,0,0,0,0,0,0,0,0
KD-117-R1,Environmental Health Officer,0,0,0,0,0,0,0,0,0,0,0,0,0
KD-117-R2,Medical Officer,3,3,0,0,0,2,0,0,0,1,2,2,0
KD-117-R2,Nurse/Midwife,3,2,1,0,0,2,0,0,0,0,0,0,2
KD-117-R2,CHO,1,1,0,0,0,1,0,0,0,0,0,0,1
KD-117-R2,CHEW,6,3,1,1,1,3,0,0,0,0,6,3,0
KD-117-R2,JCHEW,5,4,0,0,1,3,0,0,0,1,2,1,2
KD-117-R2,Medical Lab Technician,0,0,0,0,0,0,0,0,0,0,0,0,0
KD-117-R2,Medical Records Officer,1,0,1,0,0,0,0,0,0,0,0,0,0
KD-117-R2,Pharmacy Technician,0,0,0,0,0,0,0,0,0,0,0,0,0
KD-117-R2,Environmental Health Officer,0,0,0,0,0,0,0,0,0,0,0,0,0
KD-117-R3,Medical Officer,3,3,0,0,0,3,0,0,0,0,3,3,0
KD-117-R3,Nurse/Midwife,3,2,1,0,0,2,0,0,0,0,3,2,0
KD-117-R3,CHO,1,1,0,0,0,1,0,0,0,0,0,0,1
KD-117-R3,CHEW,6,3,1,1,1,2,0,0,0,1,3,1,1
KD-117-R3,JCHEW,5,4,0,0,1,4,0,0,0,0,1,1,3
KD-117-R3,Medical Lab Technician,0,0,0,0,0,0,0,0,0,0,0,0,0
KD-117-R3,Medical Records Officer,1,0,1,0,0,0,0,0,0,0,1,0,0
KD-117-R3,Pharmacy Technician,0,0,0,0,0,0,0,0,0,0,0,0,0
KD-117-R3,Environmental Health Officer,0,0,0,0,0,0,0,0,0,0,0,0,0
KD-117-R4,Medical Officer,3,3,0,0,0,3,0,0,0,0,1,1,2
KD-117-R4,Nurse/Midwife,3,2,1,0,0,2,0,0,0,0,0,0,2
KD-117-R4,CHO,1,1,0,0,0,1,0,0,0,0,1,1,0
KD-117-R4,CHEW,6,3,1,1,1,3,0,0,0,0,1,0,3
KD-117-R4,JCHEW,5,4,0,0,1,4,0,0,0,0,2,2,2
KD-117-R4,Medical Lab Technician,0,0,0,0,0,0,0,0,0,0,0,0,0
KD-117-R4,Medical Records Officer,1,0,1,0,0,0,0,0,0,0,1,0,0
KD-117-R4,Pharmacy Technician,0,0,0,0,0,0,0,0,0,0,0,0,0
KD-117-R4,Environmental Health Officer,0,0,0,0,0,0,0,0,0,0,0,0,0
KD-117-R5,Medical Officer,3,3,0,0,0,3,0,0,0,0,3,3,0
KD-117-R5,Nurse/Midwife,3,2,1,0,0,2,0,0,0,0,2,2,0
KD-117-R5,CHO,1,1,0,0,0,1,0,0,0,0,0,0,1
KD-117-R5,CHEW,6,3,1,1,1,3,0,0,0,0,4,2,1
KD-117-R5,JCHEW,5,4,0,0,1,4,0,0,0,0,4,4,0
KD-117-R5,Medical Lab Technician,0,0,0,0,0,0,0,0,0,0,0,0,0
KD-117-R5,Medical Records Officer,1,0,1,0,0,0,0,0,0,0,0,0,0
KD-117-R5,Pharmacy Technician,0,0,0,0,0,0,0,0,0,0,0,0,0
KD-117-R5,Environmental Health Officer,0,0,0,0,0,0,0,0,0,0,0,0,0
KD-117-R6,Medical Officer,3,3,0,0,0,3,0,0,0,0,3,3,0
KD-117-R6,Nurse/Midwife,3,2,1,0,0,2,0,0,0,0,2,1,1
KD-117-R6,CHO,1,1,0,0,0,1,0,0,0,0,0,0,1
KD-117-R6,CHEW,6,3,1,1,1,2,0,0,1,0,1,0,2
KD-117-R6,JCHEW,5,4,0,0,1,3,0,0,0,1,1,0,3
KD-117-R6,Medical Lab Technician,0,0,0,0,0,0,0,0,0,0,0,0,0
KD-117-R6,Medical Records Officer,1,0,1,0,0,0,0,0,0,0,1,0,0
KD-117-R6,Pharmacy Technician,0,0,0,0,0,0,0,0,0,0,0,0,0
KD-117-R6,Environmental Health Officer,0,0,0,0,0,0,0,0,0,0,0,0,0
KD-118-R1,Medical Officer,0,0,0,0,0,0,0,0,0,0,0,0,0
KD-118-R1,Nurse/Midwife,5,4,1,0,0,4,0,0,0,0,4,4,0
KD-118-R1,CHO,1,1,0,0,0,1,0,0,0,0,1,1,0
KD-118-R1,CHEW,10,6,0,1,3,6,0,0,0,0,5,4,2
KD-118-R1,JCHEW,7,4,0,0,3,4,0,0,0,0,3,3,1
KD-118-R1,Medical Lab Technician,0,0,0,0,0,0,0,0,0,0,0,0,0
KD-118-R1,Medical Records Officer,1,0,0,0,1,0,0,0,0,0,0,0,0
KD-118-R1,Pharmacy Technician,4,1,0,3,0,0,0,0,1,0,1,0,0
KD-118-R1,Environmental Health Officer,0,0,0,0,0,0,0,0,0,0,0,0,0
KD-118-R2,Medical Officer,0,0,0,0,0,0,0,0,0,0,0,0,0
KD-118-R2,Nurse/Midwife,5,4,1,0,0,3,0,0,0,1,2,2,1
KD-118-R2,CHO,1,1,0,0,0,1,0,0,0,0,1,1,0
KD-118-R2,CHEW,10,6,0,1,3,6,0,0,0,0,6,3,3
KD-118-R2,JCHEW,7,4,0,0,3,4,0,0,0,0,3,2,2
KD-118-R2,Medical Lab Technician,0,0,0,0,0,0,0,0,0,0,0,0,0
KD-118-R2,Medical Records Officer,1,0,0,0,1,0,0,0,0,0,1,0,0
KD-118-R2,Pharmacy Technician,4,1,0,3,0,1,0,0,0,0,3,1,0
KD-118-R2,Environmental Health Officer,0,0,0,0,0,0,0,0,0,0,0,0,0
KD-118-R3,Medical Officer,0,0,0,0,0,0,0,0,0,0,0,0,0
KD-118-R3,Nurse/Midwife,5,4,1,0,0,4,0,0,0,0,2,1,3
KD-118-R3,CHO,1,1,0,0,0,1,0,0,0,0,1,1,0
KD-118-R3,CHEW,10,6,0,1,3,6,0,0,0,0,6,4,2
KD-118-R3,JCHEW,7,4,0,0,3,4,0,0,0,0,0,0,4
KD-118-R3,Medical Lab Technician,0,0,0,0,0,0,0,0,0,0,0,0,0
KD-118-R3,Medical Records Officer,1,0,0,0,1,0,0,0,0,0,1,0,0
KD-118-R3,Pharmacy Technician,4,1,0,3,0,1,0,0,0,0,2,1,0
KD-118-R3,Environmental Health Officer,0,0,0,0,0,0,0,0,0,0,0,0,0
KD-118-R4,Medical Officer,0,0,0,0,0,0,0,0,0,0,0,0,0
KD-118-R4,Nurse/Midwife,5,4,1,0,0,4,0,0,0,0,4,3,1
KD-118-R4,CHO,1,1,0,0,0,1,0,0,0,0,1,1,0
KD-118-R4,CHEW,10,6,0,1,3,6,0,0,0,0,4,3,3
KD-118-R4,JCHEW,7,4,0,0,3,3,0,0,1,0,3,2,1
KD-118-R4,Medical Lab Technician,0,0,0,0,0,0,0,0,0,0,0,0,0
KD-118-R4,Medical Records Officer,1,0,0,0,1,0,0,0,0,0,0,0,0
KD-118-R4,Pharmacy Technician,4,1,0,3,0,1,0,0,0,0,2,1,0
KD-118-R4,Environmental Health Officer,0,0,0,0,0,0,0,0,0,0,0,0,0
KD-118-R5,Medical Officer,0,0,0,0,0,0,0,0,0,0,0,0,0
KD-118-R5,Nurse/Midwife,5,4,1,0,0,4,0,0,0,0,1,1,3
KD-118-R5,CHO,1,1,0,0,0,1,0,0,0,0,1,1,0
KD-118-R5,CHEW,10,6,0,1,3,6,0,0,0,0,6,6,0
KD-118-R5,JCHEW,7,4,0,0,3,3,0,0,1,0,3,2,1
KD-118-R5,Medical Lab Technician,0,0,0,0,0,0,0,0,0,0,0,0,0
KD-118-R5,Medical Records Officer,1,0,0,0,1,0,0,0,0,0,1,0,0
KD-118-R5,Pharmacy Technician,4,1,0,3,0,1,0,0,0,0,3,1,0
KD-118-R5,Environmental Health Officer,0,0,0,0,0,0,0,0,0,0,0,0,0
KD-118-R6,Medical Officer,0,0,0,0,0,0,0,0,0,0,0,0,0
KD-118-R6,Nurse/Midwife,5,4,1,0,0,4,0,0,0,0,3,2,2
KD-118-R6,CHO,1,1,0,0,0,1,0,0,0,0,1,1,0
KD-118-R6,CHEW,10,6,0,1,3,5,0,0,1,0,5,3,2
KD-118-R6,JCHEW,7,4,0,0,3,4,0,0,0,0,6,3,1
KD-118-R6,Medical Lab Technician,0,0,0,0,0,0,0,0,0,0,0,0,0
KD-118-R6,Medical Records Officer,1,0,0,0,1,0,0,0,0,0,0,0,0
KD-118-R6,Pharmacy Technician,4,1,0,3,0,1,0,0,0,0,3,1,0
KD-118-R6,Environmental Health Officer,0,0,0,0,0,0,0,0,0,0,0,0,0
KD-119-R1,Medical Officer,1,0,0,0,1,0,0,0,0,0,1,0,0
KD-119-R1,Nurse/Midwife,4,2,2,0,0,2,0,0,0,0,4,2,0
KD-119-R1,CHO,4,4,0,0,0,2,1,1,0,0,3,3,1
KD-119-R1,CHEW,2,0,0,1,1,0,0,0,0,0,0,0,0
KD-119-R1,JCHEW,4,3,0,1,0,2,0,0,0,1,2,2,0
KD-119-R1,Medical Lab Technician,1,1,0,0,0,1,0,0,0,0,1,1,0
KD-119-R1,Medical Records Officer,4,2,0,0,2,1,0,0,1,0,3,1,0
KD-119-R1,Pharmacy Technician,2,0,0,2,0,0,0,0,0,0,2,0,0
KD-119-R1,Environmental Health Officer,1,1,0,0,0,1,0,0,0,0,1,1,0
KD-119-R2,Medical Officer,1,0,0,0,1,0,0,0,0,0,1,0,0
KD-119-R2,Nurse/Midwife,4,2,2,0,0,2,0,0,0,0,3,1,1
KD-119-R2,CHO,4,4,0,0,0,2,1,1,0,0,4,4,0
KD-119-R2,CHEW,2,0,0,1,1,0,0,0,0,0,2,0,0
KD-119-R2,JCHEW,4,3,0,1,0,2,0,1,0,0,2,1,2
KD-119-R2,Medical Lab Technician,1,1,0,0,0,0,0,0,1,0,0,0,0
KD-119-R2,Medical Records Officer,4,2,0,0,2,2,0,0,0,0,1,0,2
KD-119-R2,Pharmacy Technician,2,0,0,2,0,0,0,0,0,0,1,0,0
KD-119-R2,Environmental Health Officer,1,1,0,0,0,1,0,0,0,0,1,1,0
KD-119-R3,Medical Officer,1,0,0,0,1,0,0,0,0,0,1,0,0
KD-119-R3,Nurse/Midwife,4,2,2,0,0,1,0,0,1,0,3,1,0
KD-119-R3,CHO,4,4,0,0,0,2,1,1,0,0,2,2,2
KD-119-R3,CHEW,2,0,0,1,1,0,0,0,0,0,1,0,0
KD-119-R3,JCHEW,4,3,0,1,0,2,0,1,0,0,4,3,0
KD-119-R3,Medical Lab Technician,1,1,0,0,0,1,0,0,0,0,1,1,0
KD-119-R3,Medical Records Officer,4,2,0,0,2,1,0,0,0,1,3,1,0
KD-119-R3,Pharmacy Technician,2,0,0,2,0,0,0,0,0,0,1,0,0
KD-119-R3,Environmental Health Officer,1,1,0,0,0,1,0,0,0,0,0,0,1
KD-119-R4,Medical Officer,1,0,0,0,1,0,0,0,0,0,1,0,0
KD-119-R4,Nurse/Midwife,4,2,2,0,0,2,0,0,0,0,2,1,1
KD-119-R4,CHO,4,4,0,0,0,2,1,1,0,0,3,3,1
KD-119-R4,CHEW,2,0,0,1,1,0,0,0,0,0,1,0,0
KD-119-R4,JCHEW,4,3,0,1,0,2,0,1,0,0,3,3,0
KD-119-R4,Medical Lab Technician,1,1,0,0,0,1,0,0,0,0,1,1,0
KD-119-R4,Medical Records Officer,4,2,0,0,2,1,0,0,0,1,2,0,1
KD-119-R4,Pharmacy Technician,2,0,0,2,0,0,0,0,0,0,1,0,0
KD-119-R4,Environmental Health Officer,1,1,0,0,0,1,0,0,0,0,1,1,0
KD-119-R5,Medical Officer,1,0,0,0,1,0,0,0,0,0,1,0,0
KD-119-R5,Nurse/Midwife,4,2,2,0,0,2,0,0,0,0,4,2,0
KD-119-R5,CHO,4,4,0,0,0,2,0,1,0,1,3,3,0
KD-119-R5,CHEW,2,0,0,1,1,0,0,0,0,0,2,0,0
KD-119-R5,JCHEW,4,3,0,1,0,2,0,1,0,0,3,2,1
KD-119-R5,Medical Lab Technician,1,1,0,0,0,1,0,0,0,0,1,1,0
KD-119-R5,Medical Records Officer,4,2,0,0,2,2,0,0,0,0,3,2,0
KD-119-R5,Pharmacy Technician,2,0,0,2,0,0,0,0,0,0,1,0,0
KD-119-R5,Environmental Health Officer,1,1,0,0,0,1,0,0,0,0,1,1,0
KD-119-R6,Medical Officer,1,0,0,0,1,0,0,0,0,0,1,0,0
KD-119-R6,Nurse/Midwife,4,2,2,0,0,2,0,0,0,0,3,2,0
KD-119-R6,CHO,4,4,0,0,0,2,1,1,0,0,3,3,1
KD-119-R6,CHEW,2,0,0,1,1,0,0,0,0,0,2,0,0
KD-119-R6,JCHEW,4,3,0,1,0,2,0,1,0,0,4,3,0
KD-119-R6,Medical Lab Technician,1,1,0,0,0,0,0,0,0,1,0,0,0
KD-119-R6,Medical Records Officer,4,2,0,0,2,2,0,0,0,0,1,0,2
KD-119-R6,Pharmacy Technician,2,0,0,2,0,0,0,0,0,0,2,0,0
KD-119-R6,Environmental Health Officer,1,1,0,0,0,1,0,0,0,0,1,1,0
KD-120-R1,Medical Officer,0,0,0,0,0,0,0,0,0,0,0,0,0
KD-120-R1,Nurse/Midwife,0,0,0,0,0,0,0,0,0,0,0,0,0
KD-120-R1,CHO,0,0,0,0,0,0,0,0,0,0,0,0,0
KD-120-R1,CHEW,6,3,2,0,1,3,0,0,0,0,4,2,1
KD-120-R1,JCHEW,0,0,0,0,0,0,0,0,0,0,0,0,0
KD-120-R1,Medical Lab Technician,0,0,0,0,0,0,0,0,0,0,0,0,0
KD-120-R1,Medical Records Officer,3,0,0,0,3,0,0,0,0,0,3,0,0
KD-120-R1,Pharmacy Technician,0,0,0,0,0,0,0,0,0,0,0,0,0
KD-120-R1,Environmental Health Officer,1,0,0,0,1,0,0,0,0,0,1,0,0
KD-120-R2,Medical Officer,0,0,0,0,0,0,0,0,0,0,0,0,0
KD-120-R2,Nurse/Midwife,0,0,0,0,0,0,0,0,0,0,0,0,0
KD-120-R2,CHO,0,0,0,0,0,0,0,0,0,0,0,0,0
KD-120-R2,CHEW,6,3,2,0,1,1,0,0,0,2,4,1,0
KD-120-R2,JCHEW,0,0,0,0,0,0,0,0,0,0,0,0,0
KD-120-R2,Medical Lab Technician,0,0,0,0,0,0,0,0,0,0,0,0,0
KD-120-R2,Medical Records Officer,3,0,0,0,3,0,0,0,0,0,3,0,0
KD-120-R2,Pharmacy Technician,0,0,0,0,0,0,0,0,0,0,0,0,0
KD-120-R2,Environmental Health Officer,1,0,0,0,1,0,0,0,0,0,0,0,0
KD-120-R3,Medical Officer,0,0,0,0,0,0,0,0,0,0,0,0,0
KD-120-R3,Nurse/Midwife,0,0,0,0,0,0,0,0,0,0,0,0,0
KD-120-R3,CHO,0,0,0,0,0,0,0,0,0,0,0,0,0
KD-120-R3,CHEW,6,3,2,0,1,3,0,0,0,0,3,1,2
KD-120-R3,JCHEW,0,0,0,0,0,0,0,0,0,0,0,0,0
KD-120-R3,Medical Lab Technician,0,0,0,0,0,0,0,0,0,0,0,0,0
KD-120-R3,Medical Records Officer,3,0,0,0,3,0,0,0,0,0,3,0,0
KD-120-R3,Pharmacy Technician,0,0,0,0,0,0,0,0,0,0,0,0,0
KD-120-R3,Environmental Health Officer,1,0,0,0,1,0,0,0,0,0,0,0,0
KD-120-R4,Medical Officer,0,0,0,0,0,0,0,0,0,0,0,0,0
KD-120-R4,Nurse/Midwife,0,0,0,0,0,0,0,0,0,0,0,0,0
KD-120-R4,CHO,0,0,0,0,0,0,0,0,0,0,0,0,0
KD-120-R4,CHEW,6,3,2,0,1,3,0,0,0,0,2,0,3
KD-120-R4,JCHEW,0,0,0,0,0,0,0,0,0,0,0,0,0
KD-120-R4,Medical Lab Technician,0,0,0,0,0,0,0,0,0,0,0,0,0
KD-120-R4,Medical Records Officer,3,0,0,0,3,0,0,0,0,0,3,0,0
KD-120-R4,Pharmacy Technician,0,0,0,0,0,0,0,0,0,0,0,0,0
KD-120-R4,Environmental Health Officer,1,0,0,0,1,0,0,0,0,0,0,0,0
KD-120-R5,Medical Officer,0,0,0,0,0,0,0,0,0,0,0,0,0
KD-120-R5,Nurse/Midwife,0,0,0,0,0,0,0,0,0,0,0,0,0
KD-120-R5,CHO,0,0,0,0,0,0,0,0,0,0,0,0,0
KD-120-R5,CHEW,6,3,2,0,1,2,0,0,0,1,1,1,1
KD-120-R5,JCHEW,0,0,0,0,0,0,0,0,0,0,0,0,0
KD-120-R5,Medical Lab Technician,0,0,0,0,0,0,0,0,0,0,0,0,0
KD-120-R5,Medical Records Officer,3,0,0,0,3,0,0,0,0,0,3,0,0
KD-120-R5,Pharmacy Technician,0,0,0,0,0,0,0,0,0,0,0,0,0
KD-120-R5,Environmental Health Officer,1,0,0,0,1,0,0,0,0,0,1,0,0
KD-120-R6,Medical Officer,0,0,0,0,0,0,0,0,0,0,0,0,0
KD-120-R6,Nurse/Midwife,0,0,0,0,0,0,0,0,0,0,0,0,0
KD-120-R6,CHO,0,0,0,0,0,0,0,0,0,0,0,0,0
KD-120-R6,CHEW,6,3,2,0,1,1,0,0,1,1,3,1,0
KD-120-R6,JCHEW,0,0,0,0,0,0,0,0,0,0,0,0,0
KD-120-R6,Medical Lab Technician,0,0,0,0,0,0,0,0,0,0,0,0,0
KD-120-R6,Medical Records Officer,3,0,0,0,3,0,0,0,0,0,1,0,0
KD-120-R6,Pharmacy Technician,0,0,0,0,0,0,0,0,0,0,0,0,0
KD-120-R6,Environmental Health Officer,1,0,0,0,1,0,0,0,0,0,1,0,0
KD-121-R1,Medical Officer,1,1,0,0,0,0,0,0,0,1,0,0,0
KD-121-R1,Nurse/Midwife,5,4,1,0,0,2,0,1,1,0,3,3,0
KD-121-R1,CHO,4,3,1,0,0,2,0,1,0,0,2,2,1
KD-121-R1,CHEW,5,3,2,0,0,2,0,0,0,1,2,1,1
KD-121-R1,JCHEW,4,2,0,0,2,1,0,0,0,1,1,1,0
KD-121-R1,Medical Lab Technician,3,1,0,2,0,1,0,0,0,0,1,0,1
KD-121-R1,Medical Records Officer,3,0,0,0,3,0,0,0,0,0,2,0,0
KD-121-R1,Pharmacy Technician,2,2,0,0,0,2,0,0,0,0,1,1,1
KD-121-R1,Environmental Health Officer,1,0,0,0,1,0,0,0,0,0,0,0,0
KD-121-R2,Medical Officer,1,1,0,0,0,1,0,0,0,0,1,1,0
KD-121-R2,Nurse/Midwife,5,4,1,0,0,1,0,0,2,1,2,1,0
KD-121-R2,CHO,4,3,1,0,0,2,0,0,1,0,3,2,0
KD-121-R2,CHEW,5,3,2,0,0,2,0,1,0,0,4,2,1
KD-121-R2,JCHEW,4,2,0,0,2,2,0,0,0,0,4,2,0
KD-121-R2,Medical Lab Technician,3,1,0,2,0,1,0,0,0,0,3,1,0
KD-121-R2,Medical Records Officer,3,0,0,0,3,0,0,0,0,0,1,0,0
KD-121-R2,Pharmacy Technician,2,2,0,0,0,2,0,0,0,0,2,2,0
KD-121-R2,Environmental Health Officer,1,0,0,0,1,0,0,0,0,0,0,0,0
KD-121-R3,Medical Officer,1,1,0,0,0,1,0,0,0,0,1,1,0
KD-121-R3,Nurse/Midwife,5,4,1,0,0,2,0,1,1,0,3,2,1
KD-121-R3,CHO,4,3,1,0,0,2,0,1,0,0,1,1,2
KD-121-R3,CHEW,5,3,2,0,0,2,0,1,0,0,4,3,0
KD-121-R3,JCHEW,4,2,0,0,2,1,0,0,1,0,2,1,0
KD-121-R3,Medical Lab Technician,3,1,0,2,0,1,0,0,0,0,2,0,1
KD-121-R3,Medical Records Officer,3,0,0,0,3,0,0,0,0,0,0,0,0
KD-121-R3,Pharmacy Technician,2,2,0,0,0,2,0,0,0,0,2,2,0
KD-121-R3,Environmental Health Officer,1,0,0,0,1,0,0,0,0,0,1,0,0
KD-121-R4,Medical Officer,1,1,0,0,0,1,0,0,0,0,1,1,0
KD-121-R4,Nurse/Midwife,5,4,1,0,0,2,0,0,1,1,2,1,1
KD-121-R4,CHO,4,3,1,0,0,1,0,0,2,0,0,0,1
KD-121-R4,CHEW,5,3,2,0,0,2,0,0,0,1,4,2,0
KD-121-R4,JCHEW,4,2,0,0,2,2,0,0,0,0,2,0,2
KD-121-R4,Medical Lab Technician,3,1,0,2,0,1,0,0,0,0,2,1,0
KD-121-R4,Medical Records Officer,3,0,0,0,3,0,0,0,0,0,2,0,0
KD-121-R4,Pharmacy Technician,2,2,0,0,0,2,0,0,0,0,1,1,1
KD-121-R4,Environmental Health Officer,1,0,0,0,1,0,0,0,0,0,1,0,0
KD-121-R5,Medical Officer,1,1,0,0,0,1,0,0,0,0,1,1,0
KD-121-R5,Nurse/Midwife,5,4,1,0,0,2,0,1,1,0,1,1,2
KD-121-R5,CHO,4,3,1,0,0,2,0,0,1,0,1,1,1
KD-121-R5,CHEW,5,3,2,0,0,2,0,0,1,0,2,1,1
KD-121-R5,JCHEW,4,2,0,0,2,0,0,0,1,1,1,0,0
KD-121-R5,Medical Lab Technician,3,1,0,2,0,1,0,0,0,0,3,1,0
KD-121-R5,Medical Records Officer,3,0,0,0,3,0,0,0,0,0,3,0,0
KD-121-R5,Pharmacy Technician,2,2,0,0,0,2,0,0,0,0,2,2,0
KD-121-R5,Environmental Health Officer,1,0,0,0,1,0,0,0,0,0,1,0,0
KD-121-R6,Medical Officer,1,1,0,0,0,1,0,0,0,0,1,1,0
KD-121-R6,Nurse/Midwife,5,4,1,0,0,2,0,1,1,0,2,1,2
KD-121-R6,CHO,4,3,1,0,0,1,0,0,2,0,2,1,0
KD-121-R6,CHEW,5,3,2,0,0,2,0,1,0,0,4,2,1
KD-121-R6,JCHEW,4,2,0,0,2,1,0,0,1,0,2,1,0
KD-121-R6,Medical Lab Technician,3,1,0,2,0,1,0,0,0,0,2,1,0
KD-121-R6,Medical Records Officer,3,0,0,0,3,0,0,0,0,0,2,0,0
KD-121-R6,Pharmacy Technician,2,2,0,0,0,2,0,0,0,0,2,2,0
KD-121-R6,Environmental Health Officer,1,0,0,0,1,0,0,0,0,0,1,0,0
KD-122-R1,Medical Officer,2,1,0,0,1,1,0,0,0,0,0,0,1
KD-122-R1,Nurse/Midwife,3,2,0,1,0,2,0,0,0,0,2,1,1
KD-122-R1,CHO,2,0,1,0,1,0,0,0,0,0,0,0,0
KD-122-R1,CHEW,9,6,2,1,0,3,1,1,0,1,3,2,3
KD-122-R1,JCHEW,11,8,1,0,2,4,2,1,0,1,4,2,5
KD-122-R1,Medical Lab Technician,0,0,0,0,0,0,0,0,0,0,0,0,0
KD-122-R1,Medical Records Officer,3,2,0,0,1,1,0,0,1,0,1,1,0
KD-122-R1,Pharmacy Technician,0,0,0,0,0,0,0,0,0,0,0,0,0
KD-122-R1,Environmental Health Officer,1,1,0,0,0,1,0,0,0,0,1,1,0
KD-122-R2,Medical Officer,2,1,0,0,1,1,0,0,0,0,1,1,0
KD-122-R2,Nurse/Midwife,3,2,0,1,0,1,0,0,1,0,0,0,1
KD-122-R2,CHO,2,0,1,0,1,0,0,0,0,0,2,0,0
KD-122-R2,CHEW,9,6,2,1,0,3,1,1,1,0,7,5,0
KD-122-R2,JCHEW,11,8,1,0,2,4,2,2,0,0,6,5,3
KD-122-R2,Medical Lab Technician,0,0,0,0,0,0,0,0,0,0,0,0,0
KD-122-R2,Medical Records Officer,3,2,0,0,1,1,0,0,0,1,2,1,0
KD-122-R2,Pharmacy Technician,0,0,0,0,0,0,0,0,0,0,0,0,0
KD-122-R2,Environmental Health Officer,1,1,0,0,0,1,0,0,0,0,0,0,1
KD-122-R3,Medical Officer,2,1,0,0,1,1,0,0,0,0,2,1,0
KD-122-R3,Nurse/Midwife,3,2,0,1,0,2,0,0,0,0,2,1,1
KD-122-R3,CHO,2,0,1,0,1,0,0,0,0,0,2,0,0
KD-122-R3,CHEW,9,6,2,1,0,3,1,2,0,0,8,5,1
KD-122-R3,JCHEW,11,8,1,0,2,4,2,1,1,0,8,6,1
KD-122-R3,Medical Lab Technician,0,0,0,0,0,0,0,0,0,0,0,0,0
KD-122-R3,Medical Records Officer,3,2,0,0,1,2,0,0,0,0,0,0,2
KD-122-R3,Pharmacy Technician,0,0,0,0,0,0,0,0,0,0,0,0,0
KD-122-R3,Environmental Health Officer,1,1,0,0,0,1,0,0,0,0,1,1,0
KD-122-R4,Medical Officer,2,1,0,0,1,1,0,0,0,0,1,0,1
KD-122-R4,Nurse/Midwife,3,2,0,1,0,2,0,0,0,0,3,2,0
KD-122-R4,CHO,2,0,1,0,1,0,0,0,0,0,1,0,0
KD-122-R4,CHEW,9,6,2,1,0,1,0,0,3,2,3,1,0
KD-122-R4,JCHEW,11,8,1,0,2,4,2,2,0,0,8,6,2
KD-122-R4,Medical Lab Technician,0,0,0,0,0,0,0,0,0,0,0,0,0
KD-122-R4,Medical Records Officer,3,2,0,0,1,2,0,0,0,0,2,2,0
KD-122-R4,Pharmacy Technician,0,0,0,0,0,0,0,0,0,0,0,0,0
KD-122-R4,Environmental Health Officer,1,1,0,0,0,1,0,0,0,0,1,1,0
KD-122-R5,Medical Officer,2,1,0,0,1,1,0,0,0,0,2,1,0
KD-122-R5,Nurse/Midwife,3,2,0,1,0,2,0,0,0,0,3,2,0
KD-122-R5,CHO,2,0,1,0,1,0,0,0,0,0,1,0,0
KD-122-R5,CHEW,9,6,2,1,0,3,1,1,1,0,6,4,1
KD-122-R5,JCHEW,11,8,1,0,2,4,2,1,0,1,9,7,0
KD-122-R5,Medical Lab Technician,0,0,0,0,0,0,0,0,0,0,0,0,0
KD-122-R5,Medical Records Officer,3,2,0,0,1,2,0,0,0,0,2,1,1
KD-122-R5,Pharmacy Technician,0,0,0,0,0,0,0,0,0,0,0,0,0
KD-122-R5,Environmental Health Officer,1,1,0,0,0,1,0,0,0,0,1,1,0
KD-122-R6,Medical Officer,2,1,0,0,1,0,0,0,1,0,1,0,0
KD-122-R6,Nurse/Midwife,3,2,0,1,0,2,0,0,0,0,3,2,0
KD-122-R6,CHO,2,0,1,0,1,0,0,0,0,0,2,0,0
KD-122-R6,CHEW,9,6,2,1,0,3,1,2,0,0,8,6,0
KD-122-R6,JCHEW,11,8,1,0,2,3,1,2,2,0,7,5,1
KD-122-R6,Medical Lab Technician,0,0,0,0,0,0,0,0,0,0,0,0,0
KD-122-R6,Medical Records Officer,3,2,0,0,1,1,0,0,1,0,2,1,0
KD-122-R6,Pharmacy Technician,0,0,0,0,0,0,0,0,0,0,0,0,0
KD-122-R6,Environmental Health Officer,1,1,0,0,0,0,0,0,0,1,0,0,0
KD-123-R1,Medical Officer,2,1,1,0,0,1,0,0,0,0,2,1,0
KD-123-R1,Nurse/Midwife,2,2,0,0,0,1,0,0,1,0,1,1,0
KD-123-R1,CHO,3,3,0,0,0,2,0,1,0,0,1,1,2
KD-123-R1,CHEW,10,5,2,0,3,2,1,1,1,0,7,4,0
KD-123-R1,JCHEW,13,5,5,3,0,2,0,0,3,0,6,2,0
KD-123-R1,Medical Lab Technician,1,1,0,0,0,1,0,0,0,0,0,0,1
KD-123-R1,Medical Records Officer,3,2,0,0,1,2,0,0,0,0,3,2,0
KD-123-R1,Pharmacy Technician,1,1,0,0,0,1,0,0,0,0,1,1,0
KD-123-R1,Environmental Health Officer,0,0,0,0,0,0,0,0,0,0,0,0,0
KD-123-R2,Medical Officer,2,1,1,0,0,1,0,0,0,0,0,0,1
KD-123-R2,Nurse/Midwife,2,2,0,0,0,1,0,0,1,0,1,1,0
KD-123-R2,CHO,3,3,0,0,0,1,0,0,2,0,0,0,1
KD-123-R2,CHEW,10,5,2,0,3,2,1,1,1,0,5,4,0
KD-123-R2,JCHEW,13,5,5,3,0,2,1,1,0,1,8,2,2
KD-123-R2,Medical Lab Technician,1,1,0,0,0,1,0,0,0,0,1,1,0
KD-123-R2,Medical Records Officer,3,2,0,0,1,2,0,0,0,0,1,0,2
KD-123-R2,Pharmacy Technician,1,1,0,0,0,1,0,0,0,0,1,1,0
KD-123-R2,Environmental Health Officer,0,0,0,0,0,0,0,0,0,0,0,0,0
KD-123-R3,Medical Officer,2,1,1,0,0,1,0,0,0,0,2,1,0
KD-123-R3,Nurse/Midwife,2,2,0,0,0,1,0,0,1,0,1,1,0
KD-123-R3,CHO,3,3,0,0,0,2,0,1,0,0,3,3,0
KD-123-R3,CHEW,10,5,2,0,3,3,1,1,0,0,10,5,0
KD-123-R3,JCHEW,13,5,5,3,0,3,1,1,0,0,10,5,0
KD-123-R3,Medical Lab Technician,1,1,0,0,0,1,0,0,0,0,1,1,0
KD-123-R3,Medical Records Officer,3,2,0,0,1,2,0,0,0,0,1,1,1
KD-123-R3,Pharmacy Technician,1,1,0,0,0,1,0,0,0,0,0,0,1
KD-123-R3,Environmental Health Officer,0,0,0,0,0,0,0,0,0,0,0,0,0
KD-123-R4,Medical Officer,2,1,1,0,0,1,0,0,0,0,1,1,0
KD-123-R4,Nurse/Midwife,2,2,0,0,0,1,0,0,0,1,1,1,0
KD-123-R4,CHO,3,3,0,0,0,2,0,0,1,0,0,0,2
KD-123-R4,CHEW,10,5,2,0,3,3,1,1,0,0,5,3,2
KD-123-R4,JCHEW,13,5,5,3,0,2,1,1,1,0,6,1,3
KD-123-R4,Medical Lab Technician,1,1,0,0,0,1,0,0,0,0,1,1,0
KD-123-R4,Medical Records Officer,3,2,0,0,1,2,0,0,0,0,3,2,0
KD-123-R4,Pharmacy Technician,1,1,0,0,0,1,0,0,0,0,0,0,1
KD-123-R4,Environmental Health Officer,0,0,0,0,0,0,0,0,0,0,0,0,0
KD-123-R5,Medical Officer,2,1,1,0,0,1,0,0,0,0,0,0,1
KD-123-R5,Nurse/Midwife,2,2,0,0,0,2,0,0,0,0,2,2,0
KD-123-R5,CHO,3,3,0,0,0,2,0,1,0,0,3,3,0
KD-123-R5,CHEW,10,5,2,0,3,3,1,1,0,0,9,5,0
KD-123-R5,JCHEW,13,5,5,3,0,2,1,1,1,0,6,3,1
KD-123-R5,Medical Lab Technician,1,1,0,0,0,1,0,0,0,0,1,1,0
KD-123-R5,Medical Records Officer,3,2,0,0,1,2,0,0,0,0,1,1,1
KD-123-R5,Pharmacy Technician,1,1,0,0,0,1,0,0,0,0,1,1,0
KD-123-R5,Environmental Health Officer,0,0,0,0,0,0,0,0,0,0,0,0,0
KD-123-R6,Medical Officer,2,1,1,0,0,1,0,0,0,0,2,1,0
KD-123-R6,Nurse/Midwife,2,2,0,0,0,2,0,0,0,0,2,2,0
KD-123-R6,CHO,3,3,0,0,0,2,0,1,0,0,3,3,0
KD-123-R6,CHEW,10,5,2,0,3,3,1,1,0,0,7,5,0
KD-123-R6,JCHEW,13,5,5,3,0,2,1,1,1,0,10,3,1
KD-123-R6,Medical Lab Technician,1,1,0,0,0,1,0,0,0,0,0,0,1
KD-123-R6,Medical Records Officer,3,2,0,0,1,1,0,0,1,0,2,1,0
KD-123-R6,Pharmacy Technician,1,1,0,0,0,1,0,0,0,0,1,1,0
KD-123-R6,Environmental Health Officer,0,0,0,0,0,0,0,0,0,0,0,0,0
KD-124-R1,Medical Officer,0,0,0,0,0,0,0,0,0,0,0,0,0
KD-124-R1,Nurse/Midwife,1,1,0,0,0,1,0,0,0,0,0,0,1
KD-124-R1,CHO,0,0,0,0,0,0,0,0,0,0,0,0,0
KD-124-R1,CHEW,2,2,0,0,0,2,0,0,0,0,2,2,0
KD-124-R1,JCHEW,3,3,0,0,0,3,0,0,0,0,2,2,1
KD-124-R1,Medical Lab Technician,0,0,0,0,0,0,0,0,0,0,0,0,0
KD-124-R1,Medical Records Officer,2,0,1,0,1,0,0,0,0,0,2,0,0
KD-124-R1,Pharmacy Technician,0,0,0,0,0,0,0,0,0,0,0,0,0
KD-124-R1,Environmental Health Officer,2,1,0,0,1,1,0,0,0,0,1,1,0
KD-124-R2,Medical Officer,0,0,0,0,0,0,0,0,0,0,0,0,0
KD-124-R2,Nurse/Midwife,1,1,0,0,0,1,0,0,0,0,1,1,0
KD-124-R2,CHO,0,0,0,0,0,0,0,0,0,0,0,0,0
KD-124-R2,CHEW,2,2,0,0,0,2,0,0,0,0,2,2,0
KD-124-R2,JCHEW,3,3,0,0,0,2,0,0,1,0,2,2,0
KD-124-R2,Medical Lab Technician,0,0,0,0,0,0,0,0,0,0,0,0,0
KD-124-R2,Medical Records Officer,2,0,1,0,1,0,0,0,0,0,0,0,0
KD-124-R2,Pharmacy Technician,0,0,0,0,0,0,0,0,0,0,0,0,0
KD-124-R2,Environmental Health Officer,2,1,0,0,1,1,0,0,0,0,2,1,0
KD-124-R3,Medical Officer,0,0,0,0,0,0,0,0,0,0,0,0,0
KD-124-R3,Nurse/Midwife,1,1,0,0,0,1,0,0,0,0,0,0,1
KD-124-R3,CHO,0,0,0,0,0,0,0,0,0,0,0,0,0
KD-124-R3,CHEW,2,2,0,0,0,2,0,0,0,0,1,1,1
KD-124-R3,JCHEW,3,3,0,0,0,3,0,0,0,0,2,2,1
KD-124-R3,Medical Lab Technician,0,0,0,0,0,0,0,0,0,0,0,0,0
KD-124-R3,Medical Records Officer,2,0,1,0,1,0,0,0,0,0,2,0,0
KD-124-R3,Pharmacy Technician,0,0,0,0,0,0,0,0,0,0,0,0,0
KD-124-R3,Environmental Health Officer,2,1,0,0,1,0,0,0,0,1,0,0,0
KD-124-R4,Medical Officer,0,0,0,0,0,0,0,0,0,0,0,0,0
KD-124-R4,Nurse/Midwife,1,1,0,0,0,1,0,0,0,0,1,1,0
KD-124-R4,CHO,0,0,0,0,0,0,0,0,0,0,0,0,0
KD-124-R4,CHEW,2,2,0,0,0,1,0,0,0,1,0,0,1
KD-124-R4,JCHEW,3,3,0,0,0,2,0,0,0,1,1,1,1
KD-124-R4,Medical Lab Technician,0,0,0,0,0,0,0,0,0,0,0,0,0
KD-124-R4,Medical Records Officer,2,0,1,0,1,0,0,0,0,0,1,0,0
KD-124-R4,Pharmacy Technician,0,0,0,0,0,0,0,0,0,0,0,0,0
KD-124-R4,Environmental Health Officer,2,1,0,0,1,1,0,0,0,0,0,0,1
KD-124-R5,Medical Officer,0,0,0,0,0,0,0,0,0,0,0,0,0
KD-124-R5,Nurse/Midwife,1,1,0,0,0,1,0,0,0,0,1,1,0
KD-124-R5,CHO,0,0,0,0,0,0,0,0,0,0,0,0,0
KD-124-R5,CHEW,2,2,0,0,0,2,0,0,0,0,0,0,2
KD-124-R5,JCHEW,3,3,0,0,0,3,0,0,0,0,1,1,2
KD-124-R5,Medical Lab Technician,0,0,0,0,0,0,0,0,0,0,0,0,0
KD-124-R5,Medical Records Officer,2,0,1,0,1,0,0,0,0,0,1,0,0
KD-124-R5,Pharmacy Technician,0,0,0,0,0,0,0,0,0,0,0,0,0
KD-124-R5,Environmental Health Officer,2,1,0,0,1,1,0,0,0,0,1,1,0
KD-124-R6,Medical Officer,0,0,0,0,0,0,0,0,0,0,0,0,0
KD-124-R6,Nurse/Midwife,1,1,0,0,0,1,0,0,0,0,0,0,1
KD-124-R6,CHO,0,0,0,0,0,0,0,0,0,0,0,0,0
KD-124-R6,CHEW,2,2,0,0,0,1,0,0,0,1,1,1,0
KD-124-R6,JCHEW,3,3,0,0,0,3,0,0,0,0,1,1,2
KD-124-R6,Medical Lab Technician,0,0,0,0,0,0,0,0,0,0,0,0,0
KD-124-R6,Medical Records Officer,2,0,1,0,1,0,0,0,0,0,0,0,0
KD-124-R6,Pharmacy Technician,0,0,0,0,0,0,0,0,0,0,0,0,0
KD-124-R6,Environmental Health Officer,2,1,0,0,1,1,0,0,0,0,2,1,0
KD-125-R1,Medical Officer,0,0,0,0,0,0,0,0,0,0,0,0,0
KD-125-R1,Nurse/Midwife,0,0,0,0,0,0,0,0,0,0,0,0,0
KD-125-R1,CHO,0,0,0,0,0,0,0,0,0,0,0,0,0
KD-125-R1,CHEW,1,0,1,0,0,0,0,0,0,0,1,0,0
KD-125-R1,JCHEW,3,1,0,0,2,1,0,0,0,0,1,0,1
KD-125-R1,Medical Lab Technician,0,0,0,0,0,0,0,0,0,0,0,0,0
KD-125-R1,Medical Records Officer,2,0,0,0,2,0,0,0,0,0,1,0,0
KD-125-R1,Pharmacy Technician,0,0,0,0,0,0,0,0,0,0,0,0,0
KD-125-R1,Environmental Health Officer,0,0,0,0,0,0,0,0,0,0,0,0,0
KD-125-R2,Medical Officer,0,0,0,0,0,0,0,0,0,0,0,0,0
KD-125-R2,Nurse/Midwife,0,0,0,0,0,0,0,0,0,0,0,0,0
KD-125-R2,CHO,0,0,0,0,0,0,0,0,0,0,0,0,0
KD-125-R2,CHEW,1,0,1,0,0,0,0,0,0,0,0,0,0
KD-125-R2,JCHEW,3,1,0,0,2,1,0,0,0,0,2,1,0
KD-125-R2,Medical Lab Technician,0,0,0,0,0,0,0,0,0,0,0,0,0
KD-125-R2,Medical Records Officer,2,0,0,0,2,0,0,0,0,0,1,0,0
KD-125-R2,Pharmacy Technician,0,0,0,0,0,0,0,0,0,0,0,0,0
KD-125-R2,Environmental Health Officer,0,0,0,0,0,0,0,0,0,0,0,0,0
KD-125-R3,Medical Officer,0,0,0,0,0,0,0,0,0,0,0,0,0
KD-125-R3,Nurse/Midwife,0,0,0,0,0,0,0,0,0,0,0,0,0
KD-125-R3,CHO,0,0,0,0,0,0,0,0,0,0,0,0,0
KD-125-R3,CHEW,1,0,1,0,0,0,0,0,0,0,0,0,0
KD-125-R3,JCHEW,3,1,0,0,2,0,0,0,1,0,2,0,0
KD-125-R3,Medical Lab Technician,0,0,0,0,0,0,0,0,0,0,0,0,0
KD-125-R3,Medical Records Officer,2,0,0,0,2,0,0,0,0,0,1,0,0
KD-125-R3,Pharmacy Technician,0,0,0,0,0,0,0,0,0,0,0,0,0
KD-125-R3,Environmental Health Officer,0,0,0,0,0,0,0,0,0,0,0,0,0
KD-125-R4,Medical Officer,0,0,0,0,0,0,0,0,0,0,0,0,0
KD-125-R4,Nurse/Midwife,0,0,0,0,0,0,0,0,0,0,0,0,0
KD-125-R4,CHO,0,0,0,0,0,0,0,0,0,0,0,0,0
KD-125-R4,CHEW,1,0,1,0,0,0,0,0,0,0,0,0,0
KD-125-R4,JCHEW,3,1,0,0,2,1,0,0,0,0,1,0,1
KD-125-R4,Medical Lab Technician,0,0,0,0,0,0,0,0,0,0,0,0,0
KD-125-R4,Medical Records Officer,2,0,0,0,2,0,0,0,0,0,0,0,0
KD-125-R4,Pharmacy Technician,0,0,0,0,0,0,0,0,0,0,0,0,0
KD-125-R4,Environmental Health Officer,0,0,0,0,0,0,0,0,0,0,0,0,0
KD-125-R5,Medical Officer,0,0,0,0,0,0,0,0,0,0,0,0,0
KD-125-R5,Nurse/Midwife,0,0,0,0,0,0,0,0,0,0,0,0,0
KD-125-R5,CHO,0,0,0,0,0,0,0,0,0,0,0,0,0
KD-125-R5,CHEW,1,0,1,0,0,0,0,0,0,0,1,0,0
KD-125-R5,JCHEW,3,1,0,0,2,0,0,0,0,1,0,0,0
KD-125-R5,Medical Lab Technician,0,0,0,0,0,0,0,0,0,0,0,0,0
KD-125-R5,Medical Records Officer,2,0,0,0,2,0,0,0,0,0,0,0,0
KD-125-R5,Pharmacy Technician,0,0,0,0,0,0,0,0,0,0,0,0,0
KD-125-R5,Environmental Health Officer,0,0,0,0,0,0,0,0,0,0,0,0,0
KD-125-R6,Medical Officer,0,0,0,0,0,0,0,0,0,0,0,0,0
KD-125-R6,Nurse/Midwife,0,0,0,0,0,0,0,0,0,0,0,0,0
KD-125-R6,CHO,0,0,0,0,0,0,0,0,0,0,0,0,0
KD-125-R6,CHEW,1,0,1,0,0,0,0,0,0,0,0,0,0
KD-125-R6,JCHEW,3,1,0,0,2,1,0,0,0,0,2,1,0
KD-125-R6,Medical Lab Technician,0,0,0,0,0,0,0,0,0,0,0,0,0
KD-125-R6,Medical Records Officer,2,0,0,0,2,0,0,0,0,0,2,0,0
KD-125-R6,Pharmacy Technician,0,0,0,0,0,0,0,0,0,0,0,0,0
KD-125-R6,Environmental Health Officer,0,0,0,0,0,0,0,0,0,0,0,0,0
KD-126-R1,Medical Officer,8,7,0,0,1,7,0,0,0,0,7,6,1
KD-126-R1,Nurse/Midwife,27,21,5,0,1,19,0,0,1,1,18,14,5
KD-126-R1,CHO,9,7,2,0,0,5,0,0,1,1,6,5,0
KD-126-R1,CHEW,7,7,0,0,0,6,0,0,0,1,4,4,2
KD-126-R1,JCHEW,6,4,1,0,1,4,0,0,0,0,4,3,1
KD-126-R1,Medical Lab Technician,4,3,0,1,0,3,0,0,0,0,2,2,1
KD-126-R1,Medical Records Officer,5,4,0,0,1,3,0,0,0,1,4,3,0
KD-126-R1,Pharmacy Technician,0,0,0,0,0,0,0,0,0,0,0,0,0
KD-126-R1,Environmental Health Officer,2,2,0,0,0,2,0,0,0,0,2,2,0
KD-126-R2,Medical Officer,8,7,0,0,1,7,0,0,0,0,6,5,2
KD-126-R2,Nurse/Midwife,27,21,5,0,1,20,0,0,1,0,18,14,6
KD-126-R2,CHO,9,7,2,0,0,7,0,0,0,0,8,6,1
KD-126-R2,CHEW,7,7,0,0,0,7,0,0,0,0,5,5,2
KD-126-R2,JCHEW,6,4,1,0,1,4,0,0,0,0,4,3,1
KD-126-R2,Medical Lab Technician,4,3,0,1,0,3,0,0,0,0,1,1,2
KD-126-R2,Medical Records Officer,5,4,0,0,1,3,0,0,1,0,3,3,0
KD-126-R2,Pharmacy Technician,0,0,0,0,0,0,0,0,0,0,0,0,0
KD-126-R2,Environmental Health Officer,2,2,0,0,0,1,0,0,1,0,1,1,0
KD-126-R3,Medical Officer,8,7,0,0,1,6,0,0,0,1,4,3,3
KD-126-R3,Nurse/Midwife,27,21,5,0,1,17,0,0,2,2,16,11,6
KD-126-R3,CHO,9,7,2,0,0,7,0,0,0,0,3,1,6
KD-126-R3,CHEW,7,7,0,0,0,7,0,0,0,0,5,5,2
KD-126-R3,JCHEW,6,4,1,0,1,3,0,0,0,1,2,2,1
KD-126-R3,Medical Lab Technician,4,3,0,1,0,3,0,0,0,0,2,1,2
KD-126-R3,Medical Records Officer,5,4,0,0,1,3,0,0,0,1,3,2,1
KD-126-R3,Pharmacy Technician,0,0,0,0,0,0,0,0,0,0,0,0,0
KD-126-R3,Environmental Health Officer,2,2,0,0,0,2,0,0,0,0,1,1,1
KD-126-R4,Medical Officer,8,7,0,0,1,5,0,0,0,2,2,2,3
KD-126-R4,Nurse/Midwife,27,21,5,0,1,21,0,0,0,0,13,10,11
KD-126-R4,CHO,9,7,2,0,0,6,0,0,0,1,5,4,2
KD-126-R4,CHEW,7,7,0,0,0,6,0,0,1,0,1,1,5
KD-126-R4,JCHEW,6,4,1,0,1,3,0,0,0,1,3,2,1
KD-126-R4,Medical Lab Technician,4,3,0,1,0,3,0,0,0,0,2,2,1
KD-126-R4,Medical Records Officer,5,4,0,0,1,4,0,0,0,0,3,3,1
KD-126-R4,Pharmacy Technician,0,0,0,0,0,0,0,0,0,0,0,0,0
KD-126-R4,Environmental Health Officer,2,2,0,0,0,2,0,0,0,0,1,1,1
KD-126-R5,Medical Officer,8,7,0,0,1,6,0,0,1,0,6,5,1
KD-126-R5,Nurse/Midwife,27,21,5,0,1,19,0,0,0,2,16,13,6
KD-126-R5,CHO,9,7,2,0,0,7,0,0,0,0,6,5,2
KD-126-R5,CHEW,7,7,0,0,0,7,0,0,0,0,6,6,1
KD-126-R5,JCHEW,6,4,1,0,1,3,0,0,0,1,2,1,2
KD-126-R5,Medical Lab Technician,4,3,0,1,0,2,0,0,1,0,2,1,1
KD-126-R5,Medical Records Officer,5,4,0,0,1,4,0,0,0,0,2,1,3
KD-126-R5,Pharmacy Technician,0,0,0,0,0,0,0,0,0,0,0,0,0
KD-126-R5,Environmental Health Officer,2,2,0,0,0,2,0,0,0,0,2,2,0
KD-126-R6,Medical Officer,8,7,0,0,1,7,0,0,0,0,7,6,1
KD-126-R6,Nurse/Midwife,27,21,5,0,1,19,0,0,1,1,18,14,5
KD-126-R6,CHO,9,7,2,0,0,6,0,0,1,0,5,5,1
KD-126-R6,CHEW,7,7,0,0,0,6,0,0,1,0,6,6,0
KD-126-R6,JCHEW,6,4,1,0,1,4,0,0,0,0,5,3,1
KD-126-R6,Medical Lab Technician,4,3,0,1,0,3,0,0,0,0,3,2,1
KD-126-R6,Medical Records Officer,5,4,0,0,1,4,0,0,0,0,3,3,1
KD-126-R6,Pharmacy Technician,0,0,0,0,0,0,0,0,0,0,0,0,0
KD-126-R6,Environmental Health Officer,2,2,0,0,0,2,0,0,0,0,2,2,0
KD-127-R1,Medical Officer,1,1,0,0,0,1,0,0,0,0,1,1,0
KD-127-R1,Nurse/Midwife,3,2,1,0,0,2,0,0,0,0,1,0,2
KD-127-R1,CHO,2,2,0,0,0,2,0,0,0,0,2,2,0
KD-127-R1,CHEW,3,3,0,0,0,3,0,0,0,0,2,2,1
KD-127-R1,JCHEW,4,2,0,1,1,2,0,0,0,0,3,1,1
KD-127-R1,Medical Lab Technician,2,2,0,0,0,2,0,0,0,0,1,1,1
KD-127-R1,Medical Records Officer,2,1,0,0,1,1,0,0,0,0,0,0,1
KD-127-R1,Pharmacy Technician,0,0,0,0,0,0,0,0,0,0,0,0,0
KD-127-R1,Environmental Health Officer,3,2,0,0,1,2,0,0,0,0,3,2,0
KD-127-R2,Medical Officer,1,1,0,0,0,1,0,0,0,0,1,1,0
KD-127-R2,Nurse/Midwife,3,2,1,0,0,2,0,0,0,0,2,2,0
KD-127-R2,CHO,2,2,0,0,0,2,0,0,0,0,1,1,1
KD-127-R2,CHEW,3,3,0,0,0,3,0,0,0,0,2,2,1
KD-127-R2,JCHEW,4,2,0,1,1,2,0,0,0,0,2,1,1
KD-127-R2,Medical Lab Technician,2,2,0,0,0,2,0,0,0,0,1,1,1
KD-127-R2,Medical Records Officer,2,1,0,0,1,1,0,0,0,0,2,1,0
KD-127-R2,Pharmacy Technician,0,0,0,0,0,0,0,0,0,0,0,0,0
KD-127-R2,Environmental Health Officer,3,2,0,0,1,0,0,0,1,1,1,0,0
KD-127-R3,Medical Officer,1,1,0,0,0,1,0,0,0,0,1,1,0
KD-127-R3,Nurse/Midwife,3,2,1,0,0,2,0,0,0,0,2,2,0
KD-127-R3,CHO,2,2,0,0,0,2,0,0,0,0,2,2,0
KD-127-R3,CHEW,3,3,0,0,0,3,0,0,0,0,2,2,1
KD-127-R3,JCHEW,4,2,0,1,1,2,0,0,0,0,1,0,2
KD-127-R3,Medical Lab Technician,2,2,0,0,0,2,0,0,0,0,2,2,0
KD-127-R3,Medical Records Officer,2,1,0,0,1,1,0,0,0,0,2,1,0
KD-127-R3,Pharmacy Technician,0,0,0,0,0,0,0,0,0,0,0,0,0
KD-127-R3,Environmental Health Officer,3,2,0,0,1,2,0,0,0,0,2,2,0
KD-127-R4,Medical Officer,1,1,0,0,0,1,0,0,0,0,0,0,1
KD-127-R4,Nurse/Midwife,3,2,1,0,0,2,0,0,0,0,1,0,2
KD-127-R4,CHO,2,2,0,0,0,2,0,0,0,0,1,1,1
KD-127-R4,CHEW,3,3,0,0,0,3,0,0,0,0,3,3,0
KD-127-R4,JCHEW,4,2,0,1,1,1,0,0,0,1,2,1,0
KD-127-R4,Medical Lab Technician,2,2,0,0,0,2,0,0,0,0,1,1,1
KD-127-R4,Medical Records Officer,2,1,0,0,1,1,0,0,0,0,2,1,0
KD-127-R4,Pharmacy Technician,0,0,0,0,0,0,0,0,0,0,0,0,0
KD-127-R4,Environmental Health Officer,3,2,0,0,1,1,0,0,1,0,1,1,0
KD-127-R5,Medical Officer,1,1,0,0,0,1,0,0,0,0,1,1,0
KD-127-R5,Nurse/Midwife,3,2,1,0,0,2,0,0,0,0,3,2,0
KD-127-R5,CHO,2,2,0,0,0,2,0,0,0,0,1,1,1
KD-127-R5,CHEW,3,3,0,0,0,3,0,0,0,0,2,2,1
KD-127-R5,JCHEW,4,2,0,1,1,1,0,0,1,0,3,1,0
KD-127-R5,Medical Lab Technician,2,2,0,0,0,1,0,0,1,0,1,1,0
KD-127-R5,Medical Records Officer,2,1,0,0,1,0,0,0,1,0,1,0,0
KD-127-R5,Pharmacy Technician,0,0,0,0,0,0,0,0,0,0,0,0,0
KD-127-R5,Environmental Health Officer,3,2,0,0,1,1,0,0,0,1,2,1,0
KD-127-R6,Medical Officer,1,1,0,0,0,1,0,0,0,0,1,1,0
KD-127-R6,Nurse/Midwife,3,2,1,0,0,1,0,0,0,1,2,1,0
KD-127-R6,CHO,2,2,0,0,0,2,0,0,0,0,1,1,1
KD-127-R6,CHEW,3,3,0,0,0,3,0,0,0,0,2,2,1
KD-127-R6,JCHEW,4,2,0,1,1,2,0,0,0,0,3,1,1
KD-127-R6,Medical Lab Technician,2,2,0,0,0,2,0,0,0,0,1,1,1
KD-127-R6,Medical Records Officer,2,1,0,0,1,1,0,0,0,0,2,1,0
KD-127-R6,Pharmacy Technician,0,0,0,0,0,0,0,0,0,0,0,0,0
KD-127-R6,Environmental Health Officer,3,2,0,0,1,1,0,0,0,1,2,1,0
KD-128-R1,Medical Officer,0,0,0,0,0,0,0,0,0,0,0,0,0
KD-128-R1,Nurse/Midwife,0,0,0,0,0,0,0,0,0,0,0,0,0
KD-128-R1,CHO,0,0,0,0,0,0,0,0,0,0,0,0,0
KD-128-R1,CHEW,1,1,0,0,0,1,0,0,0,0,1,1,0
KD-128-R1,JCHEW,3,1,0,0,2,1,0,0,0,0,1,1,0
KD-128-R1,Medical Lab Technician,0,0,0,0,0,0,0,0,0,0,0,0,0
KD-128-R1,Medical Records Officer,0,0,0,0,0,0,0,0,0,0,0,0,0
KD-128-R1,Pharmacy Technician,0,0,0,0,0,0,0,0,0,0,0,0,0
KD-128-R1,Environmental Health Officer,0,0,0,0,0,0,0,0,0,0,0,0,0
KD-128-R2,Medical Officer,0,0,0,0,0,0,0,0,0,0,0,0,0
KD-128-R2,Nurse/Midwife,0,0,0,0,0,0,0,0,0,0,0,0,0
KD-128-R2,CHO,0,0,0,0,0,0,0,0,0,0,0,0,0
KD-128-R2,CHEW,1,1,0,0,0,1,0,0,0,0,1,1,0
KD-128-R2,JCHEW,3,1,0,0,2,1,0,0,0,0,2,0,1
KD-128-R2,Medical Lab Technician,0,0,0,0,0,0,0,0,0,0,0,0,0
KD-128-R2,Medical Records Officer,0,0,0,0,0,0,0,0,0,0,0,0,0
KD-128-R2,Pharmacy Technician,0,0,0,0,0,0,0,0,0,0,0,0,0
KD-128-R2,Environmental Health Officer,0,0,0,0,0,0,0,0,0,0,0,0,0
KD-128-R3,Medical Officer,0,0,0,0,0,0,0,0,0,0,0,0,0
KD-128-R3,Nurse/Midwife,0,0,0,0,0,0,0,0,0,0,0,0,0
KD-128-R3,CHO,0,0,0,0,0,0,0,0,0,0,0,0,0
KD-128-R3,CHEW,1,1,0,0,0,1,0,0,0,0,0,0,1
KD-128-R3,JCHEW,3,1,0,0,2,1,0,0,0,0,1,1,0
KD-128-R3,Medical Lab Technician,0,0,0,0,0,0,0,0,0,0,0,0,0
KD-128-R3,Medical Records Officer,0,0,0,0,0,0,0,0,0,0,0,0,0
KD-128-R3,Pharmacy Technician,0,0,0,0,0,0,0,0,0,0,0,0,0
KD-128-R3,Environmental Health Officer,0,0,0,0,0,0,0,0,0,0,0,0,0
KD-128-R4,Medical Officer,0,0,0,0,0,0,0,0,0,0,0,0,0
KD-128-R4,Nurse/Midwife,0,0,0,0,0,0,0,0,0,0,0,0,0
KD-128-R4,CHO,0,0,0,0,0,0,0,0,0,0,0,0,0
KD-128-R4,CHEW,1,1,0,0,0,1,0,0,0,0,0,0,1
KD-128-R4,JCHEW,3,1,0,0,2,1,0,0,0,0,0,0,1
KD-128-R4,Medical Lab Technician,0,0,0,0,0,0,0,0,0,0,0,0,0
KD-128-R4,Medical Records Officer,0,0,0,0,0,0,0,0,0,0,0,0,0
KD-128-R4,Pharmacy Technician,0,0,0,0,0,0,0,0,0,0,0,0,0
KD-128-R4,Environmental Health Officer,0,0,0,0,0,0,0,0,0,0,0,0,0
KD-128-R5,Medical Officer,0,0,0,0,0,0,0,0,0,0,0,0,0
KD-128-R5,Nurse/Midwife,0,0,0,0,0,0,0,0,0,0,0,0,0
KD-128-R5,CHO,0,0,0,0,0,0,0,0,0,0,0,0,0
KD-128-R5,CHEW,1,1,0,0,0,1,0,0,0,0,0,0,1
KD-128-R5,JCHEW,3,1,0,0,2,1,0,0,0,0,2,1,0
KD-128-R5,Medical Lab Technician,0,0,0,0,0,0,0,0,0,0,0,0,0
KD-128-R5,Medical Records Officer,0,0,0,0,0,0,0,0,0,0,0,0,0
KD-128-R5,Pharmacy Technician,0,0,0,0,0,0,0,0,0,0,0,0,0
KD-128-R5,Environmental Health Officer,0,0,0,0,0,0,0,0,0,0,0,0,0
KD-128-R6,Medical Officer,0,0,0,0,0,0,0,0,0,0,0,0,0
KD-128-R6,Nurse/Midwife,0,0,0,0,0,0,0,0,0,0,0,0,0
KD-128-R6,CHO,0,0,0,0,0,0,0,0,0,0,0,0,0
KD-128-R6,CHEW,1,1,0,0,0,0,0,0,1,0,0,0,0
KD-128-R6,JCHEW,3,1,0,0,2,1,0,0,0,0,3,1,0
KD-128-R6,Medical Lab Technician,0,0,0,0,0,0,0,0,0,0,0,0,0
KD-128-R6,Medical Records Officer,0,0,0,0,0,0,0,0,0,0,0,0,0
KD-128-R6,Pharmacy Technician,0,0,0,0,0,0,0,0,0,0,0,0,0
KD-128-R6,Environmental Health Officer,0,0,0,0,0,0,0,0,0,0,0,0,0
KD-129-R1,Medical Officer,1,0,0,0,1,0,0,0,0,0,1,0,0
KD-129-R1,Nurse/Midwife,2,1,1,0,0,1,0,0,0,0,1,1,0
KD-129-R1,CHO,0,0,0,0,0,0,0,0,0,0,0,0,0
KD-129-R1,CHEW,6,4,1,0,1,3,0,0,0,1,4,3,0
KD-129-R1,JCHEW,3,0,1,0,2,0,0,0,0,0,3,0,0
KD-129-R1,Medical Lab Technician,2,1,0,1,0,1,0,0,0,0,2,1,0
KD-129-R1,Medical Records Officer,1,0,1,0,0,0,0,0,0,0,0,0,0
KD-129-R1,Pharmacy Technician,1,1,0,0,0,1,0,0,0,0,0,0,1
KD-129-R1,Environmental Health Officer,1,0,1,0,0,0,0,0,0,0,1,0,0
KD-129-R2,Medical Officer,1,0,0,0,1,0,0,0,0,0,0,0,0
KD-129-R2,Nurse/Midwife,2,1,1,0,0,1,0,0,0,0,2,1,0
KD-129-R2,CHO,0,0,0,0,0,0,0,0,0,0,0,0,0
KD-129-R2,CHEW,6,4,1,0,1,4,0,0,0,0,5,3,1
KD-129-R2,JCHEW,3,0,1,0,2,0,0,0,0,0,2,0,0
KD-129-R2,Medical Lab Technician,2,1,0,1,0,1,0,0,0,0,1,0,1
KD-129-R2,Medical Records Officer,1,0,1,0,0,0,0,0,0,0,1,0,0
KD-129-R2,Pharmacy Technician,1,1,0,0,0,1,0,0,0,0,1,1,0
KD-129-R2,Environmental Health Officer,1,0,1,0,0,0,0,0,0,0,1,0,0
KD-129-R3,Medical Officer,1,0,0,0,1,0,0,0,0,0,1,0,0
KD-129-R3,Nurse/Midwife,2,1,1,0,0,1,0,0,0,0,0,0,1
KD-129-R3,CHO,0,0,0,0,0,0,0,0,0,0,0,0,0
KD-129-R3,CHEW,6,4,1,0,1,4,0,0,0,0,5,3,1
KD-129-R3,JCHEW,3,0,1,0,2,0,0,0,0,0,2,0,0
KD-129-R3,Medical Lab Technician,2,1,0,1,0,1,0,0,0,0,1,1,0
KD-129-R3,Medical Records Officer,1,0,1,0,0,0,0,0,0,0,1,0,0
KD-129-R3,Pharmacy Technician,1,1,0,0,0,1,0,0,0,0,0,0,1
KD-129-R3,Environmental Health Officer,1,0,1,0,0,0,0,0,0,0,0,0,0
KD-129-R4,Medical Officer,1,0,0,0,1,0,0,0,0,0,1,0,0
KD-129-R4,Nurse/Midwife,2,1,1,0,0,1,0,0,0,0,2,1,0
KD-129-R4,CHO,0,0,0,0,0,0,0,0,0,0,0,0,0
KD-129-R4,CHEW,6,4,1,0,1,3,0,0,1,0,5,3,0
KD-129-R4,JCHEW,3,0,1,0,2,0,0,0,0,0,0,0,0
KD-129-R4,Medical Lab Technician,2,1,0,1,0,1,0,0,0,0,1,0,1
KD-129-R4,Medical Records Officer,1,0,1,0,0,0,0,0,0,0,1,0,0
KD-129-R4,Pharmacy Technician,1,1,0,0,0,1,0,0,0,0,0,0,1
KD-129-R4,Environmental Health Officer,1,0,1,0,0,0,0,0,0,0,1,0,0
KD-129-R5,Medical Officer,1,0,0,0,1,0,0,0,0,0,1,0,0
KD-129-R5,Nurse/Midwife,2,1,1,0,0,1,0,0,0,0,2,1,0
KD-129-R5,CHO,0,0,0,0,0,0,0,0,0,0,0,0,0
KD-129-R5,CHEW,6,4,1,0,1,1,0,0,2,1,2,1,0
KD-129-R5,JCHEW,3,0,1,0,2,0,0,0,0,0,2,0,0
KD-129-R5,Medical Lab Technician,2,1,0,1,0,1,0,0,0,0,2,1,0
KD-129-R5,Medical Records Officer,1,0,1,0,0,0,0,0,0,0,1,0,0
KD-129-R5,Pharmacy Technician,1,1,0,0,0,1,0,0,0,0,0,0,1
KD-129-R5,Environmental Health Officer,1,0,1,0,0,0,0,0,0,0,1,0,0
KD-129-R6,Medical Officer,1,0,0,0,1,0,0,0,0,0,1,0,0
KD-129-R6,Nurse/Midwife,2,1,1,0,0,1,0,0,0,0,1,1,0
KD-129-R6,CHO,0,0,0,0,0,0,0,0,0,0,0,0,0
KD-129-R6,CHEW,6,4,1,0,1,4,0,0,0,0,4,3,1
KD-129-R6,JCHEW,3,0,1,0,2,0,0,0,0,0,3,0,0
KD-129-R6,Medical Lab Technician,2,1,0,1,0,1,0,0,0,0,2,1,0
KD-129-R6,Medical Records Officer,1,0,1,0,0,0,0,0,0,0,0,0,0
KD-129-R6,Pharmacy Technician,1,1,0,0,0,1,0,0,0,0,1,1,0
KD-129-R6,Environmental Health Officer,1,0,1,0,0,0,0,0,0,0,1,0,0
KD-130-R1,Medical Officer,0,0,0,0,0,0,0,0,0,0,0,0,0
KD-130-R1,Nurse/Midwife,7,4,3,0,0,4,0,0,0,0,4,4,0
KD-130-R1,CHO,3,3,0,0,0,3,0,0,0,0,1,1,2
KD-130-R1,CHEW,5,3,1,0,1,3,0,0,0,0,4,2,1
KD-130-R1,JCHEW,6,5,0,0,1,5,0,0,0,0,2,2,3
KD-130-R1,Medical Lab Technician,3,1,0,2,0,1,0,0,0,0,2,1,0
KD-130-R1,Medical Records Officer,0,0,0,0,0,0,0,0,0,0,0,0,0
KD-130-R1,Pharmacy Technician,0,0,0,0,0,0,0,0,0,0,0,0,0
KD-130-R1,Environmental Health Officer,1,1,0,0,0,1,0,0,0,0,0,0,1
KD-130-R2,Medical Officer,0,0,0,0,0,0,0,0,0,0,0,0,0
KD-130-R2,Nurse/Midwife,7,4,3,0,0,4,0,0,0,0,3,1,3
KD-130-R2,CHO,3,3,0,0,0,2,0,0,0,1,1,1,1
KD-130-R2,CHEW,5,3,1,0,1,3,0,0,0,0,3,2,1
KD-130-R2,JCHEW,6,5,0,0,1,5,0,0,0,0,3,3,2
KD-130-R2,Medical Lab Technician,3,1,0,2,0,1,0,0,0,0,2,0,1
KD-130-R2,Medical Records Officer,0,0,0,0,0,0,0,0,0,0,0,0,0
KD-130-R2,Pharmacy Technician,0,0,0,0,0,0,0,0,0,0,0,0,0
KD-130-R2,Environmental Health Officer,1,1,0,0,0,1,0,0,0,0,0,0,1
KD-130-R3,Medical Officer,0,0,0,0,0,0,0,0,0,0,0,0,0
KD-130-R3,Nurse/Midwife,7,4,3,0,0,4,0,0,0,0,4,3,1
KD-130-R3,CHO,3,3,0,0,0,3,0,0,0,0,3,3,0
KD-130-R3,CHEW,5,3,1,0,1,2,0,0,1,0,3,2,0
KD-130-R3,JCHEW,6,5,0,0,1,3,0,0,1,1,2,2,1
KD-130-R3,Medical Lab Technician,3,1,0,2,0,1,0,0,0,0,3,1,0
KD-130-R3,Medical Records Officer,0,0,0,0,0,0,0,0,0,0,0,0,0
KD-130-R3,Pharmacy Technician,0,0,0,0,0,0,0,0,0,0,0,0,0
KD-130-R3,Environmental Health Officer,1,1,0,0,0,1,0,0,0,0,1,1,0
KD-130-R4,Medical Officer,0,0,0,0,0,0,0,0,0,0,0,0,0
KD-130-R4,Nurse/Midwife,7,4,3,0,0,3,0,0,0,1,2,2,1
KD-130-R4,CHO,3,3,0,0,0,2,0,0,1,0,1,1,1
KD-130-R4,CHEW,5,3,1,0,1,3,0,0,0,0,4,2,1
KD-130-R4,JCHEW,6,5,0,0,1,4,0,0,0,1,3,2,2
KD-130-R4,Medical Lab Technician,3,1,0,2,0,1,0,0,0,0,1,0,1
KD-130-R4,Medical Records Officer,0,0,0,0,0,0,0,0,0,0,0,0,0
KD-130-R4,Pharmacy Technician,0,0,0,0,0,0,0,0,0,0,0,0,0
KD-130-R4,Environmental Health Officer,1,1,0,0,0,1,0,0,0,0,0,0,1
KD-130-R5,Medical Officer,0,0,0,0,0,0,0,0,0,0,0,0,0
KD-130-R5,Nurse/Midwife,7,4,3,0,0,4,0,0,0,0,7,4,0
KD-130-R5,CHO,3,3,0,0,0,3,0,0,0,0,3,3,0
KD-130-R5,CHEW,5,3,1,0,1,2,0,0,1,0,2,0,2
KD-130-R5,JCHEW,6,5,0,0,1,5,0,0,0,0,5,4,1
KD-130-R5,Medical Lab Technician,3,1,0,2,0,1,0,0,0,0,3,1,0
KD-130-R5,Medical Records Officer,0,0,0,0,0,0,0,0,0,0,0,0,0
KD-130-R5,Pharmacy Technician,0,0,0,0,0,0,0,0,0,0,0,0,0
KD-130-R5,Environmental Health Officer,1,1,0,0,0,1,0,0,0,0,1,1,0
KD-130-R6,Medical Officer,0,0,0,0,0,0,0,0,0,0,0,0,0
KD-130-R6,Nurse/Midwife,7,4,3,0,0,4,0,0,0,0,6,4,0
KD-130-R6,CHO,3,3,0,0,0,3,0,0,0,0,2,2,1
KD-130-R6,CHEW,5,3,1,0,1,3,0,0,0,0,3,2,1
KD-130-R6,JCHEW,6,5,0,0,1,5,0,0,0,0,5,4,1
KD-130-R6,Medical Lab Technician,3,1,0,2,0,1,0,0,0,0,3,1,0
KD-130-R6,Medical Records Officer,0,0,0,0,0,0,0,0,0,0,0,0,0
KD-130-R6,Pharmacy Technician,0,0,0,0,0,0,0,0,0,0,0,0,0
KD-130-R6,Environmental Health Officer,1,1,0,0,0,1,0,0,0,0,1,1,0
KD-131-R1,Medical Officer,2,1,0,0,1,1,0,0,0,0,1,1,0
KD-131-R1,Nurse/Midwife,3,3,0,0,0,3,0,0,0,0,3,3,0
KD-131-R1,CHO,1,1,0,0,0,1,0,0,0,0,0,0,1
KD-131-R1,CHEW,11,8,2,0,1,8,0,0,0,0,9,7,1
KD-131-R1,JCHEW,4,1,1,0,2,1,0,0,0,0,2,1,0
KD-131-R1,Medical Lab Technician,1,1,0,0,0,1,0,0,0,0,1,1,0
KD-131-R1,Medical Records Officer,1,1,0,0,0,1,0,0,0,0,1,1,0
KD-131-R1,Pharmacy Technician,3,3,0,0,0,3,0,0,0,0,2,2,1
KD-131-R1,Environmental Health Officer,1,1,0,0,0,1,0,0,0,0,1,1,0
KD-131-R2,Medical Officer,2,1,0,0,1,1,0,0,0,0,1,1,0
KD-131-R2,Nurse/Midwife,3,3,0,0,0,3,0,0,0,0,2,2,1
KD-131-R2,CHO,1,1,0,0,0,1,0,0,0,0,1,1,0
KD-131-R2,CHEW,11,8,2,0,1,8,0,0,0,0,8,7,1
KD-131-R2,JCHEW,4,1,1,0,2,1,0,0,0,0,2,1,0
KD-131-R2,Medical Lab Technician,1,1,0,0,0,1,0,0,0,0,1,1,0
KD-131-R2,Medical Records Officer,1,1,0,0,0,1,0,0,0,0,1,1,0
KD-131-R2,Pharmacy Technician,3,3,0,0,0,3,0,0,0,0,3,3,0
KD-131-R2,Environmental Health Officer,1,1,0,0,0,1,0,0,0,0,1,1,0
KD-131-R3,Medical Officer,2,1,0,0,1,0,0,0,0,1,0,0,0
KD-131-R3,Nurse/Midwife,3,3,0,0,0,1,0,0,0,2,0,0,1
KD-131-R3,CHO,1,1,0,0,0,1,0,0,0,0,1,1,0
KD-131-R3,CHEW,11,8,2,0,1,7,0,0,0,1,5,3,4
KD-131-R3,JCHEW,4,1,1,0,2,1,0,0,0,0,3,1,0
KD-131-R3,Medical Lab Technician,1,1,0,0,0,1,0,0,0,0,1,1,0
KD-131-R3,Medical Records Officer,1,1,0,0,0,1,0,0,0,0,0,0,1
KD-131-R3,Pharmacy Technician,3,3,0,0,0,3,0,0,0,0,3,3,0
KD-131-R3,Environmental Health Officer,1,1,0,0,0,1,0,0,0,0,0,0,1
KD-131-R4,Medical Officer,2,1,0,0,1,1,0,0,0,0,2,1,0
KD-131-R4,Nurse/Midwife,3,3,0,0,0,3,0,0,0,0,3,3,0
KD-131-R4,CHO,1,1,0,0,0,1,0,0,0,0,1,1,0
KD-131-R4,CHEW,11,8,2,0,1,8,0,0,0,0,5,4,4
KD-131-R4,JCHEW,4,1,1,0,2,1,0,0,0,0,3,1,0
KD-131-R4,Medical Lab Technician,1,1,0,0,0,1,0,0,0,0,1,1,0
KD-131-R4,Medical Records Officer,1,1,0,0,0,1,0,0,0,0,1,1,0
KD-131-R4,Pharmacy Technician,3,3,0,0,0,3,0,0,0,0,3,3,0
KD-131-R4,Environmental Health Officer,1,1,0,0,0,1,0,0,0,0,1,1,0
KD-131-R5,Medical Officer,2,1,0,0,1,1,0,0,0,0,2,1,0
KD-131-R5,Nurse/Midwife,3,3,0,0,0,3,0,0,0,0,1,1,2
KD-131-R5,CHO,1,1,0,0,0,1,0,0,0,0,1,1,0
KD-131-R5,CHEW,11,8,2,0,1,8,0,0,0,0,10,8,0
KD-131-R5,JCHEW,4,1,1,0,2,0,0,0,1,0,2,0,0
KD-131-R5,Medical Lab Technician,1,1,0,0,0,1,0,0,0,0,1,1,0
KD-131-R5,Medical Records Officer,1,1,0,0,0,1,0,0,0,0,1,1,0
KD-131-R5,Pharmacy Technician,3,3,0,0,0,1,0,0,1,1,1,1,0
KD-131-R5,Environmental Health Officer,1,1,0,0,0,0,0,0,0,1,0,0,0
KD-131-R6,Medical Officer,2,1,0,0,1,1,0,0,0,0,1,1,0
KD-131-R6,Nurse/Midwife,3,3,0,0,0,2,0,0,0,1,2,2,0
KD-131-R6,CHO,1,1,0,0,0,1,0,0,0,0,1,1,0
KD-131-R6,CHEW,11,8,2,0,1,7,0,0,0,1,9,7,0
KD-131-R6,JCHEW,4,1,1,0,2,1,0,0,0,0,1,0,1
KD-131-R6,Medical Lab Technician,1,1,0,0,0,1,0,0,0,0,0,0,1
KD-131-R6,Medical Records Officer,1,1,0,0,0,1,0,0,0,0,1,1,0
KD-131-R6,Pharmacy Technician,3,3,0,0,0,3,0,0,0,0,3,3,0
KD-131-R6,Environmental Health Officer,1,1,0,0,0,1,0,0,0,0,1,1,0
KD-132-R1,Medical Officer,0,0,0,0,0,0,0,0,0,0,0,0,0
KD-132-R1,Nurse/Midwife,11,8,1,2,0,3,1,2,2,0,8,6,0
KD-132-R1,CHO,2,2,0,0,0,2,0,0,0,0,2,2,0
KD-132-R1,CHEW,6,4,0,1,1,2,0,1,1,0,4,2,1
KD-132-R1,JCHEW,6,5,1,0,0,2,0,1,1,1,2,1,2
KD-132-R1,Medical Lab Technician,1,0,1,0,0,0,0,0,0,0,1,0,0
KD-132-R1,Medical Records Officer,4,0,0,0,4,0,0,0,0,0,1,0,0
KD-132-R1,Pharmacy Technician,2,1,0,1,0,1,0,0,0,0,0,0,1
KD-132-R1,Environmental Health Officer,2,2,0,0,0,2,0,0,0,0,1,1,1
KD-132-R2,Medical Officer,0,0,0,0,0,0,0,0,0,0,0,0,0
KD-132-R2,Nurse/Midwife,11,8,1,2,0,4,2,2,0,0,7,5,3
KD-132-R2,CHO,2,2,0,0,0,2,0,0,0,0,2,2,0
KD-132-R2,CHEW,6,4,0,1,1,2,1,1,0,0,4,2,2
KD-132-R2,JCHEW,6,5,1,0,0,2,0,1,2,0,2,2,1
KD-132-R2,Medical Lab Technician,1,0,1,0,0,0,0,0,0,0,0,0,0
KD-132-R2,Medical Records Officer,4,0,0,0,4,0,0,0,0,0,3,0,0
KD-132-R2,Pharmacy Technician,2,1,0,1,0,1,0,0,0,0,1,1,0
KD-132-R2,Environmental Health Officer,2,2,0,0,0,1,0,0,1,0,1,1,0
KD-132-R3,Medical Officer,0,0,0,0,0,0,0,0,0,0,0,0,0
KD-132-R3,Nurse/Midwife,11,8,1,2,0,4,2,1,0,1,6,4,3
KD-132-R3,CHO,2,2,0,0,0,2,0,0,0,0,2,2,0
KD-132-R3,CHEW,6,4,0,1,1,2,1,1,0,0,3,3,1
KD-132-R3,JCHEW,6,5,1,0,0,3,1,1,0,0,4,3,2
KD-132-R3,Medical Lab Technician,1,0,1,0,0,0,0,0,0,0,1,0,0
KD-132-R3,Medical Records Officer,4,0,0,0,4,0,0,0,0,0,2,0,0
KD-132-R3,Pharmacy Technician,2,1,0,1,0,1,0,0,0,0,1,1,0
KD-132-R3,Environmental Health Officer,2,2,0,0,0,1,0,0,1,0,1,1,0
KD-132-R4,Medical Officer,0,0,0,0,0,0,0,0,0,0,0,0,0
KD-132-R4,Nurse/Midwife,11,8,1,2,0,4,2,1,1,0,7,5,2
KD-132-R4,CHO,2,2,0,0,0,2,0,0,0,0,0,0,2
KD-132-R4,CHEW,6,4,0,1,1,2,1,1,0,0,3,3,1
KD-132-R4,JCHEW,6,5,1,0,0,2,0,1,1,1,2,2,1
KD-132-R4,Medical Lab Technician,1,0,1,0,0,0,0,0,0,0,1,0,0
KD-132-R4,Medical Records Officer,4,0,0,0,4,0,0,0,0,0,4,0,0
KD-132-R4,Pharmacy Technician,2,1,0,1,0,1,0,0,0,0,1,1,0
KD-132-R4,Environmental Health Officer,2,2,0,0,0,2,0,0,0,0,1,1,1
KD-132-R5,Medical Officer,0,0,0,0,0,0,0,0,0,0,0,0,0
KD-132-R5,Nurse/Midwife,11,8,1,2,0,3,1,2,2,0,9,6,0
KD-132-R5,CHO,2,2,0,0,0,1,0,0,1,0,1,1,0
KD-132-R5,CHEW,6,4,0,1,1,2,1,1,0,0,6,4,0
KD-132-R5,JCHEW,6,5,1,0,0,2,1,1,1,0,4,3,1
KD-132-R5,Medical Lab Technician,1,0,1,0,0,0,0,0,0,0,0,0,0
KD-132-R5,Medical Records Officer,4,0,0,0,4,0,0,0,0,0,2,0,0
KD-132-R5,Pharmacy Technician,2,1,0,1,0,1,0,0,0,0,0,0,1
KD-132-R5,Environmental Health Officer,2,2,0,0,0,1,0,0,0,1,1,1,0
KD-132-R6,Medical Officer,0,0,0,0,0,0,0,0,0,0,0,0,0
KD-132-R6,Nurse/Midwife,11,8,1,2,0,4,2,1,0,1,7,7,0
KD-132-R6,CHO,2,2,0,0,0,2,0,0,0,0,1,1,1
KD-132-R6,CHEW,6,4,0,1,1,2,1,1,0,0,4,3,1
KD-132-R6,JCHEW,6,5,1,0,0,2,1,1,1,0,3,2,2
KD-132-R6,Medical Lab Technician,1,0,1,0,0,0,0,0,0,0,1,0,0
KD-132-R6,Medical Records Officer,4,0,0,0,4,0,0,0,0,0,3,0,0
KD-132-R6,Pharmacy Technician,2,1,0,1,0,1,0,0,0,0,1,0,1
KD-132-R6,Environmental Health Officer,2,2,0,0,0,2,0,0,0,0,2,2,0
KD-133-R1,Medical Officer,0,0,0,0,0,0,0,0,0,0,0,0,0
KD-133-R1,Nurse/Midwife,0,0,0,0,0,0,0,0,0,0,0,0,0
KD-133-R1,CHO,0,0,0,0,0,0,0,0,0,0,0,0,0
KD-133-R1,CHEW,3,1,0,0,2,1,0,0,0,0,2,1,0
KD-133-R1,JCHEW,3,1,0,0,2,1,0,0,0,0,2,0,1
KD-133-R1,Medical Lab Technician,0,0,0,0,0,0,0,0,0,0,0,0,0
KD-133-R1,Medical Records Officer,3,0,0,0,3,0,0,0,0,0,3,0,0
KD-133-R1,Pharmacy Technician,0,0,0,0,0,0,0,0,0,0,0,0,0
KD-133-R1,Environmental Health Officer,1,0,0,0,1,0,0,0,0,0,0,0,0
KD-133-R2,Medical Officer,0,0,0,0,0,0,0,0,0,0,0,0,0
KD-133-R2,Nurse/Midwife,0,0,0,0,0,0,0,0,0,0,0,0,0
KD-133-R2,CHO,0,0,0,0,0,0,0,0,0,0,0,0,0
KD-133-R2,CHEW,3,1,0,0,2,1,0,0,0,0,2,0,1
KD-133-R2,JCHEW,3,1,0,0,2,1,0,0,0,0,1,0,1
KD-133-R2,Medical Lab Technician,0,0,0,0,0,0,0,0,0,0,0,0,0
KD-133-R2,Medical Records Officer,3,0,0,0,3,0,0,0,0,0,2,0,0
KD-133-R2,Pharmacy Technician,0,0,0,0,0,0,0,0,0,0,0,0,0
KD-133-R2,Environmental Health Officer,1,0,0,0,1,0,0,0,0,0,1,0,0
KD-133-R3,Medical Officer,0,0,0,0,0,0,0,0,0,0,0,0,0
KD-133-R3,Nurse/Midwife,0,0,0,0,0,0,0,0,0,0,0,0,0
KD-133-R3,CHO,0,0,0,0,0,0,0,0,0,0,0,0,0
KD-133-R3,CHEW,3,1,0,0,2,1,0,0,0,0,2,1,0
KD-133-R3,JCHEW,3,1,0,0,2,1,0,0,0,0,1,1,0
KD-133-R3,Medical Lab Technician,0,0,0,0,0,0,0,0,0,0,0,0,0
KD-133-R3,Medical Records Officer,3,0,0,0,3,0,0,0,0,0,2,0,0
KD-133-R3,Pharmacy Technician,0,0,0,0,0,0,0,0,0,0,0,0,0
KD-133-R3,Environmental Health Officer,1,0,0,0,1,0,0,0,0,0,0,0,0
KD-133-R4,Medical Officer,0,0,0,0,0,0,0,0,0,0,0,0,0
KD-133-R4,Nurse/Midwife,0,0,0,0,0,0,0,0,0,0,0,0,0
KD-133-R4,CHO,0,0,0,0,0,0,0,0,0,0,0,0,0
KD-133-R4,CHEW,3,1,0,0,2,1,0,0,0,0,1,0,1
KD-133-R4,JCHEW,3,1,0,0,2,1,0,0,0,0,2,0,1
KD-133-R4,Medical Lab Technician,0,0,0,0,0,0,0,0,0,0,0,0,0
KD-133-R4,Medical Records Officer,3,0,0,0,3,0,0,0,0,0,2,0,0
KD-133-R4,Pharmacy Technician,0,0,0,0,0,0,0,0,0,0,0,0,0
KD-133-R4,Environmental Health Officer,1,0,0,0,1,0,0,0,0,0,0,0,0
KD-133-R5,Medical Officer,0,0,0,0,0,0,0,0,0,0,0,0,0
KD-133-R5,Nurse/Midwife,0,0,0,0,0,0,0,0,0,0,0,0,0
KD-133-R5,CHO,0,0,0,0,0,0,0,0,0,0,0,0,0
KD-133-R5,CHEW,3,1,0,0,2,1,0,0,0,0,2,1,0
KD-133-R5,JCHEW,3,1,0,0,2,1,0,0,0,0,3,1,0
KD-133-R5,Medical Lab Technician,0,0,0,0,0,0,0,0,0,0,0,0,0
KD-133-R5,Medical Records Officer,3,0,0,0,3,0,0,0,0,0,2,0,0
KD-133-R5,Pharmacy Technician,0,0,0,0,0,0,0,0,0,0,0,0,0
KD-133-R5,Environmental Health Officer,1,0,0,0,1,0,0,0,0,0,1,0,0
KD-133-R6,Medical Officer,0,0,0,0,0,0,0,0,0,0,0,0,0
KD-133-R6,Nurse/Midwife,0,0,0,0,0,0,0,0,0,0,0,0,0
KD-133-R6,CHO,0,0,0,0,0,0,0,0,0,0,0,0,0
KD-133-R6,CHEW,3,1,0,0,2,0,0,0,0,1,2,0,0
KD-133-R6,JCHEW,3,1,0,0,2,1,0,0,0,0,2,0,1
KD-133-R6,Medical Lab Technician,0,0,0,0,0,0,0,0,0,0,0,0,0
KD-133-R6,Medical Records Officer,3,0,0,0,3,0,0,0,0,0,1,0,0
KD-133-R6,Pharmacy Technician,0,0,0,0,0,0,0,0,0,0,0,0,0
KD-133-R6,Environmental Health Officer,1,0,0,0,1,0,0,0,0,0,1,0,0
KD-134-R1,Medical Officer,1,1,0,0,0,1,0,0,0,0,1,1,0
KD-134-R1,Nurse/Midwife,5,5,0,0,0,5,0,0,0,0,4,4,1
KD-134-R1,CHO,2,2,0,0,0,2,0,0,0,0,1,1,1
KD-134-R1,CHEW,9,8,0,0,1,7,0,0,1,0,4,3,4
KD-134-R1,JCHEW,8,4,2,1,1,4,0,0,0,0,7,4,0
KD-134-R1,Medical Lab Technician,2,1,0,1,0,1,0,0,0,0,1,0,1
KD-134-R1,Medical Records Officer,1,0,0,0,1,0,0,0,0,0,1,0,0
KD-134-R1,Pharmacy Technician,1,0,0,1,0,0,0,0,0,0,0,0,0
KD-134-R1,Environmental Health Officer,0,0,0,0,0,0,0,0,0,0,0,0,0
KD-134-R2,Medical Officer,1,1,0,0,0,1,0,0,0,0,1,1,0
KD-134-R2,Nurse/Midwife,5,5,0,0,0,3,0,0,0,2,2,2,1
KD-134-R2,CHO,2,2,0,0,0,2,0,0,0,0,2,2,0
KD-134-R2,CHEW,9,8,0,0,1,7,0,0,1,0,6,6,1
KD-134-R2,JCHEW,8,4,2,1,1,4,0,0,0,0,5,3,1
KD-134-R2,Medical Lab Technician,2,1,0,1,0,1,0,0,0,0,1,0,1
KD-134-R2,Medical Records Officer,1,0,0,0,1,0,0,0,0,0,1,0,0
KD-134-R2,Pharmacy Technician,1,0,0,1,0,0,0,0,0,0,0,0,0
KD-134-R2,Environmental Health Officer,0,0,0,0,0,0,0,0,0,0,0,0,0
KD-134-R3,Medical Officer,1,1,0,0,0,1,0,0,0,0,1,1,0
KD-134-R3,Nurse/Midwife,5,5,0,0,0,5,0,0,0,0,5,5,0
KD-134-R3,CHO,2,2,0,0,0,2,0,0,0,0,2,2,0
KD-134-R3,CHEW,9,8,0,0,1,7,0,0,1,0,6,5,2
KD-134-R3,JCHEW,8,4,2,1,1,3,0,0,0,1,4,1,2
KD-134-R3,Medical Lab Technician,2,1,0,1,0,1,0,0,0,0,0,0,1
KD-134-R3,Medical Records Officer,1,0,0,0,1,0,0,0,0,0,1,0,0
KD-134-R3,Pharmacy Technician,1,0,0,1,0,0,0,0,0,0,1,0,0
KD-134-R3,Environmental Health Officer,0,0,0,0,0,0,0,0,0,0,0,0,0
KD-134-R4,Medical Officer,1,1,0,0,0,1,0,0,0,0,1,1,0
KD-134-R4,Nurse/Midwife,5,5,0,0,0,5,0,0,0,0,1,1,4
KD-134-R4,CHO,2,2,0,0,0,2,0,0,0,0,0,0,2
KD-134-R4,CHEW,9,8,0,0,1,6,0,0,0,2,5,4,2
KD-134-R4,JCHEW,8,4,2,1,1,3,0,0,0,1,3,1,2
KD-134-R4,Medical Lab Technician,2,1,0,1,0,0,0,0,0,1,1,0,0
KD-134-R4,Medical Records Officer,1,0,0,0,1,0,0,0,0,0,1,0,0
KD-134-R4,Pharmacy Technician,1,0,0,1,0,0,0,0,0,0,0,0,0
KD-134-R4,Environmental Health Officer,0,0,0,0,0,0,0,0,0,0,0,0,0
KD-134-R5,Medical Officer,1,1,0,0,0,1,0,0,0,0,1,1,0
KD-134-R5,Nurse/Midwife,5,5,0,0,0,5,0,0,0,0,4,4,1
KD-134-R5,CHO,2,2,0,0,0,2,0,0,0,0,2,2,0
KD-134-R5,CHEW,9,8,0,0,1,6,0,0,2,0,5,5,1
KD-134-R5,JCHEW,8,4,2,1,1,2,0,0,0,2,4,1,1
KD-134-R5,Medical Lab Technician,2,1,0,1,0,1,0,0,0,0,2,1,0
KD-134-R5,Medical Records Officer,1,0,0,0,1,0,0,0,0,0,0,0,0
KD-134-R5,Pharmacy Technician,1,0,0,1,0,0,0,0,0,0,1,0,0
KD-134-R5,Environmental Health Officer,0,0,0,0,0,0,0,0,0,0,0,0,0
KD-134-R6,Medical Officer,1,1,0,0,0,1,0,0,0,0,1,1,0
KD-134-R6,Nurse/Midwife,5,5,0,0,0,4,0,0,1,0,2,2,2
KD-134-R6,CHO,2,2,0,0,0,2,0,0,0,0,2,2,0
KD-134-R6,CHEW,9,8,0,0,1,6,0,0,1,1,6,6,0
KD-134-R6,JCHEW,8,4,2,1,1,3,0,0,0,1,3,2,1
KD-134-R6,Medical Lab Technician,2,1,0,1,0,1,0,0,0,0,2,1,0
KD-134-R6,Medical Records Officer,1,0,0,0,1,0,0,0,0,0,1,0,0
KD-134-R6,Pharmacy Technician,1,0,0,1,0,0,0,0,0,0,1,0,0
KD-134-R6,Environmental Health Officer,0,0,0,0,0,0,0,0,0,0,0,0,0
KD-135-R1,Medical Officer,1,0,0,0,1,0,0,0,0,0,0,0,0
KD-135-R1,Nurse/Midwife,3,2,1,0,0,2,0,0,0,0,0,0,2
KD-135-R1,CHO,4,3,1,0,0,2,0,0,0,1,1,1,1
KD-135-R1,CHEW,4,3,0,1,0,2,0,1,0,0,2,2,1
KD-135-R1,JCHEW,3,1,1,0,1,1,0,0,0,0,1,0,1
KD-135-R1,Medical Lab Technician,1,1,0,0,0,1,0,0,0,0,0,0,1
KD-135-R1,Medical Records Officer,2,1,1,0,0,1,0,0,0,0,1,1,0
KD-135-R1,Pharmacy Technician,3,2,0,1,0,2,0,0,0,0,1,1,1
KD-135-R1,Environmental Health Officer,0,0,0,0,0,0,0,0,0,0,0,0,0
KD-135-R2,Medical Officer,1,0,0,0,1,0,0,0,0,0,0,0,0
KD-135-R2,Nurse/Midwife,3,2,1,0,0,2,0,0,0,0,2,2,0
KD-135-R2,CHO,4,3,1,0,0,2,0,0,1,0,2,2,0
KD-135-R2,CHEW,4,3,0,1,0,2,0,1,0,0,3,3,0
KD-135-R2,JCHEW,3,1,1,0,1,1,0,0,0,0,2,1,0
KD-135-R2,Medical Lab Technician,1,1,0,0,0,1,0,0,0,0,1,1,0
KD-135-R2,Medical Records Officer,2,1,1,0,0,0,0,0,0,1,1,0,0
KD-135-R2,Pharmacy Technician,3,2,0,1,0,1,0,0,1,0,2,1,0
KD-135-R2,Environmental Health Officer,0,0,0,0,0,0,0,0,0,0,0,0,0
KD-135-R3,Medical Officer,1,0,0,0,1,0,0,0,0,0,1,0,0
KD-135-R3,Nurse/Midwife,3,2,1,0,0,1,0,0,1,0,0,0,1
KD-135-R3,CHO,4,3,1,0,0,2,0,0,1,0,2,2,0
KD-135-R3,CHEW,4,3,0,1,0,2,0,0,1,0,0,0,2
KD-135-R3,JCHEW,3,1,1,0,1,1,0,0,0,0,2,1,0
KD-135-R3,Medical Lab Technician,1,1,0,0,0,1,0,0,0,0,1,1,0
KD-135-R3,Medical Records Officer,2,1,1,0,0,1,0,0,0,0,2,1,0
KD-135-R3,Pharmacy Technician,3,2,0,1,0,1,0,0,1,0,1,1,0
KD-135-R3,Environmental Health Officer,0,0,0,0,0,0,0,0,0,0,0,0,0
KD-135-R4,Medical Officer,1,0,0,0,1,0,0,0,0,0,1,0,0
KD-135-R4,Nurse/Midwife,3,2,1,0,0,1,0,0,1,0,0,0,1
KD-135-R4,CHO,4,3,1,0,0,2,0,0,1,0,0,0,2
KD-135-R4,CHEW,4,3,0,1,0,2,0,0,1,0,3,2,0
KD-135-R4,JCHEW,3,1,1,0,1,1,0,0,0,0,3,1,0
KD-135-R4,Medical Lab Technician,1,1,0,0,0,1,0,0,0,0,1,1,0
KD-135-R4,Medical Records Officer,2,1,1,0,0,0,0,0,0,1,1,0,0
KD-135-R4,Pharmacy Technician,3,2,0,1,0,2,0,0,0,0,2,2,0
KD-135-R4,Environmental Health Officer,0,0,0,0,0,0,0,0,0,0,0,0,0
KD-135-R5,Medical Officer,1,0,0,0,1,0,0,0,0,0,1,0,0
KD-135-R5,Nurse/Midwife,3,2,1,0,0,2,0,0,0,0,2,1,1
KD-135-R5,CHO,4,3,1,0,0,2,0,0,0,1,1,1,1
KD-135-R5,CHEW,4,3,0,1,0,2,0,1,0,0,4,3,0
KD-135-R5,JCHEW,3,1,1,0,1,1,0,0,0,0,3,1,0
KD-135-R5,Medical Lab Technician,1,1,0,0,0,1,0,0,0,0,0,0,1
KD-135-R5,Medical Records Officer,2,1,1,0,0,1,0,0,0,0,1,1,0
KD-135-R5,Pharmacy Technician,3,2,0,1,0,1,0,0,0,1,2,1,0
KD-135-R5,Environmental Health Officer,0,0,0,0,0,0,0,0,0,0,0,0,0
KD-135-R6,Medical Officer,1,0,0,0,1,0,0,0,0,0,0,0,0
KD-135-R6,Nurse/Midwife,3,2,1,0,0,1,0,0,1,0,0,0,1
KD-135-R6,CHO,4,3,1,0,0,2,0,1,0,0,3,2,1
KD-135-R6,CHEW,4,3,0,1,0,2,0,1,0,0,2,1,2
KD-135-R6,JCHEW,3,1,1,0,1,1,0,0,0,0,2,1,0
KD-135-R6,Medical Lab Technician,1,1,0,0,0,1,0,0,0,0,0,0,1
KD-135-R6,Medical Records Officer,2,1,1,0,0,1,0,0,0,0,2,1,0
KD-135-R6,Pharmacy Technician,3,2,0,1,0,2,0,0,0,0,2,2,0
KD-135-R6,Environmental Health Officer,0,0,0,0,0,0,0,0,0,0,0,0,0
KD-136-R1,Medical Officer,0,0,0,0,0,0,0,0,0,0,0,0,0
KD-136-R1,Nurse/Midwife,2,1,1,0,0,1,0,0,0,0,1,0,1
KD-136-R1,CHO,1,1,0,0,0,1,0,0,0,0,0,0,1
KD-136-R1,CHEW,4,2,1,0,1,2,0,0,0,0,4,2,0
KD-136-R1,JCHEW,2,2,0,0,0,2,0,0,0,0,0,0,2
KD-136-R1,Medical Lab Technician,1,0,0,0,1,0,0,0,0,0,1,0,0
KD-136-R1,Medical Records Officer,2,1,0,0,1,1,0,0,0,0,2,1,0
KD-136-R1,Pharmacy Technician,0,0,0,0,0,0,0,0,0,0,0,0,0
KD-136-R1,Environmental Health Officer,2,1,0,0,1,0,0,0,1,0,0,0,0
KD-136-R2,Medical Officer,0,0,0,0,0,0,0,0,0,0,0,0,0
KD-136-R2,Nurse/Midwife,2,1,1,0,0,1,0,0,0,0,1,1,0
KD-136-R2,CHO,1,1,0,0,0,1,0,0,0,0,1,1,0
KD-136-R2,CHEW,4,2,1,0,1,1,0,0,1,0,3,1,0
KD-136-R2,JCHEW,2,2,0,0,0,2,0,0,0,0,2,2,0
KD-136-R2,Medical Lab Technician,1,0,0,0,1,0,0,0,0,0,0,0,0
KD-136-R2,Medical Records Officer,2,1,0,0,1,1,0,0,0,0,1,1,0
KD-136-R2,Pharmacy Technician,0,0,0,0,0,0,0,0,0,0,0,0,0
KD-136-R2,Environmental Health Officer,2,1,0,0,1,0,0,0,0,1,1,0,0
KD-136-R3,Medical Officer,0,0,0,0,0,0,0,0,0,0,0,0,0
KD-136-R3,Nurse/Midwife,2,1,1,0,0,1,0,0,0,0,1,1,0
KD-136-R3,CHO,1,1,0,0,0,1,0,0,0,0,1,1,0
KD-136-R3,CHEW,4,2,1,0,1,1,0,0,0,1,2,1,0
KD-136-R3,JCHEW,2,2,0,0,0,2,0,0,0,0,2,2,0
KD-136-R3,Medical Lab Technician,1,0,0,0,1,0,0,0,0,0,1,0,0
KD-136-R3,Medical Records Officer,2,1,0,0,1,1,0,0,0,0,1,1,0
KD-136-R3,Pharmacy Technician,0,0,0,0,0,0,0,0,0,0,0,0,0
KD-136-R3,Environmental Health Officer,2,1,0,0,1,0,0,0,0,1,1,0,0
KD-136-R4,Medical Officer,0,0,0,0,0,0,0,0,0,0,0,0,0
KD-136-R4,Nurse/Midwife,2,1,1,0,0,0,0,0,0,1,0,0,0
KD-136-R4,CHO,1,1,0,0,0,1,0,0,0,0,0,0,1
KD-136-R4,CHEW,4,2,1,0,1,2,0,0,0,0,3,2,0
KD-136-R4,JCHEW,2,2,0,0,0,2,0,0,0,0,0,0,2
KD-136-R4,Medical Lab Technician,1,0,0,0,1,0,0,0,0,0,1,0,0
KD-136-R4,Medical Records Officer,2,1,0,0,1,1,0,0,0,0,0,0,1
KD-136-R4,Pharmacy Technician,0,0,0,0,0,0,0,0,0,0,0,0,0
KD-136-R4,Environmental Health Officer,2,1,0,0,1,1,0,0,0,0,1,1,0
KD-136-R5,Medical Officer,0,0,0,0,0,0,0,0,0,0,0,0,0
KD-136-R5,Nurse/Midwife,2,1,1,0,0,1,0,0,0,0,1,0,1
KD-136-R5,CHO,1,1,0,0,0,1,0,0,0,0,1,1,0
KD-136-R5,CHEW,4,2,1,0,1,1,0,0,0,1,3,1,0
KD-136-R5,JCHEW,2,2,0,0,0,2,0,0,0,0,2,2,0
KD-136-R5,Medical Lab Technician,1,0,0,0,1,0,0,0,0,0,1,0,0
KD-136-R5,Medical Records Officer,2,1,0,0,1,1,0,0,0,0,1,1,0
KD-136-R5,Pharmacy Technician,0,0,0,0,0,0,0,0,0,0,0,0,0
KD-136-R5,Environmental Health Officer,2,1,0,0,1,1,0,0,0,0,1,1,0
KD-136-R6,Medical Officer,0,0,0,0,0,0,0,0,0,0,0,0,0
KD-136-R6,Nurse/Midwife,2,1,1,0,0,1,0,0,0,0,1,1,0
KD-136-R6,CHO,1,1,0,0,0,1,0,0,0,0,1,1,0
KD-136-R6,CHEW,4,2,1,0,1,2,0,0,0,0,2,2,0
KD-136-R6,JCHEW,2,2,0,0,0,1,0,0,1,0,1,1,0
KD-136-R6,Medical Lab Technician,1,0,0,0,1,0,0,0,0,0,0,0,0
KD-136-R6,Medical Records Officer,2,1,0,0,1,1,0,0,0,0,1,1,0
KD-136-R6,Pharmacy Technician,0,0,0,0,0,0,0,0,0,0,0,0,0
KD-136-R6,Environmental Health Officer,2,1,0,0,1,1,0,0,0,0,1,1,0
KD-137-R1,Medical Officer,3,2,0,0,1,2,0,0,0,0,2,1,1
KD-137-R1,Nurse/Midwife,2,1,1,0,0,1,0,0,0,0,1,0,1
KD-137-R1,CHO,3,2,0,0,1,0,0,0,2,0,1,0,0
KD-137-R1,CHEW,9,6,2,1,0,3,1,2,0,0,8,5,1
KD-137-R1,JCHEW,4,0,2,0,2,0,0,0,0,0,2,0,0
KD-137-R1,Medical Lab Technician,2,1,0,0,1,1,0,0,0,0,2,1,0
KD-137-R1,Medical Records Officer,4,2,0,0,2,2,0,0,0,0,2,2,0
KD-137-R1,Pharmacy Technician,2,1,0,1,0,1,0,0,0,0,1,0,1
KD-137-R1,Environmental Health Officer,2,2,0,0,0,2,0,0,0,0,2,2,0
KD-137-R2,Medical Officer,3,2,0,0,1,2,0,0,0,0,3,2,0
KD-137-R2,Nurse/Midwife,2,1,1,0,0,1,0,0,0,0,0,0,1
KD-137-R2,CHO,3,2,0,0,1,2,0,0,0,0,3,2,0
KD-137-R2,CHEW,9,6,2,1,0,3,1,2,0,0,6,3,3
KD-137-R2,JCHEW,4,0,2,0,2,0,0,0,0,0,4,0,0
KD-137-R2,Medical Lab Technician,2,1,0,0,1,1,0,0,0,0,2,1,0
KD-137-R2,Medical Records Officer,4,2,0,0,2,2,0,0,0,0,3,2,0
KD-137-R2,Pharmacy Technician,2,1,0,1,0,1,0,0,0,0,2,1,0
KD-137-R2,Environmental Health Officer,2,2,0,0,0,2,0,0,0,0,0,0,2
KD-137-R3,Medical Officer,3,2,0,0,1,1,0,0,0,1,2,1,0
KD-137-R3,Nurse/Midwife,2,1,1,0,0,1,0,0,0,0,2,1,0
KD-137-R3,CHO,3,2,0,0,1,2,0,0,0,0,2,2,0
KD-137-R3,CHEW,9,6,2,1,0,3,1,1,1,0,6,5,0
KD-137-R3,JCHEW,4,0,2,0,2,0,0,0,0,0,2,0,0
KD-137-R3,Medical Lab Technician,2,1,0,0,1,1,0,0,0,0,2,1,0
KD-137-R3,Medical Records Officer,4,2,0,0,2,1,0,0,0,1,1,0,1
KD-137-R3,Pharmacy Technician,2,1,0,1,0,1,0,0,0,0,2,1,0
KD-137-R3,Environmental Health Officer,2,2,0,0,0,2,0,0,0,0,1,1,1
KD-137-R4,Medical Officer,3,2,0,0,1,2,0,0,0,0,2,2,0
KD-137-R4,Nurse/Midwife,2,1,1,0,0,1,0,0,0,0,1,0,1
KD-137-R4,CHO,3,2,0,0,1,2,0,0,0,0,1,1,1
KD-137-R4,CHEW,9,6,2,1,0,3,1,1,1,0,4,3,2
KD-137-R4,JCHEW,4,0,2,0,2,0,0,0,0,0,4,0,0
KD-137-R4,Medical Lab Technician,2,1,0,0,1,1,0,0,0,0,2,1,0
KD-137-R4,Medical Records Officer,4,2,0,0,2,1,0,0,1,0,1,0,1
KD-137-R4,Pharmacy Technician,2,1,0,1,0,1,0,0,0,0,1,0,1
KD-137-R4,Environmental Health Officer,2,2,0,0,0,1,0,0,1,0,1,1,0
KD-137-R5,Medical Officer,3,2,0,0,1,2,0,0,0,0,1,1,1
KD-137-R5,Nurse/Midwife,2,1,1,0,0,1,0,0,0,0,1,0,1
KD-137-R5,CHO,3,2,0,0,1,2,0,0,0,0,2,1,1
KD-137-R5,CHEW,9,6,2,1,0,3,1,2,0,0,4,3,3
KD-137-R5,JCHEW,4,0,2,0,2,0,0,0,0,0,2,0,0
KD-137-R5,Medical Lab Technician,2,1,0,0,1,1,0,0,0,0,2,1,0
KD-137-R5,Medical Records Officer,4,2,0,0,2,1,0,0,1,0,2,0,1
KD-137-R5,Pharmacy Technician,2,1,0,1,0,0,0,0,1,0,1,0,0
KD-137-R5,Environmental Health Officer,2,2,0,0,0,1,0,0,0,1,0,0,1
KD-137-R6,Medical Officer,3,2,0,0,1,2,0,0,0,0,3,2,0
KD-137-R6,Nurse/Midwife,2,1,1,0,0,1,0,0,0,0,2,1,0
KD-137-R6,CHO,3,2,0,0,1,2,0,0,0,0,3,2,0
KD-137-R6,CHEW,9,6,2,1,0,2,1,1,1,1,5,3,1
KD-137-R6,JCHEW,4,0,2,0,2,0,0,0,0,0,3,0,0
KD-137-R6,Medical Lab Technician,2,1,0,0,1,1,0,0,0,0,1,1,0
KD-137-R6,Medical Records Officer,4,2,0,0,2,2,0,0,0,0,3,2,0
KD-137-R6,Pharmacy Technician,2,1,0,1,0,1,0,0,0,0,2,1,0
KD-137-R6,Environmental Health Officer,2,2,0,0,0,2,0,0,0,0,2,2,0
KD-138-R1,Medical Officer,1,0,0,0,1,0,0,0,0,0,1,0,0
KD-138-R1,Nurse/Midwife,9,5,1,3,0,2,1,1,1,0,6,4,0
KD-138-R1,CHO,0,0,0,0,0,0,0,0,0,0,0,0,0
KD-138-R1,CHEW,6,4,0,0,2,1,0,0,2,1,3,1,0
KD-138-R1,JCHEW,2,2,0,0,0,2,0,0,0,0,2,2,0
KD-138-R1,Medical Lab Technician,1,1,0,0,0,0,0,0,1,0,0,0,0
KD-138-R1,Medical Records Officer,4,0,1,0,3,0,0,0,0,0,2,0,0
KD-138-R1,Pharmacy Technician,1,1,0,0,0,1,0,0,0,0,1,1,0
KD-138-R1,Environmental Health Officer,1,1,0,0,0,0,0,0,0,1,0,0,0
KD-138-R2,Medical Officer,1,0,0,0,1,0,0,0,0,0,1,0,0
KD-138-R2,Nurse/Midwife,9,5,1,3,0,2,1,1,1,0,5,3,1
KD-138-R2,CHO,0,0,0,0,0,0,0,0,0,0,0,0,0
KD-138-R2,CHEW,6,4,0,0,2,2,1,1,0,0,5,4,0
KD-138-R2,JCHEW,2,2,0,0,0,1,0,0,0,1,1,1,0
KD-138-R2,Medical Lab Technician,1,1,0,0,0,1,0,0,0,0,0,0,1
KD-138-R2,Medical Records Officer,4,0,1,0,3,0,0,0,0,0,4,0,0
KD-138-R2,Pharmacy Technician,1,1,0,0,0,1,0,0,0,0,1,1,0
KD-138-R2,Environmental Health Officer,1,1,0,0,0,0,0,0,1,0,0,0,0
KD-138-R3,Medical Officer,1,0,0,0,1,0,0,0,0,0,0,0,0
KD-138-R3,Nurse/Midwife,9,5,1,3,0,2,0,1,2,0,4,1,2
KD-138-R3,CHO,0,0,0,0,0,0,0,0,0,0,0,0,0
KD-138-R3,CHEW,6,4,0,0,2,2,1,1,0,0,4,3,1
KD-138-R3,JCHEW,2,2,0,0,0,1,0,0,0,1,0,0,1
KD-138-R3,Medical Lab Technician,1,1,0,0,0,1,0,0,0,0,1,1,0
KD-138-R3,Medical Records Officer,4,0,1,0,3,0,0,0,0,0,1,0,0
KD-138-R3,Pharmacy Technician,1,1,0,0,0,1,0,0,0,0,1,1,0
KD-138-R3,Environmental Health Officer,1,1,0,0,0,0,0,0,1,0,0,0,0
KD-138-R4,Medical Officer,1,0,0,0,1,0,0,0,0,0,0,0,0
KD-138-R4,Nurse/Midwife,9,5,1,3,0,2,0,0,2,1,5,2,0
KD-138-R4,CHO,0,0,0,0,0,0,0,0,0,0,0,0,0
KD-138-R4,CHEW,6,4,0,0,2,2,1,1,0,0,3,1,3
KD-138-R4,JCHEW,2,2,0,0,0,2,0,0,0,0,1,1,1
KD-138-R4,Medical Lab Technician,1,1,0,0,0,1,0,0,0,0,0,0,1
KD-138-R4,Medical Records Officer,4,0,1,0,3,0,0,0,0,0,2,0,0
KD-138-R4,Pharmacy Technician,1,1,0,0,0,1,0,0,0,0,1,1,0
KD-138-R4,Environmental Health Officer,1,1,0,0,0,0,0,0,0,1,0,0,0
KD-138-R5,Medical Officer,1,0,0,0,1,0,0,0,0,0,1,0,0
KD-138-R5,Nurse/Midwife,9,5,1,3,0,2,1,1,1,0,5,4,0
KD-138-R5,CHO,0,0,0,0,0,0,0,0,0,0,0,0,0
KD-138-R5,CHEW,6,4,0,0,2,2,1,1,0,0,4,4,0
KD-138-R5,JCHEW,2,2,0,0,0,1,0,0,0,1,1,1,0
KD-138-R5,Medical Lab Technician,1,1,0,0,0,1,0,0,0,0,1,1,0
KD-138-R5,Medical Records Officer,4,0,1,0,3,0,0,0,0,0,4,0,0
KD-138-R5,Pharmacy Technician,1,1,0,0,0,1,0,0,0,0,1,1,0
KD-138-R5,Environmental Health Officer,1,1,0,0,0,1,0,0,0,0,1,1,0
KD-138-R6,Medical Officer,1,0,0,0,1,0,0,0,0,0,1,0,0
KD-138-R6,Nurse/Midwife,9,5,1,3,0,2,1,1,1,0,4,2,2
KD-138-R6,CHO,0,0,0,0,0,0,0,0,0,0,0,0,0
KD-138-R6,CHEW,6,4,0,0,2,2,0,1,1,0,4,3,0
KD-138-R6,JCHEW,2,2,0,0,0,2,0,0,0,0,2,2,0
KD-138-R6,Medical Lab Technician,1,1,0,0,0,1,0,0,0,0,1,1,0
KD-138-R6,Medical Records Officer,4,0,1,0,3,0,0,0,0,0,2,0,0
KD-138-R6,Pharmacy Technician,1,1,0,0,0,1,0,0,0,0,0,0,1
KD-138-R6,Environmental Health Officer,1,1,0,0,0,1,0,0,0,0,1,1,0
KD-139-R1,Medical Officer,0,0,0,0,0,0,0,0,0,0,0,0,0
KD-139-R1,Nurse/Midwife,1,0,0,0,1,0,0,0,0,0,1,0,0
KD-139-R1,CHO,0,0,0,0,0,0,0,0,0,0,0,0,0
KD-139-R1,CHEW,3,3,0,0,0,2,0,0,1,0,2,2,0
KD-139-R1,JCHEW,0,0,0,0,0,0,0,0,0,0,0,0,0
KD-139-R1,Medical Lab Technician,0,0,0,0,0,0,0,0,0,0,0,0,0
KD-139-R1,Medical Records Officer,1,0,0,0,1,0,0,0,0,0,0,0,0
KD-139-R1,Pharmacy Technician,0,0,0,0,0,0,0,0,0,0,0,0,0
KD-139-R1,Environmental Health Officer,0,0,0,0,0,0,0,0,0,0,0,0,0
KD-139-R2,Medical Officer,0,0,0,0,0,0,0,0,0,0,0,0,0
KD-139-R2,Nurse/Midwife,1,0,0,0,1,0,0,0,0,0,1,0,0
KD-139-R2,CHO,0,0,0,0,0,0,0,0,0,0,0,0,0
KD-139-R2,CHEW,3,3,0,0,0,2,0,1,0,0,1,1,2
KD-139-R2,JCHEW,0,0,0,0,0,0,0,0,0,0,0,0,0
KD-139-R2,Medical Lab Technician,0,0,0,0,0,0,0,0,0,0,0,0,0
KD-139-R2,Medical Records Officer,1,0,0,0,1,0,0,0,0,0,1,0,0
KD-139-R2,Pharmacy Technician,0,0,0,0,0,0,0,0,0,0,0,0,0
KD-139-R2,Environmental Health Officer,0,0,0,0,0,0,0,0,0,0,0,0,0
KD-139-R3,Medical Officer,0,0,0,0,0,0,0,0,0,0,0,0,0
KD-139-R3,Nurse/Midwife,1,0,0,0,1,0,0,0,0,0,1,0,0
KD-139-R3,CHO,0,0,0,0,0,0,0,0,0,0,0,0,0
KD-139-R3,CHEW,3,3,0,0,0,2,0,0,1,0,2,2,0
KD-139-R3,JCHEW,0,0,0,0,0,0,0,0,0,0,0,0,0
KD-139-R3,Medical Lab Technician,0,0,0,0,0,0,0,0,0,0,0,0,0
KD-139-R3,Medical Records Officer,1,0,0,0,1,0,0,0,0,0,1,0,0
KD-139-R3,Pharmacy Technician,0,0,0,0,0,0,0,0,0,0,0,0,0
KD-139-R3,Environmental Health Officer,0,0,0,0,0,0,0,0,0,0,0,0,0
KD-139-R4,Medical Officer,0,0,0,0,0,0,0,0,0,0,0,0,0
KD-139-R4,Nurse/Midwife,1,0,0,0,1,0,0,0,0,0,1,0,0
KD-139-R4,CHO,0,0,0,0,0,0,0,0,0,0,0,0,0
KD-139-R4,CHEW,3,3,0,0,0,2,0,0,1,0,1,1,1
KD-139-R4,JCHEW,0,0,0,0,0,0,0,0,0,0,0,0,0
KD-139-R4,Medical Lab Technician,0,0,0,0,0,0,0,0,0,0,0,0,0
KD-139-R4,Medical Records Officer,1,0,0,0,1,0,0,0,0,0,0,0,0
KD-139-R4,Pharmacy Technician,0,0,0,0,0,0,0,0,0,0,0,0,0
KD-139-R4,Environmental Health Officer,0,0,0,0,0,0,0,0,0,0,0,0,0
KD-139-R5,Medical Officer,0,0,0,0,0,0,0,0,0,0,0,0,0
KD-139-R5,Nurse/Midwife,1,0,0,0,1,0,0,0,0,0,0,0,0
KD-139-R5,CHO,0,0,0,0,0,0,0,0,0,0,0,0,0
KD-139-R5,CHEW,3,3,0,0,0,2,0,0,1,0,1,1,1
KD-139-R5,JCHEW,0,0,0,0,0,0,0,0,0,0,0,0,0
KD-139-R5,Medical Lab Technician,0,0,0,0,0,0,0,0,0,0,0,0,0
KD-139-R5,Medical Records Officer,1,0,0,0,1,0,0,0,0,0,0,0,0
KD-139-R5,Pharmacy Technician,0,0,0,0,0,0,0,0,0,0,0,0,0
KD-139-R5,Environmental Health Officer,0,0,0,0,0,0,0,0,0,0,0,0,0
KD-139-R6,Medical Officer,0,0,0,0,0,0,0,0,0,0,0,0,0
KD-139-R6,Nurse/Midwife,1,0,0,0,1,0,0,0,0,0,0,0,0
KD-139-R6,CHO,0,0,0,0,0,0,0,0,0,0,0,0,0
KD-139-R6,CHEW,3,3,0,0,0,2,0,1,0,0,3,3,0
KD-139-R6,JCHEW,0,0,0,0,0,0,0,0,0,0,0,0,0
KD-139-R6,Medical Lab Technician,0,0,0,0,0,0,0,0,0,0,0,0,0
KD-139-R6,Medical Records Officer,1,0,0,0,1,0,0,0,0,0,1,0,0
KD-139-R6,Pharmacy Technician,0,0,0,0,0,0,0,0,0,0,0,0,0
KD-139-R6,Environmental Health Officer,0,0,0,0,0,0,0,0,0,0,0,0,0
KD-140-R1,Medical Officer,0,0,0,0,0,0,0,0,0,0,0,0,0
KD-140-R1,Nurse/Midwife,1,1,0,0,0,1,0,0,0,0,1,1,0
KD-140-R1,CHO,1,1,0,0,0,0,0,0,1,0,0,0,0
KD-140-R1,CHEW,7,4,2,0,1,3,0,0,1,0,5,3,0
KD-140-R1,JCHEW,2,2,0,0,0,2,0,0,0,0,2,2,0
KD-140-R1,Medical Lab Technician,1,0,0,1,0,0,0,0,0,0,1,0,0
KD-140-R1,Medical Records Officer,2,0,0,0,2,0,0,0,0,0,2,0,0
KD-140-R1,Pharmacy Technician,2,1,0,1,0,1,0,0,0,0,1,1,0
KD-140-R1,Environmental Health Officer,0,0,0,0,0,0,0,0,0,0,0,0,0
KD-140-R2,Medical Officer,0,0,0,0,0,0,0,0,0,0,0,0,0
KD-140-R2,Nurse/Midwife,1,1,0,0,0,1,0,0,0,0,1,1,0
KD-140-R2,CHO,1,1,0,0,0,0,0,0,0,1,0,0,0
KD-140-R2,CHEW,7,4,2,0,1,4,0,0,0,0,3,2,2
KD-140-R2,JCHEW,2,2,0,0,0,2,0,0,0,0,1,1,1
KD-140-R2,Medical Lab Technician,1,0,0,1,0,0,0,0,0,0,1,0,0
KD-140-R2,Medical Records Officer,2,0,0,0,2,0,0,0,0,0,1,0,0
KD-140-R2,Pharmacy Technician,2,1,0,1,0,0,0,0,0,1,1,0,0
KD-140-R2,Environmental Health Officer,0,0,0,0,0,0,0,0,0,0,0,0,0
KD-140-R3,Medical Officer,0,0,0,0,0,0,0,0,0,0,0,0,0
KD-140-R3,Nurse/Midwife,1,1,0,0,0,1,0,0,0,0,1,1,0
KD-140-R3,CHO,1,1,0,0,0,1,0,0,0,0,1,1,0
KD-140-R3,CHEW,7,4,2,0,1,4,0,0,0,0,4,3,1
KD-140-R3,JCHEW,2,2,0,0,0,2,0,0,0,0,1,1,1
KD-140-R3,Medical Lab Technician,1,0,0,1,0,0,0,0,0,0,0,0,0
KD-140-R3,Medical Records Officer,2,0,0,0,2,0,0,0,0,0,1,0,0
KD-140-R3,Pharmacy Technician,2,1,0,1,0,1,0,0,0,0,2,1,0
KD-140-R3,Environmental Health Officer,0,0,0,0,0,0,0,0,0,0,0,0,0
KD-140-R4,Medical Officer,0,0,0,0,0,0,0,0,0,0,0,0,0
KD-140-R4,Nurse/Midwife,1,1,0,0,0,1,0,0,0,0,0,0,1
KD-140-R4,CHO,1,1,0,0,0,1,0,0,0,0,1,1,0
KD-140-R4,CHEW,7,4,2,0,1,3,0,0,1,0,0,0,3
KD-140-R4,JCHEW,2,2,0,0,0,1,0,0,1,0,0,0,1
KD-140-R4,Medical Lab Technician,1,0,0,1,0,0,0,0,0,0,1,0,0
KD-140-R4,Medical Records Officer,2,0,0,0,2,0,0,0,0,0,2,0,0
KD-140-R4,Pharmacy Technician,2,1,0,1,0,1,0,0,0,0,0,0,1
KD-140-R4,Environmental Health Officer,0,0,0,0,0,0,0,0,0,0,0,0,0
KD-140-R5,Medical Officer,0,0,0,0,0,0,0,0,0,0,0,0,0
KD-140-R5,Nurse/Midwife,1,1,0,0,0,1,0,0,0,0,1,1,0
KD-140-R5,CHO,1,1,0,0,0,1,0,0,0,0,0,0,1
KD-140-R5,CHEW,7,4,2,0,1,4,0,0,0,0,2,2,2
KD-140-R5,JCHEW,2,2,0,0,0,2,0,0,0,0,2,2,0
KD-140-R5,Medical Lab Technician,1,0,0,1,0,0,0,0,0,0,0,0,0
KD-140-R5,Medical Records Officer,2,0,0,0,2,0,0,0,0,0,0,0,0
KD-140-R5,Pharmacy Technician,2,1,0,1,0,1,0,0,0,0,1,1,0
KD-140-R5,Environmental Health Officer,0,0,0,0,0,0,0,0,0,0,0,0,0
KD-140-R6,Medical Officer,0,0,0,0,0,0,0,0,0,0,0,0,0
KD-140-R6,Nurse/Midwife,1,1,0,0,0,0,0,0,0,1,0,0,0
KD-140-R6,CHO,1,1,0,0,0,1,0,0,0,0,0,0,1
KD-140-R6,CHEW,7,4,2,0,1,4,0,0,0,0,6,3,1
KD-140-R6,JCHEW,2,2,0,0,0,2,0,0,0,0,2,2,0
KD-140-R6,Medical Lab Technician,1,0,0,1,0,0,0,0,0,0,0,0,0
KD-140-R6,Medical Records Officer,2,0,0,0,2,0,0,0,0,0,2,0,0
KD-140-R6,Pharmacy Technician,2,1,0,1,0,1,0,0,0,0,1,1,0
KD-140-R6,Environmental Health Officer,0,0,0,0,0,0,0,0,0,0,0,0,0
KD-141-R1,Medical Officer,0,0,0,0,0,0,0,0,0,0,0,0,0
KD-141-R1,Nurse/Midwife,2,2,0,0,0,2,0,0,0,0,2,2,0
KD-141-R1,CHO,1,0,0,0,1,0,0,0,0,0,1,0,0
KD-141-R1,CHEW,4,2,0,0,2,2,0,0,0,0,4,2,0
KD-141-R1,JCHEW,2,0,1,0,1,0,0,0,0,0,1,0,0
KD-141-R1,Medical Lab Technician,0,0,0,0,0,0,0,0,0,0,0,0,0
KD-141-R1,Medical Records Officer,2,1,0,0,1,1,0,0,0,0,2,1,0
KD-141-R1,Pharmacy Technician,0,0,0,0,0,0,0,0,0,0,0,0,0
KD-141-R1,Environmental Health Officer,1,0,0,0,1,0,0,0,0,0,1,0,0
KD-141-R2,Medical Officer,0,0,0,0,0,0,0,0,0,0,0,0,0
KD-141-R2,Nurse/Midwife,2,2,0,0,0,1,0,0,0,1,1,1,0
KD-141-R2,CHO,1,0,0,0,1,0,0,0,0,0,1,0,0
KD-141-R2,CHEW,4,2,0,0,2,2,0,0,0,0,2,1,1
KD-141-R2,JCHEW,2,0,1,0,1,0,0,0,0,0,1,0,0
KD-141-R2,Medical Lab Technician,0,0,0,0,0,0,0,0,0,0,0,0,0
KD-141-R2,Medical Records Officer,2,1,0,0,1,0,0,0,1,0,0,0,0
KD-141-R2,Pharmacy Technician,0,0,0,0,0,0,0,0,0,0,0,0,0
KD-141-R2,Environmental Health Officer,1,0,0,0,1,0,0,0,0,0,0,0,0
KD-141-R3,Medical Officer,0,0,0,0,0,0,0,0,0,0,0,0,0
KD-141-R3,Nurse/Midwife,2,2,0,0,0,2,0,0,0,0,1,1,1
KD-141-R3,CHO,1,0,0,0,1,0,0,0,0,0,1,0,0
KD-141-R3,CHEW,4,2,0,0,2,2,0,0,0,0,3,1,1
KD-141-R3,JCHEW,2,0,1,0,1,0,0,0,0,0,0,0,0
KD-141-R3,Medical Lab Technician,0,0,0,0,0,0,0,0,0,0,0,0,0
KD-141-R3,Medical Records Officer,2,1,0,0,1,1,0,0,0,0,2,1,0
KD-141-R3,Pharmacy Technician,0,0,0,0,0,0,0,0,0,0,0,0,0
KD-141-R3,Environmental Health Officer,1,0,0,0,1,0,0,0,0,0,0,0,0
KD-141-R4,Medical Officer,0,0,0,0,0,0,0,0,0,0,0,0,0
KD-141-R4,Nurse/Midwife,2,2,0,0,0,2,0,0,0,0,1,1,1
KD-141-R4,CHO,1,0,0,0,1,0,0,0,0,0,1,0,0
KD-141-R4,CHEW,4,2,0,0,2,2,0,0,0,0,0,0,2
KD-141-R4,JCHEW,2,0,1,0,1,0,0,0,0,0,2,0,0
KD-141-R4,Medical Lab Technician,0,0,0,0,0,0,0,0,0,0,0,0,0
KD-141-R4,Medical Records Officer,2,1,0,0,1,0,0,0,0,1,0,0,0
KD-141-R4,Pharmacy Technician,0,0,0,0,0,0,0,0,0,0,0,0,0
KD-141-R4,Environmental Health Officer,1,0,0,0,1,0,0,0,0,0,1,0,0
KD-141-R5,Medical Officer,0,0,0,0,0,0,0,0,0,0,0,0,0
KD-141-R5,Nurse/Midwife,2,2,0,0,0,2,0,0,0,0,1,1,1
KD-141-R5,CHO,1,0,0,0,1,0,0,0,0,0,1,0,0
KD-141-R5,CHEW,4,2,0,0,2,2,0,0,0,0,3,2,0
KD-141-R5,JCHEW,2,0,1,0,1,0,0,0,0,0,1,0,0
KD-141-R5,Medical Lab Technician,0,0,0,0,0,0,0,0,0,0,0,0,0
KD-141-R5,Medical Records Officer,2,1,0,0,1,1,0,0,0,0,2,1,0
KD-141-R5,Pharmacy Technician,0,0,0,0,0,0,0,0,0,0,0,0,0
KD-141-R5,Environmental Health Officer,1,0,0,0,1,0,0,0,0,0,1,0,0
KD-141-R6,Medical Officer,0,0,0,0,0,0,0,0,0,0,0,0,0
KD-141-R6,Nurse/Midwife,2,2,0,0,0,2,0,0,0,0,1,1,1
KD-141-R6,CHO,1,0,0,0,1,0,0,0,0,0,1,0,0
KD-141-R6,CHEW,4,2,0,0,2,2,0,0,0,0,2,2,0
KD-141-R6,JCHEW,2,0,1,0,1,0,0,0,0,0,2,0,0
KD-141-R6,Medical Lab Technician,0,0,0,0,0,0,0,0,0,0,0,0,0
KD-141-R6,Medical Records Officer,2,1,0,0,1,1,0,0,0,0,1,1,0
KD-141-R6,Pharmacy Technician,0,0,0,0,0,0,0,0,0,0,0,0,0
KD-141-R6,Environmental Health Officer,1,0,0,0,1,0,0,0,0,0,1,0,0
KD-142-R1,Medical Officer,0,0,0,0,0,0,0,0,0,0,0,0,0
KD-142-R1,Nurse/Midwife,8,4,2,2,0,2,0,1,1,0,5,2,1
KD-142-R1,CHO,6,5,0,0,1,2,1,1,1,0,4,3,1
KD-142-R1,CHEW,7,4,2,0,1,2,1,1,0,0,6,4,0
KD-142-R1,JCHEW,3,2,0,1,0,1,0,0,1,0,2,1,0
KD-142-R1,Medical Lab Technician,1,1,0,0,0,1,0,0,0,0,1,1,0
KD-142-R1,Medical Records Officer,2,2,0,0,0,2,0,0,0,0,1,1,1
KD-142-R1,Pharmacy Technician,3,2,0,1,0,2,0,0,0,0,3,2,0
KD-142-R1,Environmental Health Officer,3,3,0,0,0,2,0,0,1,0,0,0,2
KD-142-R2,Medical Officer,0,0,0,0,0,0,0,0,0,0,0,0,0
KD-142-R2,Nurse/Midwife,8,4,2,2,0,2,0,1,1,0,5,2,1
KD-142-R2,CHO,6,5,0,0,1,3,1,1,0,0,3,3,2
KD-142-R2,CHEW,7,4,2,0,1,2,1,1,0,0,7,4,0
KD-142-R2,JCHEW,3,2,0,1,0,2,0,0,0,0,3,2,0
KD-142-R2,Medical Lab Technician,1,1,0,0,0,0,0,0,1,0,0,0,0
KD-142-R2,Medical Records Officer,2,2,0,0,0,2,0,0,0,0,2,2,0
KD-142-R2,Pharmacy Technician,3,2,0,1,0,1,0,0,0,1,1,0,1
KD-142-R2,Environmental Health Officer,3,3,0,0,0,2,0,0,0,1,1,1,1
KD-142-R3,Medical Officer,0,0,0,0,0,0,0,0,0,0,0,0,0
KD-142-R3,Nurse/Midwife,8,4,2,2,0,2,1,1,0,0,3,2,2
KD-142-R3,CHO,6,5,0,0,1,2,0,1,2,0,2,2,1
KD-142-R3,CHEW,7,4,2,0,1,2,0,1,0,1,4,1,2
KD-142-R3,JCHEW,3,2,0,1,0,2,0,0,0,0,2,2,0
KD-142-R3,Medical Lab Technician,1,1,0,0,0,1,0,0,0,0,1,1,0
KD-142-R3,Medical Records Officer,2,2,0,0,0,2,0,0,0,0,1,1,1
KD-142-R3,Pharmacy Technician,3,2,0,1,0,2,0,0,0,0,3,2,0
KD-142-R3,Environmental Health Officer,3,3,0,0,0,2,0,0,1,0,1,1,1
KD-142-R4,Medical Officer,0,0,0,0,0,0,0,0,0,0,0,0,0
KD-142-R4,Nurse/Midwife,8,4,2,2,0,2,0,1,1,0,3,1,2
KD-142-R4,CHO,6,5,0,0,1,2,0,1,1,1,1,0,3
KD-142-R4,CHEW,7,4,2,0,1,2,0,1,1,0,3,1,2
KD-142-R4,JCHEW,3,2,0,1,0,2,0,0,0,0,1,1,1
KD-142-R4,Medical Lab Technician,1,1,0,0,0,1,0,0,0,0,1,1,0
KD-142-R4,Medical Records Officer,2,2,0,0,0,1,0,0,1,0,0,0,1
KD-142-R4,Pharmacy Technician,3,2,0,1,0,2,0,0,0,0,1,1,1
KD-142-R4,Environmental Health Officer,3,3,0,0,0,2,0,1,0,0,1,1,2
KD-142-R5,Medical Officer,0,0,0,0,0,0,0,0,0,0,0,0,0
KD-142-R5,Nurse/Midwife,8,4,2,2,0,2,1,1,0,0,6,4,0
KD-142-R5,CHO,6,5,0,0,1,3,1,1,0,0,5,4,1
KD-142-R5,CHEW,7,4,2,0,1,2,1,1,0,0,4,2,2
KD-142-R5,JCHEW,3,2,0,1,0,2,0,0,0,0,0,0,2
KD-142-R5,Medical Lab Technician,1,1,0,0,0,1,0,0,0,0,0,0,1
KD-142-R5,Medical Records Officer,2,2,0,0,0,1,0,0,0,1,1,1,0
KD-142-R5,Pharmacy Technician,3,2,0,1,0,2,0,0,0,0,2,2,0
KD-142-R5,Environmental Health Officer,3,3,0,0,0,2,0,1,0,0,1,1,2
KD-142-R6,Medical Officer,0,0,0,0,0,0,0,0,0,0,0,0,0
KD-142-R6,Nurse/Midwife,8,4,2,2,0,2,0,0,2,0,4,1,1
KD-142-R6,CHO,6,5,0,0,1,3,1,1,0,0,3,2,3
KD-142-R6,CHEW,7,4,2,0,1,2,1,1,0,0,4,3,1
KD-142-R6,JCHEW,3,2,0,1,0,2,0,0,0,0,1,0,2
KD-142-R6,Medical Lab Technician,1,1,0,0,0,1,0,0,0,0,1,1,0
KD-142-R6,Medical Records Officer,2,2,0,0,0,2,0,0,0,0,1,1,1
KD-142-R6,Pharmacy Technician,3,2,0,1,0,1,0,0,0,1,1,1,0
KD-142-R6,Environmental Health Officer,3,3,0,0,0,2,0,1,0,0,0,0,3
KD-143-R1,Medical Officer,0,0,0,0,0,0,0,0,0,0,0,0,0
KD-143-R1,Nurse/Midwife,5,4,1,0,0,2,1,1,0,0,3,3,1
KD-143-R1,CHO,3,1,2,0,0,1,0,0,0,0,3,1,0
KD-143-R1,CHEW,3,2,0,1,0,2,0,0,0,0,3,2,0
KD-143-R1,JCHEW,5,4,0,0,1,2,1,1,0,0,3,2,2
KD-143-R1,Medical Lab Technician,2,1,0,1,0,1,0,0,0,0,2,1,0
KD-143-R1,Medical Records Officer,1,0,0,0,1,0,0,0,0,0,0,0,0
KD-143-R1,Pharmacy Technician,0,0,0,0,0,0,0,0,0,0,0,0,0
KD-143-R1,Environmental Health Officer,1,0,0,0,1,0,0,0,0,0,1,0,0
KD-143-R2,Medical Officer,0,0,0,0,0,0,0,0,0,0,0,0,0
KD-143-R2,Nurse/Midwife,5,4,1,0,0,2,1,1,0,0,4,3,1
KD-143-R2,CHO,3,1,2,0,0,1,0,0,0,0,3,1,0
KD-143-R2,CHEW,3,2,0,1,0,2,0,0,0,0,3,2,0
KD-143-R2,JCHEW,5,4,0,0,1,2,0,1,0,1,4,3,0
KD-143-R2,Medical Lab Technician,2,1,0,1,0,1,0,0,0,0,2,1,0
KD-143-R2,Medical Records Officer,1,0,0,0,1,0,0,0,0,0,0,0,0
KD-143-R2,Pharmacy Technician,0,0,0,0,0,0,0,0,0,0,0,0,0
KD-143-R2,Environmental Health Officer,1,0,0,0,1,0,0,0,0,0,0,0,0
KD-143-R3,Medical Officer,0,0,0,0,0,0,0,0,0,0,0,0,0
KD-143-R3,Nurse/Midwife,5,4,1,0,0,2,1,1,0,0,3,3,1
KD-143-R3,CHO,3,1,2,0,0,1,0,0,0,0,3,1,0
KD-143-R3,CHEW,3,2,0,1,0,2,0,0,0,0,3,2,0
KD-143-R3,JCHEW,5,4,0,0,1,2,1,1,0,0,4,4,0
KD-143-R3,Medical Lab Technician,2,1,0,1,0,1,0,0,0,0,2,1,0
KD-143-R3,Medical Records Officer,1,0,0,0,1,0,0,0,0,0,1,0,0
KD-143-R3,Pharmacy Technician,0,0,0,0,0,0,0,0,0,0,0,0,0
KD-143-R3,Environmental Health Officer,1,0,0,0,1,0,0,0,0,0,0,0,0
KD-143-R4,Medical Officer,0,0,0,0,0,0,0,0,0,0,0,0,0
KD-143-R4,Nurse/Midwife,5,4,1,0,0,2,0,0,2,0,2,1,1
KD-143-R4,CHO,3,1,2,0,0,1,0,0,0,0,2,1,0
KD-143-R4,CHEW,3,2,0,1,0,1,0,0,0,1,1,0,1
KD-143-R4,JCHEW,5,4,0,0,1,2,0,1,1,0,3,2,1
KD-143-R4,Medical Lab Technician,2,1,0,1,0,0,0,0,0,1,1,0,0
KD-143-R4,Medical Records Officer,1,0,0,0,1,0,0,0,0,0,1,0,0
KD-143-R4,Pharmacy Technician,0,0,0,0,0,0,0,0,0,0,0,0,0
KD-143-R4,Environmental Health Officer,1,0,0,0,1,0,0,0,0,0,1,0,0
KD-143-R5,Medical Officer,0,0,0,0,0,0,0,0,0,0,0,0,0
KD-143-R5,Nurse/Midwife,5,4,1,0,0,2,0,1,0,1,4,3,0
KD-143-R5,CHO,3,1,2,0,0,1,0,0,0,0,2,1,0
KD-143-R5,CHEW,3,2,0,1,0,2,0,0,0,0,3,2,0
KD-143-R5,JCHEW,5,4,0,0,1,2,0,1,1,0,3,2,1
KD-143-R5,Medical Lab Technician,2,1,0,1,0,1,0,0,0,0,2,1,0
KD-143-R5,Medical Records Officer,1,0,0,0,1,0,0,0,0,0,1,0,0
KD-143-R5,Pharmacy Technician,0,0,0,0,0,0,0,0,0,0,0,0,0
KD-143-R5,Environmental Health Officer,1,0,0,0,1,0,0,0,0,0,1,0,0
KD-143-R6,Medical Officer,0,0,0,0,0,0,0,0,0,0,0,0,0
KD-143-R6,Nurse/Midwife,5,4,1,0,0,2,0,1,1,0,3,2,1
KD-143-R6,CHO,3,1,2,0,0,1,0,0,0,0,0,0,1
KD-143-R6,CHEW,3,2,0,1,0,2,0,0,0,0,1,1,1
KD-143-R6,JCHEW,5,4,0,0,1,2,0,1,0,1,1,1,2
KD-143-R6,Medical Lab Technician,2,1,0,1,0,1,0,0,0,0,2,1,0
KD-143-R6,Medical Records Officer,1,0,0,0,1,0,0,0,0,0,0,0,0
KD-143-R6,Pharmacy Technician,0,0,0,0,0,0,0,0,0,0,0,0,0
KD-143-R6,Environmental Health Officer,1,0,0,0,1,0,0,0,0,0,1,0,0
KD-144-R1,Medical Officer,0,0,0,0,0,0,0,0,0,0,0,0,0
KD-144-R1,Nurse/Midwife,3,3,0,0,0,3,0,0,0,0,2,2,1
KD-144-R1,CHO,5,4,1,0,0,4,0,0,0,0,2,2,2
KD-144-R1,CHEW,7,5,2,0,0,5,0,0,0,0,6,4,1
KD-144-R1,JCHEW,3,1,1,1,0,1,0,0,0,0,1,1,0
KD-144-R1,Medical Lab Technician,1,0,0,1,0,0,0,0,0,0,1,0,0
KD-144-R1,Medical Records Officer,2,1,0,0,1,1,0,0,0,0,2,1,0
KD-144-R1,Pharmacy Technician,1,1,0,0,0,0,0,0,0,1,0,0,0
KD-144-R1,Environmental Health Officer,1,0,0,0,1,0,0,0,0,0,1,0,0
KD-144-R2,Medical Officer,0,0,0,0,0,0,0,0,0,0,0,0,0
KD-144-R2,Nurse/Midwife,3,3,0,0,0,3,0,0,0,0,3,3,0
KD-144-R2,CHO,5,4,1,0,0,4,0,0,0,0,3,3,1
KD-144-R2,CHEW,7,5,2,0,0,4,0,0,0,1,6,4,0
KD-144-R2,JCHEW,3,1,1,1,0,1,0,0,0,0,3,1,0
KD-144-R2,Medical Lab Technician,1,0,0,1,0,0,0,0,0,0,0,0,0
KD-144-R2,Medical Records Officer,2,1,0,0,1,1,0,0,0,0,2,1,0
KD-144-R2,Pharmacy Technician,1,1,0,0,0,1,0,0,0,0,1,1,0
KD-144-R2,Environmental Health Officer,1,0,0,0,1,0,0,0,0,0,1,0,0
KD-144-R3,Medical Officer,0,0,0,0,0,0,0,0,0,0,0,0,0
KD-144-R3,Nurse/Midwife,3,3,0,0,0,3,0,0,0,0,3,3,0
KD-144-R3,CHO,5,4,1,0,0,4,0,0,0,0,1,1,3
KD-144-R3,CHEW,7,5,2,0,0,4,0,0,1,0,3,2,2
KD-144-R3,JCHEW,3,1,1,1,0,1,0,0,0,0,2,0,1
KD-144-R3,Medical Lab Technician,1,0,0,1,0,0,0,0,0,0,0,0,0
KD-144-R3,Medical Records Officer,2,1,0,0,1,1,0,0,0,0,2,1,0
KD-144-R3,Pharmacy Technician,1,1,0,0,0,1,0,0,0,0,1,1,0
KD-144-R3,Environmental Health Officer,1,0,0,0,1,0,0,0,0,0,1,0,0
KD-144-R4,Medical Officer,0,0,0,0,0,0,0,0,0,0,0,0,0
KD-144-R4,Nurse/Midwife,3,3,0,0,0,2,0,0,0,1,1,1,1
KD-144-R4,CHO,5,4,1,0,0,3,0,0,1,0,1,1,2
KD-144-R4,CHEW,7,5,2,0,0,5,0,0,0,0,4,2,3
KD-144-R4,JCHEW,3,1,1,1,0,1,0,0,0,0,1,0,1
KD-144-R4,Medical Lab Technician,1,0,0,1,0,0,0,0,0,0,1,0,0
KD-144-R4,Medical Records Officer,2,1,0,0,1,1,0,0,0,0,2,1,0
KD-144-R4,Pharmacy Technician,1,1,0,0,0,1,0,0,0,0,0,0,1
KD-144-R4,Environmental Health Officer,1,0,0,0,1,0,0,0,0,0,1,0,0
KD-144-R5,Medical Officer,0,0,0,0,0,0,0,0,0,0,0,0,0
KD-144-R5,Nurse/Midwife,3,3,0,0,0,3,0,0,0,0,2,2,1
KD-144-R5,CHO,5,4,1,0,0,4,0,0,0,0,3,2,2
KD-144-R5,CHEW,7,5,2,0,0,4,0,0,1,0,3,2,2
KD-144-R5,JCHEW,3,1,1,1,0,1,0,0,0,0,1,1,0
KD-144-R5,Medical Lab Technician,1,0,0,1,0,0,0,0,0,0,0,0,0
KD-144-R5,Medical Records Officer,2,1,0,0,1,1,0,0,0,0,1,1,0
KD-144-R5,Pharmacy Technician,1,1,0,0,0,1,0,0,0,0,1,1,0
KD-144-R5,Environmental Health Officer,1,0,0,0,1,0,0,0,0,0,0,0,0
KD-144-R6,Medical Officer,0,0,0,0,0,0,0,0,0,0,0,0,0
KD-144-R6,Nurse/Midwife,3,3,0,0,0,3,0,0,0,0,3,3,0
KD-144-R6,CHO,5,4,1,0,0,4,0,0,0,0,4,3,1
KD-144-R6,CHEW,7,5,2,0,0,5,0,0,0,0,3,3,2
KD-144-R6,JCHEW,3,1,1,1,0,1,0,0,0,0,3,1,0
KD-144-R6,Medical Lab Technician,1,0,0,1,0,0,0,0,0,0,1,0,0
KD-144-R6,Medical Records Officer,2,1,0,0,1,1,0,0,0,0,1,1,0
KD-144-R6,Pharmacy Technician,1,1,0,0,0,1,0,0,0,0,1,1,0
KD-144-R6,Environmental Health Officer,1,0,0,0,1,0,0,0,0,0,0,0,0
KD-145-R1,Medical Officer,1,1,0,0,0,1,0,0,0,0,1,1,0
KD-145-R1,Nurse/Midwife,7,6,1,0,0,6,0,0,0,0,7,6,0
KD-145-R1,CHO,0,0,0,0,0,0,0,0,0,0,0,0,0
KD-145-R1,CHEW,6,4,2,0,0,4,0,0,0,0,5,4,0
KD-145-R1,JCHEW,3,1,1,0,1,1,0,0,0,0,2,1,0
KD-145-R1,Medical Lab Technician,3,2,0,0,1,2,0,0,0,0,3,2,0
KD-145-R1,Medical Records Officer,3,1,0,0,2,1,0,0,0,0,3,1,0
KD-145-R1,Pharmacy Technician,2,2,0,0,0,2,0,0,0,0,2,2,0
KD-145-R1,Environmental Health Officer,1,1,0,0,0,1,0,0,0,0,1,1,0
KD-145-R2,Medical Officer,1,1,0,0,0,1,0,0,0,0,1,1,0
KD-145-R2,Nurse/Midwife,7,6,1,0,0,5,0,0,1,0,5,5,0
KD-145-R2,CHO,0,0,0,0,0,0,0,0,0,0,0,0,0
KD-145-R2,CHEW,6,4,2,0,0,4,0,0,0,0,5,4,0
KD-145-R2,JCHEW,3,1,1,0,1,1,0,0,0,0,3,1,0
KD-145-R2,Medical Lab Technician,3,2,0,0,1,2,0,0,0,0,2,2,0
KD-145-R2,Medical Records Officer,3,1,0,0,2,1,0,0,0,0,2,1,0
KD-145-R2,Pharmacy Technician,2,2,0,0,0,2,0,0,0,0,2,2,0
KD-145-R2,Environmental Health Officer,1,1,0,0,0,1,0,0,0,0,1,1,0
KD-145-R3,Medical Officer,1,1,0,0,0,1,0,0,0,0,1,1,0
KD-145-R3,Nurse/Midwife,7,6,1,0,0,6,0,0,0,0,4,4,2
KD-145-R3,CHO,0,0,0,0,0,0,0,0,0,0,0,0,0
KD-145-R3,CHEW,6,4,2,0,0,4,0,0,0,0,5,4,0
KD-145-R3,JCHEW,3,1,1,0,1,1,0,0,0,0,3,1,0
KD-145-R3,Medical Lab Technician,3,2,0,0,1,2,0,0,0,0,3,2,0
KD-145-R3,Medical Records Officer,3,1,0,0,2,1,0,0,0,0,2,1,0
KD-145-R3,Pharmacy Technician,2,2,0,0,0,1,0,0,1,0,1,1,0
KD-145-R3,Environmental Health Officer,1,1,0,0,0,1,0,0,0,0,1,1,0
KD-145-R4,Medical Officer,1,1,0,0,0,1,0,0,0,0,1,1,0
KD-145-R4,Nurse/Midwife,7,6,1,0,0,6,0,0,0,0,6,5,1
KD-145-R4,CHO,0,0,0,0,0,0,0,0,0,0,0,0,0
KD-145-R4,CHEW,6,4,2,0,0,4,0,0,0,0,4,3,1
KD-145-R4,JCHEW,3,1,1,0,1,1,0,0,0,0,2,1,0
KD-145-R4,Medical Lab Technician,3,2,0,0,1,2,0,0,0,0,3,2,0
KD-145-R4,Medical Records Officer,3,1,0,0,2,1,0,0,0,0,2,1,0
KD-145-R4,Pharmacy Technician,2,2,0,0,0,2,0,0,0,0,2,2,0
KD-145-R4,Environmental Health Officer,1,1,0,0,0,0,0,0,1,0,0,0,0
KD-145-R5,Medical Officer,1,1,0,0,0,1,0,0,0,0,1,1,0
KD-145-R5,Nurse/Midwife,7,6,1,0,0,6,0,0,0,0,6,6,0
KD-145-R5,CHO,0,0,0,0,0,0,0,0,0,0,0,0,0
KD-145-R5,CHEW,6,4,2,0,0,4,0,0,0,0,6,4,0
KD-145-R5,JCHEW,3,1,1,0,1,1,0,0,0,0,3,1,0
KD-145-R5,Medical Lab Technician,3,2,0,0,1,2,0,0,0,0,3,2,0
KD-145-R5,Medical Records Officer,3,1,0,0,2,1,0,0,0,0,3,1,0
KD-145-R5,Pharmacy Technician,2,2,0,0,0,1,0,0,1,0,1,1,0
KD-145-R5,Environmental Health Officer,1,1,0,0,0,1,0,0,0,0,1,1,0
KD-145-R6,Medical Officer,1,1,0,0,0,1,0,0,0,0,0,0,1
KD-145-R6,Nurse/Midwife,7,6,1,0,0,6,0,0,0,0,5,5,1
KD-145-R6,CHO,0,0,0,0,0,0,0,0,0,0,0,0,0
KD-145-R6,CHEW,6,4,2,0,0,4,0,0,0,0,4,3,1
KD-145-R6,JCHEW,3,1,1,0,1,1,0,0,0,0,2,1,0
KD-145-R6,Medical Lab Technician,3,2,0,0,1,2,0,0,0,0,3,2,0
KD-145-R6,Medical Records Officer,3,1,0,0,2,1,0,0,0,0,1,1,0
KD-145-R6,Pharmacy Technician,2,2,0,0,0,2,0,0,0,0,1,1,1
KD-145-R6,Environmental Health Officer,1,1,0,0,0,1,0,0,0,0,0,0,1
KD-146-R1,Medical Officer,0,0,0,0,0,0,0,0,0,0,0,0,0
KD-146-R1,Nurse/Midwife,3,2,0,1,0,2,0,0,0,0,3,2,0
KD-146-R1,CHO,3,2,0,0,1,1,0,0,0,1,2,1,0
KD-146-R1,CHEW,6,3,1,0,2,3,0,0,0,0,1,1,2
KD-146-R1,JCHEW,4,1,1,1,1,1,0,0,0,0,2,0,1
KD-146-R1,Medical Lab Technician,1,1,0,0,0,1,0,0,0,0,1,1,0
KD-146-R1,Medical Records Officer,1,0,0,0,1,0,0,0,0,0,1,0,0
KD-146-R1,Pharmacy Technician,2,0,0,1,1,0,0,0,0,0,2,0,0
KD-146-R1,Environmental Health Officer,0,0,0,0,0,0,0,0,0,0,0,0,0
KD-146-R2,Medical Officer,0,0,0,0,0,0,0,0,0,0,0,0,0
KD-146-R2,Nurse/Midwife,3,2,0,1,0,2,0,0,0,0,2,1,1
KD-146-R2,CHO,3,2,0,0,1,2,0,0,0,0,2,2,0
KD-146-R2,CHEW,6,3,1,0,2,3,0,0,0,0,5,3,0
KD-146-R2,JCHEW,4,1,1,1,1,1,0,0,0,0,3,1,0
KD-146-R2,Medical Lab Technician,1,1,0,0,0,1,0,0,0,0,1,1,0
KD-146-R2,Medical Records Officer,1,0,0,0,1,0,0,0,0,0,1,0,0
KD-146-R2,Pharmacy Technician,2,0,0,1,1,0,0,0,0,0,0,0,0
KD-146-R2,Environmental Health Officer,0,0,0,0,0,0,0,0,0,0,0,0,0
KD-146-R3,Medical Officer,0,0,0,0,0,0,0,0,0,0,0,0,0
KD-146-R3,Nurse/Midwife,3,2,0,1,0,2,0,0,0,0,2,1,1
KD-146-R3,CHO,3,2,0,0,1,2,0,0,0,0,2,1,1
KD-146-R3,CHEW,6,3,1,0,2,2,0,0,0,1,2,1,1
KD-146-R3,JCHEW,4,1,1,1,1,1,0,0,0,0,2,0,1
KD-146-R3,Medical Lab Technician,1,1,0,0,0,1,0,0,0,0,1,1,0
KD-146-R3,Medical Records Officer,1,0,0,0,1,0,0,0,0,0,1,0,0
KD-146-R3,Pharmacy Technician,2,0,0,1,1,0,0,0,0,0,1,0,0
KD-146-R3,Environmental Health Officer,0,0,0,0,0,0,0,0,0,0,0,0,0
KD-146-R4,Medical Officer,0,0,0,0,0,0,0,0,0,0,0,0,0
KD-146-R4,Nurse/Midwife,3,2,0,1,0,2,0,0,0,0,2,2,0
KD-146-R4,CHO,3,2,0,0,1,2,0,0,0,0,2,1,1
KD-146-R4,CHEW,6,3,1,0,2,3,0,0,0,0,3,2,1
KD-146-R4,JCHEW,4,1,1,1,1,1,0,0,0,0,2,0,1
KD-146-R4,Medical Lab Technician,1,1,0,0,0,1,0,0,0,0,1,1,0
KD-146-R4,Medical Records Officer,1,0,0,0,1,0,0,0,0,0,0,0,0
KD-146-R4,Pharmacy Technician,2,0,0,1,1,0,0,0,0,0,0,0,0
KD-146-R4,Environmental Health Officer,0,0,0,0,0,0,0,0,0,0,0,0,0
KD-146-R5,Medical Officer,0,0,0,0,0,0,0,0,0,0,0,0,0
KD-146-R5,Nurse/Midwife,3,2,0,1,0,2,0,0,0,0,2,1,1
KD-146-R5,CHO,3,2,0,0,1,2,0,0,0,0,2,1,1
KD-146-R5,CHEW,6,3,1,0,2,3,0,0,0,0,4,2,1
KD-146-R5,JCHEW,4,1,1,1,1,1,0,0,0,0,4,1,0
KD-146-R5,Medical Lab Technician,1,1,0,0,0,1,0,0,0,0,1,1,0
KD-146-R5,Medical Records Officer,1,0,0,0,1,0,0,0,0,0,0,0,0
KD-146-R5,Pharmacy Technician,2,0,0,1,1,0,0,0,0,0,2,0,0
KD-146-R5,Environmental Health Officer,0,0,0,0,0,0,0,0,0,0,0,0,0
KD-146-R6,Medical Officer,0,0,0,0,0,0,0,0,0,0,0,0,0
KD-146-R6,Nurse/Midwife,3,2,0,1,0,2,0,0,0,0,2,1,1
KD-146-R6,CHO,3,2,0,0,1,1,0,0,0,1,1,1,0
KD-146-R6,CHEW,6,3,1,0,2,3,0,0,0,0,5,3,0
KD-146-R6,JCHEW,4,1,1,1,1,1,0,0,0,0,3,1,0
KD-146-R6,Medical Lab Technician,1,1,0,0,0,1,0,0,0,0,0,0,1
KD-146-R6,Medical Records Officer,1,0,0,0,1,0,0,0,0,0,1,0,0
KD-146-R6,Pharmacy Technician,2,0,0,1,1,0,0,0,0,0,1,0,0
KD-146-R6,Environmental Health Officer,0,0,0,0,0,0,0,0,0,0,0,0,0
KD-147-R1,Medical Officer,6,6,0,0,0,6,0,0,0,0,3,3,3
KD-147-R1,Nurse/Midwife,30,24,6,0,0,21,0,0,0,3,17,13,8
KD-147-R1,CHO,3,1,1,0,1,1,0,0,0,0,0,0,1
KD-147-R1,CHEW,8,7,1,0,0,7,0,0,0,0,2,2,5
KD-147-R1,JCHEW,6,4,0,1,1,4,0,0,0,0,3,1,3
KD-147-R1,Medical Lab Technician,7,6,0,1,0,6,0,0,0,0,5,4,2
KD-147-R1,Medical Records Officer,4,4,0,0,0,4,0,0,0,0,3,3,1
KD-147-R1,Pharmacy Technician,4,4,0,0,0,4,0,0,0,0,4,4,0
KD-147-R1,Environmental Health Officer,0,0,0,0,0,0,0,0,0,0,0,0,0
KD-147-R2,Medical Officer,6,6,0,0,0,6,0,0,0,0,4,4,2
KD-147-R2,Nurse/Midwife,30,24,6,0,0,23,0,0,0,1,27,22,1
KD-147-R2,CHO,3,1,1,0,1,1,0,0,0,0,3,1,0
KD-147-R2,CHEW,8,7,1,0,0,7,0,0,0,0,8,7,0
KD-147-R2,JCHEW,6,4,0,1,1,3,0,0,0,1,3,2,1
KD-147-R2,Medical Lab Technician,7,6,0,1,0,6,0,0,0,0,4,4,2
KD-147-R2,Medical Records Officer,4,4,0,0,0,4,0,0,0,0,2,2,2
KD-147-R2,Pharmacy Technician,4,4,0,0,0,4,0,0,0,0,4,4,0
KD-147-R2,Environmental Health Officer,0,0,0,0,0,0,0,0,0,0,0,0,0
KD-147-R3,Medical Officer,6,6,0,0,0,5,0,0,0,1,4,4,1
KD-147-R3,Nurse/Midwife,30,24,6,0,0,22,0,0,0,2,23,18,4
KD-147-R3,CHO,3,1,1,0,1,1,0,0,0,0,1,0,1
KD-147-R3,CHEW,8,7,1,0,0,6,0,0,1,0,6,5,1
KD-147-R3,JCHEW,6,4,0,1,1,3,0,0,0,1,4,2,1
KD-147-R3,Medical Lab Technician,7,6,0,1,0,5,0,0,0,1,4,3,2
KD-147-R3,Medical Records Officer,4,4,0,0,0,4,0,0,0,0,3,3,1
KD-147-R3,Pharmacy Technician,4,4,0,0,0,4,0,0,0,0,4,4,0
KD-147-R3,Environmental Health Officer,0,0,0,0,0,0,0,0,0,0,0,0,0
KD-147-R4,Medical Officer,6,6,0,0,0,4,0,0,1,1,2,2,2
KD-147-R4,Nurse/Midwife,30,24,6,0,0,22,0,0,1,1,18,13,9
KD-147-R4,CHO,3,1,1,0,1,1,0,0,0,0,2,1,0
KD-147-R4,CHEW,8,7,1,0,0,6,0,0,1,0,4,3,3
KD-147-R4,JCHEW,6,4,0,1,1,4,0,0,0,0,5,4,0
KD-147-R4,Medical Lab Technician,7,6,0,1,0,6,0,0,0,0,3,3,3
KD-147-R4,Medical Records Officer,4,4,0,0,0,3,0,0,1,0,1,1,2
KD-147-R4,Pharmacy Technician,4,4,0,0,0,2,0,0,0,2,1,1,1
KD-147-R4,Environmental Health Officer,0,0,0,0,0,0,0,0,0,0,0,0,0
KD-147-R5,Medical Officer,6,6,0,0,0,6,0,0,0,0,6,6,0
KD-147-R5,Nurse/Midwife,30,24,6,0,0,23,0,0,0,1,22,18,5
KD-147-R5,CHO,3,1,1,0,1,1,0,0,0,0,2,1,0
KD-147-R5,CHEW,8,7,1,0,0,7,0,0,0,0,6,6,1
KD-147-R5,JCHEW,6,4,0,1,1,4,0,0,0,0,4,4,0
KD-147-R5,Medical Lab Technician,7,6,0,1,0,5,0,0,1,0,5,4,1
KD-147-R5,Medical Records Officer,4,4,0,0,0,4,0,0,0,0,4,4,0
KD-147-R5,Pharmacy Technician,4,4,0,0,0,4,0,0,0,0,3,3,1
KD-147-R5,Environmental Health Officer,0,0,0,0,0,0,0,0,0,0,0,0,0
KD-147-R6,Medical Officer,6,6,0,0,0,6,0,0,0,0,5,5,1
KD-147-R6,Nurse/Midwife,30,24,6,0,0,22,0,0,1,1,23,19,3
KD-147-R6,CHO,3,1,1,0,1,1,0,0,0,0,3,1,0
KD-147-R6,CHEW,8,7,1,0,0,5,0,0,2,0,5,5,0
KD-147-R6,JCHEW,6,4,0,1,1,3,0,0,1,0,3,2,1
KD-147-R6,Medical Lab Technician,7,6,0,1,0,6,0,0,0,0,4,4,2
KD-147-R6,Medical Records Officer,4,4,0,0,0,4,0,0,0,0,2,2,2
KD-147-R6,Pharmacy Technician,4,4,0,0,0,3,0,0,0,1,3,3,0
KD-147-R6,Environmental Health Officer,0,0,0,0,0,0,0,0,0,0,0,0,0
KD-148-R1,Medical Officer,0,0,0,0,0,0,0,0,0,0,0,0,0
KD-148-R1,Nurse/Midwife,3,1,1,1,0,1,0,0,0,0,2,1,0
KD-148-R1,CHO,1,0,0,0,1,0,0,0,0,0,1,0,0
KD-148-R1,CHEW,6,5,0,0,1,4,0,0,0,1,3,3,1
KD-148-R1,JCHEW,5,2,0,1,2,2,0,0,0,0,4,2,0
KD-148-R1,Medical Lab Technician,1,0,0,1,0,0,0,0,0,0,0,0,0
KD-148-R1,Medical Records Officer,2,2,0,0,0,2,0,0,0,0,2,2,0
KD-148-R1,Pharmacy Technician,2,2,0,0,0,2,0,0,0,0,2,2,0
KD-148-R1,Environmental Health Officer,1,1,0,0,0,1,0,0,0,0,0,0,1
KD-148-R2,Medical Officer,0,0,0,0,0,0,0,0,0,0,0,0,0
KD-148-R2,Nurse/Midwife,3,1,1,1,0,1,0,0,0,0,2,1,0
KD-148-R2,CHO,1,0,0,0,1,0,0,0,0,0,0,0,0
KD-148-R2,CHEW,6,5,0,0,1,4,0,0,1,0,3,2,2
KD-148-R2,JCHEW,5,2,0,1,2,2,0,0,0,0,3,2,0
KD-148-R2,Medical Lab Technician,1,0,0,1,0,0,0,0,0,0,1,0,0
KD-148-R2,Medical Records Officer,2,2,0,0,0,1,0,0,0,1,0,0,1
KD-148-R2,Pharmacy Technician,2,2,0,0,0,2,0,0,0,0,2,2,0
KD-148-R2,Environmental Health Officer,1,1,0,0,0,1,0,0,0,0,1,1,0
KD-148-R3,Medical Officer,0,0,0,0,0,0,0,0,0,0,0,0,0
KD-148-R3,Nurse/Midwife,3,1,1,1,0,1,0,0,0,0,1,1,0
KD-148-R3,CHO,1,0,0,0,1,0,0,0,0,0,1,0,0
KD-148-R3,CHEW,6,5,0,0,1,5,0,0,0,0,4,4,1
KD-148-R3,JCHEW,5,2,0,1,2,2,0,0,0,0,1,1,1
KD-148-R3,Medical Lab Technician,1,0,0,1,0,0,0,0,0,0,0,0,0
KD-148-R3,Medical Records Officer,2,2,0,0,0,2,0,0,0,0,1,1,1
KD-148-R3,Pharmacy Technician,2,2,0,0,0,2,0,0,0,0,2,2,0
KD-148-R3,Environmental Health Officer,1,1,0,0,0,1,0,0,0,0,1,1,0
KD-148-R4,Medical Officer,0,0,0,0,0,0,0,0,0,0,0,0,0
KD-148-R4,Nurse/Midwife,3,1,1,1,0,1,0,0,0,0,3,1,0
KD-148-R4,CHO,1,0,0,0,1,0,0,0,0,0,1,0,0
KD-148-R4,CHEW,6,5,0,0,1,5,0,0,0,0,3,3,2
KD-148-R4,JCHEW,5,2,0,1,2,2,0,0,0,0,3,2,0
KD-148-R4,Medical Lab Technician,1,0,0,1,0,0,0,0,0,0,1,0,0
KD-148-R4,Medical Records Officer,2,2,0,0,0,2,0,0,0,0,1,1,1
KD-148-R4,Pharmacy Technician,2,2,0,0,0,2,0,0,0,0,1,1,1
KD-148-R4,Environmental Health Officer,1,1,0,0,0,1,0,0,0,0,1,1,0
KD-148-R5,Medical Officer,0,0,0,0,0,0,0,0,0,0,0,0,0
KD-148-R5,Nurse/Midwife,3,1,1,1,0,1,0,0,0,0,2,1,0
KD-148-R5,CHO,1,0,0,0,1,0,0,0,0,0,1,0,0
KD-148-R5,CHEW,6,5,0,0,1,3,0,0,1,1,1,0,3
KD-148-R5,JCHEW,5,2,0,1,2,1,0,0,0,1,2,1,0
KD-148-R5,Medical Lab Technician,1,0,0,1,0,0,0,0,0,0,1,0,0
KD-148-R5,Medical Records Officer,2,2,0,0,0,2,0,0,0,0,0,0,2
KD-148-R5,Pharmacy Technician,2,2,0,0,0,2,0,0,0,0,2,2,0
KD-148-R5,Environmental Health Officer,1,1,0,0,0,1,0,0,0,0,0,0,1
KD-148-R6,Medical Officer,0,0,0,0,0,0,0,0,0,0,0,0,0
KD-148-R6,Nurse/Midwife,3,1,1,1,0,1,0,0,0,0,2,1,0
KD-148-R6,CHO,1,0,0,0,1,0,0,0,0,0,1,0,0
KD-148-R6,CHEW,6,5,0,0,1,5,0,0,0,0,6,5,0
KD-148-R6,JCHEW,5,2,0,1,2,2,0,0,0,0,2,1,1
KD-148-R6,Medical Lab Technician,1,0,0,1,0,0,0,0,0,0,1,0,0
KD-148-R6,Medical Records Officer,2,2,0,0,0,1,0,0,0,1,1,1,0
KD-148-R6,Pharmacy Technician,2,2,0,0,0,2,0,0,0,0,1,1,1
KD-148-R6,Environmental Health Officer,1,1,0,0,0,1,0,0,0,0,1,1,0
KD-149-R1,Medical Officer,1,1,0,0,0,1,0,0,0,0,1,1,0
KD-149-R1,Nurse/Midwife,3,2,1,0,0,2,0,0,0,0,2,1,1
KD-149-R1,CHO,2,2,0,0,0,2,0,0,0,0,2,2,0
KD-149-R1,CHEW,8,4,1,1,2,2,0,0,2,0,4,2,0
KD-149-R1,JCHEW,4,4,0,0,0,4,0,0,0,0,3,3,1
KD-149-R1,Medical Lab Technician,1,0,0,1,0,0,0,0,0,0,1,0,0
KD-149-R1,Medical Records Officer,1,0,0,0,1,0,0,0,0,0,0,0,0
KD-149-R1,Pharmacy Technician,3,2,1,0,0,2,0,0,0,0,1,1,1
KD-149-R1,Environmental Health Officer,2,1,1,0,0,1,0,0,0,0,2,1,0
KD-149-R2,Medical Officer,1,1,0,0,0,0,0,0,1,0,0,0,0
KD-149-R2,Nurse/Midwife,3,2,1,0,0,2,0,0,0,0,2,2,0
KD-149-R2,CHO,2,2,0,0,0,2,0,0,0,0,1,1,1
KD-149-R2,CHEW,8,4,1,1,2,4,0,0,0,0,8,4,0
KD-149-R2,JCHEW,4,4,0,0,0,4,0,0,0,0,4,4,0
KD-149-R2,Medical Lab Technician,1,0,0,1,0,0,0,0,0,0,0,0,0
KD-149-R2,Medical Records Officer,1,0,0,0,1,0,0,0,0,0,1,0,0
KD-149-R2,Pharmacy Technician,3,2,1,0,0,2,0,0,0,0,2,2,0
KD-149-R2,Environmental Health Officer,2,1,1,0,0,1,0,0,0,0,2,1,0
KD-149-R3,Medical Officer,1,1,0,0,0,1,0,0,0,0,1,1,0
KD-149-R3,Nurse/Midwife,3,2,1,0,0,2,0,0,0,0,3,2,0
KD-149-R3,CHO,2,2,0,0,0,2,0,0,0,0,2,2,0
KD-149-R3,CHEW,8,4,1,1,2,3,0,0,1,0,7,3,0
KD-149-R3,JCHEW,4,4,0,0,0,4,0,0,0,0,2,2,2
KD-149-R3,Medical Lab Technician,1,0,0,1,0,0,0,0,0,0,1,0,0
KD-149-R3,Medical Records Officer,1,0,0,0,1,0,0,0,0,0,0,0,0
KD-149-R3,Pharmacy Technician,3,2,1,0,0,1,0,0,0,1,2,1,0
KD-149-R3,Environmental Health Officer,2,1,1,0,0,1,0,0,0,0,1,1,0
KD-149-R4,Medical Officer,1,1,0,0,0,1,0,0,0,0,1,1,0
KD-149-R4,Nurse/Midwife,3,2,1,0,0,2,0,0,0,0,3,2,0
KD-149-R4,CHO,2,2,0,0,0,2,0,0,0,0,2,2,0
KD-149-R4,CHEW,8,4,1,1,2,4,0,0,0,0,8,4,0
KD-149-R4,JCHEW,4,4,0,0,0,4,0,0,0,0,3,3,1
KD-149-R4,Medical Lab Technician,1,0,0,1,0,0,0,0,0,0,1,0,0
KD-149-R4,Medical Records Officer,1,0,0,0,1,0,0,0,0,0,1,0,0
KD-149-R4,Pharmacy Technician,3,2,1,0,0,2,0,0,0,0,3,2,0
KD-149-R4,Environmental Health Officer,2,1,1,0,0,1,0,0,0,0,1,0,1
KD-149-R5,Medical Officer,1,1,0,0,0,1,0,0,0,0,1,1,0
KD-149-R5,Nurse/Midwife,3,2,1,0,0,1,0,0,1,0,2,1,0
KD-149-R5,CHO,2,2,0,0,0,2,0,0,0,0,2,2,0
KD-149-R5,CHEW,8,4,1,1,2,4,0,0,0,0,7,3,1
KD-149-R5,JCHEW,4,4,0,0,0,4,0,0,0,0,3,3,1
KD-149-R5,Medical Lab Technician,1,0,0,1,0,0,0,0,0,0,0,0,0
KD-149-R5,Medical Records Officer,1,0,0,0,1,0,0,0,0,0,1,0,0
KD-149-R5,Pharmacy Technician,3,2,1,0,0,1,0,0,1,0,2,1,0
KD-149-R5,Environmental Health Officer,2,1,1,0,0,1,0,0,0,0,2,1,0
KD-149-R6,Medical Officer,1,1,0,0,0,1,0,0,0,0,0,0,1
KD-149-R6,Nurse/Midwife,3,2,1,0,0,2,0,0,0,0,1,0,2
KD-149-R6,CHO,2,2,0,0,0,2,0,0,0,0,2,2,0
KD-149-R6,CHEW,8,4,1,1,2,4,0,0,0,0,6,4,0
KD-149-R6,JCHEW,4,4,0,0,0,3,0,0,0,1,2,2,1
KD-149-R6,Medical Lab Technician,1,0,0,1,0,0,0,0,0,0,0,0,0
KD-149-R6,Medical Records Officer,1,0,0,0,1,0,0,0,0,0,0,0,0
KD-149-R6,Pharmacy Technician,3,2,1,0,0,2,0,0,0,0,3,2,0
KD-149-R6,Environmental Health Officer,2,1,1,0,0,1,0,0,0,0,2,1,0
KD-150-R1,Medical Officer,1,1,0,0,0,1,0,0,0,0,0,0,1
KD-150-R1,Nurse/Midwife,7,5,1,1,0,4,0,0,0,1,4,2,2
KD-150-R1,CHO,2,1,1,0,0,1,0,0,0,0,2,1,0
KD-150-R1,CHEW,8,4,1,0,3,3,0,0,1,0,5,2,1
KD-150-R1,JCHEW,6,4,0,0,2,4,0,0,0,0,5,4,0
KD-150-R1,Medical Lab Technician,2,0,0,1,1,0,0,0,0,0,2,0,0
KD-150-R1,Medical Records Officer,2,1,0,0,1,1,0,0,0,0,1,1,0
KD-150-R1,Pharmacy Technician,0,0,0,0,0,0,0,0,0,0,0,0,0
KD-150-R1,Environmental Health Officer,0,0,0,0,0,0,0,0,0,0,0,0,0
KD-150-R2,Medical Officer,1,1,0,0,0,1,0,0,0,0,1,1,0
KD-150-R2,Nurse/Midwife,7,5,1,1,0,5,0,0,0,0,6,5,0
KD-150-R2,CHO,2,1,1,0,0,1,0,0,0,0,2,1,0
KD-150-R2,CHEW,8,4,1,0,3,2,0,0,2,0,5,1,1
KD-150-R2,JCHEW,6,4,0,0,2,4,0,0,0,0,6,4,0
KD-150-R2,Medical Lab Technician,2,0,0,1,1,0,0,0,0,0,2,0,0
KD-150-R2,Medical Records Officer,2,1,0,0,1,1,0,0,0,0,1,1,0
KD-150-R2,Pharmacy Technician,0,0,0,0,0,0,0,0,0,0,0,0,0
KD-150-R2,Environmental Health Officer,0,0,0,0,0,0,0,0,0,0,0,0,0
KD-150-R3,Medical Officer,1,1,0,0,0,0,0,0,0,1,0,0,0
KD-150-R3,Nurse/Midwife,7,5,1,1,0,4,0,0,0,1,6,4,0
KD-150-R3,CHO,2,1,1,0,0,1,0,0,0,0,2,1,0
KD-150-R3,CHEW,8,4,1,0,3,4,0,0,0,0,5,3,1
KD-150-R3,JCHEW,6,4,0,0,2,4,0,0,0,0,5,4,0
KD-150-R3,Medical Lab Technician,2,0,0,1,1,0,0,0,0,0,1,0,0
KD-150-R3,Medical Records Officer,2,1,0,0,1,1,0,0,0,0,2,1,0
KD-150-R3,Pharmacy Technician,0,0,0,0,0,0,0,0,0,0,0,0,0
KD-150-R3,Environmental Health Officer,0,0,0,0,0,0,0,0,0,0,0,0,0
KD-150-R4,Medical Officer,1,1,0,0,0,1,0,0,0,0,1,1,0
KD-150-R4,Nurse/Midwife,7,5,1,1,0,5,0,0,0,0,4,4,1
KD-150-R4,CHO,2,1,1,0,0,1,0,0,0,0,1,1,0
KD-150-R4,CHEW,8,4,1,0,3,3,0,0,0,1,4,3,0
KD-150-R4,JCHEW,6,4,0,0,2,3,0,0,0,1,4,3,0
KD-150-R4,Medical Lab Technician,2,0,0,1,1,0,0,0,0,0,1,0,0
KD-150-R4,Medical Records Officer,2,1,0,0,1,1,0,0,0,0,2,1,0
KD-150-R4,Pharmacy Technician,0,0,0,0,0,0,0,0,0,0,0,0,0
KD-150-R4,Environmental Health Officer,0,0,0,0,0,0,0,0,0,0,0,0,0
KD-150-R5,Medical Officer,1,1,0,0,0,1,0,0,0,0,1,1,0
KD-150-R5,Nurse/Midwife,7,5,1,1,0,5,0,0,0,0,7,5,0
KD-150-R5,CHO,2,1,1,0,0,1,0,0,0,0,1,1,0
KD-150-R5,CHEW,8,4,1,0,3,4,0,0,0,0,4,2,2
KD-150-R5,JCHEW,6,4,0,0,2,4,0,0,0,0,6,4,0
KD-150-R5,Medical Lab Technician,2,0,0,1,1,0,0,0,0,0,2,0,0
KD-150-R5,Medical Records Officer,2,1,0,0,1,1,0,0,0,0,1,1,0
KD-150-R5,Pharmacy Technician,0,0,0,0,0,0,0,0,0,0,0,0,0
KD-150-R5,Environmental Health Officer,0,0,0,0,0,0,0,0,0,0,0,0,0
KD-150-R6,Medical Officer,1,1,0,0,0,0,0,0,0,1,0,0,0
KD-150-R6,Nurse/Midwife,7,5,1,1,0,5,0,0,0,0,6,4,1
KD-150-R6,CHO,2,1,1,0,0,1,0,0,0,0,2,1,0
KD-150-R6,CHEW,8,4,1,0,3,4,0,0,0,0,7,3,1
KD-150-R6,JCHEW,6,4,0,0,2,4,0,0,0,0,6,4,0
KD-150-R6,Medical Lab Technician,2,0,0,1,1,0,0,0,0,0,2,0,0
KD-150-R6,Medical Records Officer,2,1,0,0,1,1,0,0,0,0,2,1,0
KD-150-R6,Pharmacy Technician,0,0,0,0,0,0,0,0,0,0,0,0,0
KD-150-R6,Environmental Health Officer,0,0,0,0,0,0,0,0,0,0,0,0,0
KD-151-R1,Medical Officer,0,0,0,0,0,0,0,0,0,0,0,0,0
KD-151-R1,Nurse/Midwife,0,0,0,0,0,0,0,0,0,0,0,0,0
KD-151-R1,CHO,0,0,0,0,0,0,0,0,0,0,0,0,0
KD-151-R1,CHEW,2,1,0,0,1,1,0,0,0,0,1,0,1
KD-151-R1,JCHEW,4,3,1,0,0,2,0,0,0,1,2,2,0
KD-151-R1,Medical Lab Technician,0,0,0,0,0,0,0,0,0,0,0,0,0
KD-151-R1,Medical Records Officer,0,0,0,0,0,0,0,0,0,0,0,0,0
KD-151-R1,Pharmacy Technician,0,0,0,0,0,0,0,0,0,0,0,0,0
KD-151-R1,Environmental Health Officer,1,0,0,0,1,0,0,0,0,0,0,0,0
KD-151-R2,Medical Officer,0,0,0,0,0,0,0,0,0,0,0,0,0
KD-151-R2,Nurse/Midwife,0,0,0,0,0,0,0,0,0,0,0,0,0
KD-151-R2,CHO,0,0,0,0,0,0,0,0,0,0,0,0,0
KD-151-R2,CHEW,2,1,0,0,1,1,0,0,0,0,2,1,0
KD-151-R2,JCHEW,4,3,1,0,0,2,0,0,0,1,1,1,1
KD-151-R2,Medical Lab Technician,0,0,0,0,0,0,0,0,0,0,0,0,0
KD-151-R2,Medical Records Officer,0,0,0,0,0,0,0,0,0,0,0,0,0
KD-151-R2,Pharmacy Technician,0,0,0,0,0,0,0,0,0,0,0,0,0
KD-151-R2,Environmental Health Officer,1,0,0,0,1,0,0,0,0,0,1,0,0
KD-151-R3,Medical Officer,0,0,0,0,0,0,0,0,0,0,0,0,0
KD-151-R3,Nurse/Midwife,0,0,0,0,0,0,0,0,0,0,0,0,0
KD-151-R3,CHO,0,0,0,0,0,0,0,0,0,0,0,0,0
KD-151-R3,CHEW,2,1,0,0,1,1,0,0,0,0,1,1,0
KD-151-R3,JCHEW,4,3,1,0,0,1,0,0,1,1,2,1,0
KD-151-R3,Medical Lab Technician,0,0,0,0,0,0,0,0,0,0,0,0,0
KD-151-R3,Medical Records Officer,0,0,0,0,0,0,0,0,0,0,0,0,0
KD-151-R3,Pharmacy Technician,0,0,0,0,0,0,0,0,0,0,0,0,0
KD-151-R3,Environmental Health Officer,1,0,0,0,1,0,0,0,0,0,1,0,0
KD-151-R4,Medical Officer,0,0,0,0,0,0,0,0,0,0,0,0,0
KD-151-R4,Nurse/Midwife,0,0,0,0,0,0,0,0,0,0,0,0,0
KD-151-R4,CHO,0,0,0,0,0,0,0,0,0,0,0,0,0
KD-151-R4,CHEW,2,1,0,0,1,0,0,0,0,1,0,0,0
KD-151-R4,JCHEW,4,3,1,0,0,2,0,1,0,0,3,3,0
KD-151-R4,Medical Lab Technician,0,0,0,0,0,0,0,0,0,0,0,0,0
KD-151-R4,Medical Records Officer,0,0,0,0,0,0,0,0,0,0,0,0,0
KD-151-R4,Pharmacy Technician,0,0,0,0,0,0,0,0,0,0,0,0,0
KD-151-R4,Environmental Health Officer,1,0,0,0,1,0,0,0,0,0,0,0,0
KD-151-R5,Medical Officer,0,0,0,0,0,0,0,0,0,0,0,0,0
KD-151-R5,Nurse/Midwife,0,0,0,0,0,0,0,0,0,0,0,0,0
KD-151-R5,CHO,0,0,0,0,0,0,0,0,0,0,0,0,0
KD-151-R5,CHEW,2,1,0,0,1,0,0,0,1,0,0,0,0
KD-151-R5,JCHEW,4,3,1,0,0,2,0,0,1,0,3,2,0
KD-151-R5,Medical Lab Technician,0,0,0,0,0,0,0,0,0,0,0,0,0
KD-151-R5,Medical Records Officer,0,0,0,0,0,0,0,0,0,0,0,0,0
KD-151-R5,Pharmacy Technician,0,0,0,0,0,0,0,0,0,0,0,0,0
KD-151-R5,Environmental Health Officer,1,0,0,0,1,0,0,0,0,0,0,0,0
KD-151-R6,Medical Officer,0,0,0,0,0,0,0,0,0,0,0,0,0
KD-151-R6,Nurse/Midwife,0,0,0,0,0,0,0,0,0,0,0,0,0
KD-151-R6,CHO,0,0,0,0,0,0,0,0,0,0,0,0,0
KD-151-R6,CHEW,2,1,0,0,1,0,0,0,1,0,0,0,0
KD-151-R6,JCHEW,4,3,1,0,0,2,0,1,0,0,1,1,2
KD-151-R6,Medical Lab Technician,0,0,0,0,0,0,0,0,0,0,0,0,0
KD-151-R6,Medical Records Officer,0,0,0,0,0,0,0,0,0,0,0,0,0
KD-151-R6,Pharmacy Technician,0,0,0,0,0,0,0,0,0,0,0,0,0
KD-151-R6,Environmental Health Officer,1,0,0,0,1,0,0,0,0,0,0,0,0
KD-152-R1,Medical Officer,2,2,0,0,0,2,0,0,0,0,2,2,0
KD-152-R1,Nurse/Midwife,4,3,1,0,0,2,0,0,1,0,3,2,0
KD-152-R1,CHO,3,1,2,0,0,0,0,0,1,0,2,0,0
KD-152-R1,CHEW,8,5,1,0,2,2,0,1,2,0,5,3,0
KD-152-R1,JCHEW,4,2,1,0,1,2,0,0,0,0,1,0,2
KD-152-R1,Medical Lab Technician,2,1,0,1,0,1,0,0,0,0,2,1,0
KD-152-R1,Medical Records Officer,0,0,0,0,0,0,0,0,0,0,0,0,0
KD-152-R1,Pharmacy Technician,4,1,1,1,1,1,0,0,0,0,3,1,0
KD-152-R1,Environmental Health Officer,0,0,0,0,0,0,0,0,0,0,0,0,0
KD-152-R2,Medical Officer,2,2,0,0,0,1,0,0,1,0,1,1,0
KD-152-R2,Nurse/Midwife,4,3,1,0,0,2,0,1,0,0,4,3,0
KD-152-R2,CHO,3,1,2,0,0,1,0,0,0,0,1,0,1
KD-152-R2,CHEW,8,5,1,0,2,3,1,1,0,0,6,4,1
KD-152-R2,JCHEW,4,2,1,0,1,2,0,0,0,0,3,2,0
KD-152-R2,Medical Lab Technician,2,1,0,1,0,1,0,0,0,0,2,1,0
KD-152-R2,Medical Records Officer,0,0,0,0,0,0,0,0,0,0,0,0,0
KD-152-R2,Pharmacy Technician,4,1,1,1,1,1,0,0,0,0,1,0,1
KD-152-R2,Environmental Health Officer,0,0,0,0,0,0,0,0,0,0,0,0,0
KD-152-R3,Medical Officer,2,2,0,0,0,2,0,0,0,0,1,1,1
KD-152-R3,Nurse/Midwife,4,3,1,0,0,1,0,0,1,1,2,1,0
KD-152-R3,CHO,3,1,2,0,0,0,0,0,1,0,1,0,0
KD-152-R3,CHEW,8,5,1,0,2,3,1,1,0,0,6,5,0
KD-152-R3,JCHEW,4,2,1,0,1,1,0,0,1,0,1,1,0
KD-152-R3,Medical Lab Technician,2,1,0,1,0,1,0,0,0,0,1,0,1
KD-152-R3,Medical Records Officer,0,0,0,0,0,0,0,0,0,0,0,0,0
KD-152-R3,Pharmacy Technician,4,1,1,1,1,1,0,0,0,0,3,1,0
KD-152-R3,Environmental Health Officer,0,0,0,0,0,0,0,0,0,0,0,0,0
KD-152-R4,Medical Officer,2,2,0,0,0,2,0,0,0,0,2,2,0
KD-152-R4,Nurse/Midwife,4,3,1,0,0,1,0,0,1,1,1,1,0
KD-152-R4,CHO,3,1,2,0,0,1,0,0,0,0,0,0,1
KD-152-R4,CHEW,8,5,1,0,2,2,0,1,0,2,3,2,1
KD-152-R4,JCHEW,4,2,1,0,1,1,0,0,1,0,2,1,0
KD-152-R4,Medical Lab Technician,2,1,0,1,0,0,0,0,1,0,1,0,0
KD-152-R4,Medical Records Officer,0,0,0,0,0,0,0,0,0,0,0,0,0
KD-152-R4,Pharmacy Technician,4,1,1,1,1,1,0,0,0,0,2,1,0
KD-152-R4,Environmental Health Officer,0,0,0,0,0,0,0,0,0,0,0,0,0
KD-152-R5,Medical Officer,2,2,0,0,0,2,0,0,0,0,2,2,0
KD-152-R5,Nurse/Midwife,4,3,1,0,0,2,0,0,1,0,3,2,0
KD-152-R5,CHO,3,1,2,0,0,1,0,0,0,0,2,1,0
KD-152-R5,CHEW,8,5,1,0,2,2,0,1,1,1,5,3,0
KD-152-R5,JCHEW,4,2,1,0,1,2,0,0,0,0,4,2,0
KD-152-R5,Medical Lab Technician,2,1,0,1,0,1,0,0,0,0,1,0,1
KD-152-R5,Medical Records Officer,0,0,0,0,0,0,0,0,0,0,0,0,0
KD-152-R5,Pharmacy Technician,4,1,1,1,1,1,0,0,0,0,3,1,0
KD-152-R5,Environmental Health Officer,0,0,0,0,0,0,0,0,0,0,0,0,0
KD-152-R6,Medical Officer,2,2,0,0,0,1,0,0,1,0,1,1,0
KD-152-R6,Nurse/Midwife,4,3,1,0,0,2,0,1,0,0,2,1,2
KD-152-R6,CHO,3,1,2,0,0,1,0,0,0,0,1,1,0
KD-152-R6,CHEW,8,5,1,0,2,2,1,1,0,1,5,2,2
KD-152-R6,JCHEW,4,2,1,0,1,2,0,0,0,0,2,1,1
KD-152-R6,Medical Lab Technician,2,1,0,1,0,0,0,0,1,0,1,0,0
KD-152-R6,Medical Records Officer,0,0,0,0,0,0,0,0,0,0,0,0,0
KD-152-R6,Pharmacy Technician,4,1,1,1,1,1,0,0,0,0,3,1,0
KD-152-R6,Environmental Health Officer,0,0,0,0,0,0,0,0,0,0,0,0,0
KD-153-R1,Medical Officer,7,7,0,0,0,6,0,0,0,1,3,3,3
KD-153-R1,Nurse/Midwife,39,32,6,1,0,27,0,0,2,3,33,26,1
KD-153-R1,CHO,4,3,1,0,0,3,0,0,0,0,3,2,1
KD-153-R1,CHEW,11,5,2,0,4,5,0,0,0,0,7,4,1
KD-153-R1,JCHEW,4,2,1,1,0,1,0,0,1,0,3,1,0
KD-153-R1,Medical Lab Technician,10,9,0,0,1,9,0,0,0,0,8,7,2
KD-153-R1,Medical Records Officer,5,4,0,0,1,4,0,0,0,0,5,4,0
KD-153-R1,Pharmacy Technician,5,4,0,1,0,4,0,0,0,0,3,3,1
KD-153-R1,Environmental Health Officer,1,1,0,0,0,1,0,0,0,0,1,1,0
KD-153-R2,Medical Officer,7,7,0,0,0,7,0,0,0,0,7,7,0
KD-153-R2,Nurse/Midwife,39,32,6,1,0,31,0,0,0,1,31,25,6
KD-153-R2,CHO,4,3,1,0,0,3,0,0,0,0,3,2,1
KD-153-R2,CHEW,11,5,2,0,4,4,0,0,1,0,7,3,1
KD-153-R2,JCHEW,4,2,1,1,0,2,0,0,0,0,3,2,0
KD-153-R2,Medical Lab Technician,10,9,0,0,1,7,0,0,0,2,6,5,2
KD-153-R2,Medical Records Officer,5,4,0,0,1,3,0,0,0,1,3,2,1
KD-153-R2,Pharmacy Technician,5,4,0,1,0,4,0,0,0,0,5,4,0
KD-153-R2,Environmental Health Officer,1,1,0,0,0,1,0,0,0,0,1,1,0
KD-153-R3,Medical Officer,7,7,0,0,0,7,0,0,0,0,5,5,2
KD-153-R3,Nurse/Midwife,39,32,6,1,0,31,0,0,0,1,34,27,4
KD-153-R3,CHO,4,3,1,0,0,3,0,0,0,0,3,2,1
KD-153-R3,CHEW,11,5,2,0,4,4,0,0,1,0,10,4,0
KD-153-R3,JCHEW,4,2,1,1,0,2,0,0,0,0,4,2,0
KD-153-R3,Medical Lab Technician,10,9,0,0,1,8,0,0,0,1,8,8,0
KD-153-R3,Medical Records Officer,5,4,0,0,1,4,0,0,0,0,4,3,1
KD-153-R3,Pharmacy Technician,5,4,0,1,0,3,0,0,0,1,4,3,0
KD-153-R3,Environmental Health Officer,1,1,0,0,0,1,0,0,0,0,1,1,0
KD-153-R4,Medical Officer,7,7,0,0,0,6,0,0,1,0,3,3,3
KD-153-R4,Nurse/Midwife,39,32,6,1,0,32,0,0,0,0,27,24,8
KD-153-R4,CHO,4,3,1,0,0,3,0,0,0,0,2,1,2
KD-153-R4,CHEW,11,5,2,0,4,5,0,0,0,0,6,3,2
KD-153-R4,JCHEW,4,2,1,1,0,2,0,0,0,0,2,0,2
KD-153-R4,Medical Lab Technician,10,9,0,0,1,8,0,0,0,1,5,5,3
KD-153-R4,Medical Records Officer,5,4,0,0,1,4,0,0,0,0,4,4,0
KD-153-R4,Pharmacy Technician,5,4,0,1,0,4,0,0,0,0,2,2,2
KD-153-R4,Environmental Health Officer,1,1,0,0,0,1,0,0,0,0,1,1,0
KD-153-R5,Medical Officer,7,7,0,0,0,6,0,0,1,0,6,6,0
KD-153-R5,Nurse/Midwife,39,32,6,1,0,30,0,0,1,1,34,27,3
KD-153-R5,CHO,4,3,1,0,0,3,0,0,0,0,3,3,0
KD-153-R5,CHEW,11,5,2,0,4,5,0,0,0,0,9,4,1
KD-153-R5,JCHEW,4,2,1,1,0,2,0,0,0,0,4,2,0
KD-153-R5,Medical Lab Technician,10,9,0,0,1,8,0,0,0,1,9,8,0
KD-153-R5,Medical Records Officer,5,4,0,0,1,4,0,0,0,0,4,4,0
KD-153-R5,Pharmacy Technician,5,4,0,1,0,4,0,0,0,0,5,4,0
KD-153-R5,Environmental Health Officer,1,1,0,0,0,1,0,0,0,0,1,1,0
KD-153-R6,Medical Officer,7,7,0,0,0,7,0,0,0,0,5,5,2
KD-153-R6,Nurse/Midwife,39,32,6,1,0,27,0,0,3,2,28,23,4
KD-153-R6,CHO,4,3,1,0,0,3,0,0,0,0,3,2,1
KD-153-R6,CHEW,11,5,2,0,4,5,0,0,0,0,9,5,0
KD-153-R6,JCHEW,4,2,1,1,0,2,0,0,0,0,4,2,0
KD-153-R6,Medical Lab Technician,10,9,0,0,1,9,0,0,0,0,8,7,2
KD-153-R6,Medical Records Officer,5,4,0,0,1,4,0,0,0,0,4,3,1
KD-153-R6,Pharmacy Technician,5,4,0,1,0,4,0,0,0,0,4,3,1
KD-153-R6,Environmental Health Officer,1,1,0,0,0,1,0,0,0,0,1,1,0
KD-154-R1,Medical Officer,0,0,0,0,0,0,0,0,0,0,0,0,0
KD-154-R1,Nurse/Midwife,5,3,0,2,0,3,0,0,0,0,3,2,1
KD-154-R1,CHO,0,0,0,0,0,0,0,0,0,0,0,0,0
KD-154-R1,CHEW,8,5,1,1,1,5,0,0,0,0,4,3,2
KD-154-R1,JCHEW,4,3,1,0,0,3,0,0,0,0,4,3,0
KD-154-R1,Medical Lab Technician,2,0,0,2,0,0,0,0,0,0,2,0,0
KD-154-R1,Medical Records Officer,1,0,1,0,0,0,0,0,0,0,0,0,0
KD-154-R1,Pharmacy Technician,3,0,0,2,1,0,0,0,0,0,2,0,0
KD-154-R1,Environmental Health Officer,0,0,0,0,0,0,0,0,0,0,0,0,0
KD-154-R2,Medical Officer,0,0,0,0,0,0,0,0,0,0,0,0,0
KD-154-R2,Nurse/Midwife,5,3,0,2,0,3,0,0,0,0,3,1,2
KD-154-R2,CHO,0,0,0,0,0,0,0,0,0,0,0,0,0
KD-154-R2,CHEW,8,5,1,1,1,5,0,0,0,0,8,5,0
KD-154-R2,JCHEW,4,3,1,0,0,2,0,0,0,1,1,1,1
KD-154-R2,Medical Lab Technician,2,0,0,2,0,0,0,0,0,0,2,0,0
KD-154-R2,Medical Records Officer,1,0,1,0,0,0,0,0,0,0,1,0,0
KD-154-R2,Pharmacy Technician,3,0,0,2,1,0,0,0,0,0,3,0,0
KD-154-R2,Environmental Health Officer,0,0,0,0,0,0,0,0,0,0,0,0,0
KD-154-R3,Medical Officer,0,0,0,0,0,0,0,0,0,0,0,0,0
KD-154-R3,Nurse/Midwife,5,3,0,2,0,3,0,0,0,0,3,2,1
KD-154-R3,CHO,0,0,0,0,0,0,0,0,0,0,0,0,0
KD-154-R3,CHEW,8,5,1,1,1,5,0,0,0,0,6,3,2
KD-154-R3,JCHEW,4,3,1,0,0,3,0,0,0,0,3,3,0
KD-154-R3,Medical Lab Technician,2,0,0,2,0,0,0,0,0,0,2,0,0
KD-154-R3,Medical Records Officer,1,0,1,0,0,0,0,0,0,0,1,0,0
KD-154-R3,Pharmacy Technician,3,0,0,2,1,0,0,0,0,0,3,0,0
KD-154-R3,Environmental Health Officer,0,0,0,0,0,0,0,0,0,0,0,0,0
KD-154-R4,Medical Officer,0,0,0,0,0,0,0,0,0,0,0,0,0
KD-154-R4,Nurse/Midwife,5,3,0,2,0,2,0,0,0,1,1,0,2
KD-154-R4,CHO,0,0,0,0,0,0,0,0,0,0,0,0,0
KD-154-R4,CHEW,8,5,1,1,1,5,0,0,0,0,4,3,2
KD-154-R4,JCHEW,4,3,1,0,0,3,0,0,0,0,3,2,1
KD-154-R4,Medical Lab Technician,2,0,0,2,0,0,0,0,0,0,1,0,0
KD-154-R4,Medical Records Officer,1,0,1,0,0,0,0,0,0,0,0,0,0
KD-154-R4,Pharmacy Technician,3,0,0,2,1,0,0,0,0,0,0,0,0
KD-154-R4,Environmental Health Officer,0,0,0,0,0,0,0,0,0,0,0,0,0
KD-154-R5,Medical Officer,0,0,0,0,0,0,0,0,0,0,0,0,0
KD-154-R5,Nurse/Midwife,5,3,0,2,0,2,0,0,1,0,3,2,0
KD-154-R5,CHO,0,0,0,0,0,0,0,0,0,0,0,0,0
KD-154-R5,CHEW,8,5,1,1,1,5,0,0,0,0,6,5,0
KD-154-R5,JCHEW,4,3,1,0,0,2,0,0,0,1,3,2,0
KD-154-R5,Medical Lab Technician,2,0,0,2,0,0,0,0,0,0,1,0,0
KD-154-R5,Medical Records Officer,1,0,1,0,0,0,0,0,0,0,1,0,0
KD-154-R5,Pharmacy Technician,3,0,0,2,1,0,0,0,0,0,3,0,0
KD-154-R5,Environmental Health Officer,0,0,0,0,0,0,0,0,0,0,0,0,0
KD-154-R6,Medical Officer,0,0,0,0,0,0,0,0,0,0,0,0,0
KD-154-R6,Nurse/Midwife,5,3,0,2,0,3,0,0,0,0,5,3,0
KD-154-R6,CHO,0,0,0,0,0,0,0,0,0,0,0,0,0
KD-154-R6,CHEW,8,5,1,1,1,5,0,0,0,0,6,5,0
KD-154-R6,JCHEW,4,3,1,0,0,3,0,0,0,0,0,0,3
KD-154-R6,Medical Lab Technician,2,0,0,2,0,0,0,0,0,0,2,0,0
KD-154-R6,Medical Records Officer,1,0,1,0,0,0,0,0,0,0,0,0,0
KD-154-R6,Pharmacy Technician,3,0,0,2,1,0,0,0,0,0,3,0,0
KD-154-R6,Environmental Health Officer,0,0,0,0,0,0,0,0,0,0,0,0,0
KD-155-R1,Medical Officer,3,2,0,0,1,1,0,0,0,1,2,1,0
KD-155-R1,Nurse/Midwife,2,2,0,0,0,2,0,0,0,0,2,2,0
KD-155-R1,CHO,2,2,0,0,0,2,0,0,0,0,2,2,0
KD-155-R1,CHEW,16,13,2,1,0,6,3,3,1,0,13,10,2
KD-155-R1,JCHEW,9,3,1,2,3,2,0,1,0,0,9,3,0
KD-155-R1,Medical Lab Technician,5,4,0,1,0,2,1,1,0,0,5,4,0
KD-155-R1,Medical Records Officer,2,1,0,0,1,0,0,0,1,0,1,0,0
KD-155-R1,Pharmacy Technician,4,3,1,0,0,2,0,1,0,0,3,3,0
KD-155-R1,Environmental Health Officer,0,0,0,0,0,0,0,0,0,0,0,0,0
KD-155-R2,Medical Officer,3,2,0,0,1,1,0,0,1,0,2,1,0
KD-155-R2,Nurse/Midwife,2,2,0,0,0,2,0,0,0,0,2,2,0
KD-155-R2,CHO,2,2,0,0,0,2,0,0,0,0,1,1,1
KD-155-R2,CHEW,16,13,2,1,0,5,2,2,3,1,9,7,2
KD-155-R2,JCHEW,9,3,1,2,3,2,0,1,0,0,9,3,0
KD-155-R2,Medical Lab Technician,5,4,0,1,0,2,0,1,1,0,3,2,1
KD-155-R2,Medical Records Officer,2,1,0,0,1,1,0,0,0,0,2,1,0
KD-155-R2,Pharmacy Technician,4,3,1,0,0,2,0,1,0,0,3,2,1
KD-155-R2,Environmental Health Officer,0,0,0,0,0,0,0,0,0,0,0,0,0
KD-155-R3,Medical Officer,3,2,0,0,1,1,0,0,1,0,1,1,0
KD-155-R3,Nurse/Midwife,2,2,0,0,0,2,0,0,0,0,1,1,1
KD-155-R3,CHO,2,2,0,0,0,1,0,0,1,0,1,1,0
KD-155-R3,CHEW,16,13,2,1,0,6,3,3,0,1,10,8,4
KD-155-R3,JCHEW,9,3,1,2,3,2,0,1,0,0,5,1,2
KD-155-R3,Medical Lab Technician,5,4,0,1,0,2,1,1,0,0,2,2,2
KD-155-R3,Medical Records Officer,2,1,0,0,1,1,0,0,0,0,1,1,0
KD-155-R3,Pharmacy Technician,4,3,1,0,0,2,0,1,0,0,2,2,1
KD-155-R3,Environmental Health Officer,0,0,0,0,0,0,0,0,0,0,0,0,0
KD-155-R4,Medical Officer,3,2,0,0,1,2,0,0,0,0,0,0,2
KD-155-R4,Nurse/Midwife,2,2,0,0,0,2,0,0,0,0,1,1,1
KD-155-R4,CHO,2,2,0,0,0,2,0,0,0,0,1,1,1
KD-155-R4,CHEW,16,13,2,1,0,6,3,2,1,1,6,4,7
KD-155-R4,JCHEW,9,3,1,2,3,2,0,1,0,0,4,2,1
KD-155-R4,Medical Lab Technician,5,4,0,1,0,2,1,1,0,0,4,4,0
KD-155-R4,Medical Records Officer,2,1,0,0,1,1,0,0,0,0,1,1,0
KD-155-R4,Pharmacy Technician,4,3,1,0,0,1,0,0,0,2,1,0,1
KD-155-R4,Environmental Health Officer,0,0,0,0,0,0,0,0,0,0,0,0,0
KD-155-R5,Medical Officer,3,2,0,0,1,2,0,0,0,0,2,1,1
KD-155-R5,Nurse/Midwife,2,2,0,0,0,1,0,0,1,0,1,1,0
KD-155-R5,CHO,2,2,0,0,0,2,0,0,0,0,1,1,1
KD-155-R5,CHEW,16,13,2,1,0,6,3,2,1,1,9,6,5
KD-155-R5,JCHEW,9,3,1,2,3,2,0,1,0,0,7,2,1
KD-155-R5,Medical Lab Technician,5,4,0,1,0,2,0,0,2,0,3,2,0
KD-155-R5,Medical Records Officer,2,1,0,0,1,1,0,0,0,0,0,0,1
KD-155-R5,Pharmacy Technician,4,3,1,0,0,2,0,1,0,0,1,1,2
KD-155-R5,Environmental Health Officer,0,0,0,0,0,0,0,0,0,0,0,0,0
KD-155-R6,Medical Officer,3,2,0,0,1,1,0,0,1,0,2,1,0
KD-155-R6,Nurse/Midwife,2,2,0,0,0,1,0,0,1,0,1,1,0
KD-155-R6,CHO,2,2,0,0,0,2,0,0,0,0,2,2,0
KD-155-R6,CHEW,16,13,2,1,0,6,3,2,1,1,10,7,4
KD-155-R6,JCHEW,9,3,1,2,3,2,0,1,0,0,7,2,1
KD-155-R6,Medical Lab Technician,5,4,0,1,0,2,0,1,1,0,3,2,1
KD-155-R6,Medical Records Officer,2,1,0,0,1,1,0,0,0,0,2,1,0
KD-155-R6,Pharmacy Technician,4,3,1,0,0,1,0,0,2,0,1,0,1
KD-155-R6,Environmental Health Officer,0,0,0,0,0,0,0,0,0,0,0,0,0
KD-156-R1,Medical Officer,6,6,0,0,0,3,1,2,0,0,6,6,0
KD-156-R1,Nurse/Midwife,25,21,4,0,0,10,6,4,1,0,19,15,5
KD-156-R1,CHO,5,2,3,0,0,2,0,0,0,0,4,1,1
KD-156-R1,CHEW,9,6,1,0,2,3,1,1,1,0,8,5,0
KD-156-R1,JCHEW,2,0,2,0,0,0,0,0,0,0,2,0,0
KD-156-R1,Medical Lab Technician,6,6,0,0,0,3,1,1,1,0,5,5,0
KD-156-R1,Medical Records Officer,6,5,0,0,1,2,1,1,1,0,3,2,2
KD-156-R1,Pharmacy Technician,5,4,0,1,0,2,0,0,2,0,1,1,1
KD-156-R1,Environmental Health Officer,3,3,0,0,0,2,0,0,0,1,1,1,1
KD-156-R2,Medical Officer,6,6,0,0,0,2,0,1,3,0,3,3,0
KD-156-R2,Nurse/Midwife,25,21,4,0,0,9,5,3,3,1,18,14,3
KD-156-R2,CHO,5,2,3,0,0,1,0,0,1,0,2,1,0
KD-156-R2,CHEW,9,6,1,0,2,3,1,1,0,1,7,5,0
KD-156-R2,JCHEW,2,0,2,0,0,0,0,0,0,0,2,0,0
KD-156-R2,Medical Lab Technician,6,6,0,0,0,3,1,2,0,0,5,5,1
KD-156-R2,Medical Records Officer,6,5,0,0,1,3,1,1,0,0,5,5,0
KD-156-R2,Pharmacy Technician,5,4,0,1,0,2,0,1,0,1,2,2,1
KD-156-R2,Environmental Health Officer,3,3,0,0,0,2,0,1,0,0,1,1,2
KD-156-R3,Medical Officer,6,6,0,0,0,3,1,2,0,0,6,6,0
KD-156-R3,Nurse/Midwife,25,21,4,0,0,9,5,4,3,0,20,17,1
KD-156-R3,CHO,5,2,3,0,0,1,0,0,0,1,4,1,0
KD-156-R3,CHEW,9,6,1,0,2,3,1,1,1,0,5,3,2
KD-156-R3,JCHEW,2,0,2,0,0,0,0,0,0,0,0,0,0
KD-156-R3,Medical Lab Technician,6,6,0,0,0,2,0,1,2,1,3,3,0
KD-156-R3,Medical Records Officer,6,5,0,0,1,2,0,0,3,0,3,2,0
KD-156-R3,Pharmacy Technician,5,4,0,1,0,2,1,1,0,0,4,3,1
KD-156-R3,Environmental Health Officer,3,3,0,0,0,2,0,0,1,0,1,1,1
KD-156-R4,Medical Officer,6,6,0,0,0,3,1,2,0,0,4,4,2
KD-156-R4,Nurse/Midwife,25,21,4,0,0,10,5,4,2,0,19,15,4
KD-156-R4,CHO,5,2,3,0,0,2,0,0,0,0,4,2,0
KD-156-R4,CHEW,9,6,1,0,2,3,1,2,0,0,5,4,2
KD-156-R4,JCHEW,2,0,2,0,0,0,0,0,0,0,1,0,0
KD-156-R4,Medical Lab Technician,6,6,0,0,0,3,1,1,1,0,1,1,4
KD-156-R4,Medical Records Officer,6,5,0,0,1,2,1,1,0,1,3,3,1
KD-156-R4,Pharmacy Technician,5,4,0,1,0,2,0,0,1,1,3,2,0
KD-156-R4,Environmental Health Officer,3,3,0,0,0,2,0,0,1,0,1,1,1
KD-156-R5,Medical Officer,6,6,0,0,0,3,1,2,0,0,5,5,1
KD-156-R5,Nurse/Midwife,25,21,4,0,0,9,5,3,3,1,15,13,4
KD-156-R5,CHO,5,2,3,0,0,2,0,0,0,0,4,2,0
KD-156-R5,CHEW,9,6,1,0,2,3,1,1,1,0,6,3,2
KD-156-R5,JCHEW,2,0,2,0,0,0,0,0,0,0,1,0,0
KD-156-R5,Medical Lab Technician,6,6,0,0,0,3,1,1,1,0,4,4,1
KD-156-R5,Medical Records Officer,6,5,0,0,1,2,0,1,1,1,3,2,1
KD-156-R5,Pharmacy Technician,5,4,0,1,0,2,1,1,0,0,4,4,0
KD-156-R5,Environmental Health Officer,3,3,0,0,0,2,0,0,1,0,2,2,0
KD-156-R6,Medical Officer,6,6,0,0,0,3,1,2,0,0,4,4,2
KD-156-R6,Nurse/Midwife,25,21,4,0,0,10,5,4,2,0,16,14,5
KD-156-R6,CHO,5,2,3,0,0,1,0,0,1,0,4,1,0
KD-156-R6,CHEW,9,6,1,0,2,3,1,2,0,0,3,2,4
KD-156-R6,JCHEW,2,0,2,0,0,0,0,0,0,0,1,0,0
KD-156-R6,Medical Lab Technician,6,6,0,0,0,3,1,2,0,0,5,5,1
KD-156-R6,Medical Records Officer,6,5,0,0,1,2,1,1,1,0,3,3,1
KD-156-R6,Pharmacy Technician,5,4,0,1,0,2,1,1,0,0,3,2,2
KD-156-R6,Environmental Health Officer,3,3,0,0,0,2,0,1,0,0,3,3,0
KD-157-R1,Medical Officer,0,0,0,0,0,0,0,0,0,0,0,0,0
KD-157-R1,Nurse/Midwife,5,5,0,0,0,5,0,0,0,0,4,4,1
KD-157-R1,CHO,3,2,1,0,0,2,0,0,0,0,3,2,0
KD-157-R1,CHEW,10,5,2,1,2,5,0,0,0,0,8,5,0
KD-157-R1,JCHEW,1,1,0,0,0,1,0,0,0,0,1,1,0
KD-157-R1,Medical Lab Technician,7,4,1,2,0,4,0,0,0,0,6,3,1
KD-157-R1,Medical Records Officer,1,1,0,0,0,1,0,0,0,0,1,1,0
KD-157-R1,Pharmacy Technician,2,2,0,0,0,2,0,0,0,0,2,2,0
KD-157-R1,Environmental Health Officer,1,1,0,0,0,1,0,0,0,0,1,1,0
KD-157-R2,Medical Officer,0,0,0,0,0,0,0,0,0,0,0,0,0
KD-157-R2,Nurse/Midwife,5,5,0,0,0,5,0,0,0,0,5,5,0
KD-157-R2,CHO,3,2,1,0,0,2,0,0,0,0,3,2,0
KD-157-R2,CHEW,10,5,2,1,2,4,0,0,0,1,6,3,1
KD-157-R2,JCHEW,1,1,0,0,0,1,0,0,0,0,1,1,0
KD-157-R2,Medical Lab Technician,7,4,1,2,0,3,0,0,1,0,6,3,0
KD-157-R2,Medical Records Officer,1,1,0,0,0,1,0,0,0,0,1,1,0
KD-157-R2,Pharmacy Technician,2,2,0,0,0,2,0,0,0,0,2,2,0
KD-157-R2,Environmental Health Officer,1,1,0,0,0,1,0,0,0,0,1,1,0
KD-157-R3,Medical Officer,0,0,0,0,0,0,0,0,0,0,0,0,0
KD-157-R3,Nurse/Midwife,5,5,0,0,0,5,0,0,0,0,3,3,2
KD-157-R3,CHO,3,2,1,0,0,2,0,0,0,0,2,2,0
KD-157-R3,CHEW,10,5,2,1,2,4,0,0,0,1,7,4,0
KD-157-R3,JCHEW,1,1,0,0,0,1,0,0,0,0,1,1,0
KD-157-R3,Medical Lab Technician,7,4,1,2,0,2,0,0,2,0,4,2,0
KD-157-R3,Medical Records Officer,1,1,0,0,0,1,0,0,0,0,1,1,0
KD-157-R3,Pharmacy Technician,2,2,0,0,0,2,0,0,0,0,2,2,0
KD-157-R3,Environmental Health Officer,1,1,0,0,0,1,0,0,0,0,0,0,1
KD-157-R4,Medical Officer,0,0,0,0,0,0,0,0,0,0,0,0,0
KD-157-R4,Nurse/Midwife,5,5,0,0,0,5,0,0,0,0,5,5,0
KD-157-R4,CHO,3,2,1,0,0,2,0,0,0,0,1,1,1
KD-157-R4,CHEW,10,5,2,1,2,5,0,0,0,0,4,2,3
KD-157-R4,JCHEW,1,1,0,0,0,1,0,0,0,0,1,1,0
KD-157-R4,Medical Lab Technician,7,4,1,2,0,3,0,0,1,0,3,2,1
KD-157-R4,Medical Records Officer,1,1,0,0,0,1,0,0,0,0,1,1,0
KD-157-R4,Pharmacy Technician,2,2,0,0,0,2,0,0,0,0,2,2,0
KD-157-R4,Environmental Health Officer,1,1,0,0,0,1,0,0,0,0,1,1,0
KD-157-R5,Medical Officer,0,0,0,0,0,0,0,0,0,0,0,0,0
KD-157-R5,Nurse/Midwife,5,5,0,0,0,4,0,0,0,1,4,4,0
KD-157-R5,CHO,3,2,1,0,0,2,0,0,0,0,3,2,0
KD-157-R5,CHEW,10,5,2,1,2,4,0,0,1,0,9,4,0
KD-157-R5,JCHEW,1,1,0,0,0,1,0,0,0,0,1,1,0
KD-157-R5,Medical Lab Technician,7,4,1,2,0,3,0,0,1,0,5,2,1
KD-157-R5,Medical Records Officer,1,1,0,0,0,1,0,0,0,0,1,1,0
KD-157-R5,Pharmacy Technician,2,2,0,0,0,1,0,0,0,1,1,1,0
KD-157-R5,Environmental Health Officer,1,1,0,0,0,1,0,0,0,0,1,1,0
KD-157-R6,Medical Officer,0,0,0,0,0,0,0,0,0,0,0,0,0
KD-157-R6,Nurse/Midwife,5,5,0,0,0,4,0,0,0,1,4,4,0
KD-157-R6,CHO,3,2,1,0,0,2,0,0,0,0,2,2,0
KD-157-R6,CHEW,10,5,2,1,2,5,0,0,0,0,8,3,2
KD-157-R6,JCHEW,1,1,0,0,0,1,0,0,0,0,1,1,0
KD-157-R6,Medical Lab Technician,7,4,1,2,0,4,0,0,0,0,4,3,1
KD-157-R6,Medical Records Officer,1,1,0,0,0,0,0,0,1,0,0,0,0
KD-157-R6,Pharmacy Technician,2,2,0,0,0,2,0,0,0,0,0,0,2
KD-157-R6,Environmental Health Officer,1,1,0,0,0,1,0,0,0,0,1,1,0
KD-158-R1,Medical Officer,0,0,0,0,0,0,0,0,0,0,0,0,0
KD-158-R1,Nurse/Midwife,2,0,1,1,0,0,0,0,0,0,0,0,0
KD-158-R1,CHO,3,3,0,0,0,3,0,0,0,0,2,2,1
KD-158-R1,CHEW,2,1,0,0,1,1,0,0,0,0,2,1,0
KD-158-R1,JCHEW,3,1,0,0,2,1,0,0,0,0,3,1,0
KD-158-R1,Medical Lab Technician,1,1,0,0,0,1,0,0,0,0,0,0,1
KD-158-R1,Medical Records Officer,2,1,0,0,1,1,0,0,0,0,1,1,0
KD-158-R1,Pharmacy Technician,2,1,1,0,0,1,0,0,0,0,1,1,0
KD-158-R1,Environmental Health Officer,1,1,0,0,0,1,0,0,0,0,0,0,1
KD-158-R2,Medical Officer,0,0,0,0,0,0,0,0,0,0,0,0,0
KD-158-R2,Nurse/Midwife,2,0,1,1,0,0,0,0,0,0,1,0,0
KD-158-R2,CHO,3,3,0,0,0,3,0,0,0,0,2,2,1
KD-158-R2,CHEW,2,1,0,0,1,1,0,0,0,0,2,1,0
KD-158-R2,JCHEW,3,1,0,0,2,1,0,0,0,0,3,1,0
KD-158-R2,Medical Lab Technician,1,1,0,0,0,1,0,0,0,0,1,1,0
KD-158-R2,Medical Records Officer,2,1,0,0,1,1,0,0,0,0,1,1,0
KD-158-R2,Pharmacy Technician,2,1,1,0,0,1,0,0,0,0,2,1,0
KD-158-R2,Environmental Health Officer,1,1,0,0,0,1,0,0,0,0,0,0,1
KD-158-R3,Medical Officer,0,0,0,0,0,0,0,0,0,0,0,0,0
KD-158-R3,Nurse/Midwife,2,0,1,1,0,0,0,0,0,0,1,0,0
KD-158-R3,CHO,3,3,0,0,0,3,0,0,0,0,2,2,1
KD-158-R3,CHEW,2,1,0,0,1,1,0,0,0,0,1,1,0
KD-158-R3,JCHEW,3,1,0,0,2,1,0,0,0,0,3,1,0
KD-158-R3,Medical Lab Technician,1,1,0,0,0,1,0,0,0,0,0,0,1
KD-158-R3,Medical Records Officer,2,1,0,0,1,1,0,0,0,0,2,1,0
KD-158-R3,Pharmacy Technician,2,1,1,0,0,1,0,0,0,0,1,1,0
KD-158-R3,Environmental Health Officer,1,1,0,0,0,1,0,0,0,0,1,1,0
KD-158-R4,Medical Officer,0,0,0,0,0,0,0,0,0,0,0,0,0
KD-158-R4,Nurse/Midwife,2,0,1,1,0,0,0,0,0,0,1,0,0
KD-158-R4,CHO,3,3,0,0,0,3,0,0,0,0,3,3,0
KD-158-R4,CHEW,2,1,0,0,1,1,0,0,0,0,1,0,1
KD-158-R4,JCHEW,3,1,0,0,2,0,0,0,1,0,1,0,0
KD-158-R4,Medical Lab Technician,1,1,0,0,0,1,0,0,0,0,0,0,1
KD-158-R4,Medical Records Officer,2,1,0,0,1,1,0,0,0,0,1,1,0
KD-158-R4,Pharmacy Technician,2,1,1,0,0,1,0,0,0,0,2,1,0
KD-158-R4,Environmental Health Officer,1,1,0,0,0,1,0,0,0,0,0,0,1
KD-158-R5,Medical Officer,0,0,0,0,0,0,0,0,0,0,0,0,0
KD-158-R5,Nurse/Midwife,2,0,1,1,0,0,0,0,0,0,0,0,0
KD-158-R5,CHO,3,3,0,0,0,3,0,0,0,0,2,2,1
KD-158-R5,CHEW,2,1,0,0,1,1,0,0,0,0,1,0,1
KD-158-R5,JCHEW,3,1,0,0,2,1,0,0,0,0,0,0,1
KD-158-R5,Medical Lab Technician,1,1,0,0,0,1,0,0,0,0,0,0,1
KD-158-R5,Medical Records Officer,2,1,0,0,1,1,0,0,0,0,1,0,1
KD-158-R5,Pharmacy Technician,2,1,1,0,0,1,0,0,0,0,1,1,0
KD-158-R5,Environmental Health Officer,1,1,0,0,0,1,0,0,0,0,1,1,0
KD-158-R6,Medical Officer,0,0,0,0,0,0,0,0,0,0,0,0,0
KD-158-R6,Nurse/Midwife,2,0,1,1,0,0,0,0,0,0,1,0,0
KD-158-R6,CHO,3,3,0,0,0,3,0,0,0,0,1,1,2
KD-158-R6,CHEW,2,1,0,0,1,1,0,0,0,0,2,1,0
KD-158-R6,JCHEW,3,1,0,0,2,1,0,0,0,0,1,1,0
KD-158-R6,Medical Lab Technician,1,1,0,0,0,1,0,0,0,0,1,1,0
KD-158-R6,Medical Records Officer,2,1,0,0,1,1,0,0,0,0,1,1,0
KD-158-R6,Pharmacy Technician,2,1,1,0,0,1,0,0,0,0,2,1,0
KD-158-R6,Environmental Health Officer,1,1,0,0,0,1,0,0,0,0,1,1,0
KD-159-R1,Medical Officer,4,4,0,0,0,4,0,0,0,0,4,4,0
KD-159-R1,Nurse/Midwife,26,23,2,1,0,19,0,0,1,3,20,18,1
KD-159-R1,CHO,6,5,1,0,0,4,0,0,1,0,4,3,1
KD-159-R1,CHEW,5,2,1,1,1,2,0,0,0,0,4,2,0
KD-159-R1,JCHEW,7,5,1,1,0,5,0,0,0,0,7,5,0
KD-159-R1,Medical Lab Technician,10,8,0,2,0,8,0,0,0,0,10,8,0
KD-159-R1,Medical Records Officer,8,5,0,0,3,3,0,0,0,2,5,3,0
KD-159-R1,Pharmacy Technician,6,6,0,0,0,5,0,0,0,1,5,5,0
KD-159-R1,Environmental Health Officer,4,4,0,0,0,3,0,0,0,1,3,3,0
KD-159-R2,Medical Officer,4,4,0,0,0,4,0,0,0,0,4,4,0
KD-159-R2,Nurse/Midwife,26,23,2,1,0,20,0,0,2,1,19,16,4
KD-159-R2,CHO,6,5,1,0,0,4,0,0,0,1,1,1,3
KD-159-R2,CHEW,5,2,1,1,1,2,0,0,0,0,5,2,0
KD-159-R2,JCHEW,7,5,1,1,0,5,0,0,0,0,5,4,1
KD-159-R2,Medical Lab Technician,10,8,0,2,0,8,0,0,0,0,7,5,3
KD-159-R2,Medical Records Officer,8,5,0,0,3,4,0,0,1,0,7,4,0
KD-159-R2,Pharmacy Technician,6,6,0,0,0,4,0,0,0,2,4,4,0
KD-159-R2,Environmental Health Officer,4,4,0,0,0,4,0,0,0,0,2,2,2
KD-159-R3,Medical Officer,4,4,0,0,0,4,0,0,0,0,2,2,2
KD-159-R3,Nurse/Midwife,26,23,2,1,0,21,0,0,2,0,16,13,8
KD-159-R3,CHO,6,5,1,0,0,4,0,0,0,1,4,4,0
KD-159-R3,CHEW,5,2,1,1,1,2,0,0,0,0,3,2,0
KD-159-R3,JCHEW,7,5,1,1,0,5,0,0,0,0,5,4,1
KD-159-R3,Medical Lab Technician,10,8,0,2,0,7,0,0,1,0,8,6,1
KD-159-R3,Medical Records Officer,8,5,0,0,3,4,0,0,0,1,4,3,1
KD-159-R3,Pharmacy Technician,6,6,0,0,0,6,0,0,0,0,5,5,1
KD-159-R3,Environmental Health Officer,4,4,0,0,0,4,0,0,0,0,4,4,0
KD-159-R4,Medical Officer,4,4,0,0,0,4,0,0,0,0,3,3,1
KD-159-R4,Nurse/Midwife,26,23,2,1,0,21,0,0,2,0,20,17,4
KD-159-R4,CHO,6,5,1,0,0,4,0,0,0,1,3,2,2
KD-159-R4,CHEW,5,2,1,1,1,2,0,0,0,0,4,2,0
KD-159-R4,JCHEW,7,5,1,1,0,4,0,0,0,1,4,2,2
KD-159-R4,Medical Lab Technician,10,8,0,2,0,8,0,0,0,0,4,3,5
KD-159-R4,Medical Records Officer,8,5,0,0,3,5,0,0,0,0,6,3,2
KD-159-R4,Pharmacy Technician,6,6,0,0,0,6,0,0,0,0,4,4,2
KD-159-R4,Environmental Health Officer,4,4,0,0,0,4,0,0,0,0,4,4,0
KD-159-R5,Medical Officer,4,4,0,0,0,3,0,0,0,1,2,2,1
KD-159-R5,Nurse/Midwife,26,23,2,1,0,20,0,0,1,2,21,18,2
KD-159-R5,CHO,6,5,1,0,0,5,0,0,0,0,4,4,1
KD-159-R5,CHEW,5,2,1,1,1,2,0,0,0,0,4,2,0
KD-159-R5,JCHEW,7,5,1,1,0,5,0,0,0,0,7,5,0
KD-159-R5,Medical Lab Technician,10,8,0,2,0,8,0,0,0,0,8,7,1
KD-159-R5,Medical Records Officer,8,5,0,0,3,5,0,0,0,0,7,5,0
KD-159-R5,Pharmacy Technician,6,6,0,0,0,6,0,0,0,0,6,6,0
KD-159-R5,Environmental Health Officer,4,4,0,0,0,2,0,0,1,1,2,2,0
KD-159-R6,Medical Officer,4,4,0,0,0,4,0,0,0,0,3,3,1
KD-159-R6,Nurse/Midwife,26,23,2,1,0,22,0,0,0,1,21,18,4
KD-159-R6,CHO,6,5,1,0,0,5,0,0,0,0,6,5,0
KD-159-R6,CHEW,5,2,1,1,1,2,0,0,0,0,4,2,0
KD-159-R6,JCHEW,7,5,1,1,0,5,0,0,0,0,7,5,0
KD-159-R6,Medical Lab Technician,10,8,0,2,0,8,0,0,0,0,9,7,1
KD-159-R6,Medical Records Officer,8,5,0,0,3,5,0,0,0,0,6,5,0
KD-159-R6,Pharmacy Technician,6,6,0,0,0,6,0,0,0,0,6,6,0
KD-159-R6,Environmental Health Officer,4,4,0,0,0,4,0,0,0,0,3,3,1
KD-160-R1,Medical Officer,2,2,0,0,0,2,0,0,0,0,2,2,0
KD-160-R1,Nurse/Midwife,4,4,0,0,0,3,0,0,0,1,3,3,0
KD-160-R1,CHO,4,3,1,0,0,3,0,0,0,0,2,2,1
KD-160-R1,CHEW,11,7,1,0,3,7,0,0,0,0,10,7,0
KD-160-R1,JCHEW,5,4,0,1,0,3,0,0,0,1,3,2,1
KD-160-R1,Medical Lab Technician,2,2,0,0,0,2,0,0,0,0,2,2,0
KD-160-R1,Medical Records Officer,3,2,0,0,1,2,0,0,0,0,3,2,0
KD-160-R1,Pharmacy Technician,0,0,0,0,0,0,0,0,0,0,0,0,0
KD-160-R1,Environmental Health Officer,0,0,0,0,0,0,0,0,0,0,0,0,0
KD-160-R2,Medical Officer,2,2,0,0,0,2,0,0,0,0,1,1,1
KD-160-R2,Nurse/Midwife,4,4,0,0,0,4,0,0,0,0,3,3,1
KD-160-R2,CHO,4,3,1,0,0,3,0,0,0,0,4,3,0
KD-160-R2,CHEW,11,7,1,0,3,7,0,0,0,0,10,7,0
KD-160-R2,JCHEW,5,4,0,1,0,4,0,0,0,0,4,3,1
KD-160-R2,Medical Lab Technician,2,2,0,0,0,1,0,0,0,1,1,1,0
KD-160-R2,Medical Records Officer,3,2,0,0,1,1,0,0,1,0,2,1,0
KD-160-R2,Pharmacy Technician,0,0,0,0,0,0,0,0,0,0,0,0,0
KD-160-R2,Environmental Health Officer,0,0,0,0,0,0,0,0,0,0,0,0,0
KD-160-R3,Medical Officer,2,2,0,0,0,2,0,0,0,0,2,2,0
KD-160-R3,Nurse/Midwife,4,4,0,0,0,4,0,0,0,0,2,2,2
KD-160-R3,CHO,4,3,1,0,0,2,0,0,0,1,2,1,1
KD-160-R3,CHEW,11,7,1,0,3,7,0,0,0,0,8,5,2
KD-160-R3,JCHEW,5,4,0,1,0,4,0,0,0,0,3,3,1
KD-160-R3,Medical Lab Technician,2,2,0,0,0,1,0,0,1,0,1,1,0
KD-160-R3,Medical Records Officer,3,2,0,0,1,1,0,0,0,1,2,1,0
KD-160-R3,Pharmacy Technician,0,0,0,0,0,0,0,0,0,0,0,0,0
KD-160-R3,Environmental Health Officer,0,0,0,0,0,0,0,0,0,0,0,0,0
KD-160-R4,Medical Officer,2,2,0,0,0,2,0,0,0,0,2,2,0
KD-160-R4,Nurse/Midwife,4,4,0,0,0,3,0,0,0,1,3,3,0
KD-160-R4,CHO,4,3,1,0,0,2,0,0,1,0,2,1,1
KD-160-R4,CHEW,11,7,1,0,3,7,0,0,0,0,8,6,1
KD-160-R4,JCHEW,5,4,0,1,0,4,0,0,0,0,4,3,1
KD-160-R4,Medical Lab Technician,2,2,0,0,0,2,0,0,0,0,1,1,1
KD-160-R4,Medical Records Officer,3,2,0,0,1,1,0,0,1,0,0,0,1
KD-160-R4,Pharmacy Technician,0,0,0,0,0,0,0,0,0,0,0,0,0
KD-160-R4,Environmental Health Officer,0,0,0,0,0,0,0,0,0,0,0,0,0
KD-160-R5,Medical Officer,2,2,0,0,0,2,0,0,0,0,2,2,0
KD-160-R5,Nurse/Midwife,4,4,0,0,0,3,0,0,1,0,3,3,0
KD-160-R5,CHO,4,3,1,0,0,3,0,0,0,0,3,2,1
KD-160-R5,CHEW,11,7,1,0,3,6,0,0,1,0,8,5,1
KD-160-R5,JCHEW,5,4,0,1,0,4,0,0,0,0,4,3,1
KD-160-R5,Medical Lab Technician,2,2,0,0,0,2,0,0,0,0,2,2,0
KD-160-R5,Medical Records Officer,3,2,0,0,1,1,0,0,0,1,2,1,0
KD-160-R5,Pharmacy Technician,0,0,0,0,0,0,0,0,0,0,0,0,0
KD-160-R5,Environmental Health Officer,0,0,0,0,0,0,0,0,0,0,0,0,0
KD-160-R6,Medical Officer,2,2,0,0,0,2,0,0,0,0,2,2,0
KD-160-R6,Nurse/Midwife,4,4,0,0,0,3,0,0,0,1,3,3,0
KD-160-R6,CHO,4,3,1,0,0,3,0,0,0,0,3,3,0
KD-160-R6,CHEW,11,7,1,0,3,6,0,0,0,1,7,5,1
KD-160-R6,JCHEW,5,4,0,1,0,4,0,0,0,0,5,4,0
KD-160-R6,Medical Lab Technician,2,2,0,0,0,2,0,0,0,0,2,2,0
KD-160-R6,Medical Records Officer,3,2,0,0,1,2,0,0,0,0,2,2,0
KD-160-R6,Pharmacy Technician,0,0,0,0,0,0,0,0,0,0,0,0,0
KD-160-R6,Environmental Health Officer,0,0,0,0,0,0,0,0,0,0,0,0,0
KD-161-R1,Medical Officer,1,1,0,0,0,1,0,0,0,0,0,0,1
KD-161-R1,Nurse/Midwife,4,2,2,0,0,2,0,0,0,0,3,1,1
KD-161-R1,CHO,0,0,0,0,0,0,0,0,0,0,0,0,0
KD-161-R1,CHEW,6,3,0,2,1,2,0,0,0,1,4,2,0
KD-161-R1,JCHEW,5,3,2,0,0,3,0,0,0,0,4,3,0
KD-161-R1,Medical Lab Technician,1,1,0,0,0,1,0,0,0,0,1,1,0
KD-161-R1,Medical Records Officer,0,0,0,0,0,0,0,0,0,0,0,0,0
KD-161-R1,Pharmacy Technician,1,1,0,0,0,1,0,0,0,0,1,1,0
KD-161-R1,Environmental Health Officer,0,0,0,0,0,0,0,0,0,0,0,0,0
KD-161-R2,Medical Officer,1,1,0,0,0,1,0,0,0,0,1,1,0
KD-161-R2,Nurse/Midwife,4,2,2,0,0,2,0,0,0,0,4,2,0
KD-161-R2,CHO,0,0,0,0,0,0,0,0,0,0,0,0,0
KD-161-R2,CHEW,6,3,0,2,1,2,0,0,0,1,1,1,1
KD-161-R2,JCHEW,5,3,2,0,0,3,0,0,0,0,3,3,0
KD-161-R2,Medical Lab Technician,1,1,0,0,0,1,0,0,0,0,1,1,0
KD-161-R2,Medical Records Officer,0,0,0,0,0,0,0,0,0,0,0,0,0
KD-161-R2,Pharmacy Technician,1,1,0,0,0,1,0,0,0,0,1,1,0
KD-161-R2,Environmental Health Officer,0,0,0,0,0,0,0,0,0,0,0,0,0
KD-161-R3,Medical Officer,1,1,0,0,0,1,0,0,0,0,1,1,0
KD-161-R3,Nurse/Midwife,4,2,2,0,0,2,0,0,0,0,2,1,1
KD-161-R3,CHO,0,0,0,0,0,0,0,0,0,0,0,0,0
KD-161-R3,CHEW,6,3,0,2,1,3,0,0,0,0,5,2,1
KD-161-R3,JCHEW,5,3,2,0,0,3,0,0,0,0,3,3,0
KD-161-R3,Medical Lab Technician,1,1,0,0,0,1,0,0,0,0,1,1,0
KD-161-R3,Medical Records Officer,0,0,0,0,0,0,0,0,0,0,0,0,0
KD-161-R3,Pharmacy Technician,1,1,0,0,0,1,0,0,0,0,1,1,0
KD-161-R3,Environmental Health Officer,0,0,0,0,0,0,0,0,0,0,0,0,0
KD-161-R4,Medical Officer,1,1,0,0,0,1,0,0,0,0,0,0,1
KD-161-R4,Nurse/Midwife,4,2,2,0,0,2,0,0,0,0,4,2,0
KD-161-R4,CHO,0,0,0,0,0,0,0,0,0,0,0,0,0
KD-161-R4,CHEW,6,3,0,2,1,3,0,0,0,0,5,3,0
KD-161-R4,JCHEW,5,3,2,0,0,2,0,0,1,0,4,2,0
KD-161-R4,Medical Lab Technician,1,1,0,0,0,1,0,0,0,0,0,0,1
KD-161-R4,Medical Records Officer,0,0,0,0,0,0,0,0,0,0,0,0,0
KD-161-R4,Pharmacy Technician,1,1,0,0,0,1,0,0,0,0,0,0,1
KD-161-R4,Environmental Health Officer,0,0,0,0,0,0,0,0,0,0,0,0,0
KD-161-R5,Medical Officer,1,1,0,0,0,1,0,0,0,0,1,1,0
KD-161-R5,Nurse/Midwife,4,2,2,0,0,2,0,0,0,0,3,2,0
KD-161-R5,CHO,0,0,0,0,0,0,0,0,0,0,0,0,0
KD-161-R5,CHEW,6,3,0,2,1,2,0,0,1,0,4,2,0
KD-161-R5,JCHEW,5,3,2,0,0,3,0,0,0,0,3,1,2
KD-161-R5,Medical Lab Technician,1,1,0,0,0,1,0,0,0,0,1,1,0
KD-161-R5,Medical Records Officer,0,0,0,0,0,0,0,0,0,0,0,0,0
KD-161-R5,Pharmacy Technician,1,1,0,0,0,1,0,0,0,0,0,0,1
KD-161-R5,Environmental Health Officer,0,0,0,0,0,0,0,0,0,0,0,0,0
KD-161-R6,Medical Officer,1,1,0,0,0,1,0,0,0,0,1,1,0
KD-161-R6,Nurse/Midwife,4,2,2,0,0,1,0,0,1,0,2,1,0
KD-161-R6,CHO,0,0,0,0,0,0,0,0,0,0,0,0,0
KD-161-R6,CHEW,6,3,0,2,1,3,0,0,0,0,3,2,1
KD-161-R6,JCHEW,5,3,2,0,0,3,0,0,0,0,3,2,1
KD-161-R6,Medical Lab Technician,1,1,0,0,0,1,0,0,0,0,1,1,0
KD-161-R6,Medical Records Officer,0,0,0,0,0,0,0,0,0,0,0,0,0
KD-161-R6,Pharmacy Technician,1,1,0,0,0,1,0,0,0,0,1,1,0
KD-161-R6,Environmental Health Officer,0,0,0,0,0,0,0,0,0,0,0,0,0
KD-162-R1,Medical Officer,0,0,0,0,0,0,0,0,0,0,0,0,0
KD-162-R1,Nurse/Midwife,1,0,0,1,0,0,0,0,0,0,1,0,0
KD-162-R1,CHO,1,1,0,0,0,0,0,0,1,0,0,0,0
KD-162-R1,CHEW,8,4,2,1,1,3,0,0,1,0,6,3,0
KD-162-R1,JCHEW,1,0,0,0,1,0,0,0,0,0,0,0,0
KD-162-R1,Medical Lab Technician,1,1,0,0,0,1,0,0,0,0,1,1,0
KD-162-R1,Medical Records Officer,0,0,0,0,0,0,0,0,0,0,0,0,0
KD-162-R1,Pharmacy Technician,0,0,0,0,0,0,0,0,0,0,0,0,0
KD-162-R1,Environmental Health Officer,0,0,0,0,0,0,0,0,0,0,0,0,0
KD-162-R2,Medical Officer,0,0,0,0,0,0,0,0,0,0,0,0,0
KD-162-R2,Nurse/Midwife,1,0,0,1,0,0,0,0,0,0,0,0,0
KD-162-R2,CHO,1,1,0,0,0,1,0,0,0,0,1,1,0
KD-162-R2,CHEW,8,4,2,1,1,4,0,0,0,0,4,2,2
KD-162-R2,JCHEW,1,0,0,0,1,0,0,0,0,0,0,0,0
KD-162-R2,Medical Lab Technician,1,1,0,0,0,1,0,0,0,0,0,0,1
KD-162-R2,Medical Records Officer,0,0,0,0,0,0,0,0,0,0,0,0,0
KD-162-R2,Pharmacy Technician,0,0,0,0,0,0,0,0,0,0,0,0,0
KD-162-R2,Environmental Health Officer,0,0,0,0,0,0,0,0,0,0,0,0,0
KD-162-R3,Medical Officer,0,0,0,0,0,0,0,0,0,0,0,0,0
KD-162-R3,Nurse/Midwife,1,0,0,1,0,0,0,0,0,0,1,0,0
KD-162-R3,CHO,1,1,0,0,0,1,0,0,0,0,1,1,0
KD-162-R3,CHEW,8,4,2,1,1,4,0,0,0,0,1,1,3
KD-162-R3,JCHEW,1,0,0,0,1,0,0,0,0,0,0,0,0
KD-162-R3,Medical Lab Technician,1,1,0,0,0,1,0,0,0,0,0,0,1
KD-162-R3,Medical Records Officer,0,0,0,0,0,0,0,0,0,0,0,0,0
KD-162-R3,Pharmacy Technician,0,0,0,0,0,0,0,0,0,0,0,0,0
KD-162-R3,Environmental Health Officer,0,0,0,0,0,0,0,0,0,0,0,0,0
KD-162-R4,Medical Officer,0,0,0,0,0,0,0,0,0,0,0,0,0
KD-162-R4,Nurse/Midwife,1,0,0,1,0,0,0,0,0,0,0,0,0
KD-162-R4,CHO,1,1,0,0,0,1,0,0,0,0,0,0,1
KD-162-R4,CHEW,8,4,2,1,1,3,0,0,0,1,2,1,2
KD-162-R4,JCHEW,1,0,0,0,1,0,0,0,0,0,0,0,0
KD-162-R4,Medical Lab Technician,1,1,0,0,0,1,0,0,0,0,1,1,0
KD-162-R4,Medical Records Officer,0,0,0,0,0,0,0,0,0,0,0,0,0
KD-162-R4,Pharmacy Technician,0,0,0,0,0,0,0,0,0,0,0,0,0
KD-162-R4,Environmental Health Officer,0,0,0,0,0,0,0,0,0,0,0,0,0
KD-162-R5,Medical Officer,0,0,0,0,0,0,0,0,0,0,0,0,0
KD-162-R5,Nurse/Midwife,1,0,0,1,0,0,0,0,0,0,1,0,0
KD-162-R5,CHO,1,1,0,0,0,1,0,0,0,0,1,1,0
KD-162-R5,CHEW,8,4,2,1,1,4,0,0,0,0,4,2,2
KD-162-R5,JCHEW,1,0,0,0,1,0,0,0,0,0,0,0,0
KD-162-R5,Medical Lab Technician,1,1,0,0,0,1,0,0,0,0,1,1,0
KD-162-R5,Medical Records Officer,0,0,0,0,0,0,0,0,0,0,0,0,0
KD-162-R5,Pharmacy Technician,0,0,0,0,0,0,0,0,0,0,0,0,0
KD-162-R5,Environmental Health Officer,0,0,0,0,0,0,0,0,0,0,0,0,0
KD-162-R6,Medical Officer,0,0,0,0,0,0,0,0,0,0,0,0,0
KD-162-R6,Nurse/Midwife,1,0,0,1,0,0,0,0,0,0,0,0,0
KD-162-R6,CHO,1,1,0,0,0,1,0,0,0,0,1,1,0
KD-162-R6,CHEW,8,4,2,1,1,4,0,0,0,0,4,3,1
KD-162-R6,JCHEW,1,0,0,0,1,0,0,0,0,0,1,0,0
KD-162-R6,Medical Lab Technician,1,1,0,0,0,1,0,0,0,0,1,1,0
KD-162-R6,Medical Records Officer,0,0,0,0,0,0,0,0,0,0,0,0,0
KD-162-R6,Pharmacy Technician,0,0,0,0,0,0,0,0,0,0,0,0,0
KD-162-R6,Environmental Health Officer,0,0,0,0,0,0,0,0,0,0,0,0,0
KD-163-R1,Medical Officer,2,2,0,0,0,2,0,0,0,0,0,0,2
KD-163-R1,Nurse/Midwife,9,5,3,1,0,3,1,1,0,0,6,3,2
KD-163-R1,CHO,4,3,1,0,0,2,0,1,0,0,4,3,0
KD-163-R1,CHEW,6,5,1,0,0,2,1,1,1,0,4,3,1
KD-163-R1,JCHEW,4,2,0,0,2,2,0,0,0,0,2,2,0
KD-163-R1,Medical Lab Technician,2,2,0,0,0,1,0,0,1,0,0,0,1
KD-163-R1,Medical Records Officer,2,1,0,0,1,1,0,0,0,0,2,1,0
KD-163-R1,Pharmacy Technician,3,2,0,1,0,1,0,0,1,0,1,0,1
KD-163-R1,Environmental Health Officer,0,0,0,0,0,0,0,0,0,0,0,0,0
KD-163-R2,Medical Officer,2,2,0,0,0,2,0,0,0,0,2,2,0
KD-163-R2,Nurse/Midwife,9,5,3,1,0,2,1,1,1,0,6,4,0
KD-163-R2,CHO,4,3,1,0,0,2,0,1,0,0,4,3,0
KD-163-R2,CHEW,6,5,1,0,0,3,1,1,0,0,5,5,0
KD-163-R2,JCHEW,4,2,0,0,2,2,0,0,0,0,2,2,0
KD-163-R2,Medical Lab Technician,2,2,0,0,0,2,0,0,0,0,2,2,0
KD-163-R2,Medical Records Officer,2,1,0,0,1,1,0,0,0,0,0,0,1
KD-163-R2,Pharmacy Technician,3,2,0,1,0,1,0,0,1,0,2,1,0
KD-163-R2,Environmental Health Officer,0,0,0,0,0,0,0,0,0,0,0,0,0
KD-163-R3,Medical Officer,2,2,0,0,0,2,0,0,0,0,0,0,2
KD-163-R3,Nurse/Midwife,9,5,3,1,0,2,1,1,0,1,7,3,1
KD-163-R3,CHO,4,3,1,0,0,2,0,0,1,0,2,1,1
KD-163-R3,CHEW,6,5,1,0,0,2,0,1,2,0,3,3,0
KD-163-R3,JCHEW,4,2,0,0,2,2,0,0,0,0,3,2,0
KD-163-R3,Medical Lab Technician,2,2,0,0,0,2,0,0,0,0,1,1,1
KD-163-R3,Medical Records Officer,2,1,0,0,1,1,0,0,0,0,2,1,0
KD-163-R3,Pharmacy Technician,3,2,0,1,0,0,0,0,1,1,1,0,0
KD-163-R3,Environmental Health Officer,0,0,0,0,0,0,0,0,0,0,0,0,0
KD-163-R4,Medical Officer,2,2,0,0,0,1,0,0,0,1,1,1,0
KD-163-R4,Nurse/Midwife,9,5,3,1,0,2,0,1,1,1,4,2,1
KD-163-R4,CHO,4,3,1,0,0,2,0,0,0,1,2,1,1
KD-163-R4,CHEW,6,5,1,0,0,2,1,1,1,0,3,3,1
KD-163-R4,JCHEW,4,2,0,0,2,2,0,0,0,0,2,2,0
KD-163-R4,Medical Lab Technician,2,2,0,0,0,2,0,0,0,0,0,0,2
KD-163-R4,Medical Records Officer,2,1,0,0,1,0,0,0,1,0,1,0,0
KD-163-R4,Pharmacy Technician,3,2,0,1,0,1,0,0,1,0,0,0,1
KD-163-R4,Environmental Health Officer,0,0,0,0,0,0,0,0,0,0,0,0,0
KD-163-R5,Medical Officer,2,2,0,0,0,2,0,0,0,0,2,2,0
KD-163-R5,Nurse/Midwife,9,5,3,1,0,2,1,1,1,0,6,3,1
KD-163-R5,CHO,4,3,1,0,0,2,0,1,0,0,4,3,0
KD-163-R5,CHEW,6,5,1,0,0,2,1,1,0,1,4,3,1
KD-163-R5,JCHEW,4,2,0,0,2,2,0,0,0,0,3,2,0
KD-163-R5,Medical Lab Technician,2,2,0,0,0,2,0,0,0,0,2,2,0
KD-163-R5,Medical Records Officer,2,1,0,0,1,1,0,0,0,0,2,1,0
KD-163-R5,Pharmacy Technician,3,2,0,1,0,1,0,0,1,0,2,1,0
KD-163-R5,Environmental Health Officer,0,0,0,0,0,0,0,0,0,0,0,0,0
KD-163-R6,Medical Officer,2,2,0,0,0,2,0,0,0,0,2,2,0
KD-163-R6,Nurse/Midwife,9,5,3,1,0,3,1,1,0,0,6,5,0
KD-163-R6,CHO,4,3,1,0,0,2,0,0,0,1,2,2,0
KD-163-R6,CHEW,6,5,1,0,0,2,0,1,1,1,2,1,2
KD-163-R6,JCHEW,4,2,0,0,2,1,0,0,1,0,3,1,0
KD-163-R6,Medical Lab Technician,2,2,0,0,0,2,0,0,0,0,2,2,0
KD-163-R6,Medical Records Officer,2,1,0,0,1,1,0,0,0,0,2,1,0
KD-163-R6,Pharmacy Technician,3,2,0,1,0,2,0,0,0,0,2,1,1
KD-163-R6,Environmental Health Officer,0,0,0,0,0,0,0,0,0,0,0,0,0
KD-164-R1,Medical Officer,0,0,0,0,0,0,0,0,0,0,0,0,0
KD-164-R1,Nurse/Midwife,0,0,0,0,0,0,0,0,0,0,0,0,0
KD-164-R1,CHO,0,0,0,0,0,0,0,0,0,0,0,0,0
KD-164-R1,CHEW,3,1,0,0,2,1,0,0,0,0,1,1,0
KD-164-R1,JCHEW,2,1,0,0,1,1,0,0,0,0,1,1,0
KD-164-R1,Medical Lab Technician,2,1,0,0,1,1,0,0,0,0,0,0,1
KD-164-R1,Medical Records Officer,2,0,0,0,2,0,0,0,0,0,1,0,0
KD-164-R1,Pharmacy Technician,0,0,0,0,0,0,0,0,0,0,0,0,0
KD-164-R1,Environmental Health Officer,0,0,0,0,0,0,0,0,0,0,0,0,0
KD-164-R2,Medical Officer,0,0,0,0,0,0,0,0,0,0,0,0,0
KD-164-R2,Nurse/Midwife,0,0,0,0,0,0,0,0,0,0,0,0,0
KD-164-R2,CHO,0,0,0,0,0,0,0,0,0,0,0,0,0
KD-164-R2,CHEW,3,1,0,0,2,1,0,0,0,0,2,1,0
KD-164-R2,JCHEW,2,1,0,0,1,1,0,0,0,0,2,1,0
KD-164-R2,Medical Lab Technician,2,1,0,0,1,1,0,0,0,0,2,1,0
KD-164-R2,Medical Records Officer,2,0,0,0,2,0,0,0,0,0,0,0,0
KD-164-R2,Pharmacy Technician,0,0,0,0,0,0,0,0,0,0,0,0,0
KD-164-R2,Environmental Health Officer,0,0,0,0,0,0,0,0,0,0,0,0,0
KD-164-R3,Medical Officer,0,0,0,0,0,0,0,0,0,0,0,0,0
KD-164-R3,Nurse/Midwife,0,0,0,0,0,0,0,0,0,0,0,0,0
KD-164-R3,CHO,0,0,0,0,0,0,0,0,0,0,0,0,0
KD-164-R3,CHEW,3,1,0,0,2,1,0,0,0,0,1,0,1
KD-164-R3,JCHEW,2,1,0,0,1,1,0,0,0,0,0,0,1
KD-164-R3,Medical Lab Technician,2,1,0,0,1,1,0,0,0,0,1,0,1
KD-164-R3,Medical Records Officer,2,0,0,0,2,0,0,0,0,0,2,0,0
KD-164-R3,Pharmacy Technician,0,0,0,0,0,0,0,0,0,0,0,0,0
KD-164-R3,Environmental Health Officer,0,0,0,0,0,0,0,0,0,0,0,0,0
KD-164-R4,Medical Officer,0,0,0,0,0,0,0,0,0,0,0,0,0
KD-164-R4,Nurse/Midwife,0,0,0,0,0,0,0,0,0,0,0,0,0
KD-164-R4,CHO,0,0,0,0,0,0,0,0,0,0,0,0,0
KD-164-R4,CHEW,3,1,0,0,2,1,0,0,0,0,0,0,1
KD-164-R4,JCHEW,2,1,0,0,1,1,0,0,0,0,0,0,1
KD-164-R4,Medical Lab Technician,2,1,0,0,1,1,0,0,0,0,1,1,0
KD-164-R4,Medical Records Officer,2,0,0,0,2,0,0,0,0,0,2,0,0
KD-164-R4,Pharmacy Technician,0,0,0,0,0,0,0,0,0,0,0,0,0
KD-164-R4,Environmental Health Officer,0,0,0,0,0,0,0,0,0,0,0,0,0
KD-164-R5,Medical Officer,0,0,0,0,0,0,0,0,0,0,0,0,0
KD-164-R5,Nurse/Midwife,0,0,0,0,0,0,0,0,0,0,0,0,0
KD-164-R5,CHO,0,0,0,0,0,0,0,0,0,0,0,0,0
KD-164-R5,CHEW,3,1,0,0,2,0,0,0,0,1,2,0,0
KD-164-R5,JCHEW,2,1,0,0,1,1,0,0,0,0,1,0,1
KD-164-R5,Medical Lab Technician,2,1,0,0,1,1,0,0,0,0,1,1,0
KD-164-R5,Medical Records Officer,2,0,0,0,2,0,0,0,0,0,2,0,0
KD-164-R5,Pharmacy Technician,0,0,0,0,0,0,0,0,0,0,0,0,0
KD-164-R5,Environmental Health Officer,0,0,0,0,0,0,0,0,0,0,0,0,0
KD-164-R6,Medical Officer,0,0,0,0,0,0,0,0,0,0,0,0,0
KD-164-R6,Nurse/Midwife,0,0,0,0,0,0,0,0,0,0,0,0,0
KD-164-R6,CHO,0,0,0,0,0,0,0,0,0,0,0,0,0
KD-164-R6,CHEW,3,1,0,0,2,1,0,0,0,0,2,0,1
KD-164-R6,JCHEW,2,1,0,0,1,1,0,0,0,0,1,1,0
KD-164-R6,Medical Lab Technician,2,1,0,0,1,0,0,0,1,0,1,0,0
KD-164-R6,Medical Records Officer,2,0,0,0,2,0,0,0,0,0,1,0,0
KD-164-R6,Pharmacy Technician,0,0,0,0,0,0,0,0,0,0,0,0,0
KD-164-R6,Environmental Health Officer,0,0,0,0,0,0,0,0,0,0,0,0,0
KD-165-R1,Medical Officer,1,1,0,0,0,0,0,0,1,0,0,0,0
KD-165-R1,Nurse/Midwife,5,5,0,0,0,3,1,1,0,0,4,4,1
KD-165-R1,CHO,0,0,0,0,0,0,0,0,0,0,0,0,0
KD-165-R1,CHEW,11,8,1,0,2,4,2,1,1,0,9,7,0
KD-165-R1,JCHEW,10,6,1,1,2,2,1,1,2,0,5,4,0
KD-165-R1,Medical Lab Technician,2,2,0,0,0,1,0,0,0,1,1,1,0
KD-165-R1,Medical Records Officer,3,1,1,0,1,1,0,0,0,0,1,0,1
KD-165-R1,Pharmacy Technician,2,1,0,1,0,1,0,0,0,0,2,1,0
KD-165-R1,Environmental Health Officer,0,0,0,0,0,0,0,0,0,0,0,0,0
KD-165-R2,Medical Officer,1,1,0,0,0,1,0,0,0,0,1,1,0
KD-165-R2,Nurse/Midwife,5,5,0,0,0,3,1,1,0,0,4,4,1
KD-165-R2,CHO,0,0,0,0,0,0,0,0,0,0,0,0,0
KD-165-R2,CHEW,11,8,1,0,2,4,2,1,1,0,7,6,1
KD-165-R2,JCHEW,10,6,1,1,2,3,1,2,0,0,10,6,0
KD-165-R2,Medical Lab Technician,2,2,0,0,0,2,0,0,0,0,1,1,1
KD-165-R2,Medical Records Officer,3,1,1,0,1,1,0,0,0,0,3,1,0
KD-165-R2,Pharmacy Technician,2,1,0,1,0,1,0,0,0,0,2,1,0
KD-165-R2,Environmental Health Officer,0,0,0,0,0,0,0,0,0,0,0,0,0
KD-165-R3,Medical Officer,1,1,0,0,0,1,0,0,0,0,0,0,1
KD-165-R3,Nurse/Midwife,5,5,0,0,0,2,0,1,2,0,1,1,2
KD-165-R3,CHO,0,0,0,0,0,0,0,0,0,0,0,0,0
KD-165-R3,CHEW,11,8,1,0,2,3,1,2,2,0,8,5,1
KD-165-R3,JCHEW,10,6,1,1,2,3,1,2,0,0,10,6,0
KD-165-R3,Medical Lab Technician,2,2,0,0,0,2,0,0,0,0,2,2,0
KD-165-R3,Medical Records Officer,3,1,1,0,1,1,0,0,0,0,3,1,0
KD-165-R3,Pharmacy Technician,2,1,0,1,0,0,0,0,1,0,0,0,0
KD-165-R3,Environmental Health Officer,0,0,0,0,0,0,0,0,0,0,0,0,0
KD-165-R4,Medical Officer,1,1,0,0,0,1,0,0,0,0,1,1,0
KD-165-R4,Nurse/Midwife,5,5,0,0,0,2,1,1,1,0,1,1,3
KD-165-R4,CHO,0,0,0,0,0,0,0,0,0,0,0,0,0
KD-165-R4,CHEW,11,8,1,0,2,3,1,2,0,2,3,3,3
KD-165-R4,JCHEW,10,6,1,1,2,3,1,1,1,0,2,1,4
KD-165-R4,Medical Lab Technician,2,2,0,0,0,2,0,0,0,0,1,1,1
KD-165-R4,Medical Records Officer,3,1,1,0,1,1,0,0,0,0,0,0,1
KD-165-R4,Pharmacy Technician,2,1,0,1,0,1,0,0,0,0,1,0,1
KD-165-R4,Environmental Health Officer,0,0,0,0,0,0,0,0,0,0,0,0,0
KD-165-R5,Medical Officer,1,1,0,0,0,1,0,0,0,0,1,1,0
KD-165-R5,Nurse/Midwife,5,5,0,0,0,3,1,1,0,0,2,2,3
KD-165-R5,CHO,0,0,0,0,0,0,0,0,0,0,0,0,0
KD-165-R5,CHEW,11,8,1,0,2,4,2,1,1,0,7,5,2
KD-165-R5,JCHEW,10,6,1,1,2,3,1,1,1,0,4,2,3
KD-165-R5,Medical Lab Technician,2,2,0,0,0,1,0,0,1,0,1,1,0
KD-165-R5,Medical Records Officer,3,1,1,0,1,1,0,0,0,0,1,1,0
KD-165-R5,Pharmacy Technician,2,1,0,1,0,1,0,0,0,0,0,0,1
KD-165-R5,Environmental Health Officer,0,0,0,0,0,0,0,0,0,0,0,0,0
KD-165-R6,Medical Officer,1,1,0,0,0,1,0,0,0,0,1,1,0
KD-165-R6,Nurse/Midwife,5,5,0,0,0,2,1,1,1,0,3,3,1
KD-165-R6,CHO,0,0,0,0,0,0,0,0,0,0,0,0,0
KD-165-R6,CHEW,11,8,1,0,2,3,1,2,1,1,4,2,4
KD-165-R6,JCHEW,10,6,1,1,2,2,1,1,1,1,4,2,2
KD-165-R6,Medical Lab Technician,2,2,0,0,0,2,0,0,0,0,2,2,0
KD-165-R6,Medical Records Officer,3,1,1,0,1,1,0,0,0,0,2,1,0
KD-165-R6,Pharmacy Technician,2,1,0,1,0,1,0,0,0,0,1,0,1
KD-165-R6,Environmental Health Officer,0,0,0,0,0,0,0,0,0,0,0,0,0
KD-166-R1,Medical Officer,2,2,0,0,0,2,0,0,0,0,1,1,1
KD-166-R1,Nurse/Midwife,4,2,1,1,0,0,0,0,0,2,1,0,0
KD-166-R1,CHO,0,0,0,0,0,0,0,0,0,0,0,0,0
KD-166-R1,CHEW,10,6,2,2,0,3,1,2,0,0,6,2,4
KD-166-R1,JCHEW,2,1,1,0,0,1,0,0,0,0,2,1,0
KD-166-R1,Medical Lab Technician,2,2,0,0,0,2,0,0,0,0,1,1,1
KD-166-R1,Medical Records Officer,1,1,0,0,0,0,0,0,1,0,0,0,0
KD-166-R1,Pharmacy Technician,5,2,1,2,0,2,0,0,0,0,3,1,1
KD-166-R1,Environmental Health Officer,1,1,0,0,0,1,0,0,0,0,1,1,0
KD-166-R2,Medical Officer,2,2,0,0,0,2,0,0,0,0,2,2,0
KD-166-R2,Nurse/Midwife,4,2,1,1,0,2,0,0,0,0,2,2,0
KD-166-R2,CHO,0,0,0,0,0,0,0,0,0,0,0,0,0
KD-166-R2,CHEW,10,6,2,2,0,3,1,2,0,0,8,6,0
KD-166-R2,JCHEW,2,1,1,0,0,1,0,0,0,0,1,1,0
KD-166-R2,Medical Lab Technician,2,2,0,0,0,2,0,0,0,0,2,2,0
KD-166-R2,Medical Records Officer,1,1,0,0,0,1,0,0,0,0,1,1,0
KD-166-R2,Pharmacy Technician,5,2,1,2,0,1,0,0,0,1,4,1,0
KD-166-R2,Environmental Health Officer,1,1,0,0,0,1,0,0,0,0,1,1,0
KD-166-R3,Medical Officer,2,2,0,0,0,1,0,0,0,1,1,1,0
KD-166-R3,Nurse/Midwife,4,2,1,1,0,2,0,0,0,0,3,2,0
KD-166-R3,CHO,0,0,0,0,0,0,0,0,0,0,0,0,0
KD-166-R3,CHEW,10,6,2,2,0,3,1,1,1,0,7,4,1
KD-166-R3,JCHEW,2,1,1,0,0,1,0,0,0,0,1,1,0
KD-166-R3,Medical Lab Technician,2,2,0,0,0,2,0,0,0,0,1,1,1
KD-166-R3,Medical Records Officer,1,1,0,0,0,1,0,0,0,0,1,1,0
KD-166-R3,Pharmacy Technician,5,2,1,2,0,1,0,0,0,1,3,0,1
KD-166-R3,Environmental Health Officer,1,1,0,0,0,0,0,0,1,0,0,0,0
KD-166-R4,Medical Officer,2,2,0,0,0,1,0,0,1,0,1,1,0
KD-166-R4,Nurse/Midwife,4,2,1,1,0,2,0,0,0,0,4,2,0
KD-166-R4,CHO,0,0,0,0,0,0,0,0,0,0,0,0,0
KD-166-R4,CHEW,10,6,2,2,0,3,1,1,1,0,6,2,3
KD-166-R4,JCHEW,2,1,1,0,0,1,0,0,0,0,2,1,0
KD-166-R4,Medical Lab Technician,2,2,0,0,0,2,0,0,0,0,0,0,2
KD-166-R4,Medical Records Officer,1,1,0,0,0,1,0,0,0,0,1,1,0
KD-166-R4,Pharmacy Technician,5,2,1,2,0,2,0,0,0,0,3,1,1
KD-166-R4,Environmental Health Officer,1,1,0,0,0,1,0,0,0,0,1,1,0
KD-166-R5,Medical Officer,2,2,0,0,0,2,0,0,0,0,2,2,0
KD-166-R5,Nurse/Midwife,4,2,1,1,0,2,0,0,0,0,3,1,1
KD-166-R5,CHO,0,0,0,0,0,0,0,0,0,0,0,0,0
KD-166-R5,CHEW,10,6,2,2,0,3,1,1,0,1,9,5,0
KD-166-R5,JCHEW,2,1,1,0,0,1,0,0,0,0,1,0,1
KD-166-R5,Medical Lab Technician,2,2,0,0,0,2,0,0,0,0,2,2,0
KD-166-R5,Medical Records Officer,1,1,0,0,0,1,0,0,0,0,1,1,0
KD-166-R5,Pharmacy Technician,5,2,1,2,0,2,0,0,0,0,4,2,0
KD-166-R5,Environmental Health Officer,1,1,0,0,0,1,0,0,0,0,1,1,0
KD-166-R6,Medical Officer,2,2,0,0,0,2,0,0,0,0,1,1,1
KD-166-R6,Nurse/Midwife,4,2,1,1,0,1,0,0,1,0,3,1,0
KD-166-R6,CHO,0,0,0,0,0,0,0,0,0,0,0,0,0
KD-166-R6,CHEW,10,6,2,2,0,2,1,1,0,2,6,3,1
KD-166-R6,JCHEW,2,1,1,0,0,0,0,0,1,0,1,0,0
KD-166-R6,Medical Lab Technician,2,2,0,0,0,1,0,0,0,1,1,1,0
KD-166-R6,Medical Records Officer,1,1,0,0,0,1,0,0,0,0,1,1,0
KD-166-R6,Pharmacy Technician,5,2,1,2,0,2,0,0,0,0,5,2,0
KD-166-R6,Environmental Health Officer,1,1,0,0,0,1,0,0,0,0,1,1,0
KD-167-R1,Medical Officer,1,0,0,0,1,0,0,0,0,0,0,0,0
KD-167-R1,Nurse/Midwife,2,1,0,0,1,1,0,0,0,0,2,1,0
KD-167-R1,CHO,0,0,0,0,0,0,0,0,0,0,0,0,0
KD-167-R1,CHEW,2,2,0,0,0,2,0,0,0,0,1,1,1
KD-167-R1,JCHEW,5,3,0,1,1,3,0,0,0,0,0,0,3
KD-167-R1,Medical Lab Technician,0,0,0,0,0,0,0,0,0,0,0,0,0
KD-167-R1,Medical Records Officer,2,1,0,0,1,1,0,0,0,0,2,1,0
KD-167-R1,Pharmacy Technician,1,0,0,1,0,0,0,0,0,0,1,0,0
KD-167-R1,Environmental Health Officer,0,0,0,0,0,0,0,0,0,0,0,0,0
KD-167-R2,Medical Officer,1,0,0,0,1,0,0,0,0,0,0,0,0
KD-167-R2,Nurse/Midwife,2,1,0,0,1,1,0,0,0,0,2,1,0
KD-167-R2,CHO,0,0,0,0,0,0,0,0,0,0,0,0,0
KD-167-R2,CHEW,2,2,0,0,0,2,0,0,0,0,1,1,1
KD-167-R2,JCHEW,5,3,0,1,1,3,0,0,0,0,3,2,1
KD-167-R2,Medical Lab Technician,0,0,0,0,0,0,0,0,0,0,0,0,0
KD-167-R2,Medical Records Officer,2,1,0,0,1,1,0,0,0,0,2,1,0
KD-167-R2,Pharmacy Technician,1,0,0,1,0,0,0,0,0,0,0,0,0
KD-167-R2,Environmental Health Officer,0,0,0,0,0,0,0,0,0,0,0,0,0
KD-167-R3,Medical Officer,1,0,0,0,1,0,0,0,0,0,0,0,0
KD-167-R3,Nurse/Midwife,2,1,0,0,1,1,0,0,0,0,1,1,0
KD-167-R3,CHO,0,0,0,0,0,0,0,0,0,0,0,0,0
KD-167-R3,CHEW,2,2,0,0,0,2,0,0,0,0,1,1,1
KD-167-R3,JCHEW,5,3,0,1,1,2,0,0,0,1,1,1,1
KD-167-R3,Medical Lab Technician,0,0,0,0,0,0,0,0,0,0,0,0,0
KD-167-R3,Medical Records Officer,2,1,0,0,1,1,0,0,0,0,1,0,1
KD-167-R3,Pharmacy Technician,1,0,0,1,0,0,0,0,0,0,0,0,0
KD-167-R3,Environmental Health Officer,0,0,0,0,0,0,0,0,0,0,0,0,0
KD-167-R4,Medical Officer,1,0,0,0,1,0,0,0,0,0,1,0,0
KD-167-R4,Nurse/Midwife,2,1,0,0,1,1,0,0,0,0,2,1,0
KD-167-R4,CHO,0,0,0,0,0,0,0,0,0,0,0,0,0
KD-167-R4,CHEW,2,2,0,0,0,2,0,0,0,0,2,2,0
KD-167-R4,JCHEW,5,3,0,1,1,2,0,0,1,0,3,2,0
KD-167-R4,Medical Lab Technician,0,0,0,0,0,0,0,0,0,0,0,0,0
KD-167-R4,Medical Records Officer,2,1,0,0,1,1,0,0,0,0,2,1,0
KD-167-R4,Pharmacy Technician,1,0,0,1,0,0,0,0,0,0,0,0,0
KD-167-R4,Environmental Health Officer,0,0,0,0,0,0,0,0,0,0,0,0,0
KD-167-R5,Medical Officer,1,0,0,0,1,0,0,0,0,0,1,0,0
KD-167-R5,Nurse/Midwife,2,1,0,0,1,1,0,0,0,0,2,1,0
KD-167-R5,CHO,0,0,0,0,0,0,0,0,0,0,0,0,0
KD-167-R5,CHEW,2,2,0,0,0,2,0,0,0,0,2,2,0
KD-167-R5,JCHEW,5,3,0,1,1,3,0,0,0,0,4,3,0
KD-167-R5,Medical Lab Technician,0,0,0,0,0,0,0,0,0,0,0,0,0
KD-167-R5,Medical Records Officer,2,1,0,0,1,1,0,0,0,0,1,1,0
KD-167-R5,Pharmacy Technician,1,0,0,1,0,0,0,0,0,0,1,0,0
KD-167-R5,Environmental Health Officer,0,0,0,0,0,0,0,0,0,0,0,0,0
KD-167-R6,Medical Officer,1,0,0,0,1,0,0,0,0,0,1,0,0
KD-167-R6,Nurse/Midwife,2,1,0,0,1,1,0,0,0,0,2,1,0
KD-167-R6,CHO,0,0,0,0,0,0,0,0,0,0,0,0,0
KD-167-R6,CHEW,2,2,0,0,0,2,0,0,0,0,1,1,1
KD-167-R6,JCHEW,5,3,0,1,1,3,0,0,0,0,4,2,1
KD-167-R6,Medical Lab Technician,0,0,0,0,0,0,0,0,0,0,0,0,0
KD-167-R6,Medical Records Officer,2,1,0,0,1,1,0,0,0,0,1,1,0
KD-167-R6,Pharmacy Technician,1,0,0,1,0,0,0,0,0,0,1,0,0
KD-167-R6,Environmental Health Officer,0,0,0,0,0,0,0,0,0,0,0,0,0
KD-168-R1,Medical Officer,1,1,0,0,0,1,0,0,0,0,1,1,0
KD-168-R1,Nurse/Midwife,7,7,0,0,0,7,0,0,0,0,5,5,2
KD-168-R1,CHO,2,1,0,0,1,1,0,0,0,0,2,1,0
KD-168-R1,CHEW,10,5,2,0,3,5,0,0,0,0,9,5,0
KD-168-R1,JCHEW,5,2,0,1,2,2,0,0,0,0,3,1,1
KD-168-R1,Medical Lab Technician,3,1,0,1,1,1,0,0,0,0,3,1,0
KD-168-R1,Medical Records Officer,2,1,0,0,1,1,0,0,0,0,1,1,0
KD-168-R1,Pharmacy Technician,2,0,0,2,0,0,0,0,0,0,2,0,0
KD-168-R1,Environmental Health Officer,1,1,0,0,0,1,0,0,0,0,0,0,1
KD-168-R2,Medical Officer,1,1,0,0,0,1,0,0,0,0,1,1,0
KD-168-R2,Nurse/Midwife,7,7,0,0,0,7,0,0,0,0,6,6,1
KD-168-R2,CHO,2,1,0,0,1,1,0,0,0,0,1,0,1
KD-168-R2,CHEW,10,5,2,0,3,3,0,0,1,1,5,2,1
KD-168-R2,JCHEW,5,2,0,1,2,1,0,0,0,1,3,1,0
KD-168-R2,Medical Lab Technician,3,1,0,1,1,1,0,0,0,0,3,1,0
KD-168-R2,Medical Records Officer,2,1,0,0,1,1,0,0,0,0,1,1,0
KD-168-R2,Pharmacy Technician,2,0,0,2,0,0,0,0,0,0,2,0,0
KD-168-R2,Environmental Health Officer,1,1,0,0,0,1,0,0,0,0,1,1,0
KD-168-R3,Medical Officer,1,1,0,0,0,1,0,0,0,0,1,1,0
KD-168-R3,Nurse/Midwife,7,7,0,0,0,6,0,0,1,0,4,4,2
KD-168-R3,CHO,2,1,0,0,1,1,0,0,0,0,2,1,0
KD-168-R3,CHEW,10,5,2,0,3,5,0,0,0,0,9,4,1
KD-168-R3,JCHEW,5,2,0,1,2,1,0,0,0,1,4,1,0
KD-168-R3,Medical Lab Technician,3,1,0,1,1,1,0,0,0,0,2,1,0
KD-168-R3,Medical Records Officer,2,1,0,0,1,1,0,0,0,0,2,1,0
KD-168-R3,Pharmacy Technician,2,0,0,2,0,0,0,0,0,0,2,0,0
KD-168-R3,Environmental Health Officer,1,1,0,0,0,1,0,0,0,0,1,1,0
KD-168-R4,Medical Officer,1,1,0,0,0,1,0,0,0,0,1,1,0
KD-168-R4,Nurse/Midwife,7,7,0,0,0,6,0,0,1,0,5,5,1
KD-168-R4,CHO,2,1,0,0,1,1,0,0,0,0,0,0,1
KD-168-R4,CHEW,10,5,2,0,3,5,0,0,0,0,6,5,0
KD-168-R4,JCHEW,5,2,0,1,2,1,0,0,1,0,2,1,0
KD-168-R4,Medical Lab Technician,3,1,0,1,1,1,0,0,0,0,2,0,1
KD-168-R4,Medical Records Officer,2,1,0,0,1,1,0,0,0,0,1,0,1
KD-168-R4,Pharmacy Technician,2,0,0,2,0,0,0,0,0,0,1,0,0
KD-168-R4,Environmental Health Officer,1,1,0,0,0,1,0,0,0,0,0,0,1
KD-168-R5,Medical Officer,1,1,0,0,0,0,0,0,1,0,0,0,0
KD-168-R5,Nurse/Midwife,7,7,0,0,0,7,0,0,0,0,4,4,3
KD-168-R5,CHO,2,1,0,0,1,0,0,0,1,0,1,0,0
KD-168-R5,CHEW,10,5,2,0,3,5,0,0,0,0,7,4,1
KD-168-R5,JCHEW,5,2,0,1,2,2,0,0,0,0,3,2,0
KD-168-R5,Medical Lab Technician,3,1,0,1,1,1,0,0,0,0,2,1,0
KD-168-R5,Medical Records Officer,2,1,0,0,1,1,0,0,0,0,1,1,0
KD-168-R5,Pharmacy Technician,2,0,0,2,0,0,0,0,0,0,1,0,0
KD-168-R5,Environmental Health Officer,1,1,0,0,0,1,0,0,0,0,0,0,1
KD-168-R6,Medical Officer,1,1,0,0,0,1,0,0,0,0,1,1,0
KD-168-R6,Nurse/Midwife,7,7,0,0,0,5,0,0,0,2,5,5,0
KD-168-R6,CHO,2,1,0,0,1,0,0,0,1,0,1,0,0
KD-168-R6,CHEW,10,5,2,0,3,5,0,0,0,0,7,5,0
KD-168-R6,JCHEW,5,2,0,1,2,2,0,0,0,0,2,1,1
KD-168-R6,Medical Lab Technician,3,1,0,1,1,1,0,0,0,0,3,1,0
KD-168-R6,Medical Records Officer,2,1,0,0,1,1,0,0,0,0,1,1,0
KD-168-R6,Pharmacy Technician,2,0,0,2,0,0,0,0,0,0,2,0,0
KD-168-R6,Environmental Health Officer,1,1,0,0,0,1,0,0,0,0,1,1,0
KD-169-R1,Medical Officer,0,0,0,0,0,0,0,0,0,0,0,0,0
KD-169-R1,Nurse/Midwife,7,1,5,1,0,1,0,0,0,0,3,0,1
KD-169-R1,CHO,0,0,0,0,0,0,0,0,0,0,0,0,0
KD-169-R1,CHEW,5,5,0,0,0,3,1,1,0,0,1,1,4
KD-169-R1,JCHEW,5,4,0,0,1,2,1,1,0,0,2,2,2
KD-169-R1,Medical Lab Technician,1,1,0,0,0,1,0,0,0,0,1,1,0
KD-169-R1,Medical Records Officer,1,1,0,0,0,1,0,0,0,0,1,1,0
KD-169-R1,Pharmacy Technician,1,1,0,0,0,1,0,0,0,0,1,1,0
KD-169-R1,Environmental Health Officer,0,0,0,0,0,0,0,0,0,0,0,0,0
KD-169-R2,Medical Officer,0,0,0,0,0,0,0,0,0,0,0,0,0
KD-169-R2,Nurse/Midwife,7,1,5,1,0,1,0,0,0,0,6,1,0
KD-169-R2,CHO,0,0,0,0,0,0,0,0,0,0,0,0,0
KD-169-R2,CHEW,5,5,0,0,0,3,1,1,0,0,3,3,2
KD-169-R2,JCHEW,5,4,0,0,1,2,0,1,1,0,3,2,1
KD-169-R2,Medical Lab Technician,1,1,0,0,0,1,0,0,0,0,1,1,0
KD-169-R2,Medical Records Officer,1,1,0,0,0,1,0,0,0,0,0,0,1
KD-169-R2,Pharmacy Technician,1,1,0,0,0,1,0,0,0,0,0,0,1
KD-169-R2,Environmental Health Officer,0,0,0,0,0,0,0,0,0,0,0,0,0
KD-169-R3,Medical Officer,0,0,0,0,0,0,0,0,0,0,0,0,0
KD-169-R3,Nurse/Midwife,7,1,5,1,0,1,0,0,0,0,3,0,1
KD-169-R3,CHO,0,0,0,0,0,0,0,0,0,0,0,0,0
KD-169-R3,CHEW,5,5,0,0,0,3,1,1,0,0,4,4,1
KD-169-R3,JCHEW,5,4,0,0,1,2,0,1,1,0,3,3,0
KD-169-R3,Medical Lab Technician,1,1,0,0,0,1,0,0,0,0,0,0,1
KD-169-R3,Medical Records Officer,1,1,0,0,0,1,0,0,0,0,1,1,0
KD-169-R3,Pharmacy Technician,1,1,0,0,0,1,0,0,0,0,1,1,0
KD-169-R3,Environmental Health Officer,0,0,0,0,0,0,0,0,0,0,0,0,0
KD-169-R4,Medical Officer,0,0,0,0,0,0,0,0,0,0,0,0,0
KD-169-R4,Nurse/Midwife,7,1,5,1,0,1,0,0,0,0,5,1,0
KD-169-R4,CHO,0,0,0,0,0,0,0,0,0,0,0,0,0
KD-169-R4,CHEW,5,5,0,0,0,3,1,1,0,0,5,5,0
KD-169-R4,JCHEW,5,4,0,0,1,2,1,1,0,0,2,2,2
KD-169-R4,Medical Lab Technician,1,1,0,0,0,1,0,0,0,0,1,1,0
KD-169-R4,Medical Records Officer,1,1,0,0,0,1,0,0,0,0,1,1,0
KD-169-R4,Pharmacy Technician,1,1,0,0,0,1,0,0,0,0,1,1,0
KD-169-R4,Environmental Health Officer,0,0,0,0,0,0,0,0,0,0,0,0,0
KD-169-R5,Medical Officer,0,0,0,0,0,0,0,0,0,0,0,0,0
KD-169-R5,Nurse/Midwife,7,1,5,1,0,1,0,0,0,0,4,0,1
KD-169-R5,CHO,0,0,0,0,0,0,0,0,0,0,0,0,0
KD-169-R5,CHEW,5,5,0,0,0,3,1,1,0,0,3,3,2
KD-169-R5,JCHEW,5,4,0,0,1,2,1,1,0,0,3,3,1
KD-169-R5,Medical Lab Technician,1,1,0,0,0,1,0,0,0,0,1,1,0
KD-169-R5,Medical Records Officer,1,1,0,0,0,1,0,0,0,0,1,1,0
KD-169-R5,Pharmacy Technician,1,1,0,0,0,0,0,0,0,1,0,0,0
KD-169-R5,Environmental Health Officer,0,0,0,0,0,0,0,0,0,0,0,0,0
KD-169-R6,Medical Officer,0,0,0,0,0,0,0,0,0,0,0,0,0
KD-169-R6,Nurse/Midwife,7,1,5,1,0,1,0,0,0,0,4,1,0
KD-169-R6,CHO,0,0,0,0,0,0,0,0,0,0,0,0,0
KD-169-R6,CHEW,5,5,0,0,0,3,1,1,0,0,3,3,2
KD-169-R6,JCHEW,5,4,0,0,1,2,0,1,1,0,3,3,0
KD-169-R6,Medical Lab Technician,1,1,0,0,0,1,0,0,0,0,1,1,0
KD-169-R6,Medical Records Officer,1,1,0,0,0,1,0,0,0,0,1,1,0
KD-169-R6,Pharmacy Technician,1,1,0,0,0,0,0,0,1,0,0,0,0
KD-169-R6,Environmental Health Officer,0,0,0,0,0,0,0,0,0,0,0,0,0
KD-170-R1,Medical Officer,0,0,0,0,0,0,0,0,0,0,0,0,0
KD-170-R1,Nurse/Midwife,2,2,0,0,0,1,0,0,1,0,1,1,0
KD-170-R1,CHO,2,2,0,0,0,2,0,0,0,0,2,2,0
KD-170-R1,CHEW,2,2,0,0,0,1,0,0,1,0,1,1,0
KD-170-R1,JCHEW,7,2,3,1,1,2,0,0,0,0,7,2,0
KD-170-R1,Medical Lab Technician,2,1,1,0,0,1,0,0,0,0,1,1,0
KD-170-R1,Medical Records Officer,3,0,0,0,3,0,0,0,0,0,3,0,0
KD-170-R1,Pharmacy Technician,0,0,0,0,0,0,0,0,0,0,0,0,0
KD-170-R1,Environmental Health Officer,1,1,0,0,0,1,0,0,0,0,1,1,0
KD-170-R2,Medical Officer,0,0,0,0,0,0,0,0,0,0,0,0,0
KD-170-R2,Nurse/Midwife,2,2,0,0,0,1,0,0,0,1,0,0,1
KD-170-R2,CHO,2,2,0,0,0,2,0,0,0,0,2,2,0
KD-170-R2,CHEW,2,2,0,0,0,2,0,0,0,0,2,2,0
KD-170-R2,JCHEW,7,2,3,1,1,2,0,0,0,0,6,2,0
KD-170-R2,Medical Lab Technician,2,1,1,0,0,1,0,0,0,0,1,0,1
KD-170-R2,Medical Records Officer,3,0,0,0,3,0,0,0,0,0,2,0,0
KD-170-R2,Pharmacy Technician,0,0,0,0,0,0,0,0,0,0,0,0,0
KD-170-R2,Environmental Health Officer,1,1,0,0,0,1,0,0,0,0,1,1,0
KD-170-R3,Medical Officer,0,0,0,0,0,0,0,0,0,0,0,0,0
KD-170-R3,Nurse/Midwife,2,2,0,0,0,2,0,0,0,0,2,2,0
KD-170-R3,CHO,2,2,0,0,0,2,0,0,0,0,2,2,0
KD-170-R3,CHEW,2,2,0,0,0,2,0,0,0,0,2,2,0
KD-170-R3,JCHEW,7,2,3,1,1,2,0,0,0,0,5,1,1
KD-170-R3,Medical Lab Technician,2,1,1,0,0,0,0,0,1,0,0,0,0
KD-170-R3,Medical Records Officer,3,0,0,0,3,0,0,0,0,0,2,0,0
KD-170-R3,Pharmacy Technician,0,0,0,0,0,0,0,0,0,0,0,0,0
KD-170-R3,Environmental Health Officer,1,1,0,0,0,1,0,0,0,0,1,1,0
KD-170-R4,Medical Officer,0,0,0,0,0,0,0,0,0,0,0,0,0
KD-170-R4,Nurse/Midwife,2,2,0,0,0,2,0,0,0,0,2,2,0
KD-170-R4,CHO,2,2,0,0,0,2,0,0,0,0,1,1,1
KD-170-R4,CHEW,2,2,0,0,0,1,0,0,1,0,1,1,0
KD-170-R4,JCHEW,7,2,3,1,1,2,0,0,0,0,5,0,2
KD-170-R4,Medical Lab Technician,2,1,1,0,0,1,0,0,0,0,2,1,0
KD-170-R4,Medical Records Officer,3,0,0,0,3,0,0,0,0,0,1,0,0
KD-170-R4,Pharmacy Technician,0,0,0,0,0,0,0,0,0,0,0,0,0
KD-170-R4,Environmental Health Officer,1,1,0,0,0,1,0,0,0,0,1,1,0
KD-170-R5,Medical Officer,0,0,0,0,0,0,0,0,0,0,0,0,0
KD-170-R5,Nurse/Midwife,2,2,0,0,0,2,0,0,0,0,1,1,1
KD-170-R5,CHO,2,2,0,0,0,1,0,0,1,0,0,0,1
KD-170-R5,CHEW,2,2,0,0,0,2,0,0,0,0,2,2,0
KD-170-R5,JCHEW,7,2,3,1,1,1,0,0,0,1,5,1,0
KD-170-R5,Medical Lab Technician,2,1,1,0,0,1,0,0,0,0,2,1,0
KD-170-R5,Medical Records Officer,3,0,0,0,3,0,0,0,0,0,3,0,0
KD-170-R5,Pharmacy Technician,0,0,0,0,0,0,0,0,0,0,0,0,0
KD-170-R5,Environmental Health Officer,1,1,0,0,0,1,0,0,0,0,1,1,0
KD-170-R6,Medical Officer,0,0,0,0,0,0,0,0,0,0,0,0,0
KD-170-R6,Nurse/Midwife,2,2,0,0,0,2,0,0,0,0,0,0,2
KD-170-R6,CHO,2,2,0,0,0,2,0,0,0,0,2,2,0
KD-170-R6,CHEW,2,2,0,0,0,2,0,0,0,0,2,2,0
KD-170-R6,JCHEW,7,2,3,1,1,2,0,0,0,0,3,1,1
KD-170-R6,Medical Lab Technician,2,1,1,0,0,1,0,0,0,0,1,0,1
KD-170-R6,Medical Records Officer,3,0,0,0,3,0,0,0,0,0,3,0,0
KD-170-R6,Pharmacy Technician,0,0,0,0,0,0,0,0,0,0,0,0,0
KD-170-R6,Environmental Health Officer,1,1,0,0,0,1,0,0,0,0,1,1,0
KD-171-R1,Medical Officer,0,0,0,0,0,0,0,0,0,0,0,0,0
KD-171-R1,Nurse/Midwife,3,2,1,0,0,2,0,0,0,0,3,2,0
KD-171-R1,CHO,2,1,1,0,0,0,0,0,1,0,1,0,0
KD-171-R1,CHEW,3,1,2,0,0,1,0,0,0,0,2,1,0
KD-171-R1,JCHEW,4,3,1,0,0,3,0,0,0,0,2,1,2
KD-171-R1,Medical Lab Technician,2,1,1,0,0,1,0,0,0,0,2,1,0
KD-171-R1,Medical Records Officer,1,0,0,0,1,0,0,0,0,0,0,0,0
KD-171-R1,Pharmacy Technician,1,1,0,0,0,1,0,0,0,0,1,1,0
KD-171-R1,Environmental Health Officer,1,0,1,0,0,0,0,0,0,0,1,0,0
KD-171-R2,Medical Officer,0,0,0,0,0,0,0,0,0,0,0,0,0
KD-171-R2,Nurse/Midwife,3,2,1,0,0,2,0,0,0,0,2,1,1
KD-171-R2,CHO,2,1,1,0,0,1,0,0,0,0,2,1,0
KD-171-R2,CHEW,3,1,2,0,0,1,0,0,0,0,2,1,0
KD-171-R2,JCHEW,4,3,1,0,0,3,0,0,0,0,2,2,1
KD-171-R2,Medical Lab Technician,2,1,1,0,0,1,0,0,0,0,2,1,0
KD-171-R2,Medical Records Officer,1,0,0,0,1,0,0,0,0,0,0,0,0
KD-171-R2,Pharmacy Technician,1,1,0,0,0,1,0,0,0,0,0,0,1
KD-171-R2,Environmental Health Officer,1,0,1,0,0,0,0,0,0,0,1,0,0
KD-171-R3,Medical Officer,0,0,0,0,0,0,0,0,0,0,0,0,0
KD-171-R3,Nurse/Midwife,3,2,1,0,0,2,0,0,0,0,2,1,1
KD-171-R3,CHO,2,1,1,0,0,0,0,0,1,0,1,0,0
KD-171-R3,CHEW,3,1,2,0,0,1,0,0,0,0,2,0,1
KD-171-R3,JCHEW,4,3,1,0,0,2,0,0,0,1,2,2,0
KD-171-R3,Medical Lab Technician,2,1,1,0,0,1,0,0,0,0,1,0,1
KD-171-R3,Medical Records Officer,1,0,0,0,1,0,0,0,0,0,1,0,0
KD-171-R3,Pharmacy Technician,1,1,0,0,0,1,0,0,0,0,1,1,0
KD-171-R3,Environmental Health Officer,1,0,1,0,0,0,0,0,0,0,1,0,0
KD-171-R4,Medical Officer,0,0,0,0,0,0,0,0,0,0,0,0,0
KD-171-R4,Nurse/Midwife,3,2,1,0,0,2,0,0,0,0,3,2,0
KD-171-R4,CHO,2,1,1,0,0,1,0,0,0,0,2,1,0
KD-171-R4,CHEW,3,1,2,0,0,1,0,0,0,0,2,0,1
KD-171-R4,JCHEW,4,3,1,0,0,3,0,0,0,0,2,1,2
KD-171-R4,Medical Lab Technician,2,1,1,0,0,1,0,0,0,0,0,0,1
KD-171-R4,Medical Records Officer,1,0,0,0,1,0,0,0,0,0,1,0,0
KD-171-R4,Pharmacy Technician,1,1,0,0,0,1,0,0,0,0,0,0,1
KD-171-R4,Environmental Health Officer,1,0,1,0,0,0,0,0,0,0,1,0,0
KD-171-R5,Medical Officer,0,0,0,0,0,0,0,0,0,0,0,0,0
KD-171-R5,Nurse/Midwife,3,2,1,0,0,2,0,0,0,0,0,0,2
KD-171-R5,CHO,2,1,1,0,0,0,0,0,1,0,1,0,0
KD-171-R5,CHEW,3,1,2,0,0,1,0,0,0,0,1,1,0
KD-171-R5,JCHEW,4,3,1,0,0,2,0,0,0,1,1,0,2
KD-171-R5,Medical Lab Technician,2,1,1,0,0,1,0,0,0,0,2,1,0
KD-171-R5,Medical Records Officer,1,0,0,0,1,0,0,0,0,0,0,0,0
KD-171-R5,Pharmacy Technician,1,1,0,0,0,0,0,0,1,0,0,0,0
KD-171-R5,Environmental Health Officer,1,0,1,0,0,0,0,0,0,0,0,0,0
KD-171-R6,Medical Officer,0,0,0,0,0,0,0,0,0,0,0,0,0
KD-171-R6,Nurse/Midwife,3,2,1,0,0,1,0,0,0,1,1,0,1
KD-171-R6,CHO,2,1,1,0,0,1,0,0,0,0,2,1,0
KD-171-R6,CHEW,3,1,2,0,0,1,0,0,0,0,1,1,0
KD-171-R6,JCHEW,4,3,1,0,0,3,0,0,0,0,4,3,0
KD-171-R6,Medical Lab Technician,2,1,1,0,0,1,0,0,0,0,1,0,1
KD-171-R6,Medical Records Officer,1,0,0,0,1,0,0,0,0,0,1,0,0
KD-171-R6,Pharmacy Technician,1,1,0,0,0,1,0,0,0,0,1,1,0
KD-171-R6,Environmental Health Officer,1,0,1,0,0,0,0,0,0,0,0,0,0
KD-172-R1,Medical Officer,0,0,0,0,0,0,0,0,0,0,0,0,0
KD-172-R1,Nurse/Midwife,1,0,1,0,0,0,0,0,0,0,1,0,0
KD-172-R1,CHO,0,0,0,0,0,0,0,0,0,0,0,0,0
KD-172-R1,CHEW,1,1,0,0,0,1,0,0,0,0,0,0,1
KD-172-R1,JCHEW,1,1,0,0,0,1,0,0,0,0,1,1,0
KD-172-R1,Medical Lab Technician,0,0,0,0,0,0,0,0,0,0,0,0,0
KD-172-R1,Medical Records Officer,1,0,0,0,1,0,0,0,0,0,1,0,0
KD-172-R1,Pharmacy Technician,0,0,0,0,0,0,0,0,0,0,0,0,0
KD-172-R1,Environmental Health Officer,0,0,0,0,0,0,0,0,0,0,0,0,0
KD-172-R2,Medical Officer,0,0,0,0,0,0,0,0,0,0,0,0,0
KD-172-R2,Nurse/Midwife,1,0,1,0,0,0,0,0,0,0,1,0,0
KD-172-R2,CHO,0,0,0,0,0,0,0,0,0,0,0,0,0
KD-172-R2,CHEW,1,1,0,0,0,1,0,0,0,0,0,0,1
KD-172-R2,JCHEW,1,1,0,0,0,1,0,0,0,0,1,1,0
KD-172-R2,Medical Lab Technician,0,0,0,0,0,0,0,0,0,0,0,0,0
KD-172-R2,Medical Records Officer,1,0,0,0,1,0,0,0,0,0,0,0,0
KD-172-R2,Pharmacy Technician,0,0,0,0,0,0,0,0,0,0,0,0,0
KD-172-R2,Environmental Health Officer,0,0,0,0,0,0,0,0,0,0,0,0,0
KD-172-R3,Medical Officer,0,0,0,0,0,0,0,0,0,0,0,0,0
KD-172-R3,Nurse/Midwife,1,0,1,0,0,0,0,0,0,0,1,0,0
KD-172-R3,CHO,0,0,0,0,0,0,0,0,0,0,0,0,0
KD-172-R3,CHEW,1,1,0,0,0,1,0,0,0,0,1,1,0
KD-172-R3,JCHEW,1,1,0,0,0,1,0,0,0,0,1,1,0
KD-172-R3,Medical Lab Technician,0,0,0,0,0,0,0,0,0,0,0,0,0
KD-172-R3,Medical Records Officer,1,0,0,0,1,0,0,0,0,0,0,0,0
KD-172-R3,Pharmacy Technician,0,0,0,0,0,0,0,0,0,0,0,0,0
KD-172-R3,Environmental Health Officer,0,0,0,0,0,0,0,0,0,0,0,0,0
KD-172-R4,Medical Officer,0,0,0,0,0,0,0,0,0,0,0,0,0
KD-172-R4,Nurse/Midwife,1,0,1,0,0,0,0,0,0,0,1,0,0
KD-172-R4,CHO,0,0,0,0,0,0,0,0,0,0,0,0,0
KD-172-R4,CHEW,1,1,0,0,0,1,0,0,0,0,1,1,0
KD-172-R4,JCHEW,1,1,0,0,0,1,0,0,0,0,0,0,1
KD-172-R4,Medical Lab Technician,0,0,0,0,0,0,0,0,0,0,0,0,0
KD-172-R4,Medical Records Officer,1,0,0,0,1,0,0,0,0,0,0,0,0
KD-172-R4,Pharmacy Technician,0,0,0,0,0,0,0,0,0,0,0,0,0
KD-172-R4,Environmental Health Officer,0,0,0,0,0,0,0,0,0,0,0,0,0
KD-172-R5,Medical Officer,0,0,0,0,0,0,0,0,0,0,0,0,0
KD-172-R5,Nurse/Midwife,1,0,1,0,0,0,0,0,0,0,1,0,0
KD-172-R5,CHO,0,0,0,0,0,0,0,0,0,0,0,0,0
KD-172-R5,CHEW,1,1,0,0,0,1,0,0,0,0,1,1,0
KD-172-R5,JCHEW,1,1,0,0,0,1,0,0,0,0,0,0,1
KD-172-R5,Medical Lab Technician,0,0,0,0,0,0,0,0,0,0,0,0,0
KD-172-R5,Medical Records Officer,1,0,0,0,1,0,0,0,0,0,0,0,0
KD-172-R5,Pharmacy Technician,0,0,0,0,0,0,0,0,0,0,0,0,0
KD-172-R5,Environmental Health Officer,0,0,0,0,0,0,0,0,0,0,0,0,0
KD-172-R6,Medical Officer,0,0,0,0,0,0,0,0,0,0,0,0,0
KD-172-R6,Nurse/Midwife,1,0,1,0,0,0,0,0,0,0,1,0,0
KD-172-R6,CHO,0,0,0,0,0,0,0,0,0,0,0,0,0
KD-172-R6,CHEW,1,1,0,0,0,1,0,0,0,0,0,0,1
KD-172-R6,JCHEW,1,1,0,0,0,1,0,0,0,0,1,1,0
KD-172-R6,Medical Lab Technician,0,0,0,0,0,0,0,0,0,0,0,0,0
KD-172-R6,Medical Records Officer,1,0,0,0,1,0,0,0,0,0,0,0,0
KD-172-R6,Pharmacy Technician,0,0,0,0,0,0,0,0,0,0,0,0,0
KD-172-R6,Environmental Health Officer,0,0,0,0,0,0,0,0,0,0,0,0,0
KD-173-R1,Medical Officer,1,1,0,0,0,1,0,0,0,0,1,1,0
KD-173-R1,Nurse/Midwife,6,2,2,2,0,2,0,0,0,0,5,2,0
KD-173-R1,CHO,2,1,1,0,0,1,0,0,0,0,2,1,0
KD-173-R1,CHEW,8,3,3,0,2,2,0,0,0,1,6,2,0
KD-173-R1,JCHEW,7,5,1,1,0,2,1,1,0,1,6,4,0
KD-173-R1,Medical Lab Technician,3,3,0,0,0,2,0,0,1,0,2,2,0
KD-173-R1,Medical Records Officer,1,1,0,0,0,1,0,0,0,0,0,0,1
KD-173-R1,Pharmacy Technician,3,2,0,1,0,2,0,0,0,0,2,1,1
KD-173-R1,Environmental Health Officer,2,1,0,0,1,1,0,0,0,0,2,1,0
KD-173-R2,Medical Officer,1,1,0,0,0,1,0,0,0,0,1,1,0
KD-173-R2,Nurse/Midwife,6,2,2,2,0,2,0,0,0,0,5,2,0
KD-173-R2,CHO,2,1,1,0,0,1,0,0,0,0,2,1,0
KD-173-R2,CHEW,8,3,3,0,2,2,0,0,0,1,4,1,1
KD-173-R2,JCHEW,7,5,1,1,0,2,1,1,1,0,6,4,0
KD-173-R2,Medical Lab Technician,3,3,0,0,0,2,0,0,1,0,2,2,0
KD-173-R2,Medical Records Officer,1,1,0,0,0,1,0,0,0,0,1,1,0
KD-173-R2,Pharmacy Technician,3,2,0,1,0,1,0,0,0,1,2,1,0
KD-173-R2,Environmental Health Officer,2,1,0,0,1,1,0,0,0,0,2,1,0
KD-173-R3,Medical Officer,1,1,0,0,0,1,0,0,0,0,1,1,0
KD-173-R3,Nurse/Midwife,6,2,2,2,0,2,0,0,0,0,5,2,0
KD-173-R3,CHO,2,1,1,0,0,1,0,0,0,0,2,1,0
KD-173-R3,CHEW,8,3,3,0,2,2,0,0,1,0,7,2,0
KD-173-R3,JCHEW,7,5,1,1,0,3,1,1,0,0,6,4,1
KD-173-R3,Medical Lab Technician,3,3,0,0,0,2,0,1,0,0,2,2,1
KD-173-R3,Medical Records Officer,1,1,0,0,0,1,0,0,0,0,0,0,1
KD-173-R3,Pharmacy Technician,3,2,0,1,0,2,0,0,0,0,2,1,1
KD-173-R3,Environmental Health Officer,2,1,0,0,1,1,0,0,0,0,2,1,0
KD-173-R4,Medical Officer,1,1,0,0,0,1,0,0,0,0,0,0,1
KD-173-R4,Nurse/Midwife,6,2,2,2,0,2,0,0,0,0,2,0,2
KD-173-R4,CHO,2,1,1,0,0,1,0,0,0,0,1,0,1
KD-173-R4,CHEW,8,3,3,0,2,2,0,0,0,1,2,0,2
KD-173-R4,JCHEW,7,5,1,1,0,2,1,1,0,1,3,2,2
KD-173-R4,Medical Lab Technician,3,3,0,0,0,2,0,1,0,0,3,3,0
KD-173-R4,Medical Records Officer,1,1,0,0,0,0,0,0,0,1,0,0,0
KD-173-R4,Pharmacy Technician,3,2,0,1,0,2,0,0,0,0,2,1,1
KD-173-R4,Environmental Health Officer,2,1,0,0,1,1,0,0,0,0,2,1,0
KD-173-R5,Medical Officer,1,1,0,0,0,1,0,0,0,0,1,1,0
KD-173-R5,Nurse/Midwife,6,2,2,2,0,1,0,0,0,1,4,1,0
KD-173-R5,CHO,2,1,1,0,0,1,0,0,0,0,1,0,1
KD-173-R5,CHEW,8,3,3,0,2,1,0,0,2,0,6,1,0
KD-173-R5,JCHEW,7,5,1,1,0,3,1,1,0,0,7,5,0
KD-173-R5,Medical Lab Technician,3,3,0,0,0,2,0,1,0,0,3,3,0
KD-173-R5,Medical Records Officer,1,1,0,0,0,1,0,0,0,0,0,0,1
KD-173-R5,Pharmacy Technician,3,2,0,1,0,0,0,0,2,0,1,0,0
KD-173-R5,Environmental Health Officer,2,1,0,0,1,1,0,0,0,0,2,1,0
KD-173-R6,Medical Officer,1,1,0,0,0,1,0,0,0,0,1,1,0
KD-173-R6,Nurse/Midwife,6,2,2,2,0,2,0,0,0,0,4,1,1
KD-173-R6,CHO,2,1,1,0,0,1,0,0,0,0,1,1,0
KD-173-R6,CHEW,8,3,3,0,2,2,0,1,0,0,6,3,0
KD-173-R6,JCHEW,7,5,1,1,0,3,1,1,0,0,4,3,2
KD-173-R6,Medical Lab Technician,3,3,0,0,0,2,0,1,0,0,3,3,0
KD-173-R6,Medical Records Officer,1,1,0,0,0,1,0,0,0,0,0,0,1
KD-173-R6,Pharmacy Technician,3,2,0,1,0,2,0,0,0,0,1,0,2
KD-173-R6,Environmental Health Officer,2,1,0,0,1,1,0,0,0,0,2,1,0
KD-174-R1,Medical Officer,0,0,0,0,0,0,0,0,0,0,0,0,0
KD-174-R1,Nurse/Midwife,1,0,0,0,1,0,0,0,0,0,0,0,0
KD-174-R1,CHO,0,0,0,0,0,0,0,0,0,0,0,0,0
KD-174-R1,CHEW,2,1,0,0,1,1,0,0,0,0,2,1,0
KD-174-R1,JCHEW,2,0,1,0,1,0,0,0,0,0,1,0,0
KD-174-R1,Medical Lab Technician,0,0,0,0,0,0,0,0,0,0,0,0,0
KD-174-R1,Medical Records Officer,1,0,1,0,0,0,0,0,0,0,1,0,0
KD-174-R1,Pharmacy Technician,0,0,0,0,0,0,0,0,0,0,0,0,0
KD-174-R1,Environmental Health Officer,0,0,0,0,0,0,0,0,0,0,0,0,0
KD-174-R2,Medical Officer,0,0,0,0,0,0,0,0,0,0,0,0,0
KD-174-R2,Nurse/Midwife,1,0,0,0,1,0,0,0,0,0,1,0,0
KD-174-R2,CHO,0,0,0,0,0,0,0,0,0,0,0,0,0
KD-174-R2,CHEW,2,1,0,0,1,1,0,0,0,0,1,1,0
KD-174-R2,JCHEW,2,0,1,0,1,0,0,0,0,0,0,0,0
KD-174-R2,Medical Lab Technician,0,0,0,0,0,0,0,0,0,0,0,0,0
KD-174-R2,Medical Records Officer,1,0,1,0,0,0,0,0,0,0,1,0,0
KD-174-R2,Pharmacy Technician,0,0,0,0,0,0,0,0,0,0,0,0,0
KD-174-R2,Environmental Health Officer,0,0,0,0,0,0,0,0,0,0,0,0,0
KD-174-R3,Medical Officer,0,0,0,0,0,0,0,0,0,0,0,0,0
KD-174-R3,Nurse/Midwife,1,0,0,0,1,0,0,0,0,0,1,0,0
KD-174-R3,CHO,0,0,0,0,0,0,0,0,0,0,0,0,0
KD-174-R3,CHEW,2,1,0,0,1,1,0,0,0,0,1,1,0
KD-174-R3,JCHEW,2,0,1,0,1,0,0,0,0,0,1,0,0
KD-174-R3,Medical Lab Technician,0,0,0,0,0,0,0,0,0,0,0,0,0
KD-174-R3,Medical Records Officer,1,0,1,0,0,0,0,0,0,0,0,0,0
KD-174-R3,Pharmacy Technician,0,0,0,0,0,0,0,0,0,0,0,0,0
KD-174-R3,Environmental Health Officer,0,0,0,0,0,0,0,0,0,0,0,0,0
KD-174-R4,Medical Officer,0,0,0,0,0,0,0,0,0,0,0,0,0
KD-174-R4,Nurse/Midwife,1,0,0,0,1,0,0,0,0,0,1,0,0
KD-174-R4,CHO,0,0,0,0,0,0,0,0,0,0,0,0,0
KD-174-R4,CHEW,2,1,0,0,1,1,0,0,0,0,0,0,1
KD-174-R4,JCHEW,2,0,1,0,1,0,0,0,0,0,1,0,0
KD-174-R4,Medical Lab Technician,0,0,0,0,0,0,0,0,0,0,0,0,0
KD-174-R4,Medical Records Officer,1,0,1,0,0,0,0,0,0,0,0,0,0
KD-174-R4,Pharmacy Technician,0,0,0,0,0,0,0,0,0,0,0,0,0
KD-174-R4,Environmental Health Officer,0,0,0,0,0,0,0,0,0,0,0,0,0
KD-174-R5,Medical Officer,0,0,0,0,0,0,0,0,0,0,0,0,0
KD-174-R5,Nurse/Midwife,1,0,0,0,1,0,0,0,0,0,0,0,0
KD-174-R5,CHO,0,0,0,0,0,0,0,0,0,0,0,0,0
KD-174-R5,CHEW,2,1,0,0,1,1,0,0,0,0,1,1,0
KD-174-R5,JCHEW,2,0,1,0,1,0,0,0,0,0,1,0,0
KD-174-R5,Medical Lab Technician,0,0,0,0,0,0,0,0,0,0,0,0,0
KD-174-R5,Medical Records Officer,1,0,1,0,0,0,0,0,0,0,1,0,0
KD-174-R5,Pharmacy Technician,0,0,0,0,0,0,0,0,0,0,0,0,0
KD-174-R5,Environmental Health Officer,0,0,0,0,0,0,0,0,0,0,0,0,0
KD-174-R6,Medical Officer,0,0,0,0,0,0,0,0,0,0,0,0,0
KD-174-R6,Nurse/Midwife,1,0,0,0,1,0,0,0,0,0,1,0,0
KD-174-R6,CHO,0,0,0,0,0,0,0,0,0,0,0,0,0
KD-174-R6,CHEW,2,1,0,0,1,1,0,0,0,0,2,1,0
KD-174-R6,JCHEW,2,0,1,0,1,0,0,0,0,0,1,0,0
KD-174-R6,Medical Lab Technician,0,0,0,0,0,0,0,0,0,0,0,0,0
KD-174-R6,Medical Records Officer,1,0,1,0,0,0,0,0,0,0,0,0,0
KD-174-R6,Pharmacy Technician,0,0,0,0,0,0,0,0,0,0,0,0,0
KD-174-R6,Environmental Health Officer,0,0,0,0,0,0,0,0,0,0,0,0,0
KD-175-R1,Medical Officer,1,1,0,0,0,1,0,0,0,0,0,0,1
KD-175-R1,Nurse/Midwife,1,0,0,1,0,0,0,0,0,0,0,0,0
KD-175-R1,CHO,0,0,0,0,0,0,0,0,0,0,0,0,0
KD-175-R1,CHEW,2,1,0,0,1,1,0,0,0,0,2,1,0
KD-175-R1,JCHEW,8,5,0,3,0,5,0,0,0,0,3,3,2
KD-175-R1,Medical Lab Technician,0,0,0,0,0,0,0,0,0,0,0,0,0
KD-175-R1,Medical Records Officer,3,1,1,0,1,1,0,0,0,0,2,1,0
KD-175-R1,Pharmacy Technician,0,0,0,0,0,0,0,0,0,0,0,0,0
KD-175-R1,Environmental Health Officer,0,0,0,0,0,0,0,0,0,0,0,0,0
KD-175-R2,Medical Officer,1,1,0,0,0,0,0,0,0,1,0,0,0
KD-175-R2,Nurse/Midwife,1,0,0,1,0,0,0,0,0,0,1,0,0
KD-175-R2,CHO,0,0,0,0,0,0,0,0,0,0,0,0,0
KD-175-R2,CHEW,2,1,0,0,1,1,0,0,0,0,0,0,1
KD-175-R2,JCHEW,8,5,0,3,0,4,0,0,1,0,2,1,3
KD-175-R2,Medical Lab Technician,0,0,0,0,0,0,0,0,0,0,0,0,0
KD-175-R2,Medical Records Officer,3,1,1,0,1,1,0,0,0,0,2,0,1
KD-175-R2,Pharmacy Technician,0,0,0,0,0,0,0,0,0,0,0,0,0
KD-175-R2,Environmental Health Officer,0,0,0,0,0,0,0,0,0,0,0,0,0
KD-175-R3,Medical Officer,1,1,0,0,0,1,0,0,0,0,0,0,1
KD-175-R3,Nurse/Midwife,1,0,0,1,0,0,0,0,0,0,0,0,0
KD-175-R3,CHO,0,0,0,0,0,0,0,0,0,0,0,0,0
KD-175-R3,CHEW,2,1,0,0,1,1,0,0,0,0,1,0,1
KD-175-R3,JCHEW,8,5,0,3,0,5,0,0,0,0,4,3,2
KD-175-R3,Medical Lab Technician,0,0,0,0,0,0,0,0,0,0,0,0,0
KD-175-R3,Medical Records Officer,3,1,1,0,1,1,0,0,0,0,1,0,1
KD-175-R3,Pharmacy Technician,0,0,0,0,0,0,0,0,0,0,0,0,0
KD-175-R3,Environmental Health Officer,0,0,0,0,0,0,0,0,0,0,0,0,0
KD-175-R4,Medical Officer,1,1,0,0,0,1,0,0,0,0,1,1,0
KD-175-R4,Nurse/Midwife,1,0,0,1,0,0,0,0,0,0,1,0,0
KD-175-R4,CHO,0,0,0,0,0,0,0,0,0,0,0,0,0
KD-175-R4,CHEW,2,1,0,0,1,1,0,0,0,0,0,0,1
KD-175-R4,JCHEW,8,5,0,3,0,4,0,0,1,0,4,2,2
KD-175-R4,Medical Lab Technician,0,0,0,0,0,0,0,0,0,0,0,0,0
KD-175-R4,Medical Records Officer,3,1,1,0,1,1,0,0,0,0,2,1,0
KD-175-R4,Pharmacy Technician,0,0,0,0,0,0,0,0,0,0,0,0,0
KD-175-R4,Environmental Health Officer,0,0,0,0,0,0,0,0,0,0,0,0,0
KD-175-R5,Medical Officer,1,1,0,0,0,1,0,0,0,0,0,0,1
KD-175-R5,Nurse/Midwife,1,0,0,1,0,0,0,0,0,0,1,0,0
KD-175-R5,CHO,0,0,0,0,0,0,0,0,0,0,0,0,0
KD-175-R5,CHEW,2,1,0,0,1,1,0,0,0,0,2,1,0
KD-175-R5,JCHEW,8,5,0,3,0,3,0,0,1,1,3,2,1
KD-175-R5,Medical Lab Technician,0,0,0,0,0,0,0,0,0,0,0,0,0
KD-175-R5,Medical Records Officer,3,1,1,0,1,1,0,0,0,0,3,1,0
KD-175-R5,Pharmacy Technician,0,0,0,0,0,0,0,0,0,0,0,0,0
KD-175-R5,Environmental Health Officer,0,0,0,0,0,0,0,0,0,0,0,0,0
KD-175-R6,Medical Officer,1,1,0,0,0,1,0,0,0,0,1,1,0
KD-175-R6,Nurse/Midwife,1,0,0,1,0,0,0,0,0,0,0,0,0
KD-175-R6,CHO,0,0,0,0,0,0,0,0,0,0,0,0,0
KD-175-R6,CHEW,2,1,0,0,1,1,0,0,0,0,1,1,0
KD-175-R6,JCHEW,8,5,0,3,0,5,0,0,0,0,8,5,0
KD-175-R6,Medical Lab Technician,0,0,0,0,0,0,0,0,0,0,0,0,0
KD-175-R6,Medical Records Officer,3,1,1,0,1,1,0,0,0,0,1,0,1
KD-175-R6,Pharmacy Technician,0,0,0,0,0,0,0,0,0,0,0,0,0
KD-175-R6,Environmental Health Officer,0,0,0,0,0,0,0,0,0,0,0,0,0
KD-176-R1,Medical Officer,2,1,0,0,1,1,0,0,0,0,2,1,0
KD-176-R1,Nurse/Midwife,3,1,1,1,0,0,0,0,0,1,2,0,0
KD-176-R1,CHO,2,1,0,0,1,1,0,0,0,0,1,1,0
KD-176-R1,CHEW,9,4,2,2,1,4,0,0,0,0,9,4,0
KD-176-R1,JCHEW,4,3,1,0,0,3,0,0,0,0,3,2,1
KD-176-R1,Medical Lab Technician,3,2,0,1,0,2,0,0,0,0,3,2,0
KD-176-R1,Medical Records Officer,2,1,0,0,1,1,0,0,0,0,1,1,0
KD-176-R1,Pharmacy Technician,3,1,0,2,0,1,0,0,0,0,2,1,0
KD-176-R1,Environmental Health Officer,1,1,0,0,0,1,0,0,0,0,1,1,0
KD-176-R2,Medical Officer,2,1,0,0,1,1,0,0,0,0,2,1,0
KD-176-R2,Nurse/Midwife,3,1,1,1,0,1,0,0,0,0,2,1,0
KD-176-R2,CHO,2,1,0,0,1,1,0,0,0,0,2,1,0
KD-176-R2,CHEW,9,4,2,2,1,4,0,0,0,0,5,3,1
KD-176-R2,JCHEW,4,3,1,0,0,3,0,0,0,0,4,3,0
KD-176-R2,Medical Lab Technician,3,2,0,1,0,1,0,0,1,0,1,0,1
KD-176-R2,Medical Records Officer,2,1,0,0,1,1,0,0,0,0,1,1,0
KD-176-R2,Pharmacy Technician,3,1,0,2,0,1,0,0,0,0,1,1,0
KD-176-R2,Environmental Health Officer,1,1,0,0,0,1,0,0,0,0,1,1,0
KD-176-R3,Medical Officer,2,1,0,0,1,1,0,0,0,0,2,1,0
KD-176-R3,Nurse/Midwife,3,1,1,1,0,1,0,0,0,0,3,1,0
KD-176-R3,CHO,2,1,0,0,1,1,0,0,0,0,2,1,0
KD-176-R3,CHEW,9,4,2,2,1,4,0,0,0,0,8,4,0
KD-176-R3,JCHEW,4,3,1,0,0,3,0,0,0,0,3,2,1
KD-176-R3,Medical Lab Technician,3,2,0,1,0,2,0,0,0,0,3,2,0
KD-176-R3,Medical Records Officer,2,1,0,0,1,0,0,0,0,1,1,0,0
KD-176-R3,Pharmacy Technician,3,1,0,2,0,1,0,0,0,0,3,1,0
KD-176-R3,Environmental Health Officer,1,1,0,0,0,1,0,0,0,0,1,1,0
KD-176-R4,Medical Officer,2,1,0,0,1,1,0,0,0,0,2,1,0
KD-176-R4,Nurse/Midwife,3,1,1,1,0,1,0,0,0,0,2,1,0
KD-176-R4,CHO,2,1,0,0,1,1,0,0,0,0,2,1,0
KD-176-R4,CHEW,9,4,2,2,1,4,0,0,0,0,7,3,1
KD-176-R4,JCHEW,4,3,1,0,0,3,0,0,0,0,3,3,0
KD-176-R4,Medical Lab Technician,3,2,0,1,0,2,0,0,0,0,2,1,1
KD-176-R4,Medical Records Officer,2,1,0,0,1,0,0,0,0,1,1,0,0
KD-176-R4,Pharmacy Technician,3,1,0,2,0,1,0,0,0,0,1,1,0
KD-176-R4,Environmental Health Officer,1,1,0,0,0,1,0,0,0,0,1,1,0
KD-176-R5,Medical Officer,2,1,0,0,1,1,0,0,0,0,2,1,0
KD-176-R5,Nurse/Midwife,3,1,1,1,0,1,0,0,0,0,2,1,0
KD-176-R5,CHO,2,1,0,0,1,1,0,0,0,0,2,1,0
KD-176-R5,CHEW,9,4,2,2,1,3,0,0,1,0,8,3,0
KD-176-R5,JCHEW,4,3,1,0,0,2,0,0,0,1,2,1,1
KD-176-R5,Medical Lab Technician,3,2,0,1,0,2,0,0,0,0,2,2,0
KD-176-R5,Medical Records Officer,2,1,0,0,1,1,0,0,0,0,0,0,1
KD-176-R5,Pharmacy Technician,3,1,0,2,0,0,0,0,0,1,2,0,0
KD-176-R5,Environmental Health Officer,1,1,0,0,0,1,0,0,0,0,1,1,0
KD-176-R6,Medical Officer,2,1,0,0,1,1,0,0,0,0,1,1,0
KD-176-R6,Nurse/Midwife,3,1,1,1,0,1,0,0,0,0,3,1,0
KD-176-R6,CHO,2,1,0,0,1,1,0,0,0,0,1,1,0
KD-176-R6,CHEW,9,4,2,2,1,4,0,0,0,0,7,4,0
KD-176-R6,JCHEW,4,3,1,0,0,2,0,0,1,0,2,1,1
KD-176-R6,Medical Lab Technician,3,2,0,1,0,2,0,0,0,0,3,2,0
KD-176-R6,Medical Records Officer,2,1,0,0,1,1,0,0,0,0,2,1,0
KD-176-R6,Pharmacy Technician,3,1,0,2,0,1,0,0,0,0,1,0,1
KD-176-R6,Environmental Health Officer,1,1,0,0,0,1,0,0,0,0,0,0,1
KD-177-R1,Medical Officer,0,0,0,0,0,0,0,0,0,0,0,0,0
KD-177-R1,Nurse/Midwife,3,1,0,2,0,1,0,0,0,0,3,1,0
KD-177-R1,CHO,1,1,0,0,0,1,0,0,0,0,1,1,0
KD-177-R1,CHEW,7,3,0,0,4,3,0,0,0,0,5,3,0
KD-177-R1,JCHEW,5,2,1,1,1,2,0,0,0,0,4,1,1
KD-177-R1,Medical Lab Technician,2,0,1,0,1,0,0,0,0,0,1,0,0
KD-177-R1,Medical Records Officer,2,0,0,0,2,0,0,0,0,0,1,0,0
KD-177-R1,Pharmacy Technician,2,0,0,1,1,0,0,0,0,0,1,0,0
KD-177-R1,Environmental Health Officer,0,0,0,0,0,0,0,0,0,0,0,0,0
KD-177-R2,Medical Officer,0,0,0,0,0,0,0,0,0,0,0,0,0
KD-177-R2,Nurse/Midwife,3,1,0,2,0,1,0,0,0,0,3,1,0
KD-177-R2,CHO,1,1,0,0,0,1,0,0,0,0,1,1,0
KD-177-R2,CHEW,7,3,0,0,4,3,0,0,0,0,4,2,1
KD-177-R2,JCHEW,5,2,1,1,1,2,0,0,0,0,4,2,0
KD-177-R2,Medical Lab Technician,2,0,1,0,1,0,0,0,0,0,2,0,0
KD-177-R2,Medical Records Officer,2,0,0,0,2,0,0,0,0,0,2,0,0
KD-177-R2,Pharmacy Technician,2,0,0,1,1,0,0,0,0,0,2,0,0
KD-177-R2,Environmental Health Officer,0,0,0,0,0,0,0,0,0,0,0,0,0
KD-177-R3,Medical Officer,0,0,0,0,0,0,0,0,0,0,0,0,0
KD-177-R3,Nurse/Midwife,3,1,0,2,0,1,0,0,0,0,3,1,0
KD-177-R3,CHO,1,1,0,0,0,1,0,0,0,0,1,1,0
KD-177-R3,CHEW,7,3,0,0,4,3,0,0,0,0,6,2,1
KD-177-R3,JCHEW,5,2,1,1,1,2,0,0,0,0,3,1,1
KD-177-R3,Medical Lab Technician,2,0,1,0,1,0,0,0,0,0,1,0,0
KD-177-R3,Medical Records Officer,2,0,0,0,2,0,0,0,0,0,1,0,0
KD-177-R3,Pharmacy Technician,2,0,0,1,1,0,0,0,0,0,2,0,0
KD-177-R3,Environmental Health Officer,0,0,0,0,0,0,0,0,0,0,0,0,0
KD-177-R4,Medical Officer,0,0,0,0,0,0,0,0,0,0,0,0,0
KD-177-R4,Nurse/Midwife,3,1,0,2,0,1,0,0,0,0,3,1,0
KD-177-R4,CHO,1,1,0,0,0,1,0,0,0,0,1,1,0
KD-177-R4,CHEW,7,3,0,0,4,2,0,0,1,0,3,1,1
KD-177-R4,JCHEW,5,2,1,1,1,1,0,0,1,0,2,1,0
KD-177-R4,Medical Lab Technician,2,0,1,0,1,0,0,0,0,0,2,0,0
KD-177-R4,Medical Records Officer,2,0,0,0,2,0,0,0,0,0,2,0,0
KD-177-R4,Pharmacy Technician,2,0,0,1,1,0,0,0,0,0,1,0,0
KD-177-R4,Environmental Health Officer,0,0,0,0,0,0,0,0,0,0,0,0,0
KD-177-R5,Medical Officer,0,0,0,0,0,0,0,0,0,0,0,0,0
KD-177-R5,Nurse/Midwife,3,1,0,2,0,0,0,0,1,0,2,0,0
KD-177-R5,CHO,1,1,0,0,0,1,0,0,0,0,1,1,0
KD-177-R5,CHEW,7,3,0,0,4,3,0,0,0,0,6,2,1
KD-177-R5,JCHEW,5,2,1,1,1,2,0,0,0,0,4,1,1
KD-177-R5,Medical Lab Technician,2,0,1,0,1,0,0,0,0,0,2,0,0
KD-177-R5,Medical Records Officer,2,0,0,0,2,0,0,0,0,0,1,0,0
KD-177-R5,Pharmacy Technician,2,0,0,1,1,0,0,0,0,0,1,0,0
KD-177-R5,Environmental Health Officer,0,0,0,0,0,0,0,0,0,0,0,0,0
KD-177-R6,Medical Officer,0,0,0,0,0,0,0,0,0,0,0,0,0
KD-177-R6,Nurse/Midwife,3,1,0,2,0,1,0,0,0,0,2,1,0
KD-177-R6,CHO,1,1,0,0,0,1,0,0,0,0,1,1,0
KD-177-R6,CHEW,7,3,0,0,4,2,0,0,0,1,5,2,0
KD-177-R6,JCHEW,5,2,1,1,1,2,0,0,0,0,5,2,0
KD-177-R6,Medical Lab Technician,2,0,1,0,1,0,0,0,0,0,2,0,0
KD-177-R6,Medical Records Officer,2,0,0,0,2,0,0,0,0,0,2,0,0
KD-177-R6,Pharmacy Technician,2,0,0,1,1,0,0,0,0,0,1,0,0
KD-177-R6,Environmental Health Officer,0,0,0,0,0,0,0,0,0,0,0,0,0
KD-178-R1,Medical Officer,0,0,0,0,0,0,0,0,0,0,0,0,0
KD-178-R1,Nurse/Midwife,2,2,0,0,0,2,0,0,0,0,2,2,0
KD-178-R1,CHO,0,0,0,0,0,0,0,0,0,0,0,0,0
KD-178-R1,CHEW,8,6,0,1,1,3,1,1,1,0,4,2,3
KD-178-R1,JCHEW,4,2,1,1,0,1,0,0,0,1,3,1,0
KD-178-R1,Medical Lab Technician,2,2,0,0,0,1,0,0,1,0,1,1,0
KD-178-R1,Medical Records Officer,1,0,0,0,1,0,0,0,0,0,0,0,0
KD-178-R1,Pharmacy Technician,1,1,0,0,0,1,0,0,0,0,0,0,1
KD-178-R1,Environmental Health Officer,0,0,0,0,0,0,0,0,0,0,0,0,0
KD-178-R2,Medical Officer,0,0,0,0,0,0,0,0,0,0,0,0,0
KD-178-R2,Nurse/Midwife,2,2,0,0,0,2,0,0,0,0,0,0,2
KD-178-R2,CHO,0,0,0,0,0,0,0,0,0,0,0,0,0
KD-178-R2,CHEW,8,6,0,1,1,3,1,2,0,0,7,5,1
KD-178-R2,JCHEW,4,2,1,1,0,1,0,0,1,0,3,1,0
KD-178-R2,Medical Lab Technician,2,2,0,0,0,2,0,0,0,0,2,2,0
KD-178-R2,Medical Records Officer,1,0,0,0,1,0,0,0,0,0,1,0,0
KD-178-R2,Pharmacy Technician,1,1,0,0,0,1,0,0,0,0,1,1,0
KD-178-R2,Environmental Health Officer,0,0,0,0,0,0,0,0,0,0,0,0,0
KD-178-R3,Medical Officer,0,0,0,0,0,0,0,0,0,0,0,0,0
KD-178-R3,Nurse/Midwife,2,2,0,0,0,1,0,0,1,0,1,1,0
KD-178-R3,CHO,0,0,0,0,0,0,0,0,0,0,0,0,0
KD-178-R3,CHEW,8,6,0,1,1,3,1,2,0,0,4,3,3
KD-178-R3,JCHEW,4,2,1,1,0,0,0,0,2,0,2,0,0
KD-178-R3,Medical Lab Technician,2,2,0,0,0,2,0,0,0,0,2,2,0
KD-178-R3,Medical Records Officer,1,0,0,0,1,0,0,0,0,0,0,0,0
KD-178-R3,Pharmacy Technician,1,1,0,0,0,1,0,0,0,0,1,1,0
KD-178-R3,Environmental Health Officer,0,0,0,0,0,0,0,0,0,0,0,0,0
KD-178-R4,Medical Officer,0,0,0,0,0,0,0,0,0,0,0,0,0
KD-178-R4,Nurse/Midwife,2,2,0,0,0,2,0,0,0,0,0,0,2
KD-178-R4,CHO,0,0,0,0,0,0,0,0,0,0,0,0,0
KD-178-R4,CHEW,8,6,0,1,1,3,1,1,1,0,2,2,3
KD-178-R4,JCHEW,4,2,1,1,0,2,0,0,0,0,3,2,0
KD-178-R4,Medical Lab Technician,2,2,0,0,0,2,0,0,0,0,2,2,0
KD-178-R4,Medical Records Officer,1,0,0,0,1,0,0,0,0,0,1,0,0
KD-178-R4,Pharmacy Technician,1,1,0,0,0,1,0,0,0,0,1,1,0
KD-178-R4,Environmental Health Officer,0,0,0,0,0,0,0,0,0,0,0,0,0
KD-178-R5,Medical Officer,0,0,0,0,0,0,0,0,0,0,0,0,0
KD-178-R5,Nurse/Midwife,2,2,0,0,0,2,0,0,0,0,1,1,1
KD-178-R5,CHO,0,0,0,0,0,0,0,0,0,0,0,0,0
KD-178-R5,CHEW,8,6,0,1,1,2,0,1,2,1,1,1,2
KD-178-R5,JCHEW,4,2,1,1,0,2,0,0,0,0,0,0,2
KD-178-R5,Medical Lab Technician,2,2,0,0,0,2,0,0,0,0,1,1,1
KD-178-R5,Medical Records Officer,1,0,0,0,1,0,0,0,0,0,1,0,0
KD-178-R5,Pharmacy Technician,1,1,0,0,0,0,0,0,1,0,0,0,0
KD-178-R5,Environmental Health Officer,0,0,0,0,0,0,0,0,0,0,0,0,0
KD-178-R6,Medical Officer,0,0,0,0,0,0,0,0,0,0,0,0,0
KD-178-R6,Nurse/Midwife,2,2,0,0,0,1,0,0,1,0,1,1,0
KD-178-R6,CHO,0,0,0,0,0,0,0,0,0,0,0,0,0
KD-178-R6,CHEW,8,6,0,1,1,3,1,1,1,0,3,3,2
KD-178-R6,JCHEW,4,2,1,1,0,2,0,0,0,0,3,2,0
KD-178-R6,Medical Lab Technician,2,2,0,0,0,1,0,0,1,0,0,0,1
KD-178-R6,Medical Records Officer,1,0,0,0,1,0,0,0,0,0,0,0,0
KD-178-R6,Pharmacy Technician,1,1,0,0,0,1,0,0,0,0,0,0,1
KD-178-R6,Environmental Health Officer,0,0,0,0,0,0,0,0,0,0,0,0,0
KD-179-R1,Medical Officer,1,1,0,0,0,1,0,0,0,0,0,0,1
KD-179-R1,Nurse/Midwife,4,2,0,2,0,1,0,0,1,0,3,1,0
KD-179-R1,CHO,3,3,0,0,0,2,0,0,1,0,2,2,0
KD-179-R1,CHEW,10,7,1,1,1,3,1,2,1,0,8,6,0
KD-179-R1,JCHEW,3,2,0,0,1,2,0,0,0,0,2,1,1
KD-179-R1,Medical Lab Technician,2,2,0,0,0,2,0,0,0,0,1,1,1
KD-179-R1,Medical Records Officer,3,2,0,0,1,1,0,0,0,1,0,0,1
KD-179-R1,Pharmacy Technician,1,0,0,0,1,0,0,0,0,0,0,0,0
KD-179-R1,Environmental Health Officer,1,1,0,0,0,1,0,0,0,0,1,1,0
KD-179-R2,Medical Officer,1,1,0,0,0,1,0,0,0,0,1,1,0
KD-179-R2,Nurse/Midwife,4,2,0,2,0,2,0,0,0,0,3,2,0
KD-179-R2,CHO,3,3,0,0,0,2,0,1,0,0,3,3,0
KD-179-R2,CHEW,10,7,1,1,1,4,2,1,0,0,9,6,1
KD-179-R2,JCHEW,3,2,0,0,1,2,0,0,0,0,3,2,0
KD-179-R2,Medical Lab Technician,2,2,0,0,0,1,0,0,1,0,1,1,0
KD-179-R2,Medical Records Officer,3,2,0,0,1,2,0,0,0,0,3,2,0
KD-179-R2,Pharmacy Technician,1,0,0,0,1,0,0,0,0,0,1,0,0
KD-179-R2,Environmental Health Officer,1,1,0,0,0,1,0,0,0,0,1,1,0
KD-179-R3,Medical Officer,1,1,0,0,0,1,0,0,0,0,1,1,0
KD-179-R3,Nurse/Midwife,4,2,0,2,0,2,0,0,0,0,4,2,0
KD-179-R3,CHO,3,3,0,0,0,2,0,1,0,0,2,2,1
KD-179-R3,CHEW,10,7,1,1,1,4,2,1,0,0,8,7,0
KD-179-R3,JCHEW,3,2,0,0,1,1,0,0,0,1,2,1,0
KD-179-R3,Medical Lab Technician,2,2,0,0,0,2,0,0,0,0,2,2,0
KD-179-R3,Medical Records Officer,3,2,0,0,1,1,0,0,0,1,2,1,0
KD-179-R3,Pharmacy Technician,1,0,0,0,1,0,0,0,0,0,1,0,0
KD-179-R3,Environmental Health Officer,1,1,0,0,0,0,0,0,1,0,0,0,0
KD-179-R4,Medical Officer,1,1,0,0,0,1,0,0,0,0,0,0,1
KD-179-R4,Nurse/Midwife,4,2,0,2,0,2,0,0,0,0,2,1,1
KD-179-R4,CHO,3,3,0,0,0,2,0,1,0,0,3,3,0
KD-179-R4,CHEW,10,7,1,1,1,3,1,2,0,1,6,4,2
KD-179-R4,JCHEW,3,2,0,0,1,2,0,0,0,0,3,2,0
KD-179-R4,Medical Lab Technician,2,2,0,0,0,2,0,0,0,0,1,1,1
KD-179-R4,Medical Records Officer,3,2,0,0,1,2,0,0,0,0,3,2,0
KD-179-R4,Pharmacy Technician,1,0,0,0,1,0,0,0,0,0,1,0,0
KD-179-R4,Environmental Health Officer,1,1,0,0,0,1,0,0,0,0,1,1,0
KD-179-R5,Medical Officer,1,1,0,0,0,1,0,0,0,0,1,1,0
KD-179-R5,Nurse/Midwife,4,2,0,2,0,1,0,0,1,0,3,1,0
KD-179-R5,CHO,3,3,0,0,0,2,0,0,1,0,2,2,0
KD-179-R5,CHEW,10,7,1,1,1,3,1,1,1,1,6,4,1
KD-179-R5,JCHEW,3,2,0,0,1,2,0,0,0,0,3,2,0
KD-179-R5,Medical Lab Technician,2,2,0,0,0,2,0,0,0,0,2,2,0
KD-179-R5,Medical Records Officer,3,2,0,0,1,1,0,0,1,0,2,1,0
KD-179-R5,Pharmacy Technician,1,0,0,0,1,0,0,0,0,0,1,0,0
KD-179-R5,Environmental Health Officer,1,1,0,0,0,0,0,0,1,0,0,0,0
KD-179-R6,Medical Officer,1,1,0,0,0,0,0,0,0,1,0,0,0
KD-179-R6,Nurse/Midwife,4,2,0,2,0,1,0,0,1,0,2,1,0
KD-179-R6,CHO,3,3,0,0,0,2,0,0,0,1,2,2,0
KD-179-R6,CHEW,10,7,1,1,1,2,1,1,0,3,5,4,0
KD-179-R6,JCHEW,3,2,0,0,1,2,0,0,0,0,3,2,0
KD-179-R6,Medical Lab Technician,2,2,0,0,0,2,0,0,0,0,2,2,0
KD-179-R6,Medical Records Officer,3,2,0,0,1,2,0,0,0,0,3,2,0
KD-179-R6,Pharmacy Technician,1,0,0,0,1,0,0,0,0,0,1,0,0
KD-179-R6,Environmental Health Officer,1,1,0,0,0,1,0,0,0,0,1,1,0
KD-180-R1,Medical Officer,0,0,0,0,0,0,0,0,0,0,0,0,0
KD-180-R1,Nurse/Midwife,1,1,0,0,0,0,0,0,0,1,0,0,0
KD-180-R1,CHO,1,0,0,0,1,0,0,0,0,0,1,0,0
KD-180-R1,CHEW,4,4,0,0,0,3,0,0,0,1,2,2,1
KD-180-R1,JCHEW,8,3,2,0,3,3,0,0,0,0,4,1,2
KD-180-R1,Medical Lab Technician,0,0,0,0,0,0,0,0,0,0,0,0,0
KD-180-R1,Medical Records Officer,1,0,0,0,1,0,0,0,0,0,0,0,0
KD-180-R1,Pharmacy Technician,1,0,1,0,0,0,0,0,0,0,1,0,0
KD-180-R1,Environmental Health Officer,0,0,0,0,0,0,0,0,0,0,0,0,0
KD-180-R2,Medical Officer,0,0,0,0,0,0,0,0,0,0,0,0,0
KD-180-R2,Nurse/Midwife,1,1,0,0,0,1,0,0,0,0,1,1,0
KD-180-R2,CHO,1,0,0,0,1,0,0,0,0,0,1,0,0
KD-180-R2,CHEW,4,4,0,0,0,4,0,0,0,0,4,4,0
KD-180-R2,JCHEW,8,3,2,0,3,3,0,0,0,0,6,3,0
KD-180-R2,Medical Lab Technician,0,0,0,0,0,0,0,0,0,0,0,0,0
KD-180-R2,Medical Records Officer,1,0,0,0,1,0,0,0,0,0,1,0,0
KD-180-R2,Pharmacy Technician,1,0,1,0,0,0,0,0,0,0,0,0,0
KD-180-R2,Environmental Health Officer,0,0,0,0,0,0,0,0,0,0,0,0,0
KD-180-R3,Medical Officer,0,0,0,0,0,0,0,0,0,0,0,0,0
KD-180-R3,Nurse/Midwife,1,1,0,0,0,1,0,0,0,0,1,1,0
KD-180-R3,CHO,1,0,0,0,1,0,0,0,0,0,1,0,0
KD-180-R3,CHEW,4,4,0,0,0,4,0,0,0,0,3,3,1
KD-180-R3,JCHEW,8,3,2,0,3,3,0,0,0,0,7,3,0
KD-180-R3,Medical Lab Technician,0,0,0,0,0,0,0,0,0,0,0,0,0
KD-180-R3,Medical Records Officer,1,0,0,0,1,0,0,0,0,0,1,0,0
KD-180-R3,Pharmacy Technician,1,0,1,0,0,0,0,0,0,0,0,0,0
KD-180-R3,Environmental Health Officer,0,0,0,0,0,0,0,0,0,0,0,0,0
KD-180-R4,Medical Officer,0,0,0,0,0,0,0,0,0,0,0,0,0
KD-180-R4,Nurse/Midwife,1,1,0,0,0,1,0,0,0,0,0,0,1
KD-180-R4,CHO,1,0,0,0,1,0,0,0,0,0,0,0,0
KD-180-R4,CHEW,4,4,0,0,0,4,0,0,0,0,2,2,2
KD-180-R4,JCHEW,8,3,2,0,3,3,0,0,0,0,5,2,1
KD-180-R4,Medical Lab Technician,0,0,0,0,0,0,0,0,0,0,0,0,0
KD-180-R4,Medical Records Officer,1,0,0,0,1,0,0,0,0,0,1,0,0
KD-180-R4,Pharmacy Technician,1,0,1,0,0,0,0,0,0,0,0,0,0
KD-180-R4,Environmental Health Officer,0,0,0,0,0,0,0,0,0,0,0,0,0
KD-180-R5,Medical Officer,0,0,0,0,0,0,0,0,0,0,0,0,0
KD-180-R5,Nurse/Midwife,1,1,0,0,0,1,0,0,0,0,1,1,0
KD-180-R5,CHO,1,0,0,0,1,0,0,0,0,0,1,0,0
KD-180-R5,CHEW,4,4,0,0,0,2,0,0,1,1,1,1,1
KD-180-R5,JCHEW,8,3,2,0,3,3,0,0,0,0,3,2,1
KD-180-R5,Medical Lab Technician,0,0,0,0,0,0,0,0,0,0,0,0,0
KD-180-R5,Medical Records Officer,1,0,0,0,1,0,0,0,0,0,0,0,0
KD-180-R5,Pharmacy Technician,1,0,1,0,0,0,0,0,0,0,0,0,0
KD-180-R5,Environmental Health Officer,0,0,0,0,0,0,0,0,0,0,0,0,0
KD-180-R6,Medical Officer,0,0,0,0,0,0,0,0,0,0,0,0,0
KD-180-R6,Nurse/Midwife,1,1,0,0,0,1,0,0,0,0,0,0,1
KD-180-R6,CHO,1,0,0,0,1,0,0,0,0,0,1,0,0
KD-180-R6,CHEW,4,4,0,0,0,4,0,0,0,0,2,2,2
KD-180-R6,JCHEW,8,3,2,0,3,2,0,0,1,0,5,2,0
KD-180-R6,Medical Lab Technician,0,0,0,0,0,0,0,0,0,0,0,0,0
KD-180-R6,Medical Records Officer,1,0,0,0,1,0,0,0,0,0,1,0,0
KD-180-R6,Pharmacy Technician,1,0,1,0,0,0,0,0,0,0,1,0,0
KD-180-R6,Environmental Health Officer,0,0,0,0,0,0,0,0,0,0,0,0,0
KD-181-R1,Medical Officer,2,2,0,0,0,2,0,0,0,0,2,2,0
KD-181-R1,Nurse/Midwife,5,5,0,0,0,5,0,0,0,0,3,3,2
KD-181-R1,CHO,2,2,0,0,0,2,0,0,0,0,1,1,1
KD-181-R1,CHEW,8,6,1,0,1,5,0,0,0,1,6,4,1
KD-181-R1,JCHEW,9,2,4,0,3,2,0,0,0,0,7,2,0
KD-181-R1,Medical Lab Technician,0,0,0,0,0,0,0,0,0,0,0,0,0
KD-181-R1,Medical Records Officer,4,1,0,0,3,0,0,0,1,0,1,0,0
KD-181-R1,Pharmacy Technician,2,2,0,0,0,2,0,0,0,0,2,2,0
KD-181-R1,Environmental Health Officer,2,1,1,0,0,1,0,0,0,0,2,1,0
KD-181-R2,Medical Officer,2,2,0,0,0,2,0,0,0,0,1,1,1
KD-181-R2,Nurse/Midwife,5,5,0,0,0,5,0,0,0,0,3,3,2
KD-181-R2,CHO,2,2,0,0,0,2,0,0,0,0,2,2,0
KD-181-R2,CHEW,8,6,1,0,1,5,0,0,1,0,6,5,0
KD-181-R2,JCHEW,9,2,4,0,3,2,0,0,0,0,7,2,0
KD-181-R2,Medical Lab Technician,0,0,0,0,0,0,0,0,0,0,0,0,0
KD-181-R2,Medical Records Officer,4,1,0,0,3,1,0,0,0,0,4,1,0
KD-181-R2,Pharmacy Technician,2,2,0,0,0,2,0,0,0,0,1,1,1
KD-181-R2,Environmental Health Officer,2,1,1,0,0,0,0,0,0,1,1,0,0
KD-181-R3,Medical Officer,2,2,0,0,0,2,0,0,0,0,2,2,0
KD-181-R3,Nurse/Midwife,5,5,0,0,0,5,0,0,0,0,5,5,0
KD-181-R3,CHO,2,2,0,0,0,2,0,0,0,0,2,2,0
KD-181-R3,CHEW,8,6,1,0,1,6,0,0,0,0,8,6,0
KD-181-R3,JCHEW,9,2,4,0,3,2,0,0,0,0,7,2,0
KD-181-R3,Medical Lab Technician,0,0,0,0,0,0,0,0,0,0,0,0,0
KD-181-R3,Medical Records Officer,4,1,0,0,3,1,0,0,0,0,4,1,0
KD-181-R3,Pharmacy Technician,2,2,0,0,0,2,0,0,0,0,2,2,0
KD-181-R3,Environmental Health Officer,2,1,1,0,0,1,0,0,0,0,2,1,0
KD-181-R4,Medical Officer,2,2,0,0,0,2,0,0,0,0,1,1,1
KD-181-R4,Nurse/Midwife,5,5,0,0,0,5,0,0,0,0,4,4,1
KD-181-R4,CHO,2,2,0,0,0,1,0,0,0,1,0,0,1
KD-181-R4,CHEW,8,6,1,0,1,6,0,0,0,0,6,4,2
KD-181-R4,JCHEW,9,2,4,0,3,2,0,0,0,0,5,2,0
KD-181-R4,Medical Lab Technician,0,0,0,0,0,0,0,0,0,0,0,0,0
KD-181-R4,Medical Records Officer,4,1,0,0,3,1,0,0,0,0,3,1,0
KD-181-R4,Pharmacy Technician,2,2,0,0,0,2,0,0,0,0,2,2,0
KD-181-R4,Environmental Health Officer,2,1,1,0,0,1,0,0,0,0,2,1,0
KD-181-R5,Medical Officer,2,2,0,0,0,2,0,0,0,0,2,2,0
KD-181-R5,Nurse/Midwife,5,5,0,0,0,5,0,0,0,0,5,5,0
KD-181-R5,CHO,2,2,0,0,0,2,0,0,0,0,2,2,0
KD-181-R5,CHEW,8,6,1,0,1,6,0,0,0,0,6,4,2
KD-181-R5,JCHEW,9,2,4,0,3,2,0,0,0,0,7,2,0
KD-181-R5,Medical Lab Technician,0,0,0,0,0,0,0,0,0,0,0,0,0
KD-181-R5,Medical Records Officer,4,1,0,0,3,1,0,0,0,0,4,1,0
KD-181-R5,Pharmacy Technician,2,2,0,0,0,2,0,0,0,0,2,2,0
KD-181-R5,Environmental Health Officer,2,1,1,0,0,1,0,0,0,0,2,1,0
KD-181-R6,Medical Officer,2,2,0,0,0,2,0,0,0,0,2,2,0
KD-181-R6,Nurse/Midwife,5,5,0,0,0,5,0,0,0,0,5,5,0
KD-181-R6,CHO,2,2,0,0,0,2,0,0,0,0,1,1,1
KD-181-R6,CHEW,8,6,1,0,1,6,0,0,0,0,7,5,1
KD-181-R6,JCHEW,9,2,4,0,3,2,0,0,0,0,7,1,1
KD-181-R6,Medical Lab Technician,0,0,0,0,0,0,0,0,0,0,0,0,0
KD-181-R6,Medical Records Officer,4,1,0,0,3,1,0,0,0,0,2,0,1
KD-181-R6,Pharmacy Technician,2,2,0,0,0,1,0,0,0,1,1,1,0
KD-181-R6,Environmental Health Officer,2,1,1,0,0,1,0,0,0,0,2,1,0
KD-182-R1,Medical Officer,0,0,0,0,0,0,0,0,0,0,0,0,0
KD-182-R1,Nurse/Midwife,0,0,0,0,0,0,0,0,0,0,0,0,0
KD-182-R1,CHO,1,0,0,0,1,0,0,0,0,0,1,0,0
KD-182-R1,CHEW,2,1,1,0,0,1,0,0,0,0,1,1,0
KD-182-R1,JCHEW,2,1,0,0,1,1,0,0,0,0,1,0,1
KD-182-R1,Medical Lab Technician,0,0,0,0,0,0,0,0,0,0,0,0,0
KD-182-R1,Medical Records Officer,1,0,0,0,1,0,0,0,0,0,1,0,0
KD-182-R1,Pharmacy Technician,0,0,0,0,0,0,0,0,0,0,0,0,0
KD-182-R1,Environmental Health Officer,0,0,0,0,0,0,0,0,0,0,0,0,0
KD-182-R2,Medical Officer,0,0,0,0,0,0,0,0,0,0,0,0,0
KD-182-R2,Nurse/Midwife,0,0,0,0,0,0,0,0,0,0,0,0,0
KD-182-R2,CHO,1,0,0,0,1,0,0,0,0,0,1,0,0
KD-182-R2,CHEW,2,1,1,0,0,1,0,0,0,0,1,1,0
KD-182-R2,JCHEW,2,1,0,0,1,1,0,0,0,0,2,1,0
KD-182-R2,Medical Lab Technician,0,0,0,0,0,0,0,0,0,0,0,0,0
KD-182-R2,Medical Records Officer,1,0,0,0,1,0,0,0,0,0,0,0,0
KD-182-R2,Pharmacy Technician,0,0,0,0,0,0,0,0,0,0,0,0,0
KD-182-R2,Environmental Health Officer,0,0,0,0,0,0,0,0,0,0,0,0,0
KD-182-R3,Medical Officer,0,0,0,0,0,0,0,0,0,0,0,0,0
KD-182-R3,Nurse/Midwife,0,0,0,0,0,0,0,0,0,0,0,0,0
KD-182-R3,CHO,1,0,0,0,1,0,0,0,0,0,1,0,0
KD-182-R3,CHEW,2,1,1,0,0,1,0,0,0,0,0,0,1
KD-182-R3,JCHEW,2,1,0,0,1,1,0,0,0,0,0,0,1
KD-182-R3,Medical Lab Technician,0,0,0,0,0,0,0,0,0,0,0,0,0
KD-182-R3,Medical Records Officer,1,0,0,0,1,0,0,0,0,0,0,0,0
KD-182-R3,Pharmacy Technician,0,0,0,0,0,0,0,0,0,0,0,0,0
KD-182-R3,Environmental Health Officer,0,0,0,0,0,0,0,0,0,0,0,0,0
KD-182-R4,Medical Officer,0,0,0,0,0,0,0,0,0,0,0,0,0
KD-182-R4,Nurse/Midwife,0,0,0,0,0,0,0,0,0,0,0,0,0
KD-182-R4,CHO,1,0,0,0,1,0,0,0,0,0,0,0,0
KD-182-R4,CHEW,2,1,1,0,0,1,0,0,0,0,2,1,0
KD-182-R4,JCHEW,2,1,0,0,1,1,0,0,0,0,1,1,0
KD-182-R4,Medical Lab Technician,0,0,0,0,0,0,0,0,0,0,0,0,0
KD-182-R4,Medical Records Officer,1,0,0,0,1,0,0,0,0,0,0,0,0
KD-182-R4,Pharmacy Technician,0,0,0,0,0,0,0,0,0,0,0,0,0
KD-182-R4,Environmental Health Officer,0,0,0,0,0,0,0,0,0,0,0,0,0
KD-182-R5,Medical Officer,0,0,0,0,0,0,0,0,0,0,0,0,0
KD-182-R5,Nurse/Midwife,0,0,0,0,0,0,0,0,0,0,0,0,0
KD-182-R5,CHO,1,0,0,0,1,0,0,0,0,0,1,0,0
KD-182-R5,CHEW,2,1,1,0,0,1,0,0,0,0,2,1,0
KD-182-R5,JCHEW,2,1,0,0,1,1,0,0,0,0,2,1,0
KD-182-R5,Medical Lab Technician,0,0,0,0,0,0,0,0,0,0,0,0,0
KD-182-R5,Medical Records Officer,1,0,0,0,1,0,0,0,0,0,0,0,0
KD-182-R5,Pharmacy Technician,0,0,0,0,0,0,0,0,0,0,0,0,0
KD-182-R5,Environmental Health Officer,0,0,0,0,0,0,0,0,0,0,0,0,0
KD-182-R6,Medical Officer,0,0,0,0,0,0,0,0,0,0,0,0,0
KD-182-R6,Nurse/Midwife,0,0,0,0,0,0,0,0,0,0,0,0,0
KD-182-R6,CHO,1,0,0,0,1,0,0,0,0,0,0,0,0
KD-182-R6,CHEW,2,1,1,0,0,1,0,0,0,0,0,0,1
KD-182-R6,JCHEW,2,1,0,0,1,1,0,0,0,0,1,1,0
KD-182-R6,Medical Lab Technician,0,0,0,0,0,0,0,0,0,0,0,0,0
KD-182-R6,Medical Records Officer,1,0,0,0,1,0,0,0,0,0,1,0,0
KD-182-R6,Pharmacy Technician,0,0,0,0,0,0,0,0,0,0,0,0,0
KD-182-R6,Environmental Health Officer,0,0,0,0,0,0,0,0,0,0,0,0,0
KD-183-R1,Medical Officer,0,0,0,0,0,0,0,0,0,0,0,0,0
KD-183-R1,Nurse/Midwife,4,3,0,1,0,3,0,0,0,0,3,2,1
KD-183-R1,CHO,1,1,0,0,0,1,0,0,0,0,0,0,1
KD-183-R1,CHEW,4,0,2,1,1,0,0,0,0,0,1,0,0
KD-183-R1,JCHEW,6,3,1,0,2,2,0,0,1,0,2,0,2
KD-183-R1,Medical Lab Technician,1,1,0,0,0,1,0,0,0,0,0,0,1
KD-183-R1,Medical Records Officer,3,2,0,0,1,2,0,0,0,0,2,2,0
KD-183-R1,Pharmacy Technician,1,0,0,1,0,0,0,0,0,0,1,0,0
KD-183-R1,Environmental Health Officer,1,0,1,0,0,0,0,0,0,0,1,0,0
KD-183-R2,Medical Officer,0,0,0,0,0,0,0,0,0,0,0,0,0
KD-183-R2,Nurse/Midwife,4,3,0,1,0,3,0,0,0,0,1,1,2
KD-183-R2,CHO,1,1,0,0,0,1,0,0,0,0,1,1,0
KD-183-R2,CHEW,4,0,2,1,1,0,0,0,0,0,2,0,0
KD-183-R2,JCHEW,6,3,1,0,2,3,0,0,0,0,4,2,1
KD-183-R2,Medical Lab Technician,1,1,0,0,0,1,0,0,0,0,1,1,0
KD-183-R2,Medical Records Officer,3,2,0,0,1,2,0,0,0,0,1,1,1
KD-183-R2,Pharmacy Technician,1,0,0,1,0,0,0,0,0,0,1,0,0
KD-183-R2,Environmental Health Officer,1,0,1,0,0,0,0,0,0,0,0,0,0
KD-183-R3,Medical Officer,0,0,0,0,0,0,0,0,0,0,0,0,0
KD-183-R3,Nurse/Midwife,4,3,0,1,0,3,0,0,0,0,3,3,0
KD-183-R3,CHO,1,1,0,0,0,1,0,0,0,0,1,1,0
KD-183-R3,CHEW,4,0,2,1,1,0,0,0,0,0,4,0,0
KD-183-R3,JCHEW,6,3,1,0,2,3,0,0,0,0,6,3,0
KD-183-R3,Medical Lab Technician,1,1,0,0,0,1,0,0,0,0,1,1,0
KD-183-R3,Medical Records Officer,3,2,0,0,1,2,0,0,0,0,2,2,0
KD-183-R3,Pharmacy Technician,1,0,0,1,0,0,0,0,0,0,1,0,0
KD-183-R3,Environmental Health Officer,1,0,1,0,0,0,0,0,0,0,0,0,0
KD-183-R4,Medical Officer,0,0,0,0,0,0,0,0,0,0,0,0,0
KD-183-R4,Nurse/Midwife,4,3,0,1,0,3,0,0,0,0,3,2,1
KD-183-R4,CHO,1,1,0,0,0,1,0,0,0,0,0,0,1
KD-183-R4,CHEW,4,0,2,1,1,0,0,0,0,0,2,0,0
KD-183-R4,JCHEW,6,3,1,0,2,3,0,0,0,0,4,2,1
KD-183-R4,Medical Lab Technician,1,1,0,0,0,1,0,0,0,0,1,1,0
KD-183-R4,Medical Records Officer,3,2,0,0,1,2,0,0,0,0,2,1,1
KD-183-R4,Pharmacy Technician,1,0,0,1,0,0,0,0,0,0,0,0,0
KD-183-R4,Environmental Health Officer,1,0,1,0,0,0,0,0,0,0,0,0,0
KD-183-R5,Medical Officer,0,0,0,0,0,0,0,0,0,0,0,0,0
KD-183-R5,Nurse/Midwife,4,3,0,1,0,2,0,0,1,0,3,2,0
KD-183-R5,CHO,1,1,0,0,0,1,0,0,0,0,1,1,0
KD-183-R5,CHEW,4,0,2,1,1,0,0,0,0,0,1,0,0
KD-183-R5,JCHEW,6,3,1,0,2,3,0,0,0,0,3,1,2
KD-183-R5,Medical Lab Technician,1,1,0,0,0,1,0,0,0,0,0,0,1
KD-183-R5,Medical Records Officer,3,2,0,0,1,1,0,0,0,1,2,1,0
KD-183-R5,Pharmacy Technician,1,0,0,1,0,0,0,0,0,0,1,0,0
KD-183-R5,Environmental Health Officer,1,0,1,0,0,0,0,0,0,0,1,0,0
KD-183-R6,Medical Officer,0,0,0,0,0,0,0,0,0,0,0,0,0
KD-183-R6,Nurse/Midwife,4,3,0,1,0,3,0,0,0,0,2,1,2
KD-183-R6,CHO,1,1,0,0,0,1,0,0,0,0,0,0,1
KD-183-R6,CHEW,4,0,2,1,1,0,0,0,0,0,2,0,0
KD-183-R6,JCHEW,6,3,1,0,2,3,0,0,0,0,2,1,2
KD-183-R6,Medical Lab Technician,1,1,0,0,0,0,0,0,0,1,0,0,0
KD-183-R6,Medical Records Officer,3,2,0,0,1,2,0,0,0,0,0,0,2
KD-183-R6,Pharmacy Technician,1,0,0,1,0,0,0,0,0,0,0,0,0
KD-183-R6,Environmental Health Officer,1,0,1,0,0,0,0,0,0,0,0,0,0
KD-184-R1,Medical Officer,0,0,0,0,0,0,0,0,0,0,0,0,0
KD-184-R1,Nurse/Midwife,1,0,1,0,0,0,0,0,0,0,0,0,0
KD-184-R1,CHO,1,1,0,0,0,1,0,0,0,0,0,0,1
KD-184-R1,CHEW,6,3,0,1,2,2,0,0,1,0,3,2,0
KD-184-R1,JCHEW,5,4,0,0,1,4,0,0,0,0,3,3,1
KD-184-R1,Medical Lab Technician,1,0,0,1,0,0,0,0,0,0,1,0,0
KD-184-R1,Medical Records Officer,3,1,0,0,2,1,0,0,0,0,2,1,0
KD-184-R1,Pharmacy Technician,2,1,0,0,1,1,0,0,0,0,1,1,0
KD-184-R1,Environmental Health Officer,0,0,0,0,0,0,0,0,0,0,0,0,0
KD-184-R2,Medical Officer,0,0,0,0,0,0,0,0,0,0,0,0,0
KD-184-R2,Nurse/Midwife,1,0,1,0,0,0,0,0,0,0,1,0,0
KD-184-R2,CHO,1,1,0,0,0,1,0,0,0,0,1,1,0
KD-184-R2,CHEW,6,3,0,1,2,2,0,0,1,0,3,1,1
KD-184-R2,JCHEW,5,4,0,0,1,4,0,0,0,0,4,4,0
KD-184-R2,Medical Lab Technician,1,0,0,1,0,0,0,0,0,0,0,0,0
KD-184-R2,Medical Records Officer,3,1,0,0,2,1,0,0,0,0,1,0,1
KD-184-R2,Pharmacy Technician,2,1,0,0,1,0,0,0,1,0,1,0,0
KD-184-R2,Environmental Health Officer,0,0,0,0,0,0,0,0,0,0,0,0,0
KD-184-R3,Medical Officer,0,0,0,0,0,0,0,0,0,0,0,0,0
KD-184-R3,Nurse/Midwife,1,0,1,0,0,0,0,0,0,0,1,0,0
KD-184-R3,CHO,1,1,0,0,0,1,0,0,0,0,1,1,0
KD-184-R3,CHEW,6,3,0,1,2,3,0,0,0,0,6,3,0
KD-184-R3,JCHEW,5,4,0,0,1,4,0,0,0,0,4,3,1
KD-184-R3,Medical Lab Technician,1,0,0,1,0,0,0,0,0,0,1,0,0
KD-184-R3,Medical Records Officer,3,1,0,0,2,1,0,0,0,0,0,0,1
KD-184-R3,Pharmacy Technician,2,1,0,0,1,1,0,0,0,0,1,1,0
KD-184-R3,Environmental Health Officer,0,0,0,0,0,0,0,0,0,0,0,0,0
KD-184-R4,Medical Officer,0,0,0,0,0,0,0,0,0,0,0,0,0
KD-184-R4,Nurse/Midwife,1,0,1,0,0,0,0,0,0,0,1,0,0
KD-184-R4,CHO,1,1,0,0,0,1,0,0,0,0,1,1,0
KD-184-R4,CHEW,6,3,0,1,2,3,0,0,0,0,5,2,1
KD-184-R4,JCHEW,5,4,0,0,1,4,0,0,0,0,1,1,3
KD-184-R4,Medical Lab Technician,1,0,0,1,0,0,0,0,0,0,1,0,0
KD-184-R4,Medical Records Officer,3,1,0,0,2,1,0,0,0,0,3,1,0
KD-184-R4,Pharmacy Technician,2,1,0,0,1,0,0,0,0,1,1,0,0
KD-184-R4,Environmental Health Officer,0,0,0,0,0,0,0,0,0,0,0,0,0
KD-184-R5,Medical Officer,0,0,0,0,0,0,0,0,0,0,0,0,0
KD-184-R5,Nurse/Midwife,1,0,1,0,0,0,0,0,0,0,1,0,0
KD-184-R5,CHO,1,1,0,0,0,1,0,0,0,0,1,1,0
KD-184-R5,CHEW,6,3,0,1,2,2,0,0,0,1,5,2,0
KD-184-R5,JCHEW,5,4,0,0,1,3,0,0,1,0,3,2,1
KD-184-R5,Medical Lab Technician,1,0,0,1,0,0,0,0,0,0,1,0,0
KD-184-R5,Medical Records Officer,3,1,0,0,2,1,0,0,0,0,2,0,1
KD-184-R5,Pharmacy Technician,2,1,0,0,1,0,0,0,0,1,0,0,0
KD-184-R5,Environmental Health Officer,0,0,0,0,0,0,0,0,0,0,0,0,0
KD-184-R6,Medical Officer,0,0,0,0,0,0,0,0,0,0,0,0,0
KD-184-R6,Nurse/Midwife,1,0,1,0,0,0,0,0,0,0,1,0,0
KD-184-R6,CHO,1,1,0,0,0,1,0,0,0,0,1,1,0
KD-184-R6,CHEW,6,3,0,1,2,2,0,0,1,0,5,2,0
KD-184-R6,JCHEW,5,4,0,0,1,4,0,0,0,0,5,4,0
KD-184-R6,Medical Lab Technician,1,0,0,1,0,0,0,0,0,0,1,0,0
KD-184-R6,Medical Records Officer,3,1,0,0,2,1,0,0,0,0,3,1,0
KD-184-R6,Pharmacy Technician,2,1,0,0,1,1,0,0,0,0,2,1,0
KD-184-R6,Environmental Health Officer,0,0,0,0,0,0,0,0,0,0,0,0,0
