visit_id,vaccine,in_stock,opening_balance_doses,doses_received,current_balance_doses,doses_used,supplier,physically_verified,most_dispensed_this_week,reason_most_dispensed
KD-001-R1,BCG,No,0,0,0,0,KDHSMA,No,Yes,Outreach session held this week
KD-001-R1,HPV,No,13,0,0,13,LGA,No,Yes,School-based session (HPV)
KD-001-R1,IPV,Yes,24,0,8,16,Zipline,No,No,
KD-001-R1,MR,Yes,17,0,1,16,LGA,Yes,Yes,School-based session (HPV)
KD-001-R1,MEN A,No,0,0,0,0,LGA,No,Yes,Scheduled routine immunization session
KD-001-R1,MCV,Yes,23,34,41,16,Zipline,Yes,Yes,Scheduled routine immunization session
KD-001-R1,OPV,Yes,121,88,170,39,LGA,Yes,No,
KD-001-R1,YF,Yes,13,0,1,12,LGA,Yes,No,
KD-001-R1,PENTA,Yes,97,68,106,59,LGA,No,Yes,Scheduled routine immunization session
KD-001-R1,ROTA,No,28,0,0,28,LGA,No,Yes,Scheduled routine immunization session
KD-001-R1,PCV,Yes,33,73,60,46,LGA,Yes,Yes,Scheduled routine immunization session
KD-001-R2,BCG,Yes,0,26,8,18,LGA,Yes,No,
KD-001-R2,HPV,No,0,0,0,0,Zipline,No,Yes,Catch-up campaign
KD-001-R2,IPV,Yes,8,36,17,27,LGA,Yes,Yes,Outreach session held this week
KD-001-R2,MR,Yes,1,24,12,13,LGA,Yes,No,
KD-001-R2,MEN A,No,0,13,0,13,KDHSMA,No,Yes,Scheduled routine immunization session
KD-001-R2,MCV,Yes,41,0,24,17,LGA,Yes,Yes,Scheduled routine immunization session
KD-001-R2,OPV,Yes,170,70,207,33,LGA,No,No,
KD-001-R2,YF,Yes,1,27,23,5,KDHSMA,Yes,No,
KD-001-R2,PENTA,Yes,106,0,55,51,Zipline,Yes,Yes,Scheduled routine immunization session
KD-001-R2,ROTA,Yes,0,45,26,19,LGA,Yes,No,
KD-001-R2,PCV,Yes,60,60,82,38,KDHSMA,Yes,No,
KD-001-R3,BCG,No,8,0,0,8,LGA,No,Yes,Scheduled routine immunization session
KD-001-R3,HPV,Yes,0,21,8,13,LGA,Yes,Yes,Outreach session held this week
KD-001-R3,IPV,No,17,0,0,17,LGA,No,Yes,High birth cohort this week
KD-001-R3,MR,No,12,0,0,12,LGA,No,Yes,High birth cohort this week
KD-001-R3,MEN A,Yes,0,20,10,10,LGA,Yes,No,
KD-001-R3,MCV,Yes,24,19,30,13,LGA,Yes,No,
KD-001-R3,OPV,Yes,207,0,166,41,LGA,Yes,Yes,Scheduled routine immunization session
KD-001-R3,YF,Yes,23,0,6,17,LGA,Yes,Yes,Scheduled routine immunization session
KD-001-R3,PENTA,Yes,55,0,20,35,LGA,Yes,No,
KD-001-R3,ROTA,No,26,0,0,26,LGA,No,Yes,Scheduled routine immunization session
KD-001-R3,PCV,Yes,82,0,34,48,Zipline,Yes,Yes,Scheduled routine immunization session
KD-001-R4,BCG,Yes,0,29,7,22,LGA,Yes,Yes,Scheduled routine immunization session
KD-001-R4,HPV,No,8,0,0,8,LGA,No,No,
KD-001-R4,IPV,Yes,0,38,15,23,KDHSMA,Yes,Yes,Scheduled routine immunization session
KD-001-R4,MR,Yes,0,29,10,19,LGA,No,Yes,Outreach session held this week
KD-001-R4,MEN A,No,10,0,0,10,KDHSMA,No,No,
KD-001-R4,MCV,Yes,30,23,43,10,LGA,Yes,No,
KD-001-R4,OPV,Yes,166,0,115,51,LGA,Yes,Yes,Scheduled routine immunization session
KD-001-R4,YF,Yes,6,21,14,13,LGA,Yes,No,
KD-001-R4,PENTA,Yes,20,77,49,48,LGA,Yes,Yes,School-based session (HPV)
KD-001-R4,ROTA,No,0,0,0,0,LGA,No,Yes,School-based session (HPV)
KD-001-R4,PCV,Yes,34,72,69,37,Zipline,Yes,No,
KD-001-R5,BCG,No,7,0,0,7,LGA,No,Yes,Scheduled routine immunization session
KD-001-R5,HPV,No,0,0,0,0,LGA,No,Yes,School-based session (HPV)
KD-001-R5,IPV,No,15,0,0,15,LGA,No,No,
KD-001-R5,MR,No,10,0,0,10,KDHSMA,No,No,
KD-001-R5,MEN A,Yes,0,16,7,9,KDHSMA,No,No,
KD-001-R5,MCV,Yes,43,19,46,16,LGA,Yes,Yes,High birth cohort this week
KD-001-R5,OPV,Yes,115,83,145,53,LGA,Yes,Yes,School-based session (HPV)
KD-001-R5,YF,No,14,0,0,14,LGA,No,Yes,Scheduled routine immunization session
KD-001-R5,PENTA,No,49,0,0,49,LGA,No,Yes,High birth cohort this week
KD-001-R5,ROTA,Yes,0,42,5,37,LGA,Yes,Yes,Scheduled routine immunization session
KD-001-R5,PCV,Yes,69,0,21,48,KDHSMA,Yes,Yes,Scheduled routine immunization session
KD-001-R6,BCG,Yes,0,37,22,15,LGA,Yes,No,
KD-001-R6,HPV,Yes,0,18,2,16,LGA,Yes,Yes,School-based session (HPV)
KD-001-R6,IPV,No,0,0,0,0,LGA,No,Yes,Scheduled routine immunization session
KD-001-R6,MR,No,0,0,0,0,LGA,No,Yes,School-based session (HPV)
KD-001-R6,MEN A,Yes,7,25,21,11,Zipline,Yes,No,
KD-001-R6,MCV,Yes,46,0,29,17,LGA,Yes,Yes,Scheduled routine immunization session
KD-001-R6,OPV,Yes,145,0,102,43,Zipline,Yes,Yes,Catch-up campaign
KD-001-R6,YF,No,0,0,0,0,Zipline,No,Yes,Scheduled routine immunization session
KD-001-R6,PENTA,No,0,0,0,0,LGA,No,Yes,Outreach session held this week
KD-001-R6,ROTA,No,5,0,0,5,LGA,No,Yes,Outreach session held this week
KD-001-R6,PCV,Yes,21,76,54,43,Zipline,Yes,Yes,Scheduled routine immunization session
KD-002-R1,BCG,Yes,36,41,60,17,LGA,Yes,No,
KD-002-R1,HPV,Yes,27,0,16,11,LGA,Yes,No,
KD-002-R1,IPV,Yes,53,0,32,21,KDHSMA,Yes,Yes,Scheduled routine immunization session
KD-002-R1,MR,Yes,0,20,12,8,KDHSMA,No,No,
KD-002-R1,MEN A,Yes,58,0,45,13,LGA,Yes,Yes,Scheduled routine immunization session
KD-002-R1,MCV,Yes,33,0,14,19,LGA,Yes,Yes,Scheduled routine immunization session
KD-002-R1,OPV,Yes,160,0,111,49,LGA,Yes,Yes,Scheduled routine immunization session
KD-002-R1,YF,No,13,0,0,13,KDHSMA,No,Yes,School-based session (HPV)
KD-002-R1,PENTA,Yes,1,75,33,43,LGA,Yes,Yes,School-based session (HPV)
KD-002-R1,ROTA,Yes,66,39,74,31,LGA,Yes,Yes,Catch-up campaign
KD-002-R1,PCV,Yes,1,86,35,52,LGA,Yes,Yes,High birth cohort this week
KD-002-R2,BCG,Yes,60,34,74,20,Zipline,Yes,Yes,Scheduled routine immunization session
KD-002-R2,HPV,Yes,16,16,21,11,LGA,Yes,No,
KD-002-R2,IPV,Yes,32,39,43,28,LGA,Yes,Yes,Scheduled routine immunization session
KD-002-R2,MR,No,12,0,0,12,LGA,No,No,
KD-002-R2,MEN A,Yes,45,0,33,12,Zipline,Yes,Yes,Catch-up campaign
KD-002-R2,MCV,Yes,14,22,18,18,KDHSMA,Yes,Yes,Scheduled routine immunization session
KD-002-R2,OPV,Yes,111,0,67,44,KDHSMA,Yes,Yes,Outreach session held this week
KD-002-R2,YF,No,0,0,0,0,LGA,No,Yes,High birth cohort this week
KD-002-R2,PENTA,No,33,0,0,33,LGA,No,Yes,Scheduled routine immunization session
KD-002-R2,ROTA,Yes,74,46,91,29,LGA,Yes,Yes,Scheduled routine immunization session
KD-002-R2,PCV,Yes,35,74,65,44,LGA,Yes,Yes,Outreach session held this week
KD-002-R3,BCG,Yes,74,30,83,21,Zipline,No,Yes,Scheduled routine immunization session
KD-002-R3,HPV,Yes,21,21,28,14,LGA,Yes,Yes,School-based session (HPV)
KD-002-R3,IPV,Yes,43,0,22,21,LGA,Yes,Yes,Scheduled routine immunization session
KD-002-R3,MR,Yes,0,25,6,19,LGA,Yes,Yes,Scheduled routine immunization session
KD-002-R3,MEN A,Yes,33,17,33,17,KDHSMA,Yes,Yes,Scheduled routine immunization session
KD-002-R3,MCV,Yes,18,0,3,15,LGA,Yes,Yes,High birth cohort this week
KD-002-R3,OPV,Yes,67,61,90,38,LGA,Yes,No,
KD-002-R3,YF,Yes,0,25,16,9,LGA,Yes,No,
KD-002-R3,PENTA,Yes,0,73,29,44,KDHSMA,Yes,Yes,Scheduled routine immunization session
KD-002-R3,ROTA,Yes,91,53,118,26,KDHSMA,Yes,No,
KD-002-R3,PCV,Yes,65,78,106,37,LGA,Yes,No,
KD-002-R4,BCG,Yes,83,27,85,25,LGA,Yes,Yes,Scheduled routine immunization session
KD-002-R4,HPV,Yes,28,17,33,12,LGA,No,Yes,Catch-up campaign
KD-002-R4,IPV,Yes,22,38,45,15,Zipline,Yes,No,
KD-002-R4,MR,Yes,6,32,23,15,Zipline,Yes,Yes,Outreach session held this week
KD-002-R4,MEN A,Yes,33,0,24,9,LGA,No,No,
KD-002-R4,MCV,Yes,3,19,6,16,LGA,Yes,Yes,Scheduled routine immunization session
KD-002-R4,OPV,Yes,90,59,122,27,KDHSMA,Yes,No,
KD-002-R4,YF,Yes,16,28,29,15,LGA,Yes,Yes,Outreach session held this week
KD-002-R4,PENTA,Yes,29,61,38,52,KDHSMA,Yes,Yes,Scheduled routine immunization session
KD-002-R4,ROTA,Yes,118,49,140,27,LGA,Yes,No,
KD-002-R4,PCV,Yes,106,0,55,51,Zipline,Yes,Yes,Scheduled routine immunization session
KD-002-R5,BCG,Yes,85,26,89,22,Zipline,Yes,Yes,Scheduled routine immunization session
KD-002-R5,HPV,Yes,33,20,40,13,KDHSMA,Yes,Yes,School-based session (HPV)
KD-002-R5,IPV,Yes,45,0,29,16,Zipline,Yes,No,
KD-002-R5,MR,Yes,23,22,33,12,LGA,Yes,No,
KD-002-R5,MEN A,Yes,24,26,42,8,LGA,Yes,No,
KD-002-R5,MCV,Yes,6,15,7,14,KDHSMA,Yes,Yes,Scheduled routine immunization session
KD-002-R5,OPV,Yes,122,0,75,47,Zipline,Yes,Yes,Outreach session held this week
KD-002-R5,YF,Yes,29,22,42,9,LGA,Yes,No,
KD-002-R5,PENTA,Yes,38,77,71,44,LGA,Yes,Yes,Scheduled routine immunization session
KD-002-R5,ROTA,Yes,140,43,148,35,LGA,No,Yes,Scheduled routine immunization session
KD-002-R5,PCV,Yes,55,81,88,48,LGA,No,Yes,Scheduled routine immunization session
KD-002-R6,BCG,Yes,89,0,67,22,LGA,No,Yes,Outreach session held this week
KD-002-R6,HPV,Yes,40,23,48,15,LGA,Yes,Yes,Scheduled routine immunization session
KD-002-R6,IPV,Yes,29,31,43,17,LGA,Yes,No,
KD-002-R6,MR,Yes,33,19,37,15,KDHSMA,Yes,Yes,School-based session (HPV)
KD-002-R6,MEN A,Yes,42,17,47,12,LGA,Yes,Yes,Scheduled routine immunization session
KD-002-R6,MCV,No,7,0,0,7,LGA,No,Yes,Catch-up campaign
KD-002-R6,OPV,Yes,75,0,32,43,LGA,No,Yes,Scheduled routine immunization session
KD-002-R6,YF,Yes,42,24,52,14,Zipline,Yes,Yes,Scheduled routine immunization session
KD-002-R6,PENTA,Yes,71,64,88,47,LGA,No,Yes,Scheduled routine immunization session
KD-002-R6,ROTA,Yes,148,45,165,28,LGA,Yes,Yes,Outreach session held this week
KD-002-R6,PCV,Yes,88,73,121,40,LGA,Yes,No,
KD-003-R1,BCG,Yes,44,24,52,16,LGA,Yes,No,
KD-003-R1,HPV,Yes,5,18,4,19,LGA,Yes,Yes,School-based session (HPV)
KD-003-R1,IPV,Yes,43,38,64,17,LGA,Yes,No,
KD-003-R1,MR,Yes,7,23,22,8,LGA,Yes,No,
KD-003-R1,MEN A,Yes,19,0,12,7,KDHSMA,Yes,No,
KD-003-R1,MCV,Yes,20,27,22,25,Zipline,No,Yes,Scheduled routine immunization session
KD-003-R1,OPV,Yes,126,67,153,40,Zipline,Yes,No,
KD-003-R1,YF,Yes,33,0,14,19,LGA,Yes,Yes,High birth cohort this week
KD-003-R1,PENTA,Yes,45,0,1,44,Zipline,Yes,Yes,Scheduled routine immunization session
KD-003-R1,ROTA,Yes,38,64,71,31,KDHSMA,Yes,Yes,School-based session (HPV)
KD-003-R1,PCV,Yes,14,74,43,45,LGA,Yes,Yes,Scheduled routine immunization session
KD-003-R2,BCG,Yes,52,35,65,22,LGA,No,Yes,Scheduled routine immunization session
KD-003-R2,HPV,Yes,4,15,12,7,KDHSMA,Yes,No,
KD-003-R2,IPV,Yes,64,37,67,34,LGA,Yes,Yes,Catch-up campaign
KD-003-R2,MR,Yes,22,0,6,16,LGA,Yes,Yes,Scheduled routine immunization session
KD-003-R2,MEN A,Yes,12,16,13,15,Zipline,No,Yes,Outreach session held this week
KD-003-R2,MCV,Yes,22,0,3,19,LGA,Yes,Yes,Scheduled routine immunization session
KD-003-R2,OPV,Yes,153,0,102,51,Zipline,Yes,Yes,Scheduled routine immunization session
KD-003-R2,YF,Yes,14,36,34,16,LGA,Yes,Yes,Scheduled routine immunization session
KD-003-R2,PENTA,No,1,0,0,1,LGA,No,Yes,Outreach session held this week
KD-003-R2,ROTA,Yes,71,43,95,19,LGA,Yes,No,
KD-003-R2,PCV,Yes,43,92,82,53,KDHSMA,Yes,Yes,Scheduled routine immunization session
KD-003-R3,BCG,Yes,65,37,86,16,KDHSMA,Yes,No,
KD-003-R3,HPV,Yes,12,0,2,10,LGA,Yes,No,
KD-003-R3,IPV,Yes,67,38,83,22,KDHSMA,Yes,Yes,Scheduled routine immunization session
KD-003-R3,MR,Yes,6,24,14,16,LGA,Yes,Yes,Outreach session held this week
KD-003-R3,MEN A,Yes,13,0,6,7,KDHSMA,Yes,No,
KD-003-R3,MCV,Yes,3,27,14,16,LGA,Yes,Yes,Scheduled routine immunization session
KD-003-R3,OPV,Yes,102,68,122,48,KDHSMA,Yes,Yes,Catch-up campaign
KD-003-R3,YF,Yes,34,0,21,13,LGA,Yes,No,
KD-003-R3,PENTA,Yes,0,78,30,48,KDHSMA,Yes,Yes,Outreach session held this week
KD-003-R3,ROTA,Yes,95,46,112,29,KDHSMA,Yes,Yes,Scheduled routine immunization session
KD-003-R3,PCV,Yes,82,0,33,49,LGA,Yes,Yes,Scheduled routine immunization session
KD-003-R4,BCG,Yes,86,0,58,28,KDHSMA,Yes,Yes,Outreach session held this week
KD-003-R4,HPV,No,2,0,0,2,LGA,No,Yes,School-based session (HPV)
KD-003-R4,IPV,Yes,83,27,92,18,LGA,Yes,No,
KD-003-R4,MR,Yes,14,19,17,16,LGA,Yes,Yes,Scheduled routine immunization session
KD-003-R4,MEN A,Yes,6,22,18,10,KDHSMA,Yes,No,
KD-003-R4,MCV,Yes,14,27,30,11,LGA,Yes,No,
KD-003-R4,OPV,Yes,122,79,160,41,Zipline,Yes,Yes,Scheduled routine immunization session
KD-003-R4,YF,Yes,21,26,33,14,LGA,Yes,Yes,Scheduled routine immunization session
KD-003-R4,PENTA,Yes,30,96,88,38,LGA,Yes,No,
KD-003-R4,ROTA,Yes,112,52,137,27,LGA,Yes,No,
KD-003-R4,PCV,No,33,0,0,33,Zipline,No,Yes,Scheduled routine immunization session
KD-003-R5,BCG,Yes,58,0,33,25,LGA,Yes,Yes,Outreach session held this week
KD-003-R5,HPV,Yes,0,26,17,9,Zipline,Yes,No,
KD-003-R5,IPV,Yes,92,0,74,18,LGA,Yes,No,
KD-003-R5,MR,Yes,17,25,25,17,LGA,Yes,Yes,Scheduled routine immunization session
KD-003-R5,MEN A,Yes,18,0,2,16,LGA,Yes,Yes,Scheduled routine immunization session
KD-003-R5,MCV,Yes,30,0,12,18,Zipline,Yes,Yes,Scheduled routine immunization session
KD-003-R5,OPV,Yes,160,67,177,50,KDHSMA,Yes,Yes,Outreach session held this week
KD-003-R5,YF,Yes,33,22,43,12,LGA,Yes,No,
KD-003-R5,PENTA,Yes,88,80,109,59,LGA,Yes,Yes,Scheduled routine immunization session
KD-003-R5,ROTA,Yes,137,50,156,31,Zipline,Yes,Yes,High birth cohort this week
KD-003-R5,PCV,Yes,0,73,23,50,LGA,Yes,Yes,High birth cohort this week
KD-003-R6,BCG,Yes,33,0,8,25,LGA,Yes,Yes,Scheduled routine immunization session
KD-003-R6,HPV,No,17,0,0,17,LGA,No,Yes,School-based session (HPV)
KD-003-R6,IPV,Yes,74,0,47,27,LGA,Yes,Yes,Outreach session held this week
KD-003-R6,MR,Yes,25,0,15,10,LGA,Yes,No,
KD-003-R6,MEN A,No,2,0,0,2,LGA,No,Yes,Scheduled routine immunization session
KD-003-R6,MCV,Yes,12,40,40,12,LGA,Yes,No,
KD-003-R6,OPV,Yes,177,0,141,36,LGA,Yes,No,
KD-003-R6,YF,Yes,43,33,62,14,LGA,Yes,Yes,Scheduled routine immunization session
KD-003-R6,PENTA,Yes,109,84,158,35,LGA,Yes,No,
KD-003-R6,ROTA,Yes,156,0,122,34,KDHSMA,Yes,Yes,Scheduled routine immunization session
KD-003-R6,PCV,No,23,0,0,23,Zipline,No,No,
KD-004-R1,BCG,Yes,0,72,23,49,LGA,Yes,Yes,Scheduled routine immunization session
KD-004-R1,HPV,No,19,0,0,19,LGA,No,Yes,School-based session (HPV)
KD-004-R1,IPV,Yes,117,0,68,49,Zipline,Yes,No,
KD-004-R1,MR,Yes,43,57,68,32,LGA,Yes,No,
KD-004-R1,MEN A,Yes,48,46,61,33,LGA,Yes,Yes,School-based session (HPV)
KD-004-R1,MCV,Yes,97,0,61,36,LGA,Yes,Yes,Scheduled routine immunization session
KD-004-R1,OPV,Yes,298,0,181,117,LGA,Yes,Yes,High birth cohort this week
KD-004-R1,YF,Yes,182,53,196,39,LGA,No,Yes,Scheduled routine immunization session
KD-004-R1,PENTA,Yes,514,177,564,127,Zipline,Yes,Yes,Scheduled routine immunization session
KD-004-R1,ROTA,Yes,322,94,327,89,Zipline,Yes,Yes,Scheduled routine immunization session
KD-004-R1,PCV,Yes,143,0,42,101,LGA,Yes,No,
KD-004-R2,BCG,Yes,23,80,50,53,LGA,Yes,Yes,Outreach session held this week
KD-004-R2,HPV,Yes,0,45,5,40,KDHSMA,Yes,Yes,School-based session (HPV)
KD-004-R2,IPV,Yes,68,79,96,51,LGA,Yes,Yes,Scheduled routine immunization session
KD-004-R2,MR,Yes,68,0,32,36,LGA,No,Yes,Scheduled routine immunization session
KD-004-R2,MEN A,Yes,61,47,82,26,Zipline,Yes,No,
KD-004-R2,MCV,Yes,61,60,82,39,LGA,Yes,Yes,Outreach session held this week
KD-004-R2,OPV,Yes,181,158,241,98,LGA,Yes,No,
KD-004-R2,YF,Yes,196,62,221,37,KDHSMA,Yes,Yes,Scheduled routine immunization session
KD-004-R2,PENTA,Yes,564,188,650,102,LGA,Yes,Yes,Scheduled routine immunization session
KD-004-R2,ROTA,Yes,327,0,252,75,LGA,Yes,Yes,Scheduled routine immunization session
KD-004-R2,PCV,Yes,42,200,139,103,KDHSMA,Yes,Yes,Scheduled routine immunization session
KD-004-R3,BCG,Yes,50,89,82,57,Zipline,Yes,Yes,School-based session (HPV)
KD-004-R3,HPV,Yes,5,43,17,31,LGA,No,Yes,Catch-up campaign
KD-004-R3,IPV,Yes,96,0,48,48,Zipline,Yes,No,
KD-004-R3,MR,No,32,0,0,32,LGA,No,Yes,Scheduled routine immunization session
KD-004-R3,MEN A,Yes,82,54,109,27,Zipline,Yes,No,
KD-004-R3,MCV,Yes,82,66,119,29,LGA,Yes,No,
KD-004-R3,OPV,Yes,241,172,295,118,LGA,Yes,Yes,School-based session (HPV)
KD-004-R3,YF,Yes,221,57,244,34,LGA,No,Yes,High birth cohort this week
KD-004-R3,PENTA,Yes,650,170,731,89,LGA,Yes,No,
KD-004-R3,ROTA,Yes,252,113,287,78,LGA,Yes,Yes,Scheduled routine immunization session
KD-004-R3,PCV,Yes,139,173,209,103,LGA,Yes,Yes,Scheduled routine immunization session
KD-004-R4,BCG,Yes,82,82,116,48,LGA,Yes,Yes,Outreach session held this week
KD-004-R4,HPV,No,17,0,0,17,KDHSMA,No,Yes,School-based session (HPV)
KD-004-R4,IPV,Yes,48,94,84,58,LGA,Yes,Yes,Scheduled routine immunization session
KD-004-R4,MR,Yes,0,65,32,33,LGA,Yes,No,
KD-004-R4,MEN A,Yes,109,0,78,31,LGA,Yes,Yes,School-based session (HPV)
KD-004-R4,MCV,Yes,119,58,140,37,LGA,Yes,Yes,Outreach session held this week
KD-004-R4,OPV,Yes,295,0,170,125,LGA,Yes,Yes,High birth cohort this week
KD-004-R4,YF,Yes,244,60,264,40,Zipline,Yes,Yes,Outreach session held this week
KD-004-R4,PENTA,Yes,731,173,785,119,KDHSMA,Yes,Yes,Outreach session held this week
KD-004-R4,ROTA,Yes,287,129,334,82,KDHSMA,Yes,Yes,Scheduled routine immunization session
KD-004-R4,PCV,Yes,209,197,312,94,LGA,Yes,No,
KD-004-R5,BCG,Yes,116,79,130,65,LGA,Yes,Yes,Scheduled routine immunization session
KD-004-R5,HPV,Yes,0,46,12,34,LGA,Yes,Yes,School-based session (HPV)
KD-004-R5,IPV,Yes,84,104,129,59,LGA,Yes,Yes,Outreach session held this week
KD-004-R5,MR,Yes,32,78,65,45,LGA,Yes,Yes,Catch-up campaign
KD-004-R5,MEN A,Yes,78,0,47,31,LGA,Yes,Yes,Scheduled routine immunization session
KD-004-R5,MCV,Yes,140,0,101,39,KDHSMA,Yes,Yes,Scheduled routine immunization session
KD-004-R5,OPV,Yes,170,0,74,96,LGA,No,No,
KD-004-R5,YF,Yes,264,68,291,41,KDHSMA,Yes,Yes,Outreach session held this week
KD-004-R5,PENTA,Yes,785,161,845,101,LGA,Yes,No,
KD-004-R5,ROTA,Yes,334,121,382,73,KDHSMA,Yes,Yes,Scheduled routine immunization session
KD-004-R5,PCV,Yes,312,0,185,127,LGA,No,Yes,High birth cohort this week
KD-004-R6,BCG,Yes,130,73,159,44,KDHSMA,Yes,No,
KD-004-R6,HPV,No,12,0,0,12,LGA,No,Yes,School-based session (HPV)
KD-004-R6,IPV,Yes,129,0,77,52,LGA,Yes,Yes,Scheduled routine immunization session
KD-004-R6,MR,Yes,65,0,22,43,KDHSMA,Yes,Yes,Scheduled routine immunization session
KD-004-R6,MEN A,Yes,47,0,19,28,Zipline,Yes,No,
KD-004-R6,MCV,Yes,101,52,115,38,Zipline,No,Yes,Outreach session held this week
KD-004-R6,OPV,Yes,74,162,119,117,LGA,Yes,Yes,Outreach session held this week
KD-004-R6,YF,Yes,291,55,311,35,KDHSMA,Yes,Yes,Scheduled routine immunization session
KD-004-R6,PENTA,Yes,845,0,734,111,LGA,Yes,Yes,Outreach session held this week
KD-004-R6,ROTA,Yes,382,0,324,58,KDHSMA,No,No,
KD-004-R6,PCV,Yes,185,0,75,110,Zipline,Yes,Yes,Scheduled routine immunization session
KD-007-R1,BCG,Yes,252,85,288,49,LGA,Yes,Yes,Scheduled routine immunization session
KD-007-R1,HPV,Yes,120,64,155,29,LGA,Yes,Yes,School-based session (HPV)
KD-007-R1,IPV,Yes,160,86,191,55,Zipline,Yes,Yes,Catch-up campaign
KD-007-R1,MR,Yes,0,54,19,35,KDHSMA,Yes,Yes,Scheduled routine immunization session
KD-007-R1,MEN A,Yes,146,45,158,33,KDHSMA,Yes,Yes,Scheduled routine immunization session
KD-007-R1,MCV,Yes,113,76,154,35,LGA,Yes,Yes,High birth cohort this week
KD-007-R1,OPV,Yes,105,174,185,94,LGA,Yes,No,
KD-007-R1,YF,Yes,69,60,97,32,Zipline,Yes,No,
KD-007-R1,PENTA,Yes,288,0,182,106,KDHSMA,Yes,Yes,Scheduled routine immunization session
KD-007-R1,ROTA,Yes,160,129,214,75,KDHSMA,Yes,Yes,High birth cohort this week
KD-007-R1,PCV,Yes,235,194,333,96,Zipline,Yes,No,
KD-007-R2,BCG,Yes,288,0,241,47,KDHSMA,Yes,Yes,Scheduled routine immunization session
KD-007-R2,HPV,Yes,155,0,119,36,LGA,Yes,Yes,Outreach session held this week
KD-007-R2,IPV,Yes,191,88,216,63,LGA,Yes,Yes,Scheduled routine immunization session
KD-007-R2,MR,Yes,19,48,22,45,LGA,Yes,Yes,Scheduled routine immunization session
KD-007-R2,MEN A,Yes,158,0,119,39,LGA,Yes,Yes,Scheduled routine immunization session
KD-007-R2,MCV,Yes,154,41,154,41,KDHSMA,No,Yes,Scheduled routine immunization session
KD-007-R2,OPV,Yes,185,156,236,105,LGA,Yes,Yes,School-based session (HPV)
KD-007-R2,YF,Yes,97,56,109,44,KDHSMA,No,Yes,Scheduled routine immunization session
KD-007-R2,PENTA,Yes,182,0,84,98,LGA,Yes,No,
KD-007-R2,ROTA,Yes,214,120,257,77,LGA,Yes,Yes,Catch-up campaign
KD-007-R2,PCV,Yes,333,179,393,119,LGA,Yes,Yes,Scheduled routine immunization session
KD-007-R3,BCG,Yes,241,61,248,54,LGA,Yes,Yes,Outreach session held this week
KD-007-R3,HPV,Yes,119,49,138,30,KDHSMA,Yes,Yes,School-based session (HPV)
KD-007-R3,IPV,Yes,216,78,238,56,LGA,Yes,Yes,Catch-up campaign
KD-007-R3,MR,Yes,22,64,56,30,Zipline,Yes,No,
KD-007-R3,MEN A,Yes,119,49,145,23,LGA,Yes,No,
KD-007-R3,MCV,Yes,154,55,181,28,LGA,Yes,No,
KD-007-R3,OPV,Yes,236,0,143,93,LGA,Yes,No,
KD-007-R3,YF,Yes,109,58,133,34,LGA,Yes,Yes,High birth cohort this week
KD-007-R3,PENTA,Yes,84,177,153,108,Zipline,Yes,Yes,Catch-up campaign
KD-007-R3,ROTA,Yes,257,0,180,77,Zipline,Yes,Yes,Outreach session held this week
KD-007-R3,PCV,Yes,393,0,295,98,LGA,Yes,No,
KD-007-R4,BCG,Yes,248,0,204,44,Zipline,Yes,No,
KD-007-R4,HPV,Yes,138,50,147,41,LGA,Yes,Yes,School-based session (HPV)
KD-007-R4,IPV,Yes,238,0,197,41,KDHSMA,No,No,
KD-007-R4,MR,Yes,56,0,20,36,KDHSMA,No,Yes,Scheduled routine immunization session
KD-007-R4,MEN A,Yes,145,47,168,24,LGA,Yes,No,
KD-007-R4,MCV,Yes,181,70,215,36,LGA,Yes,Yes,Scheduled routine immunization session
KD-007-R4,OPV,Yes,143,177,204,116,LGA,Yes,Yes,Outreach session held this week
KD-007-R4,YF,Yes,133,0,97,36,LGA,Yes,Yes,Outreach session held this week
KD-007-R4,PENTA,Yes,153,167,195,125,Zipline,Yes,Yes,Scheduled routine immunization session
KD-007-R4,ROTA,Yes,180,126,238,68,LGA,Yes,Yes,Scheduled routine immunization session
KD-007-R4,PCV,Yes,295,0,188,107,LGA,Yes,Yes,Outreach session held this week
KD-007-R5,BCG,Yes,204,0,149,55,LGA,Yes,Yes,Scheduled routine immunization session
KD-007-R5,HPV,Yes,147,0,109,38,KDHSMA,Yes,Yes,Outreach session held this week
KD-007-R5,IPV,Yes,197,0,138,59,LGA,Yes,Yes,Scheduled routine immunization session
KD-007-R5,MR,No,20,0,0,20,Zipline,No,Yes,Catch-up campaign
KD-007-R5,MEN A,Yes,168,61,200,29,LGA,No,Yes,Outreach session held this week
KD-007-R5,MCV,Yes,215,57,229,43,LGA,Yes,Yes,Scheduled routine immunization session
KD-007-R5,OPV,Yes,204,153,227,130,LGA,No,Yes,High birth cohort this week
KD-007-R5,YF,Yes,97,59,123,33,KDHSMA,Yes,No,
KD-007-R5,PENTA,Yes,195,173,270,98,LGA,Yes,No,
KD-007-R5,ROTA,Yes,238,0,163,75,LGA,Yes,Yes,Scheduled routine immunization session
KD-007-R5,PCV,Yes,188,186,267,107,LGA,Yes,Yes,Scheduled routine immunization session
KD-007-R6,BCG,Yes,149,84,180,53,KDHSMA,Yes,Yes,Scheduled routine immunization session
KD-007-R6,HPV,Yes,109,0,68,41,LGA,Yes,Yes,School-based session (HPV)
KD-007-R6,IPV,Yes,138,97,174,61,KDHSMA,Yes,Yes,Outreach session held this week
KD-007-R6,MR,No,0,0,0,0,LGA,No,Yes,High birth cohort this week
KD-007-R6,MEN A,Yes,200,50,226,24,LGA,Yes,No,
KD-007-R6,MCV,Yes,229,50,243,36,LGA,Yes,Yes,Scheduled routine immunization session
KD-007-R6,OPV,Yes,227,0,115,112,Zipline,Yes,Yes,High birth cohort this week
KD-007-R6,YF,Yes,123,58,147,34,KDHSMA,Yes,Yes,Catch-up campaign
KD-007-R6,PENTA,Yes,270,0,158,112,LGA,Yes,Yes,Scheduled routine immunization session
KD-007-R6,ROTA,Yes,163,114,202,75,KDHSMA,Yes,Yes,School-based session (HPV)
KD-007-R6,PCV,Yes,267,0,147,120,LGA,Yes,Yes,Scheduled routine immunization session
KD-008-R1,BCG,Yes,33,26,41,18,LGA,No,No,
KD-008-R1,HPV,No,0,0,0,0,LGA,No,No,
KD-008-R1,IPV,Yes,49,43,72,20,LGA,Yes,No,
KD-008-R1,MR,Yes,26,16,31,11,KDHSMA,Yes,No,
KD-008-R1,MEN A,Yes,25,28,41,12,LGA,Yes,Yes,Scheduled routine immunization session
KD-008-R1,MCV,Yes,61,0,56,5,LGA,Yes,No,
KD-008-R1,OPV,Yes,73,0,30,43,Zipline,Yes,Yes,High birth cohort this week
KD-008-R1,YF,Yes,29,0,20,9,LGA,Yes,No,
KD-008-R1,PENTA,Yes,96,0,62,34,Zipline,Yes,No,
KD-008-R1,ROTA,Yes,101,47,117,31,LGA,Yes,Yes,Scheduled routine immunization session
KD-008-R1,PCV,Yes,55,77,76,56,KDHSMA,Yes,Yes,Outreach session held this week
KD-008-R2,BCG,Yes,41,31,51,21,Zipline,Yes,Yes,Scheduled routine immunization session
KD-008-R2,HPV,Yes,0,19,7,12,KDHSMA,Yes,Yes,School-based session (HPV)
KD-008-R2,IPV,Yes,72,0,56,16,LGA,Yes,No,
KD-008-R2,MR,Yes,31,0,19,12,LGA,Yes,No,
KD-008-R2,MEN A,Yes,41,0,27,14,LGA,Yes,Yes,Scheduled routine immunization session
KD-008-R2,MCV,Yes,56,20,60,16,LGA,Yes,Yes,Scheduled routine immunization session
KD-008-R2,OPV,No,30,0,0,30,LGA,No,Yes,Outreach session held this week
KD-008-R2,YF,Yes,20,21,28,13,LGA,Yes,No,
KD-008-R2,PENTA,Yes,62,0,24,38,KDHSMA,Yes,No,
KD-008-R2,ROTA,Yes,117,45,129,33,KDHSMA,Yes,Yes,Outreach session held this week
KD-008-R2,PCV,Yes,76,70,108,38,LGA,Yes,No,
KD-008-R3,BCG,Yes,51,33,61,23,LGA,Yes,Yes,Scheduled routine immunization session
KD-008-R3,HPV,No,7,0,0,7,LGA,No,Yes,Scheduled routine immunization session
KD-008-R3,IPV,Yes,56,0,20,36,LGA,Yes,Yes,Scheduled routine immunization session
KD-008-R3,MR,Yes,19,0,7,12,LGA,Yes,No,
KD-008-R3,MEN A,Yes,27,0,18,9,LGA,Yes,No,
KD-008-R3,MCV,Yes,60,0,42,18,LGA,Yes,Yes,Scheduled routine immunization session
KD-008-R3,OPV,Yes,0,78,44,34,Zipline,No,No,
KD-008-R3,YF,Yes,28,28,43,13,LGA,Yes,No,
KD-008-R3,PENTA,No,24,0,0,24,Zipline,No,Yes,Scheduled routine immunization session
KD-008-R3,ROTA,Yes,129,51,147,33,LGA,Yes,Yes,Scheduled routine immunization session
KD-008-R3,PCV,Yes,108,82,155,35,LGA,Yes,No,
KD-008-R4,BCG,Yes,61,32,80,13,LGA,Yes,No,
KD-008-R4,HPV,Yes,0,20,6,14,LGA,No,Yes,Catch-up campaign
KD-008-R4,IPV,Yes,20,31,26,25,LGA,Yes,Yes,Outreach session held this week
KD-008-R4,MR,Yes,7,26,14,19,Zipline,No,Yes,High birth cohort this week
KD-008-R4,MEN A,Yes,18,0,2,16,LGA,Yes,Yes,High birth cohort this week
KD-008-R4,MCV,Yes,42,14,41,15,LGA,Yes,Yes,High birth cohort this week
KD-008-R4,OPV,Yes,44,60,73,31,KDHSMA,Yes,No,
KD-008-R4,YF,Yes,43,29,50,22,KDHSMA,Yes,Yes,School-based session (HPV)
KD-008-R4,PENTA,Yes,0,73,9,64,KDHSMA,No,Yes,Scheduled routine immunization session
KD-008-R4,ROTA,Yes,147,42,161,28,KDHSMA,Yes,Yes,Scheduled routine immunization session
KD-008-R4,PCV,Yes,155,0,107,48,LGA,Yes,Yes,Scheduled routine immunization session
KD-008-R5,BCG,Yes,80,27,89,18,LGA,Yes,No,
KD-008-R5,HPV,Yes,6,16,10,12,LGA,No,Yes,Scheduled routine immunization session
KD-008-R5,IPV,Yes,26,25,30,21,LGA,Yes,Yes,High birth cohort this week
KD-008-R5,MR,Yes,14,33,33,14,LGA,Yes,Yes,High birth cohort this week
KD-008-R5,MEN A,Yes,2,22,8,16,LGA,Yes,Yes,Scheduled routine immunization session
KD-008-R5,MCV,Yes,41,25,49,17,LGA,Yes,Yes,Scheduled routine immunization session
KD-008-R5,OPV,Yes,73,0,24,49,LGA,Yes,Yes,Scheduled routine immunization session
KD-008-R5,YF,Yes,50,27,65,12,KDHSMA,Yes,No,
KD-008-R5,PENTA,Yes,9,74,31,52,LGA,Yes,Yes,School-based session (HPV)
KD-008-R5,ROTA,Yes,161,0,125,36,LGA,Yes,Yes,Scheduled routine immunization session
KD-008-R5,PCV,Yes,107,71,135,43,LGA,Yes,Yes,High birth cohort this week
KD-008-R6,BCG,Yes,89,25,92,22,LGA,Yes,Yes,Scheduled routine immunization session
KD-008-R6,HPV,No,10,0,0,10,LGA,No,Yes,Catch-up campaign
KD-008-R6,IPV,Yes,30,29,36,23,LGA,Yes,Yes,Scheduled routine immunization session
KD-008-R6,MR,Yes,33,29,48,14,LGA,Yes,Yes,Scheduled routine immunization session
KD-008-R6,MEN A,Yes,8,23,20,11,LGA,Yes,No,
KD-008-R6,MCV,Yes,49,21,46,24,KDHSMA,Yes,Yes,Scheduled routine immunization session
KD-008-R6,OPV,Yes,24,76,56,44,LGA,Yes,Yes,Scheduled routine immunization session
KD-008-R6,YF,Yes,65,20,72,13,KDHSMA,Yes,No,
KD-008-R6,PENTA,Yes,31,77,54,54,LGA,Yes,Yes,Scheduled routine immunization session
KD-008-R6,ROTA,Yes,125,0,91,34,LGA,Yes,Yes,Scheduled routine immunization session
KD-008-R6,PCV,Yes,135,77,177,35,Zipline,Yes,No,
KD-011-R1,BCG,Yes,0,16,2,14,LGA,Yes,Yes,Scheduled routine immunization session
KD-011-R1,HPV,No,7,0,0,7,LGA,No,Yes,School-based session (HPV)
KD-011-R1,IPV,No,14,0,0,14,KDHSMA,No,Yes,Scheduled routine immunization session
KD-011-R1,MR,No,6,0,0,6,Zipline,No,Yes,School-based session (HPV)
KD-011-R1,MEN A,No,2,0,0,2,LGA,No,Yes,Scheduled routine immunization session
KD-011-R1,MCV,Yes,9,14,18,5,LGA,Yes,No,
KD-011-R1,OPV,Yes,84,0,62,22,LGA,Yes,No,
KD-011-R1,YF,No,9,0,0,9,LGA,No,Yes,School-based session (HPV)
KD-011-R1,PENTA,Yes,54,0,23,31,LGA,Yes,Yes,Scheduled routine immunization session
KD-011-R1,ROTA,No,0,0,0,0,LGA,No,Yes,Scheduled routine immunization session
KD-011-R1,PCV,Yes,74,45,89,30,LGA,Yes,Yes,Scheduled routine immunization session
KD-011-R2,BCG,Yes,2,12,5,9,LGA,Yes,No,
KD-011-R2,HPV,Yes,0,12,3,9,LGA,Yes,Yes,Outreach session held this week
KD-011-R2,IPV,No,0,0,0,0,LGA,No,Yes,Scheduled routine immunization session
KD-011-R2,MR,Yes,0,14,8,6,KDHSMA,Yes,No,
KD-011-R2,MEN A,Yes,0,16,7,9,LGA,Yes,Yes,Scheduled routine immunization session
KD-011-R2,MCV,Yes,18,0,10,8,LGA,Yes,No,
KD-011-R2,OPV,Yes,62,0,40,22,Zipline,Yes,No,
KD-011-R2,YF,No,0,0,0,0,KDHSMA,No,No,
KD-011-R2,PENTA,No,23,0,0,23,LGA,No,Yes,Scheduled routine immunization session
KD-011-R2,ROTA,No,0,0,0,0,Zipline,No,No,
KD-011-R2,PCV,Yes,89,0,50,39,Zipline,Yes,Yes,Scheduled routine immunization session
KD-011-R3,BCG,No,5,0,0,5,LGA,No,Yes,Outreach session held this week
KD-011-R3,HPV,Yes,3,13,4,12,LGA,Yes,Yes,Scheduled routine immunization session
KD-011-R3,IPV,No,0,0,0,0,KDHSMA,No,No,
KD-011-R3,MR,Yes,8,0,2,6,Zipline,Yes,No,
KD-011-R3,MEN A,Yes,7,0,2,5,LGA,Yes,No,
KD-011-R3,MCV,Yes,10,0,4,6,Zipline,Yes,No,
KD-011-R3,OPV,Yes,40,0,14,26,LGA,No,Yes,Catch-up campaign
KD-011-R3,YF,No,0,0,0,0,LGA,No,No,
KD-011-R3,PENTA,Yes,0,36,13,23,LGA,Yes,No,
KD-011-R3,ROTA,No,0,0,0,0,LGA,No,Yes,Scheduled routine immunization session
KD-011-R3,PCV,Yes,50,0,22,28,LGA,Yes,Yes,School-based session (HPV)
KD-011-R4,BCG,No,0,0,0,0,LGA,No,Yes,Scheduled routine immunization session
KD-011-R4,HPV,No,4,7,0,11,Zipline,No,Yes,Scheduled routine immunization session
KD-011-R4,IPV,No,0,0,0,0,KDHSMA,No,Yes,Scheduled routine immunization session
KD-011-R4,MR,Yes,2,12,4,10,LGA,Yes,Yes,Outreach session held this week
KD-011-R4,MEN A,No,2,0,0,2,KDHSMA,No,Yes,Scheduled routine immunization session
KD-011-R4,MCV,Yes,4,16,13,7,LGA,Yes,No,
KD-011-R4,OPV,Yes,14,39,26,27,LGA,Yes,Yes,School-based session (HPV)
KD-011-R4,YF,No,0,0,0,0,LGA,No,No,
KD-011-R4,PENTA,No,13,0,0,13,KDHSMA,No,Yes,Outreach session held this week
KD-011-R4,ROTA,Yes,0,22,4,18,LGA,Yes,Yes,Scheduled routine immunization session
KD-011-R4,PCV,Yes,22,47,42,27,LGA,Yes,Yes,Scheduled routine immunization session
KD-011-R5,BCG,Yes,0,23,13,10,LGA,Yes,No,
KD-011-R5,HPV,Yes,0,11,3,8,Zipline,Yes,Yes,Catch-up campaign
KD-011-R5,IPV,No,0,13,0,13,LGA,No,Yes,Outreach session held this week
KD-011-R5,MR,No,4,0,0,4,LGA,No,Yes,Scheduled routine immunization session
KD-011-R5,MEN A,Yes,0,12,2,10,LGA,Yes,Yes,Outreach session held this week
KD-011-R5,MCV,Yes,13,20,30,3,Zipline,Yes,No,
KD-011-R5,OPV,Yes,26,44,41,29,LGA,Yes,Yes,Scheduled routine immunization session
KD-011-R5,YF,No,0,0,0,0,KDHSMA,No,Yes,Outreach session held this week
KD-011-R5,PENTA,Yes,0,38,14,24,KDHSMA,Yes,No,
KD-011-R5,ROTA,Yes,4,31,11,24,LGA,Yes,Yes,Scheduled routine immunization session
KD-011-R5,PCV,Yes,42,0,15,27,LGA,Yes,Yes,Scheduled routine immunization session
KD-011-R6,BCG,Yes,13,0,6,7,Zipline,No,No,
KD-011-R6,HPV,No,3,0,0,3,LGA,No,Yes,Scheduled routine immunization session
KD-011-R6,IPV,No,0,0,0,0,LGA,No,Yes,Scheduled routine immunization session
KD-011-R6,MR,No,0,0,0,0,Zipline,No,Yes,Scheduled routine immunization session
KD-011-R6,MEN A,No,2,0,0,2,Zipline,No,No,
KD-011-R6,MCV,Yes,30,12,36,6,KDHSMA,Yes,No,
KD-011-R6,OPV,Yes,41,0,17,24,LGA,Yes,No,
KD-011-R6,YF,No,0,0,0,0,LGA,No,Yes,Outreach session held this week
KD-011-R6,PENTA,No,14,0,0,14,LGA,No,No,
KD-011-R6,ROTA,No,11,0,0,11,LGA,No,Yes,Scheduled routine immunization session
KD-011-R6,PCV,No,15,0,0,15,KDHSMA,No,No,
KD-012-R1,BCG,Yes,5,27,10,22,LGA,Yes,Yes,Scheduled routine immunization session
KD-012-R1,HPV,Yes,28,0,15,13,LGA,Yes,Yes,Scheduled routine immunization session
KD-012-R1,IPV,Yes,45,38,67,16,KDHSMA,Yes,No,
KD-012-R1,MR,Yes,38,0,26,12,LGA,Yes,No,
KD-012-R1,MEN A,Yes,19,0,7,12,LGA,Yes,Yes,Outreach session held this week
KD-012-R1,MCV,Yes,15,18,11,22,KDHSMA,Yes,Yes,High birth cohort this week
KD-012-R1,OPV,No,0,0,0,0,KDHSMA,No,Yes,School-based session (HPV)
KD-012-R1,YF,Yes,24,0,9,15,LGA,Yes,Yes,Scheduled routine immunization session
KD-012-R1,PENTA,Yes,172,66,194,44,LGA,Yes,Yes,Scheduled routine immunization session
KD-012-R1,ROTA,Yes,42,61,76,27,Zipline,Yes,No,
KD-012-R1,PCV,Yes,0,60,15,45,LGA,Yes,Yes,High birth cohort this week
KD-012-R2,BCG,No,10,0,0,10,Zipline,No,No,
KD-012-R2,HPV,No,15,0,0,15,LGA,No,Yes,Scheduled routine immunization session
KD-012-R2,IPV,Yes,67,0,48,19,LGA,Yes,No,
KD-012-R2,MR,Yes,26,24,23,27,LGA,Yes,Yes,Scheduled routine immunization session
KD-012-R2,MEN A,Yes,7,17,8,16,Zipline,Yes,Yes,Scheduled routine immunization session
KD-012-R2,MCV,Yes,11,22,17,16,LGA,Yes,Yes,Scheduled routine immunization session
KD-012-R2,OPV,Yes,0,70,25,45,LGA,Yes,Yes,Scheduled routine immunization session
KD-012-R2,YF,Yes,9,22,14,17,Zipline,Yes,Yes,Scheduled routine immunization session
KD-012-R2,PENTA,Yes,194,58,203,49,LGA,Yes,Yes,Catch-up campaign
KD-012-R2,ROTA,Yes,76,53,94,35,KDHSMA,Yes,Yes,High birth cohort this week
KD-012-R2,PCV,Yes,15,63,35,43,LGA,Yes,Yes,Outreach session held this week
KD-012-R3,BCG,No,0,0,0,0,LGA,No,No,
KD-012-R3,HPV,No,0,0,0,0,LGA,No,No,
KD-012-R3,IPV,Yes,48,0,19,29,LGA,Yes,Yes,Scheduled routine immunization session
KD-012-R3,MR,Yes,23,0,13,10,LGA,Yes,No,
KD-012-R3,MEN A,Yes,8,29,16,21,LGA,Yes,Yes,Scheduled routine immunization session
KD-012-R3,MCV,Yes,17,0,6,11,LGA,Yes,No,
KD-012-R3,OPV,No,25,0,0,25,LGA,No,Yes,Scheduled routine immunization session
KD-012-R3,YF,Yes,14,0,1,13,LGA,Yes,No,
KD-012-R3,PENTA,Yes,203,0,165,38,Zipline,Yes,No,
KD-012-R3,ROTA,Yes,94,0,59,35,KDHSMA,Yes,Yes,Outreach session held this week
KD-012-R3,PCV,Yes,35,64,51,48,LGA,Yes,Yes,Scheduled routine immunization session
KD-012-R4,BCG,Yes,0,29,1,28,KDHSMA,Yes,Yes,Scheduled routine immunization session
KD-012-R4,HPV,No,0,0,0,0,LGA,No,No,
KD-012-R4,IPV,No,19,0,0,19,LGA,No,No,
KD-012-R4,MR,No,13,0,0,13,LGA,No,No,
KD-012-R4,MEN A,Yes,16,0,8,8,Zipline,Yes,No,
KD-012-R4,MCV,Yes,6,32,29,9,Zipline,Yes,No,
KD-012-R4,OPV,Yes,0,65,10,55,LGA,No,Yes,Scheduled routine immunization session
KD-012-R4,YF,Yes,1,25,11,15,LGA,Yes,Yes,Outreach session held this week
KD-012-R4,PENTA,Yes,165,0,124,41,LGA,Yes,Yes,Scheduled routine immunization session
KD-012-R4,ROTA,Yes,59,52,76,35,LGA,Yes,Yes,Scheduled routine immunization session
KD-012-R4,PCV,Yes,51,0,6,45,LGA,Yes,Yes,High birth cohort this week
KD-012-R5,BCG,No,1,0,0,1,LGA,No,No,
KD-012-R5,HPV,No,0,0,0,0,Zipline,No,No,
KD-012-R5,IPV,No,0,0,0,0,LGA,No,Yes,Scheduled routine immunization session
KD-012-R5,MR,Yes,0,23,5,18,LGA,Yes,Yes,Scheduled routine immunization session
KD-012-R5,MEN A,Yes,8,0,2,6,LGA,Yes,No,
KD-012-R5,MCV,Yes,29,27,39,17,LGA,Yes,Yes,Outreach session held this week
KD-012-R5,OPV,No,10,0,0,10,LGA,No,Yes,Outreach session held this week
KD-012-R5,YF,Yes,11,26,21,16,LGA,Yes,Yes,High birth cohort this week
KD-012-R5,PENTA,Yes,124,0,84,40,Zipline,Yes,No,
KD-012-R5,ROTA,Yes,76,54,101,29,Zipline,Yes,Yes,Scheduled routine immunization session
KD-012-R5,PCV,No,6,0,0,6,LGA,No,Yes,Scheduled routine immunization session
KD-012-R6,BCG,No,0,0,0,0,LGA,No,Yes,Catch-up campaign
KD-012-R6,HPV,Yes,0,19,11,8,LGA,Yes,No,
KD-012-R6,IPV,Yes,0,46,28,18,LGA,No,No,
KD-012-R6,MR,Yes,5,29,17,17,KDHSMA,Yes,Yes,Outreach session held this week
KD-012-R6,MEN A,No,2,0,0,2,KDHSMA,No,Yes,Scheduled routine immunization session
KD-012-R6,MCV,Yes,39,21,49,11,LGA,Yes,No,
KD-012-R6,OPV,No,0,0,0,0,KDHSMA,No,Yes,Scheduled routine immunization session
KD-012-R6,YF,Yes,21,0,12,9,KDHSMA,Yes,No,
KD-012-R6,PENTA,Yes,84,0,31,53,KDHSMA,Yes,Yes,Scheduled routine immunization session
KD-012-R6,ROTA,Yes,101,45,116,30,LGA,Yes,Yes,High birth cohort this week
KD-012-R6,PCV,No,0,0,0,0,KDHSMA,No,Yes,School-based session (HPV)
KD-014-R1,BCG,Yes,29,36,45,20,LGA,Yes,Yes,High birth cohort this week
KD-014-R1,HPV,No,13,0,0,13,KDHSMA,No,Yes,Outreach session held this week
KD-014-R1,IPV,Yes,51,0,25,26,LGA,Yes,Yes,Scheduled routine immunization session
KD-014-R1,MR,No,11,0,0,11,LGA,No,Yes,Scheduled routine immunization session
KD-014-R1,MEN A,Yes,21,20,25,16,KDHSMA,Yes,Yes,Scheduled routine immunization session
KD-014-R1,MCV,Yes,54,0,42,12,KDHSMA,Yes,No,
KD-014-R1,OPV,Yes,55,0,11,44,Zipline,Yes,Yes,Scheduled routine immunization session
KD-014-R1,YF,Yes,45,0,29,16,LGA,Yes,Yes,Scheduled routine immunization session
KD-014-R1,PENTA,Yes,59,0,8,51,LGA,Yes,Yes,Catch-up campaign
KD-014-R1,ROTA,Yes,69,0,43,26,KDHSMA,Yes,No,
KD-014-R1,PCV,Yes,29,76,50,55,LGA,Yes,Yes,Scheduled routine immunization session
KD-014-R2,BCG,Yes,45,30,56,19,LGA,Yes,Yes,Scheduled routine immunization session
KD-014-R2,HPV,Yes,0,15,4,11,Zipline,Yes,No,
KD-014-R2,IPV,Yes,25,39,37,27,LGA,Yes,Yes,Scheduled routine immunization session
KD-014-R2,MR,Yes,0,23,3,20,LGA,Yes,Yes,Scheduled routine immunization session
KD-014-R2,MEN A,Yes,25,0,11,14,LGA,Yes,Yes,Scheduled routine immunization session
KD-014-R2,MCV,Yes,42,23,58,7,KDHSMA,Yes,No,
KD-014-R2,OPV,Yes,11,63,34,40,LGA,Yes,No,
KD-014-R2,YF,Yes,29,22,41,10,LGA,Yes,No,
KD-014-R2,PENTA,Yes,8,73,32,49,LGA,No,Yes,Scheduled routine immunization session
KD-014-R2,ROTA,Yes,43,46,61,28,LGA,Yes,Yes,Scheduled routine immunization session
KD-014-R2,PCV,Yes,50,0,1,49,Zipline,Yes,Yes,Scheduled routine immunization session
KD-014-R3,BCG,Yes,56,0,37,19,KDHSMA,Yes,Yes,Scheduled routine immunization session
KD-014-R3,HPV,No,4,0,0,4,LGA,No,No,
KD-014-R3,IPV,Yes,37,0,14,23,KDHSMA,Yes,Yes,Scheduled routine immunization session
KD-014-R3,MR,Yes,3,18,3,18,KDHSMA,Yes,Yes,Catch-up campaign
KD-014-R3,MEN A,No,11,0,0,11,LGA,No,Yes,Scheduled routine immunization session
KD-014-R3,MCV,Yes,58,0,41,17,LGA,Yes,Yes,Outreach session held this week
KD-014-R3,OPV,No,34,0,0,34,KDHSMA,No,Yes,Scheduled routine immunization session
KD-014-R3,YF,Yes,41,0,27,14,KDHSMA,Yes,Yes,Outreach session held this week
KD-014-R3,PENTA,No,32,0,0,32,LGA,No,Yes,Scheduled routine immunization session
KD-014-R3,ROTA,Yes,61,41,70,32,LGA,No,Yes,Scheduled routine immunization session
KD-014-R3,PCV,No,1,0,0,1,LGA,No,No,
KD-014-R4,BCG,Yes,37,0,21,16,Zipline,Yes,No,
KD-014-R4,HPV,No,0,0,0,0,LGA,No,No,
KD-014-R4,IPV,No,14,0,0,14,LGA,No,Yes,High birth cohort this week
KD-014-R4,MR,Yes,3,23,9,17,KDHSMA,Yes,Yes,Scheduled routine immunization session
KD-014-R4,MEN A,No,0,15,0,15,LGA,No,Yes,Catch-up campaign
KD-014-R4,MCV,Yes,41,0,24,17,LGA,Yes,Yes,Outreach session held this week
KD-014-R4,OPV,Yes,0,72,31,41,Zipline,Yes,Yes,Scheduled routine immunization session
KD-014-R4,YF,Yes,27,25,43,9,LGA,Yes,No,
KD-014-R4,PENTA,No,0,0,0,0,KDHSMA,No,No,
KD-014-R4,ROTA,Yes,70,67,105,32,LGA,Yes,Yes,Scheduled routine immunization session
KD-014-R4,PCV,No,0,0,0,0,LGA,No,No,
KD-014-R5,BCG,Yes,21,29,35,15,LGA,No,No,
KD-014-R5,HPV,No,0,0,0,0,KDHSMA,No,Yes,Scheduled routine immunization session
KD-014-R5,IPV,No,0,0,0,0,LGA,No,Yes,Scheduled routine immunization session
KD-014-R5,MR,Yes,9,31,24,16,LGA,Yes,Yes,Catch-up campaign
KD-014-R5,MEN A,No,0,0,0,0,KDHSMA,No,Yes,Scheduled routine immunization session
KD-014-R5,MCV,Yes,24,23,37,10,KDHSMA,Yes,No,
KD-014-R5,OPV,No,31,0,0,31,LGA,No,No,
KD-014-R5,YF,Yes,43,36,57,22,LGA,Yes,Yes,Scheduled routine immunization session
KD-014-R5,PENTA,No,0,0,0,0,LGA,No,No,
KD-014-R5,ROTA,Yes,105,45,124,26,LGA,Yes,No,
KD-014-R5,PCV,Yes,0,72,29,43,LGA,Yes,Yes,School-based session (HPV)
KD-014-R6,BCG,Yes,35,35,49,21,LGA,Yes,Yes,High birth cohort this week
KD-014-R6,HPV,No,0,0,0,0,KDHSMA,No,No,
KD-014-R6,IPV,Yes,0,33,13,20,LGA,Yes,No,
KD-014-R6,MR,Yes,24,0,9,15,LGA,Yes,Yes,Scheduled routine immunization session
KD-014-R6,MEN A,No,0,0,0,0,LGA,No,Yes,Catch-up campaign
KD-014-R6,MCV,Yes,37,30,46,21,LGA,Yes,Yes,Scheduled routine immunization session
KD-014-R6,OPV,Yes,0,74,20,54,LGA,Yes,Yes,Outreach session held this week
KD-014-R6,YF,Yes,57,0,46,11,LGA,Yes,No,
KD-014-R6,PENTA,No,0,0,0,0,KDHSMA,No,No,
KD-014-R6,ROTA,Yes,124,46,136,34,LGA,Yes,Yes,Scheduled routine immunization session
KD-014-R6,PCV,Yes,29,68,56,41,LGA,No,Yes,Scheduled routine immunization session
KD-015-R1,BCG,Yes,5,34,20,19,LGA,Yes,Yes,Catch-up campaign
KD-015-R1,HPV,Yes,27,0,13,14,LGA,Yes,Yes,School-based session (HPV)
KD-015-R1,IPV,No,18,0,0,18,LGA,No,Yes,Scheduled routine immunization session
KD-015-R1,MR,Yes,37,0,19,18,LGA,No,Yes,High birth cohort this week
KD-015-R1,MEN A,Yes,17,0,8,9,LGA,Yes,No,
KD-015-R1,MCV,Yes,10,26,28,8,LGA,No,No,
KD-015-R1,OPV,Yes,50,0,12,38,LGA,No,No,
KD-015-R1,YF,Yes,19,24,38,5,Zipline,Yes,No,
KD-015-R1,PENTA,Yes,109,67,129,47,LGA,Yes,Yes,Scheduled routine immunization session
KD-015-R1,ROTA,Yes,84,0,60,24,KDHSMA,Yes,No,
KD-015-R1,PCV,Yes,59,0,5,54,LGA,Yes,Yes,High birth cohort this week
KD-015-R2,BCG,Yes,20,19,11,28,LGA,Yes,Yes,High birth cohort this week
KD-015-R2,HPV,Yes,13,0,8,5,KDHSMA,Yes,No,
KD-015-R2,IPV,Yes,0,41,13,28,KDHSMA,Yes,Yes,High birth cohort this week
KD-015-R2,MR,No,19,0,0,19,LGA,No,Yes,Catch-up campaign
KD-015-R2,MEN A,Yes,8,18,8,18,LGA,Yes,Yes,High birth cohort this week
KD-015-R2,MCV,Yes,28,0,11,17,LGA,No,Yes,Outreach session held this week
KD-015-R2,OPV,Yes,12,65,32,45,LGA,Yes,Yes,School-based session (HPV)
KD-015-R2,YF,Yes,38,0,21,17,LGA,Yes,Yes,Outreach session held this week
KD-015-R2,PENTA,Yes,129,66,157,38,KDHSMA,No,No,
KD-015-R2,ROTA,Yes,60,56,85,31,Zipline,Yes,Yes,Catch-up campaign
KD-015-R2,PCV,No,5,0,0,5,Zipline,No,Yes,Scheduled routine immunization session
KD-015-R3,BCG,No,11,0,0,11,LGA,No,No,
KD-015-R3,HPV,No,8,0,0,8,LGA,No,Yes,School-based session (HPV)
KD-015-R3,IPV,Yes,13,42,34,21,LGA,Yes,Yes,Scheduled routine immunization session
KD-015-R3,MR,Yes,0,27,4,23,LGA,Yes,Yes,Outreach session held this week
KD-015-R3,MEN A,No,8,0,0,8,LGA,No,No,
KD-015-R3,MCV,No,11,0,0,11,LGA,No,Yes,Outreach session held this week
KD-015-R3,OPV,Yes,32,72,62,42,LGA,Yes,Yes,Scheduled routine immunization session
KD-015-R3,YF,Yes,21,0,5,16,KDHSMA,Yes,Yes,Scheduled routine immunization session
KD-015-R3,PENTA,Yes,157,71,179,49,LGA,Yes,Yes,Scheduled routine immunization session
KD-015-R3,ROTA,Yes,85,53,106,32,KDHSMA,No,Yes,Scheduled routine immunization session
KD-015-R3,PCV,Yes,0,71,20,51,LGA,Yes,Yes,Scheduled routine immunization session
KD-015-R4,BCG,Yes,0,27,4,23,Zipline,Yes,Yes,Scheduled routine immunization session
KD-015-R4,HPV,No,0,0,0,0,LGA,No,No,
KD-015-R4,IPV,Yes,34,37,49,22,LGA,Yes,Yes,Scheduled routine immunization session
KD-015-R4,MR,Yes,4,27,19,12,Zipline,Yes,No,
KD-015-R4,MEN A,Yes,0,23,12,11,LGA,Yes,No,
KD-015-R4,MCV,No,0,20,0,20,KDHSMA,No,Yes,Scheduled routine immunization session
KD-015-R4,OPV,Yes,62,69,101,30,LGA,Yes,No,
KD-015-R4,YF,No,5,0,0,5,LGA,No,Yes,Scheduled routine immunization session
KD-015-R4,PENTA,Yes,179,58,177,60,LGA,Yes,Yes,Scheduled routine immunization session
KD-015-R4,ROTA,Yes,106,46,123,29,Zipline,Yes,Yes,Scheduled routine immunization session
KD-015-R4,PCV,Yes,20,72,46,46,Zipline,Yes,Yes,Outreach session held this week
KD-015-R5,BCG,Yes,4,32,21,15,LGA,Yes,No,
KD-015-R5,HPV,Yes,0,15,1,14,Zipline,Yes,Yes,School-based session (HPV)
KD-015-R5,IPV,Yes,49,0,26,23,LGA,Yes,Yes,Scheduled routine immunization session
KD-015-R5,MR,Yes,19,0,3,16,LGA,No,Yes,Scheduled routine immunization session
KD-015-R5,MEN A,Yes,12,18,23,7,LGA,Yes,No,
KD-015-R5,MCV,Yes,0,25,2,23,LGA,Yes,Yes,Outreach session held this week
KD-015-R5,OPV,Yes,101,60,121,40,LGA,Yes,No,
KD-015-R5,YF,Yes,0,31,14,17,LGA,Yes,Yes,Scheduled routine immunization session
KD-015-R5,PENTA,Yes,177,88,223,42,LGA,Yes,Yes,High birth cohort this week
KD-015-R5,ROTA,Yes,123,41,137,27,LGA,Yes,No,
KD-015-R5,PCV,Yes,46,66,62,50,KDHSMA,Yes,Yes,Scheduled routine immunization session
KD-015-R6,BCG,No,21,0,0,21,KDHSMA,No,Yes,Scheduled routine immunization session
KD-015-R6,HPV,Yes,1,18,9,10,KDHSMA,Yes,No,
KD-015-R6,IPV,Yes,26,39,41,24,LGA,No,Yes,Scheduled routine immunization session
KD-015-R6,MR,No,3,0,0,3,LGA,No,Yes,Scheduled routine immunization session
KD-015-R6,MEN A,Yes,23,14,33,4,Zipline,Yes,No,
KD-015-R6,MCV,No,2,0,0,2,LGA,No,Yes,Scheduled routine immunization session
KD-015-R6,OPV,Yes,121,83,165,39,Zipline,Yes,No,
KD-015-R6,YF,Yes,14,27,20,21,KDHSMA,Yes,Yes,Scheduled routine immunization session
KD-015-R6,PENTA,Yes,223,0,183,40,LGA,Yes,No,
KD-015-R6,ROTA,Yes,137,56,166,27,KDHSMA,Yes,No,
KD-015-R6,PCV,Yes,62,69,84,47,LGA,Yes,Yes,Scheduled routine immunization session
KD-016-R1,BCG,Yes,171,0,113,58,LGA,Yes,Yes,Scheduled routine immunization session
KD-016-R1,HPV,Yes,91,0,61,30,Zipline,Yes,Yes,Outreach session held this week
KD-016-R1,IPV,Yes,64,96,99,61,LGA,Yes,Yes,Outreach session held this week
KD-016-R1,MR,Yes,124,65,158,31,LGA,Yes,No,
KD-016-R1,MEN A,No,22,0,0,22,LGA,No,No,
KD-016-R1,MCV,Yes,0,71,28,43,LGA,Yes,Yes,Scheduled routine immunization session
KD-016-R1,OPV,Yes,239,168,301,106,Zipline,Yes,Yes,Outreach session held this week
KD-016-R1,YF,Yes,134,0,102,32,LGA,Yes,No,
KD-016-R1,PENTA,Yes,85,176,160,101,Zipline,Yes,No,
KD-016-R1,ROTA,Yes,216,105,241,80,LGA,Yes,Yes,Scheduled routine immunization session
KD-016-R1,PCV,Yes,118,180,187,111,LGA,Yes,Yes,Scheduled routine immunization session
KD-016-R2,BCG,Yes,113,0,76,37,Zipline,Yes,No,
KD-016-R2,HPV,Yes,61,0,24,37,LGA,Yes,Yes,Catch-up campaign
KD-016-R2,IPV,Yes,99,101,159,41,KDHSMA,Yes,No,
KD-016-R2,MR,Yes,158,0,126,32,LGA,Yes,No,
KD-016-R2,MEN A,Yes,0,45,18,27,KDHSMA,Yes,No,
KD-016-R2,MCV,Yes,28,61,60,29,LGA,Yes,No,
KD-016-R2,OPV,Yes,301,177,384,94,LGA,Yes,No,
KD-016-R2,YF,Yes,102,79,144,37,LGA,Yes,Yes,Outreach session held this week
KD-016-R2,PENTA,Yes,160,152,205,107,LGA,Yes,Yes,Scheduled routine immunization session
KD-016-R2,ROTA,Yes,241,0,163,78,LGA,Yes,Yes,Scheduled routine immunization session
KD-016-R2,PCV,Yes,187,0,88,99,LGA,No,No,
KD-016-R3,BCG,Yes,76,83,112,47,KDHSMA,Yes,Yes,Scheduled routine immunization session
KD-016-R3,HPV,No,24,0,0,24,LGA,No,Yes,Scheduled routine immunization session
KD-016-R3,IPV,Yes,159,87,205,41,KDHSMA,Yes,No,
KD-016-R3,MR,Yes,126,64,153,37,LGA,Yes,Yes,Scheduled routine immunization session
KD-016-R3,MEN A,No,18,0,0,18,LGA,No,No,
KD-016-R3,MCV,Yes,60,60,76,44,KDHSMA,Yes,Yes,Scheduled routine immunization session
KD-016-R3,OPV,Yes,384,0,267,117,LGA,Yes,Yes,Scheduled routine immunization session
KD-016-R3,YF,Yes,144,0,107,37,KDHSMA,Yes,Yes,School-based session (HPV)
KD-016-R3,PENTA,Yes,205,138,240,103,LGA,Yes,Yes,Scheduled routine immunization session
KD-016-R3,ROTA,Yes,163,0,72,91,LGA,Yes,Yes,Catch-up campaign
KD-016-R3,PCV,No,88,0,0,88,LGA,No,No,
KD-016-R4,BCG,Yes,112,0,57,55,LGA,Yes,Yes,Scheduled routine immunization session
KD-016-R4,HPV,Yes,0,40,13,27,KDHSMA,Yes,No,
KD-016-R4,IPV,Yes,205,86,234,57,LGA,Yes,Yes,Scheduled routine immunization session
KD-016-R4,MR,Yes,153,0,115,38,LGA,Yes,Yes,Scheduled routine immunization session
KD-016-R4,MEN A,No,0,0,0,0,LGA,No,No,
KD-016-R4,MCV,Yes,76,0,37,39,LGA,Yes,Yes,Outreach session held this week
KD-016-R4,OPV,Yes,267,0,166,101,KDHSMA,Yes,No,
KD-016-R4,YF,Yes,107,0,65,42,LGA,No,Yes,Scheduled routine immunization session
KD-016-R4,PENTA,Yes,240,0,137,103,Zipline,Yes,Yes,School-based session (HPV)
KD-016-R4,ROTA,Yes,72,0,1,71,LGA,Yes,Yes,High birth cohort this week
KD-016-R4,PCV,No,0,0,0,0,KDHSMA,No,Yes,School-based session (HPV)
KD-016-R5,BCG,Yes,57,82,94,45,LGA,Yes,No,
KD-016-R5,HPV,No,13,0,0,13,KDHSMA,No,Yes,Catch-up campaign
KD-016-R5,IPV,Yes,234,111,293,52,KDHSMA,No,Yes,School-based session (HPV)
KD-016-R5,MR,Yes,115,75,144,46,KDHSMA,Yes,Yes,Scheduled routine immunization session
KD-016-R5,MEN A,No,0,0,0,0,LGA,No,Yes,High birth cohort this week
KD-016-R5,MCV,Yes,37,62,62,37,LGA,Yes,Yes,Scheduled routine immunization session
KD-016-R5,OPV,Yes,166,194,229,131,LGA,Yes,Yes,Outreach session held this week
KD-016-R5,YF,Yes,65,0,24,41,LGA,Yes,Yes,Outreach session held this week
KD-016-R5,PENTA,Yes,137,0,53,84,LGA,Yes,No,
KD-016-R5,ROTA,No,1,0,0,1,Zipline,No,Yes,Outreach session held this week
KD-016-R5,PCV,Yes,0,190,73,117,LGA,Yes,Yes,Scheduled routine immunization session
KD-016-R6,BCG,Yes,94,79,113,60,KDHSMA,Yes,Yes,Catch-up campaign
KD-016-R6,HPV,No,0,0,0,0,LGA,No,Yes,Catch-up campaign
KD-016-R6,IPV,Yes,293,0,224,69,LGA,Yes,Yes,Scheduled routine immunization session
KD-016-R6,MR,Yes,144,0,110,34,LGA,Yes,Yes,Outreach session held this week
KD-016-R6,MEN A,No,0,0,0,0,LGA,No,No,
KD-016-R6,MCV,Yes,62,54,95,21,LGA,Yes,No,
KD-016-R6,OPV,Yes,229,0,118,111,KDHSMA,No,Yes,Scheduled routine immunization session
KD-016-R6,YF,Yes,24,61,53,32,LGA,Yes,No,
KD-016-R6,PENTA,No,53,0,0,53,KDHSMA,No,Yes,Outreach session held this week
KD-016-R6,ROTA,Yes,0,112,42,70,Zipline,Yes,Yes,Scheduled routine immunization session
KD-016-R6,PCV,Yes,73,171,133,111,LGA,Yes,Yes,Outreach session held this week
KD-018-R1,BCG,No,0,0,0,0,LGA,No,No,
KD-018-R1,HPV,Yes,27,28,37,18,LGA,Yes,Yes,Catch-up campaign
KD-018-R1,IPV,Yes,11,34,22,23,KDHSMA,Yes,Yes,Scheduled routine immunization session
KD-018-R1,MR,No,7,0,0,7,Zipline,No,No,
KD-018-R1,MEN A,Yes,13,0,1,12,LGA,Yes,Yes,Outreach session held this week
KD-018-R1,MCV,No,0,0,0,0,LGA,No,Yes,Outreach session held this week
KD-018-R1,OPV,Yes,83,66,100,49,LGA,Yes,Yes,Scheduled routine immunization session
KD-018-R1,YF,Yes,18,0,4,14,LGA,Yes,Yes,Scheduled routine immunization session
KD-018-R1,PENTA,Yes,58,52,55,55,Zipline,No,Yes,Scheduled routine immunization session
KD-018-R1,ROTA,Yes,58,0,30,28,LGA,Yes,Yes,Scheduled routine immunization session
KD-018-R1,PCV,Yes,31,76,57,50,LGA,Yes,Yes,Scheduled routine immunization session
KD-018-R2,BCG,No,0,0,0,0,Zipline,No,Yes,Catch-up campaign
KD-018-R2,HPV,Yes,37,0,18,19,LGA,No,Yes,School-based session (HPV)
KD-018-R2,IPV,No,22,0,0,22,LGA,No,Yes,Scheduled routine immunization session
KD-018-R2,MR,Yes,0,24,9,15,LGA,Yes,Yes,Scheduled routine immunization session
KD-018-R2,MEN A,No,1,0,0,1,LGA,No,No,
KD-018-R2,MCV,Yes,0,25,10,15,KDHSMA,Yes,Yes,Scheduled routine immunization session
KD-018-R2,OPV,Yes,100,63,113,50,Zipline,Yes,Yes,Scheduled routine immunization session
KD-018-R2,YF,No,4,0,0,4,KDHSMA,No,Yes,Scheduled routine immunization session
KD-018-R2,PENTA,Yes,55,0,9,46,LGA,No,Yes,School-based session (HPV)
KD-018-R2,ROTA,Yes,30,50,46,34,LGA,Yes,Yes,Scheduled routine immunization session
KD-018-R2,PCV,Yes,57,0,14,43,LGA,Yes,Yes,Scheduled routine immunization session
KD-018-R3,BCG,No,0,0,0,0,KDHSMA,No,Yes,High birth cohort this week
KD-018-R3,HPV,Yes,18,0,5,13,LGA,Yes,Yes,Scheduled routine immunization session
KD-018-R3,IPV,No,0,0,0,0,Zipline,No,Yes,School-based session (HPV)
KD-018-R3,MR,No,9,0,0,9,KDHSMA,No,No,
KD-018-R3,MEN A,No,0,0,0,0,LGA,No,No,
KD-018-R3,MCV,No,10,0,0,10,LGA,No,No,
KD-018-R3,OPV,Yes,113,64,129,48,KDHSMA,Yes,Yes,Outreach session held this week
KD-018-R3,YF,No,0,16,0,16,LGA,No,Yes,Scheduled routine immunization session
KD-018-R3,PENTA,Yes,9,83,49,43,Zipline,Yes,Yes,Scheduled routine immunization session
KD-018-R3,ROTA,Yes,46,40,52,34,LGA,No,Yes,Scheduled routine immunization session
KD-018-R3,PCV,Yes,14,77,39,52,LGA,Yes,Yes,High birth cohort this week
KD-018-R4,BCG,No,0,0,0,0,LGA,No,No,
KD-018-R4,HPV,No,5,0,0,5,Zipline,No,Yes,School-based session (HPV)
KD-018-R4,IPV,No,0,0,0,0,LGA,No,Yes,Scheduled routine immunization session
KD-018-R4,MR,No,0,0,0,0,LGA,No,Yes,School-based session (HPV)
KD-018-R4,MEN A,No,0,0,0,0,Zipline,No,No,
KD-018-R4,MCV,Yes,0,20,1,19,LGA,Yes,Yes,High birth cohort this week
KD-018-R4,OPV,Yes,129,0,85,44,KDHSMA,Yes,Yes,Scheduled routine immunization session
KD-018-R4,YF,No,0,0,0,0,LGA,No,Yes,Catch-up campaign
KD-018-R4,PENTA,Yes,49,0,4,45,Zipline,Yes,Yes,Scheduled routine immunization session
KD-018-R4,ROTA,Yes,52,0,27,25,LGA,Yes,No,
KD-018-R4,PCV,Yes,39,64,66,37,LGA,Yes,No,
KD-018-R5,BCG,Yes,0,32,14,18,Zipline,Yes,No,
KD-018-R5,HPV,Yes,0,23,6,17,LGA,No,Yes,Scheduled routine immunization session
KD-018-R5,IPV,No,0,0,0,0,LGA,No,No,
KD-018-R5,MR,Yes,0,31,18,13,Zipline,Yes,No,
KD-018-R5,MEN A,No,0,0,0,0,LGA,No,Yes,High birth cohort this week
KD-018-R5,MCV,Yes,1,23,5,19,LGA,Yes,Yes,Scheduled routine immunization session
KD-018-R5,OPV,Yes,85,59,95,49,LGA,Yes,Yes,Scheduled routine immunization session
KD-018-R5,YF,Yes,0,27,13,14,LGA,Yes,Yes,Scheduled routine immunization session
KD-018-R5,PENTA,No,4,0,0,4,LGA,No,No,
KD-018-R5,ROTA,Yes,27,67,63,31,LGA,Yes,Yes,Scheduled routine immunization session
KD-018-R5,PCV,Yes,66,0,26,40,LGA,Yes,No,
KD-018-R6,BCG,No,14,0,0,14,LGA,No,Yes,High birth cohort this week
KD-018-R6,HPV,Yes,6,19,7,18,KDHSMA,Yes,Yes,Outreach session held this week
KD-018-R6,IPV,No,0,0,0,0,LGA,No,Yes,Scheduled routine immunization session
KD-018-R6,MR,Yes,18,26,30,14,LGA,Yes,Yes,Outreach session held this week
KD-018-R6,MEN A,No,0,0,0,0,LGA,No,No,
KD-018-R6,MCV,Yes,5,29,25,9,LGA,Yes,No,
KD-018-R6,OPV,Yes,95,77,125,47,LGA,Yes,Yes,Scheduled routine immunization session
KD-018-R6,YF,No,13,0,0,13,KDHSMA,No,Yes,Scheduled routine immunization session
KD-018-R6,PENTA,No,0,0,0,0,KDHSMA,No,Yes,Scheduled routine immunization session
KD-018-R6,ROTA,Yes,63,45,72,36,LGA,Yes,Yes,Scheduled routine immunization session
KD-018-R6,PCV,Yes,26,86,75,37,KDHSMA,Yes,No,
KD-019-R1,BCG,Yes,64,38,80,22,LGA,No,Yes,Scheduled routine immunization session
KD-019-R1,HPV,Yes,32,0,17,15,LGA,Yes,Yes,School-based session (HPV)
KD-019-R1,IPV,Yes,36,0,12,24,LGA,Yes,Yes,High birth cohort this week
KD-019-R1,MR,Yes,35,26,35,26,LGA,Yes,Yes,Scheduled routine immunization session
KD-019-R1,MEN A,No,8,0,0,8,Zipline,No,Yes,Outreach session held this week
KD-019-R1,MCV,Yes,21,0,3,18,LGA,Yes,Yes,High birth cohort this week
KD-019-R1,OPV,Yes,80,0,38,42,LGA,Yes,Yes,Scheduled routine immunization session
KD-019-R1,YF,Yes,35,17,37,15,LGA,Yes,Yes,School-based session (HPV)
KD-019-R1,PENTA,No,0,0,0,0,LGA,No,No,
KD-019-R1,ROTA,Yes,75,0,44,31,KDHSMA,Yes,Yes,Scheduled routine immunization session
KD-019-R1,PCV,Yes,45,76,73,48,Zipline,Yes,Yes,Scheduled routine immunization session
KD-019-R2,BCG,Yes,80,31,95,16,LGA,Yes,No,
KD-019-R2,HPV,Yes,17,20,29,8,LGA,Yes,No,
KD-019-R2,IPV,No,12,0,0,12,KDHSMA,No,Yes,School-based session (HPV)
KD-019-R2,MR,Yes,35,24,51,8,LGA,Yes,No,
KD-019-R2,MEN A,No,0,0,0,0,LGA,No,No,
KD-019-R2,MCV,Yes,3,21,9,15,KDHSMA,Yes,Yes,Scheduled routine immunization session
KD-019-R2,OPV,Yes,38,59,44,53,KDHSMA,Yes,Yes,School-based session (HPV)
KD-019-R2,YF,Yes,37,26,50,13,LGA,Yes,No,
KD-019-R2,PENTA,No,0,0,0,0,LGA,No,No,
KD-019-R2,ROTA,Yes,44,57,56,45,KDHSMA,Yes,Yes,Outreach session held this week
KD-019-R2,PCV,Yes,73,0,27,46,Zipline,Yes,Yes,Scheduled routine immunization session
KD-019-R3,BCG,Yes,95,0,73,22,LGA,Yes,Yes,High birth cohort this week
KD-019-R3,HPV,Yes,29,0,10,19,KDHSMA,Yes,Yes,Outreach session held this week
KD-019-R3,IPV,Yes,0,32,14,18,LGA,Yes,No,
KD-019-R3,MR,Yes,51,22,55,18,LGA,Yes,Yes,Scheduled routine immunization session
KD-019-R3,MEN A,Yes,0,20,11,9,LGA,No,No,
KD-019-R3,MCV,No,9,0,0,9,LGA,No,Yes,Scheduled routine immunization session
KD-019-R3,OPV,No,44,0,0,44,LGA,No,Yes,Outreach session held this week
KD-019-R3,YF,Yes,50,18,56,12,LGA,Yes,No,
KD-019-R3,PENTA,Yes,0,62,20,42,LGA,Yes,Yes,High birth cohort this week
KD-019-R3,ROTA,Yes,56,52,76,32,LGA,Yes,Yes,Scheduled routine immunization session
KD-019-R3,PCV,No,27,0,0,27,LGA,No,Yes,Scheduled routine immunization session
KD-019-R4,BCG,Yes,73,27,72,28,KDHSMA,Yes,Yes,School-based session (HPV)
KD-019-R4,HPV,No,10,0,0,10,Zipline,No,Yes,Catch-up campaign
KD-019-R4,IPV,Yes,14,26,8,32,KDHSMA,Yes,Yes,High birth cohort this week
KD-019-R4,MR,Yes,55,0,40,15,LGA,Yes,Yes,Scheduled routine immunization session
KD-019-R4,MEN A,Yes,11,29,26,14,Zipline,Yes,Yes,School-based session (HPV)
KD-019-R4,MCV,No,0,13,0,13,LGA,No,Yes,School-based session (HPV)
KD-019-R4,OPV,Yes,0,76,30,46,LGA,Yes,Yes,Scheduled routine immunization session
KD-019-R4,YF,Yes,56,33,75,14,LGA,Yes,Yes,Scheduled routine immunization session
KD-019-R4,PENTA,No,20,0,0,20,KDHSMA,No,No,
KD-019-R4,ROTA,Yes,76,34,87,23,LGA,Yes,No,
KD-019-R4,PCV,Yes,0,75,19,56,Zipline,Yes,Yes,High birth cohort this week
KD-019-R5,BCG,Yes,72,0,49,23,LGA,Yes,Yes,Scheduled routine immunization session
KD-019-R5,HPV,No,0,0,0,0,Zipline,No,Yes,Scheduled routine immunization session
KD-019-R5,IPV,Yes,8,42,36,14,LGA,Yes,No,
KD-019-R5,MR,Yes,40,0,25,15,KDHSMA,Yes,Yes,Scheduled routine immunization session
KD-019-R5,MEN A,Yes,26,0,16,10,LGA,Yes,No,
KD-019-R5,MCV,Yes,0,25,10,15,Zipline,Yes,Yes,Scheduled routine immunization session
KD-019-R5,OPV,Yes,30,82,69,43,LGA,Yes,Yes,Scheduled routine immunization session
KD-019-R5,YF,Yes,75,0,63,12,LGA,No,No,
KD-019-R5,PENTA,Yes,0,72,27,45,LGA,Yes,Yes,Scheduled routine immunization session
KD-019-R5,ROTA,Yes,87,0,53,34,LGA,No,Yes,Scheduled routine immunization session
KD-019-R5,PCV,Yes,19,81,51,49,Zipline,Yes,Yes,Scheduled routine immunization session
KD-019-R6,BCG,Yes,49,28,47,30,LGA,Yes,Yes,Outreach session held this week
KD-019-R6,HPV,No,0,0,0,0,LGA,No,Yes,School-based session (HPV)
KD-019-R6,IPV,Yes,36,41,54,23,LGA,Yes,Yes,Catch-up campaign
KD-019-R6,MR,Yes,25,24,35,14,LGA,Yes,Yes,Outreach session held this week
KD-019-R6,MEN A,Yes,16,17,23,10,LGA,Yes,No,
KD-019-R6,MCV,Yes,10,24,23,11,KDHSMA,Yes,No,
KD-019-R6,OPV,Yes,69,79,118,30,LGA,Yes,No,
KD-019-R6,YF,Yes,63,0,45,18,KDHSMA,Yes,Yes,High birth cohort this week
KD-019-R6,PENTA,Yes,27,82,60,49,LGA,Yes,Yes,School-based session (HPV)
KD-019-R6,ROTA,Yes,53,0,32,21,LGA,Yes,No,
KD-019-R6,PCV,Yes,51,0,4,47,LGA,Yes,Yes,Scheduled routine immunization session
KD-022-R1,BCG,No,5,0,0,5,LGA,No,No,
KD-022-R1,HPV,No,5,0,0,5,LGA,No,Yes,School-based session (HPV)
KD-022-R1,IPV,Yes,29,17,35,11,Zipline,Yes,No,
KD-022-R1,MR,Yes,18,9,16,11,KDHSMA,Yes,Yes,Scheduled routine immunization session
KD-022-R1,MEN A,Yes,10,14,21,3,LGA,Yes,No,
KD-022-R1,MCV,Yes,9,13,17,5,LGA,Yes,No,
KD-022-R1,OPV,Yes,40,0,13,27,LGA,Yes,Yes,Scheduled routine immunization session
KD-022-R1,YF,Yes,16,10,10,16,Zipline,Yes,Yes,High birth cohort this week
KD-022-R1,PENTA,No,0,0,0,0,Zipline,No,Yes,Scheduled routine immunization session
KD-022-R1,ROTA,Yes,48,30,61,17,LGA,Yes,Yes,High birth cohort this week
KD-022-R1,PCV,Yes,86,0,53,33,LGA,Yes,Yes,Scheduled routine immunization session
KD-022-R2,BCG,No,0,0,0,0,LGA,No,Yes,Catch-up campaign
KD-022-R2,HPV,Yes,0,11,3,8,Zipline,Yes,Yes,School-based session (HPV)
KD-022-R2,IPV,Yes,35,17,39,13,LGA,Yes,Yes,Outreach session held this week
KD-022-R2,MR,Yes,16,0,6,10,LGA,Yes,Yes,Outreach session held this week
KD-022-R2,MEN A,Yes,21,0,12,9,LGA,Yes,Yes,Scheduled routine immunization session
KD-022-R2,MCV,Yes,17,12,19,10,KDHSMA,No,Yes,Outreach session held this week
KD-022-R2,OPV,No,13,0,0,13,LGA,No,Yes,Outreach session held this week
KD-022-R2,YF,Yes,10,10,10,10,KDHSMA,Yes,Yes,School-based session (HPV)
KD-022-R2,PENTA,Yes,0,42,9,33,KDHSMA,Yes,Yes,Scheduled routine immunization session
KD-022-R2,ROTA,Yes,61,30,70,21,KDHSMA,Yes,Yes,Scheduled routine immunization session
KD-022-R2,PCV,Yes,53,0,28,25,LGA,Yes,Yes,School-based session (HPV)
KD-022-R3,BCG,No,0,0,0,0,LGA,No,No,
KD-022-R3,HPV,No,3,0,0,3,Zipline,No,Yes,School-based session (HPV)
KD-022-R3,IPV,Yes,39,0,27,12,KDHSMA,Yes,No,
KD-022-R3,MR,No,6,0,0,6,LGA,No,Yes,High birth cohort this week
KD-022-R3,MEN A,Yes,12,0,3,9,LGA,Yes,Yes,Catch-up campaign
KD-022-R3,MCV,Yes,19,13,20,12,Zipline,Yes,Yes,Outreach session held this week
KD-022-R3,OPV,Yes,0,34,13,21,LGA,Yes,No,
KD-022-R3,YF,Yes,10,19,21,8,LGA,Yes,No,
KD-022-R3,PENTA,No,9,0,0,9,LGA,No,No,
KD-022-R3,ROTA,Yes,70,32,81,21,LGA,Yes,Yes,Scheduled routine immunization session
KD-022-R3,PCV,Yes,28,54,61,21,Zipline,Yes,No,
KD-022-R4,BCG,Yes,0,24,9,15,LGA,Yes,Yes,Scheduled routine immunization session
KD-022-R4,HPV,Yes,0,9,1,8,LGA,Yes,Yes,Scheduled routine immunization session
KD-022-R4,IPV,Yes,27,28,40,15,LGA,Yes,Yes,Outreach session held this week
KD-022-R4,MR,No,0,0,0,0,KDHSMA,No,Yes,Outreach session held this week
KD-022-R4,MEN A,No,3,0,0,3,Zipline,No,Yes,Scheduled routine immunization session
KD-022-R4,MCV,Yes,20,14,29,5,LGA,Yes,No,
KD-022-R4,OPV,No,13,0,0,13,KDHSMA,No,No,
KD-022-R4,YF,Yes,21,13,25,9,LGA,Yes,Yes,High birth cohort this week
KD-022-R4,PENTA,Yes,0,38,6,32,LGA,Yes,Yes,Scheduled routine immunization session
KD-022-R4,ROTA,Yes,81,34,98,17,Zipline,No,Yes,Outreach session held this week
KD-022-R4,PCV,Yes,61,37,79,19,Zipline,Yes,No,
KD-022-R5,BCG,Yes,9,23,17,15,KDHSMA,Yes,Yes,Scheduled routine immunization session
KD-022-R5,HPV,No,1,0,0,1,LGA,No,Yes,School-based session (HPV)
KD-022-R5,IPV,Yes,40,0,26,14,LGA,Yes,Yes,Scheduled routine immunization session
KD-022-R5,MR,Yes,0,11,8,3,KDHSMA,Yes,No,
KD-022-R5,MEN A,No,0,0,0,0,KDHSMA,No,Yes,High birth cohort this week
KD-022-R5,MCV,Yes,29,0,16,13,LGA,Yes,Yes,Catch-up campaign
KD-022-R5,OPV,Yes,0,41,12,29,LGA,Yes,Yes,Scheduled routine immunization session
KD-022-R5,YF,Yes,25,19,37,7,LGA,Yes,No,
KD-022-R5,PENTA,No,6,0,0,6,KDHSMA,No,Yes,High birth cohort this week
KD-022-R5,ROTA,Yes,98,0,82,16,LGA,Yes,No,
KD-022-R5,PCV,Yes,79,0,43,36,LGA,No,Yes,Scheduled routine immunization session
KD-022-R6,BCG,Yes,17,16,21,12,LGA,Yes,Yes,Outreach session held this week
KD-022-R6,HPV,Yes,0,16,9,7,LGA,Yes,Yes,Catch-up campaign
KD-022-R6,IPV,Yes,26,0,12,14,LGA,Yes,Yes,Catch-up campaign
KD-022-R6,MR,Yes,8,14,16,6,Zipline,Yes,No,
KD-022-R6,MEN A,No,0,0,0,0,KDHSMA,No,Yes,Scheduled routine immunization session
KD-022-R6,MCV,Yes,16,11,19,8,LGA,Yes,No,
KD-022-R6,OPV,Yes,12,44,33,23,LGA,Yes,No,
KD-022-R6,YF,Yes,37,15,38,14,LGA,Yes,Yes,Scheduled routine immunization session
KD-022-R6,PENTA,No,0,0,0,0,LGA,No,Yes,Outreach session held this week
KD-022-R6,ROTA,Yes,82,0,67,15,LGA,Yes,No,
KD-022-R6,PCV,Yes,43,48,58,33,LGA,Yes,Yes,Outreach session held this week
KD-023-R1,BCG,No,0,0,0,0,LGA,No,Yes,Scheduled routine immunization session
KD-023-R1,HPV,Yes,17,0,9,8,KDHSMA,Yes,No,
KD-023-R1,IPV,No,25,0,0,25,KDHSMA,No,Yes,Scheduled routine immunization session
KD-023-R1,MR,No,15,0,0,15,LGA,No,Yes,School-based session (HPV)
KD-023-R1,MEN A,Yes,33,0,25,8,KDHSMA,Yes,No,
KD-023-R1,MCV,Yes,30,27,40,17,KDHSMA,Yes,Yes,Scheduled routine immunization session
KD-023-R1,OPV,Yes,25,80,64,41,LGA,Yes,Yes,Scheduled routine immunization session
KD-023-R1,YF,Yes,21,24,32,13,Zipline,Yes,No,
KD-023-R1,PENTA,Yes,125,0,70,55,LGA,Yes,Yes,Outreach session held this week
KD-023-R1,ROTA,Yes,64,0,28,36,KDHSMA,Yes,Yes,School-based session (HPV)
KD-023-R1,PCV,Yes,73,0,36,37,LGA,Yes,No,
KD-023-R2,BCG,Yes,0,37,20,17,LGA,Yes,No,
KD-023-R2,HPV,Yes,9,0,2,7,Zipline,Yes,No,
KD-023-R2,IPV,Yes,0,39,22,17,LGA,Yes,No,
KD-023-R2,MR,No,0,0,0,0,LGA,No,Yes,Scheduled routine immunization session
KD-023-R2,MEN A,Yes,25,0,9,16,Zipline,Yes,Yes,Scheduled routine immunization session
KD-023-R2,MCV,Yes,40,23,45,18,Zipline,Yes,Yes,School-based session (HPV)
KD-023-R2,OPV,Yes,64,68,86,46,LGA,Yes,Yes,Outreach session held this week
KD-023-R2,YF,Yes,32,35,57,10,Zipline,No,No,
KD-023-R2,PENTA,Yes,70,0,25,45,KDHSMA,Yes,Yes,Outreach session held this week
KD-023-R2,ROTA,Yes,28,53,50,31,KDHSMA,Yes,Yes,Scheduled routine immunization session
KD-023-R2,PCV,Yes,36,71,59,48,LGA,Yes,Yes,Scheduled routine immunization session
KD-023-R3,BCG,Yes,20,0,1,19,Zipline,Yes,Yes,Scheduled routine immunization session
KD-023-R3,HPV,No,2,0,0,2,KDHSMA,No,No,
KD-023-R3,IPV,Yes,22,34,36,20,LGA,Yes,No,
KD-023-R3,MR,No,0,0,0,0,KDHSMA,No,No,
KD-023-R3,MEN A,Yes,9,23,25,7,LGA,Yes,No,
KD-023-R3,MCV,Yes,45,0,34,11,LGA,Yes,No,
KD-023-R3,OPV,Yes,86,0,47,39,LGA,Yes,No,
KD-023-R3,YF,Yes,57,24,67,14,Zipline,Yes,Yes,Catch-up campaign
KD-023-R3,PENTA,No,25,0,0,25,KDHSMA,No,Yes,Scheduled routine immunization session
KD-023-R3,ROTA,Yes,50,55,81,24,LGA,Yes,No,
KD-023-R3,PCV,Yes,59,0,7,52,LGA,Yes,Yes,Catch-up campaign
KD-023-R4,BCG,No,1,0,0,1,LGA,No,Yes,Scheduled routine immunization session
KD-023-R4,HPV,No,0,0,0,0,LGA,No,No,
KD-023-R4,IPV,Yes,36,39,58,17,Zipline,Yes,No,
KD-023-R4,MR,No,0,0,0,0,KDHSMA,No,Yes,Scheduled routine immunization session
KD-023-R4,MEN A,Yes,25,0,10,15,Zipline,Yes,Yes,Scheduled routine immunization session
KD-023-R4,MCV,Yes,34,0,19,15,KDHSMA,Yes,Yes,Scheduled routine immunization session
KD-023-R4,OPV,Yes,47,66,68,45,LGA,Yes,Yes,School-based session (HPV)
KD-023-R4,YF,Yes,67,0,49,18,LGA,Yes,Yes,Scheduled routine immunization session
KD-023-R4,PENTA,Yes,0,93,45,48,KDHSMA,Yes,Yes,Scheduled routine immunization session
KD-023-R4,ROTA,Yes,81,42,80,43,LGA,Yes,Yes,High birth cohort this week
KD-023-R4,PCV,No,7,0,0,7,KDHSMA,No,Yes,Scheduled routine immunization session
KD-023-R5,BCG,No,0,0,0,0,Zipline,No,Yes,Scheduled routine immunization session
KD-023-R5,HPV,No,0,0,0,0,LGA,No,Yes,School-based session (HPV)
KD-023-R5,IPV,Yes,58,35,69,24,LGA,Yes,Yes,School-based session (HPV)
KD-023-R5,MR,No,0,0,0,0,KDHSMA,No,Yes,Scheduled routine immunization session
KD-023-R5,MEN A,No,10,0,0,10,LGA,No,Yes,High birth cohort this week
KD-023-R5,MCV,Yes,19,27,24,22,LGA,Yes,Yes,Scheduled routine immunization session
KD-023-R5,OPV,Yes,68,0,6,62,LGA,Yes,Yes,Outreach session held this week
KD-023-R5,YF,Yes,49,27,66,10,LGA,Yes,No,
KD-023-R5,PENTA,No,45,0,0,45,LGA,No,Yes,Scheduled routine immunization session
KD-023-R5,ROTA,Yes,80,35,87,28,KDHSMA,Yes,Yes,Scheduled routine immunization session
KD-023-R5,PCV,No,0,0,0,0,LGA,No,Yes,Scheduled routine immunization session
KD-023-R6,BCG,Yes,0,25,5,20,KDHSMA,Yes,Yes,Outreach session held this week
KD-023-R6,HPV,No,0,0,0,0,LGA,No,Yes,Scheduled routine immunization session
KD-023-R6,IPV,Yes,69,0,55,14,Zipline,Yes,No,
KD-023-R6,MR,No,0,0,0,0,LGA,No,No,
KD-023-R6,MEN A,Yes,0,23,11,12,LGA,No,Yes,School-based session (HPV)
KD-023-R6,MCV,Yes,24,0,3,21,LGA,Yes,Yes,Scheduled routine immunization session
KD-023-R6,OPV,Yes,6,82,42,46,Zipline,Yes,Yes,Scheduled routine immunization session
KD-023-R6,YF,Yes,66,0,56,10,LGA,Yes,No,
KD-023-R6,PENTA,No,0,0,0,0,LGA,No,No,
KD-023-R6,ROTA,Yes,87,0,56,31,LGA,Yes,Yes,Scheduled routine immunization session
KD-023-R6,PCV,Yes,0,78,24,54,LGA,Yes,Yes,High birth cohort this week
KD-025-R1,BCG,Yes,142,0,92,50,KDHSMA,Yes,Yes,School-based session (HPV)
KD-025-R1,HPV,Yes,62,0,27,35,KDHSMA,Yes,Yes,Outreach session held this week
KD-025-R1,IPV,Yes,189,0,127,62,LGA,No,Yes,Outreach session held this week
KD-025-R1,MR,Yes,47,0,3,44,LGA,Yes,Yes,Scheduled routine immunization session
KD-025-R1,MEN A,Yes,117,52,138,31,LGA,Yes,Yes,Scheduled routine immunization session
KD-025-R1,MCV,Yes,135,0,107,28,LGA,Yes,No,
KD-025-R1,OPV,Yes,372,0,274,98,KDHSMA,Yes,No,
KD-025-R1,YF,Yes,79,0,48,31,LGA,Yes,No,
KD-025-R1,PENTA,Yes,229,213,325,117,Zipline,Yes,Yes,Catch-up campaign
KD-025-R1,ROTA,Yes,356,0,277,79,Zipline,Yes,Yes,Scheduled routine immunization session
KD-025-R1,PCV,Yes,156,183,218,121,LGA,Yes,Yes,Scheduled routine immunization session
KD-025-R2,BCG,Yes,92,0,45,47,LGA,Yes,Yes,Scheduled routine immunization session
KD-025-R2,HPV,Yes,27,0,1,26,LGA,Yes,No,
KD-025-R2,IPV,Yes,127,0,72,55,LGA,Yes,Yes,School-based session (HPV)
KD-025-R2,MR,No,3,0,0,3,Zipline,No,Yes,Scheduled routine immunization session
KD-025-R2,MEN A,Yes,138,0,108,30,LGA,Yes,Yes,School-based session (HPV)
KD-025-R2,MCV,Yes,107,51,116,42,Zipline,Yes,Yes,Scheduled routine immunization session
KD-025-R2,OPV,Yes,274,0,135,139,LGA,Yes,Yes,Outreach session held this week
KD-025-R2,YF,Yes,48,55,59,44,LGA,Yes,Yes,Scheduled routine immunization session
KD-025-R2,PENTA,Yes,325,0,218,107,LGA,Yes,Yes,Scheduled routine immunization session
KD-025-R2,ROTA,Yes,277,0,221,56,KDHSMA,Yes,No,
KD-025-R2,PCV,Yes,218,181,290,109,LGA,Yes,Yes,Scheduled routine immunization session
KD-025-R3,BCG,Yes,45,0,3,42,LGA,Yes,No,
KD-025-R3,HPV,No,1,0,0,1,KDHSMA,No,Yes,School-based session (HPV)
KD-025-R3,IPV,Yes,72,87,98,61,KDHSMA,Yes,Yes,Outreach session held this week
KD-025-R3,MR,No,0,0,0,0,LGA,No,Yes,Outreach session held this week
KD-025-R3,MEN A,Yes,108,0,68,40,LGA,Yes,Yes,Outreach session held this week
KD-025-R3,MCV,Yes,116,0,76,40,KDHSMA,Yes,Yes,School-based session (HPV)
KD-025-R3,OPV,Yes,135,0,40,95,KDHSMA,Yes,No,
KD-025-R3,YF,Yes,59,0,17,42,LGA,Yes,Yes,High birth cohort this week
KD-025-R3,PENTA,Yes,218,192,300,110,LGA,Yes,Yes,Scheduled routine immunization session
KD-025-R3,ROTA,Yes,221,0,151,70,LGA,Yes,Yes,High birth cohort this week
KD-025-R3,PCV,Yes,290,0,182,108,KDHSMA,Yes,Yes,Catch-up campaign
KD-025-R4,BCG,Yes,3,79,23,59,LGA,Yes,Yes,High birth cohort this week
KD-025-R4,HPV,Yes,0,63,38,25,LGA,Yes,No,
KD-025-R4,IPV,Yes,98,0,37,61,Zipline,Yes,Yes,Scheduled routine immunization session
KD-025-R4,MR,Yes,0,65,23,42,LGA,Yes,Yes,Scheduled routine immunization session
KD-025-R4,MEN A,Yes,68,45,80,33,LGA,Yes,Yes,High birth cohort this week
KD-025-R4,MCV,Yes,76,0,45,31,LGA,Yes,No,
KD-025-R4,OPV,No,40,0,0,40,KDHSMA,No,Yes,Scheduled routine immunization session
KD-025-R4,YF,No,17,0,0,17,KDHSMA,No,Yes,High birth cohort this week
KD-025-R4,PENTA,Yes,300,0,191,109,LGA,Yes,Yes,Scheduled routine immunization session
KD-025-R4,ROTA,Yes,151,0,68,83,LGA,Yes,Yes,Scheduled routine immunization session
KD-025-R4,PCV,Yes,182,190,271,101,LGA,Yes,No,
KD-025-R5,BCG,No,23,0,0,23,KDHSMA,No,No,
KD-025-R5,HPV,Yes,38,68,80,26,KDHSMA,No,No,
KD-025-R5,IPV,Yes,37,86,61,62,Zipline,Yes,Yes,Outreach session held this week
KD-025-R5,MR,No,23,0,0,23,LGA,No,Yes,Scheduled routine immunization session
KD-025-R5,MEN A,Yes,80,0,49,31,Zipline,Yes,Yes,Outreach session held this week
KD-025-R5,MCV,Yes,45,45,57,33,LGA,Yes,No,
KD-025-R5,OPV,No,0,0,0,0,KDHSMA,No,No,
KD-025-R5,YF,No,0,0,0,0,LGA,No,Yes,School-based session (HPV)
KD-025-R5,PENTA,Yes,191,186,248,129,LGA,Yes,Yes,Outreach session held this week
KD-025-R5,ROTA,No,68,0,0,68,LGA,No,Yes,Scheduled routine immunization session
KD-025-R5,PCV,Yes,271,183,335,119,KDHSMA,Yes,Yes,Scheduled routine immunization session
KD-025-R6,BCG,Yes,0,90,40,50,LGA,Yes,Yes,Scheduled routine immunization session
KD-025-R6,HPV,Yes,80,0,43,37,KDHSMA,Yes,Yes,School-based session (HPV)
KD-025-R6,IPV,Yes,61,0,11,50,LGA,Yes,No,
KD-025-R6,MR,No,0,0,0,0,LGA,No,Yes,Scheduled routine immunization session
KD-025-R6,MEN A,Yes,49,0,19,30,LGA,Yes,Yes,Scheduled routine immunization session
KD-025-R6,MCV,Yes,57,61,86,32,Zipline,Yes,No,
KD-025-R6,OPV,No,0,0,0,0,KDHSMA,No,Yes,Scheduled routine immunization session
KD-025-R6,YF,No,0,0,0,0,KDHSMA,No,Yes,Scheduled routine immunization session
KD-025-R6,PENTA,Yes,248,182,328,102,Zipline,Yes,Yes,Catch-up campaign
KD-025-R6,ROTA,Yes,0,111,32,79,Zipline,No,Yes,Scheduled routine immunization session
KD-025-R6,PCV,Yes,335,198,426,107,KDHSMA,Yes,Yes,Outreach session held this week
KD-026-R1,BCG,No,8,0,0,8,KDHSMA,No,Yes,Outreach session held this week
KD-026-R1,HPV,Yes,12,0,2,10,LGA,No,Yes,Catch-up campaign
KD-026-R1,IPV,Yes,24,0,8,16,KDHSMA,Yes,Yes,Scheduled routine immunization session
KD-026-R1,MR,Yes,12,0,1,11,Zipline,Yes,Yes,Scheduled routine immunization session
KD-026-R1,MEN A,Yes,7,0,2,5,LGA,Yes,No,
KD-026-R1,MCV,Yes,22,0,16,6,LGA,Yes,No,
KD-026-R1,OPV,Yes,51,46,71,26,KDHSMA,No,Yes,Outreach session held this week
KD-026-R1,YF,Yes,16,0,7,9,KDHSMA,Yes,Yes,Outreach session held this week
KD-026-R1,PENTA,Yes,56,0,35,21,LGA,Yes,No,
KD-026-R1,ROTA,Yes,45,0,23,22,KDHSMA,Yes,Yes,Scheduled routine immunization session
KD-026-R1,PCV,Yes,30,48,37,41,Zipline,Yes,Yes,Scheduled routine immunization session
KD-026-R2,BCG,No,0,0,0,0,LGA,No,Yes,Scheduled routine immunization session
KD-026-R2,HPV,No,2,0,0,2,LGA,No,No,
KD-026-R2,IPV,No,8,0,0,8,LGA,No,Yes,Catch-up campaign
KD-026-R2,MR,No,1,0,0,1,Zipline,No,No,
KD-026-R2,MEN A,Yes,2,10,2,10,LGA,Yes,Yes,Scheduled routine immunization session
KD-026-R2,MCV,Yes,16,0,9,7,LGA,Yes,No,
KD-026-R2,OPV,Yes,71,33,83,21,KDHSMA,No,No,
KD-026-R2,YF,No,7,0,0,7,KDHSMA,No,Yes,Scheduled routine immunization session
KD-026-R2,PENTA,Yes,35,0,8,27,LGA,Yes,Yes,Outreach session held this week
KD-026-R2,ROTA,Yes,23,28,38,13,KDHSMA,Yes,No,
KD-026-R2,PCV,Yes,37,0,7,30,LGA,Yes,Yes,Scheduled routine immunization session
KD-026-R3,BCG,No,0,0,0,0,Zipline,No,No,
KD-026-R3,HPV,No,0,0,0,0,LGA,No,Yes,Outreach session held this week
KD-026-R3,IPV,No,0,0,0,0,LGA,No,Yes,Outreach session held this week
KD-026-R3,MR,No,0,0,0,0,Zipline,No,No,
KD-026-R3,MEN A,No,2,0,0,2,LGA,No,Yes,Scheduled routine immunization session
KD-026-R3,MCV,No,9,0,0,9,LGA,No,Yes,Outreach session held this week
KD-026-R3,OPV,Yes,83,36,88,31,LGA,Yes,Yes,Scheduled routine immunization session
KD-026-R3,YF,No,0,6,0,6,LGA,No,Yes,Outreach session held this week
KD-026-R3,PENTA,No,8,0,0,8,LGA,No,Yes,Catch-up campaign
KD-026-R3,ROTA,Yes,38,0,16,22,KDHSMA,Yes,Yes,Scheduled routine immunization session
KD-026-R3,PCV,Yes,7,50,23,34,LGA,Yes,Yes,Scheduled routine immunization session
KD-026-R4,BCG,No,0,11,0,11,LGA,No,Yes,Catch-up campaign
KD-026-R4,HPV,No,0,0,0,0,LGA,No,Yes,School-based session (HPV)
KD-026-R4,IPV,No,0,12,0,12,LGA,No,Yes,High birth cohort this week
KD-026-R4,MR,No,0,0,0,0,Zipline,No,Yes,Scheduled routine immunization session
KD-026-R4,MEN A,No,0,0,0,0,LGA,No,Yes,Scheduled routine immunization session
KD-026-R4,MCV,No,0,0,0,0,LGA,No,Yes,Scheduled routine immunization session
KD-026-R4,OPV,Yes,88,0,60,28,LGA,Yes,Yes,Outreach session held this week
KD-026-R4,YF,No,0,0,0,0,LGA,No,Yes,Scheduled routine immunization session
KD-026-R4,PENTA,No,0,0,0,0,Zipline,No,Yes,High birth cohort this week
KD-026-R4,ROTA,No,16,0,0,16,LGA,No,Yes,Scheduled routine immunization session
KD-026-R4,PCV,No,23,0,0,23,Zipline,No,Yes,Scheduled routine immunization session
KD-026-R5,BCG,Yes,0,23,8,15,LGA,Yes,Yes,Scheduled routine immunization session
KD-026-R5,HPV,No,0,0,0,0,Zipline,No,Yes,School-based session (HPV)
KD-026-R5,IPV,No,0,0,0,0,LGA,No,No,
KD-026-R5,MR,No,0,0,0,0,LGA,No,Yes,Scheduled routine immunization session
KD-026-R5,MEN A,No,0,0,0,0,LGA,No,Yes,Scheduled routine immunization session
KD-026-R5,MCV,No,0,0,0,0,Zipline,No,Yes,Scheduled routine immunization session
KD-026-R5,OPV,Yes,60,0,27,33,LGA,Yes,Yes,Catch-up campaign
KD-026-R5,YF,No,0,0,0,0,Zipline,No,No,
KD-026-R5,PENTA,No,0,0,0,0,Zipline,No,No,
KD-026-R5,ROTA,No,0,0,0,0,LGA,No,Yes,Catch-up campaign
KD-026-R5,PCV,Yes,0,51,29,22,KDHSMA,Yes,No,
KD-026-R6,BCG,No,8,0,0,8,LGA,No,Yes,Scheduled routine immunization session
KD-026-R6,HPV,No,0,0,0,0,LGA,No,No,
KD-026-R6,IPV,No,0,0,0,0,Zipline,No,Yes,School-based session (HPV)
KD-026-R6,MR,No,0,0,0,0,LGA,No,No,
KD-026-R6,MEN A,No,0,0,0,0,LGA,No,No,
KD-026-R6,MCV,No,0,0,0,0,KDHSMA,No,No,
KD-026-R6,OPV,Yes,27,0,9,18,KDHSMA,Yes,No,
KD-026-R6,YF,No,0,0,0,0,LGA,No,No,
KD-026-R6,PENTA,No,0,0,0,0,KDHSMA,No,Yes,Catch-up campaign
KD-026-R6,ROTA,No,0,0,0,0,KDHSMA,No,Yes,Outreach session held this week
KD-026-R6,PCV,No,29,0,0,29,KDHSMA,No,Yes,Catch-up campaign
KD-028-R1,BCG,No,10,0,0,10,LGA,No,Yes,High birth cohort this week
KD-028-R1,HPV,Yes,36,0,28,8,LGA,Yes,No,
KD-028-R1,IPV,Yes,90,0,64,26,Zipline,Yes,Yes,Scheduled routine immunization session
KD-028-R1,MR,Yes,34,0,26,8,Zipline,Yes,No,
KD-028-R1,MEN A,Yes,29,25,43,11,LGA,Yes,No,
KD-028-R1,MCV,Yes,6,33,24,15,LGA,Yes,Yes,Scheduled routine immunization session
KD-028-R1,OPV,Yes,27,74,60,41,KDHSMA,Yes,Yes,Scheduled routine immunization session
KD-028-R1,YF,Yes,12,35,28,19,LGA,Yes,Yes,Scheduled routine immunization session
KD-028-R1,PENTA,Yes,95,75,124,46,LGA,No,Yes,Scheduled routine immunization session
KD-028-R1,ROTA,Yes,55,49,65,39,LGA,Yes,Yes,Scheduled routine immunization session
KD-028-R1,PCV,Yes,49,0,7,42,LGA,Yes,Yes,Scheduled routine immunization session
KD-028-R2,BCG,No,0,0,0,0,LGA,No,Yes,Scheduled routine immunization session
KD-028-R2,HPV,Yes,28,26,43,11,LGA,Yes,No,
KD-028-R2,IPV,Yes,64,30,69,25,LGA,Yes,Yes,Outreach session held this week
KD-028-R2,MR,Yes,26,0,12,14,LGA,Yes,Yes,Catch-up campaign
KD-028-R2,MEN A,Yes,43,19,48,14,LGA,No,Yes,High birth cohort this week
KD-028-R2,MCV,Yes,24,0,13,11,LGA,No,No,
KD-028-R2,OPV,Yes,60,68,83,45,LGA,Yes,Yes,Scheduled routine immunization session
KD-028-R2,YF,Yes,28,18,27,19,Zipline,Yes,Yes,Catch-up campaign
KD-028-R2,PENTA,Yes,124,79,163,40,KDHSMA,Yes,No,
KD-028-R2,ROTA,Yes,65,46,81,30,LGA,Yes,Yes,Scheduled routine immunization session
KD-028-R2,PCV,No,7,0,0,7,KDHSMA,No,Yes,High birth cohort this week
KD-028-R3,BCG,Yes,0,35,13,22,LGA,Yes,Yes,Scheduled routine immunization session
KD-028-R3,HPV,Yes,43,0,35,8,LGA,Yes,No,
KD-028-R3,IPV,Yes,69,41,89,21,KDHSMA,Yes,Yes,High birth cohort this week
KD-028-R3,MR,No,12,0,0,12,LGA,No,Yes,Scheduled routine immunization session
KD-028-R3,MEN A,Yes,48,17,52,13,LGA,Yes,Yes,Outreach session held this week
KD-028-R3,MCV,No,13,0,0,13,Zipline,No,Yes,High birth cohort this week
KD-028-R3,OPV,Yes,83,0,41,42,LGA,Yes,Yes,Scheduled routine immunization session
KD-028-R3,YF,Yes,27,0,16,11,LGA,Yes,No,
KD-028-R3,PENTA,Yes,163,0,118,45,KDHSMA,Yes,Yes,Scheduled routine immunization session
KD-028-R3,ROTA,Yes,81,48,98,31,LGA,Yes,Yes,Scheduled routine immunization session
KD-028-R3,PCV,Yes,0,75,32,43,LGA,Yes,Yes,Scheduled routine immunization session
KD-028-R4,BCG,No,13,0,0,13,LGA,No,No,
KD-028-R4,HPV,Yes,35,17,37,15,KDHSMA,Yes,Yes,School-based session (HPV)
KD-028-R4,IPV,Yes,89,34,99,24,LGA,Yes,Yes,High birth cohort this week
KD-028-R4,MR,No,0,0,0,0,LGA,No,Yes,Scheduled routine immunization session
KD-028-R4,MEN A,Yes,52,0,45,7,LGA,Yes,No,
KD-028-R4,MCV,No,0,0,0,0,LGA,No,No,
KD-028-R4,OPV,No,41,0,0,41,LGA,No,Yes,Scheduled routine immunization session
KD-028-R4,YF,Yes,16,0,1,15,KDHSMA,No,Yes,Outreach session held this week
KD-028-R4,PENTA,Yes,118,0,71,47,LGA,Yes,Yes,Scheduled routine immunization session
KD-028-R4,ROTA,Yes,98,42,108,32,LGA,Yes,Yes,Scheduled routine immunization session
KD-028-R4,PCV,Yes,32,72,64,40,LGA,Yes,No,
KD-028-R5,BCG,No,0,0,0,0,Zipline,No,No,
KD-028-R5,HPV,Yes,37,17,41,13,LGA,Yes,Yes,Outreach session held this week
KD-028-R5,IPV,Yes,99,29,107,21,LGA,Yes,Yes,Catch-up campaign
KD-028-R5,MR,No,0,0,0,0,LGA,No,Yes,School-based session (HPV)
KD-028-R5,MEN A,Yes,45,0,30,15,KDHSMA,Yes,Yes,Scheduled routine immunization session
KD-028-R5,MCV,No,0,0,0,0,LGA,No,Yes,Outreach session held this week
KD-028-R5,OPV,No,0,0,0,0,LGA,No,Yes,School-based session (HPV)
KD-028-R5,YF,Yes,1,30,18,13,LGA,Yes,No,
KD-028-R5,PENTA,Yes,71,77,98,50,KDHSMA,Yes,Yes,Scheduled routine immunization session
KD-028-R5,ROTA,Yes,108,0,80,28,Zipline,Yes,Yes,Outreach session held this week
KD-028-R5,PCV,Yes,64,72,80,56,LGA,Yes,Yes,Scheduled routine immunization session
KD-028-R6,BCG,Yes,0,31,9,22,LGA,Yes,Yes,Scheduled routine immunization session
KD-028-R6,HPV,Yes,41,18,50,9,LGA,Yes,No,
KD-028-R6,IPV,Yes,107,0,88,19,LGA,No,No,
KD-028-R6,MR,No,0,0,0,0,LGA,No,Yes,School-based session (HPV)
KD-028-R6,MEN A,Yes,30,18,39,9,LGA,Yes,No,
KD-028-R6,MCV,No,0,0,0,0,LGA,No,No,
KD-028-R6,OPV,Yes,0,60,1,59,Zipline,Yes,Yes,Scheduled routine immunization session
KD-028-R6,YF,No,18,0,0,18,KDHSMA,No,Yes,Scheduled routine immunization session
KD-028-R6,PENTA,Yes,98,0,48,50,LGA,Yes,Yes,Scheduled routine immunization session
KD-028-R6,ROTA,Yes,80,0,40,40,LGA,Yes,Yes,Outreach session held this week
KD-028-R6,PCV,Yes,80,0,41,39,Zipline,Yes,No,
KD-029-R1,BCG,No,13,0,0,13,LGA,No,No,
KD-029-R1,HPV,Yes,27,0,16,11,KDHSMA,Yes,No,
KD-029-R1,IPV,Yes,39,0,10,29,LGA,Yes,Yes,Scheduled routine immunization session
KD-029-R1,MR,Yes,18,35,34,19,Zipline,Yes,Yes,Outreach session held this week
KD-029-R1,MEN A,Yes,20,0,9,11,LGA,Yes,No,
KD-029-R1,MCV,No,5,0,0,5,KDHSMA,No,Yes,Outreach session held this week
KD-029-R1,OPV,Yes,112,77,138,51,LGA,Yes,Yes,Scheduled routine immunization session
KD-029-R1,YF,Yes,41,23,45,19,LGA,Yes,Yes,Scheduled routine immunization session
KD-029-R1,PENTA,Yes,21,70,43,48,KDHSMA,Yes,Yes,High birth cohort this week
KD-029-R1,ROTA,Yes,82,39,90,31,LGA,Yes,Yes,Scheduled routine immunization session
KD-029-R1,PCV,Yes,84,85,122,47,KDHSMA,Yes,Yes,Scheduled routine immunization session
KD-029-R2,BCG,No,0,0,0,0,LGA,No,Yes,School-based session (HPV)
KD-029-R2,HPV,Yes,16,0,7,9,LGA,Yes,No,
KD-029-R2,IPV,No,10,0,0,10,LGA,No,No,
KD-029-R2,MR,Yes,34,0,21,13,LGA,Yes,No,
KD-029-R2,MEN A,No,9,0,0,9,LGA,No,Yes,School-based session (HPV)
KD-029-R2,MCV,No,0,0,0,0,LGA,No,No,
KD-029-R2,OPV,Yes,138,0,92,46,LGA,Yes,Yes,Outreach session held this week
KD-029-R2,YF,Yes,45,0,32,13,LGA,Yes,No,
KD-029-R2,PENTA,No,43,0,0,43,LGA,No,Yes,Scheduled routine immunization session
KD-029-R2,ROTA,Yes,90,0,63,27,LGA,Yes,No,
KD-029-R2,PCV,Yes,122,0,83,39,LGA,No,No,
KD-029-R3,BCG,No,0,25,0,25,LGA,No,Yes,Scheduled routine immunization session
KD-029-R3,HPV,Yes,7,10,6,11,LGA,Yes,No,
KD-029-R3,IPV,Yes,0,28,18,10,Zipline,Yes,No,
KD-029-R3,MR,Yes,21,0,6,15,LGA,Yes,Yes,Catch-up campaign
KD-029-R3,MEN A,No,0,0,0,0,KDHSMA,No,No,
KD-029-R3,MCV,Yes,0,22,12,10,Zipline,Yes,No,
KD-029-R3,OPV,Yes,92,0,35,57,Zipline,Yes,Yes,Scheduled routine immunization session
KD-029-R3,YF,Yes,32,27,47,12,KDHSMA,Yes,No,
KD-029-R3,PENTA,No,0,0,0,0,KDHSMA,No,Yes,Scheduled routine immunization session
KD-029-R3,ROTA,Yes,63,52,88,27,LGA,Yes,No,
KD-029-R3,PCV,Yes,83,59,91,51,Zipline,No,Yes,School-based session (HPV)
KD-029-R4,BCG,No,0,0,0,0,KDHSMA,No,No,
KD-029-R4,HPV,Yes,6,15,13,8,LGA,Yes,No,
KD-029-R4,IPV,No,18,0,0,18,Zipline,No,Yes,Scheduled routine immunization session
KD-029-R4,MR,No,6,0,0,6,LGA,No,No,
KD-029-R4,MEN A,No,0,0,0,0,Zipline,No,Yes,Scheduled routine immunization session
KD-029-R4,MCV,No,12,0,0,12,LGA,No,Yes,Outreach session held this week
KD-029-R4,OPV,Yes,35,67,50,52,LGA,Yes,Yes,Scheduled routine immunization session
KD-029-R4,YF,Yes,47,15,52,10,LGA,Yes,No,
KD-029-R4,PENTA,Yes,0,61,18,43,LGA,Yes,Yes,Outreach session held this week
KD-029-R4,ROTA,Yes,88,0,44,44,LGA,No,Yes,Scheduled routine immunization session
KD-029-R4,PCV,Yes,91,0,34,57,LGA,Yes,Yes,Outreach session held this week
KD-029-R5,BCG,No,0,0,0,0,LGA,No,No,
KD-029-R5,HPV,No,13,0,0,13,Zipline,No,Yes,Outreach session held this week
KD-029-R5,IPV,No,0,0,0,0,Zipline,No,Yes,Outreach session held this week
KD-029-R5,MR,No,0,0,0,0,LGA,No,Yes,Scheduled routine immunization session
KD-029-R5,MEN A,No,0,0,0,0,LGA,No,Yes,Scheduled routine immunization session
KD-029-R5,MCV,Yes,0,16,3,13,KDHSMA,Yes,No,
KD-029-R5,OPV,Yes,50,0,14,36,Zipline,Yes,No,
KD-029-R5,YF,Yes,52,0,38,14,LGA,Yes,Yes,Scheduled routine immunization session
KD-029-R5,PENTA,No,18,0,0,18,Zipline,No,Yes,Outreach session held this week
KD-029-R5,ROTA,Yes,44,0,5,39,LGA,Yes,Yes,Catch-up campaign
KD-029-R5,PCV,No,34,0,0,34,LGA,No,Yes,School-based session (HPV)
KD-029-R6,BCG,Yes,0,40,19,21,KDHSMA,Yes,Yes,Scheduled routine immunization session
KD-029-R6,HPV,No,0,0,0,0,LGA,No,Yes,Scheduled routine immunization session
KD-029-R6,IPV,No,0,0,0,0,LGA,No,No,
KD-029-R6,MR,No,0,0,0,0,Zipline,No,Yes,Scheduled routine immunization session
KD-029-R6,MEN A,Yes,0,27,15,12,Zipline,Yes,Yes,Catch-up campaign
KD-029-R6,MCV,Yes,3,33,20,16,Zipline,No,Yes,Scheduled routine immunization session
KD-029-R6,OPV,Yes,14,81,45,50,LGA,Yes,Yes,Scheduled routine immunization session
KD-029-R6,YF,Yes,38,38,67,9,Zipline,Yes,No,
KD-029-R6,PENTA,No,0,0,0,0,LGA,No,Yes,Scheduled routine immunization session
KD-029-R6,ROTA,Yes,5,49,25,29,LGA,Yes,Yes,Outreach session held this week
KD-029-R6,PCV,No,0,0,0,0,KDHSMA,No,Yes,Outreach session held this week
KD-030-R1,BCG,Yes,49,0,25,24,LGA,Yes,Yes,High birth cohort this week
KD-030-R1,HPV,Yes,0,23,9,14,LGA,Yes,Yes,School-based session (HPV)
KD-030-R1,IPV,Yes,37,35,42,30,Zipline,Yes,Yes,Outreach session held this week
KD-030-R1,MR,Yes,28,0,25,3,LGA,Yes,No,
KD-030-R1,MEN A,Yes,25,23,30,18,LGA,Yes,Yes,Outreach session held this week
KD-030-R1,MCV,Yes,23,30,41,12,LGA,Yes,No,
KD-030-R1,OPV,Yes,117,0,65,52,LGA,Yes,Yes,School-based session (HPV)
KD-030-R1,YF,Yes,20,27,29,18,Zipline,Yes,Yes,Scheduled routine immunization session
KD-030-R1,PENTA,No,29,0,0,29,Zipline,No,Yes,Scheduled routine immunization session
KD-030-R1,ROTA,Yes,102,51,130,23,LGA,Yes,No,
KD-030-R1,PCV,Yes,0,90,43,47,KDHSMA,Yes,Yes,Scheduled routine immunization session
KD-030-R2,BCG,Yes,25,38,43,20,KDHSMA,Yes,Yes,Scheduled routine immunization session
KD-030-R2,HPV,Yes,9,18,17,10,LGA,Yes,No,
KD-030-R2,IPV,Yes,42,0,26,16,LGA,Yes,No,
KD-030-R2,MR,Yes,25,0,4,21,KDHSMA,Yes,Yes,Scheduled routine immunization session
KD-030-R2,MEN A,Yes,30,0,12,18,LGA,Yes,Yes,Outreach session held this week
KD-030-R2,MCV,Yes,41,0,26,15,Zipline,Yes,Yes,Scheduled routine immunization session
KD-030-R2,OPV,Yes,65,75,95,45,LGA,No,Yes,Outreach session held this week
KD-030-R2,YF,Yes,29,22,37,14,LGA,No,Yes,Outreach session held this week
KD-030-R2,PENTA,Yes,0,79,41,38,KDHSMA,Yes,No,
KD-030-R2,ROTA,Yes,130,0,100,30,LGA,Yes,Yes,Outreach session held this week
KD-030-R2,PCV,Yes,43,0,5,38,KDHSMA,Yes,No,
KD-030-R3,BCG,Yes,43,0,17,26,LGA,Yes,Yes,Scheduled routine immunization session
KD-030-R3,HPV,Yes,17,0,3,14,LGA,Yes,Yes,School-based session (HPV)
KD-030-R3,IPV,Yes,26,0,1,25,KDHSMA,Yes,Yes,Scheduled routine immunization session
KD-030-R3,MR,No,4,0,0,4,LGA,No,No,
KD-030-R3,MEN A,Yes,12,0,9,3,LGA,Yes,No,
KD-030-R3,MCV,Yes,26,0,15,11,KDHSMA,No,No,
KD-030-R3,OPV,Yes,95,66,120,41,Zipline,Yes,Yes,Scheduled routine immunization session
KD-030-R3,YF,Yes,37,0,20,17,LGA,No,Yes,Scheduled routine immunization session
KD-030-R3,PENTA,No,41,0,0,41,LGA,No,Yes,Scheduled routine immunization session
KD-030-R3,ROTA,Yes,100,0,68,32,Zipline,Yes,Yes,Outreach session held this week
KD-030-R3,PCV,No,5,0,0,5,Zipline,No,Yes,Scheduled routine immunization session
KD-030-R4,BCG,Yes,17,0,2,15,LGA,Yes,No,
KD-030-R4,HPV,No,3,0,0,3,KDHSMA,No,No,
KD-030-R4,IPV,No,1,0,0,1,Zipline,No,Yes,High birth cohort this week
KD-030-R4,MR,No,0,0,0,0,LGA,No,Yes,Scheduled routine immunization session
KD-030-R4,MEN A,No,9,0,0,9,LGA,No,Yes,Scheduled routine immunization session
KD-030-R4,MCV,No,15,0,0,15,LGA,No,Yes,Catch-up campaign
KD-030-R4,OPV,Yes,120,0,80,40,Zipline,Yes,No,
KD-030-R4,YF,Yes,20,0,13,7,KDHSMA,Yes,No,
KD-030-R4,PENTA,No,0,0,0,0,KDHSMA,No,Yes,Scheduled routine immunization session
KD-030-R4,ROTA,Yes,68,0,40,28,Zipline,Yes,Yes,Scheduled routine immunization session
KD-030-R4,PCV,No,0,0,0,0,LGA,No,Yes,Outreach session held this week
KD-030-R5,BCG,Yes,2,23,13,12,LGA,Yes,No,
KD-030-R5,HPV,No,0,0,0,0,LGA,No,Yes,School-based session (HPV)
KD-030-R5,IPV,No,0,0,0,0,LGA,No,Yes,Outreach session held this week
KD-030-R5,MR,Yes,0,17,1,16,Zipline,Yes,Yes,Scheduled routine immunization session
KD-030-R5,MEN A,No,0,0,0,0,LGA,No,Yes,Outreach session held this week
KD-030-R5,MCV,No,0,0,0,0,Zipline,No,Yes,Outreach session held this week
KD-030-R5,OPV,Yes,80,60,94,46,LGA,Yes,Yes,Scheduled routine immunization session
KD-030-R5,YF,No,13,0,0,13,LGA,No,Yes,Scheduled routine immunization session
KD-030-R5,PENTA,Yes,0,70,18,52,LGA,Yes,Yes,Outreach session held this week
KD-030-R5,ROTA,Yes,40,40,49,31,LGA,Yes,Yes,High birth cohort this week
KD-030-R5,PCV,No,0,0,0,0,LGA,No,Yes,School-based session (HPV)
KD-030-R6,BCG,No,13,0,0,13,LGA,No,Yes,School-based session (HPV)
KD-030-R6,HPV,No,0,0,0,0,LGA,No,Yes,Scheduled routine immunization session
KD-030-R6,IPV,Yes,0,38,10,28,LGA,Yes,Yes,Scheduled routine immunization session
KD-030-R6,MR,No,1,0,0,1,KDHSMA,No,No,
KD-030-R6,MEN A,No,0,0,0,0,LGA,No,Yes,Scheduled routine immunization session
KD-030-R6,MCV,No,0,0,0,0,Zipline,No,No,
KD-030-R6,OPV,Yes,94,0,60,34,Zipline,Yes,No,
KD-030-R6,YF,No,0,0,0,0,KDHSMA,No,Yes,Scheduled routine immunization session
KD-030-R6,PENTA,Yes,18,77,42,53,Zipline,Yes,Yes,High birth cohort this week
KD-030-R6,ROTA,Yes,49,0,30,19,LGA,Yes,No,
KD-030-R6,PCV,No,0,0,0,0,KDHSMA,No,Yes,Scheduled routine immunization session
KD-031-R1,BCG,Yes,21,12,26,7,LGA,Yes,No,
KD-031-R1,HPV,Yes,9,0,6,3,LGA,Yes,No,
KD-031-R1,IPV,No,4,0,0,4,LGA,No,No,
KD-031-R1,MR,No,0,0,0,0,LGA,No,No,
KD-031-R1,MEN A,Yes,11,0,2,9,KDHSMA,Yes,Yes,Scheduled routine immunization session
KD-031-R1,MCV,Yes,9,13,10,12,Zipline,No,Yes,Scheduled routine immunization session
KD-031-R1,OPV,Yes,60,40,77,23,LGA,No,No,
KD-031-R1,YF,Yes,22,0,16,6,KDHSMA,Yes,No,
KD-031-R1,PENTA,Yes,50,0,23,27,LGA,Yes,Yes,High birth cohort this week
KD-031-R1,ROTA,Yes,9,34,25,18,LGA,Yes,Yes,High birth cohort this week
KD-031-R1,PCV,Yes,68,0,33,35,LGA,Yes,Yes,Scheduled routine immunization session
KD-031-R2,BCG,Yes,26,0,9,17,LGA,Yes,Yes,School-based session (HPV)
KD-031-R2,HPV,Yes,6,11,14,3,LGA,Yes,No,
KD-031-R2,IPV,No,0,0,0,0,LGA,No,Yes,Catch-up campaign
KD-031-R2,MR,No,0,0,0,0,Zipline,No,Yes,High birth cohort this week
KD-031-R2,MEN A,No,2,0,0,2,LGA,No,Yes,Catch-up campaign
KD-031-R2,MCV,Yes,10,0,3,7,LGA,Yes,No,
KD-031-R2,OPV,Yes,77,43,90,30,KDHSMA,Yes,Yes,Catch-up campaign
KD-031-R2,YF,Yes,16,16,28,4,KDHSMA,Yes,No,
KD-031-R2,PENTA,Yes,23,41,41,23,KDHSMA,Yes,No,
KD-031-R2,ROTA,Yes,25,0,8,17,LGA,Yes,Yes,High birth cohort this week
KD-031-R2,PCV,Yes,33,0,6,27,LGA,Yes,Yes,Scheduled routine immunization session
KD-031-R3,BCG,No,9,0,0,9,LGA,No,Yes,Scheduled routine immunization session
KD-031-R3,HPV,Yes,14,11,17,8,Zipline,Yes,Yes,Outreach session held this week
KD-031-R3,IPV,No,0,0,0,0,LGA,No,Yes,Scheduled routine immunization session
KD-031-R3,MR,No,0,0,0,0,LGA,No,No,
KD-031-R3,MEN A,Yes,0,10,4,6,KDHSMA,Yes,No,
KD-031-R3,MCV,Yes,3,11,4,10,Zipline,Yes,Yes,Scheduled routine immunization session
KD-031-R3,OPV,Yes,90,49,112,27,LGA,Yes,Yes,Outreach session held this week
KD-031-R3,YF,Yes,28,15,36,7,Zipline,Yes,No,
KD-031-R3,PENTA,Yes,41,0,10,31,LGA,Yes,Yes,High birth cohort this week
KD-031-R3,ROTA,Yes,8,18,10,16,LGA,Yes,No,
KD-031-R3,PCV,No,6,0,0,6,Zipline,No,Yes,Outreach session held this week
KD-031-R4,BCG,Yes,0,22,10,12,Zipline,Yes,Yes,Scheduled routine immunization session
KD-031-R4,HPV,Yes,17,0,12,5,Zipline,Yes,No,
KD-031-R4,IPV,Yes,0,24,11,13,LGA,Yes,Yes,Scheduled routine immunization session
KD-031-R4,MR,No,0,0,0,0,LGA,No,Yes,High birth cohort this week
KD-031-R4,MEN A,No,4,0,0,4,LGA,No,Yes,Scheduled routine immunization session
KD-031-R4,MCV,No,4,0,0,4,LGA,No,No,
KD-031-R4,OPV,Yes,112,0,82,30,LGA,Yes,Yes,Scheduled routine immunization session
KD-031-R4,YF,Yes,36,14,43,7,LGA,Yes,No,
KD-031-R4,PENTA,Yes,10,40,20,30,LGA,No,Yes,Scheduled routine immunization session
KD-031-R4,ROTA,Yes,10,16,10,16,LGA,Yes,No,
KD-031-R4,PCV,Yes,0,38,17,21,KDHSMA,Yes,No,
KD-031-R5,BCG,Yes,10,0,3,7,KDHSMA,No,No,
KD-031-R5,HPV,Yes,12,0,6,6,KDHSMA,Yes,No,
KD-031-R5,IPV,No,11,0,0,11,KDHSMA,No,Yes,Catch-up campaign
KD-031-R5,MR,No,0,0,0,0,KDHSMA,No,No,
KD-031-R5,MEN A,No,0,0,0,0,LGA,No,No,
KD-031-R5,MCV,No,0,0,0,0,Zipline,No,No,
KD-031-R5,OPV,Yes,82,0,59,23,LGA,Yes,No,
KD-031-R5,YF,Yes,43,0,37,6,Zipline,Yes,No,
KD-031-R5,PENTA,No,20,0,0,20,LGA,No,No,
KD-031-R5,ROTA,No,10,0,0,10,LGA,No,No,
KD-031-R5,PCV,No,17,0,0,17,LGA,No,Yes,Catch-up campaign
KD-031-R6,BCG,Yes,3,21,13,11,LGA,No,Yes,Scheduled routine immunization session
KD-031-R6,HPV,Yes,6,7,9,4,LGA,Yes,No,
KD-031-R6,IPV,No,0,0,0,0,KDHSMA,No,No,
KD-031-R6,MR,No,0,0,0,0,LGA,No,Yes,High birth cohort this week
KD-031-R6,MEN A,No,0,0,0,0,LGA,No,No,
KD-031-R6,MCV,No,0,0,0,0,LGA,No,Yes,Scheduled routine immunization session
KD-031-R6,OPV,Yes,59,0,24,35,LGA,Yes,Yes,Scheduled routine immunization session
KD-031-R6,YF,Yes,37,0,19,18,KDHSMA,Yes,Yes,School-based session (HPV)
KD-031-R6,PENTA,No,0,0,0,0,LGA,No,No,
KD-031-R6,ROTA,No,0,0,0,0,LGA,No,Yes,Scheduled routine immunization session
KD-031-R6,PCV,No,0,0,0,0,Zipline,No,Yes,Scheduled routine immunization session
KD-033-R1,BCG,Yes,10,24,19,15,KDHSMA,Yes,Yes,Scheduled routine immunization session
KD-033-R1,HPV,Yes,18,0,10,8,LGA,Yes,Yes,Scheduled routine immunization session
KD-033-R1,IPV,Yes,42,0,28,14,Zipline,Yes,Yes,Outreach session held this week
KD-033-R1,MR,Yes,13,0,11,2,LGA,Yes,No,
KD-033-R1,MEN A,No,0,6,0,6,LGA,No,Yes,Scheduled routine immunization session
KD-033-R1,MCV,Yes,17,0,7,10,LGA,No,Yes,High birth cohort this week
KD-033-R1,OPV,Yes,83,41,96,28,KDHSMA,Yes,Yes,Catch-up campaign
KD-033-R1,YF,Yes,16,13,22,7,LGA,Yes,No,
KD-033-R1,PENTA,Yes,13,48,39,22,LGA,Yes,No,
KD-033-R1,ROTA,Yes,0,25,5,20,LGA,Yes,Yes,Scheduled routine immunization session
KD-033-R1,PCV,Yes,38,61,79,20,LGA,Yes,No,
KD-033-R2,BCG,Yes,19,15,23,11,KDHSMA,No,Yes,Scheduled routine immunization session
KD-033-R2,HPV,Yes,10,0,1,9,LGA,Yes,Yes,Catch-up campaign
KD-033-R2,IPV,Yes,28,0,17,11,LGA,Yes,No,
KD-033-R2,MR,Yes,11,7,11,7,LGA,Yes,No,
KD-033-R2,MEN A,No,0,0,0,0,LGA,No,Yes,Outreach session held this week
KD-033-R2,MCV,Yes,7,10,8,9,LGA,Yes,Yes,Catch-up campaign
KD-033-R2,OPV,Yes,96,42,112,26,KDHSMA,Yes,Yes,Scheduled routine immunization session
KD-033-R2,YF,Yes,22,12,20,14,LGA,Yes,Yes,Outreach session held this week
KD-033-R2,PENTA,Yes,39,0,20,19,KDHSMA,Yes,No,
KD-033-R2,ROTA,Yes,5,33,11,27,LGA,Yes,Yes,Scheduled routine immunization session
KD-033-R2,PCV,Yes,79,48,97,30,Zipline,Yes,Yes,Scheduled routine immunization session
KD-033-R3,BCG,Yes,23,13,21,15,KDHSMA,Yes,Yes,Scheduled routine immunization session
KD-033-R3,HPV,No,1,0,0,1,Zipline,No,Yes,School-based session (HPV)
KD-033-R3,IPV,Yes,17,16,13,20,Zipline,Yes,Yes,Scheduled routine immunization session
KD-033-R3,MR,Yes,11,16,17,10,LGA,Yes,Yes,Scheduled routine immunization session
KD-033-R3,MEN A,No,0,0,0,0,Zipline,No,Yes,High birth cohort this week
KD-033-R3,MCV,No,8,0,0,8,Zipline,No,Yes,School-based session (HPV)
KD-033-R3,OPV,Yes,112,38,121,29,LGA,Yes,Yes,Scheduled routine immunization session
KD-033-R3,YF,Yes,20,0,8,12,LGA,Yes,Yes,Outreach session held this week
KD-033-R3,PENTA,No,20,0,0,20,LGA,No,Yes,Scheduled routine immunization session
KD-033-R3,ROTA,Yes,11,22,12,21,KDHSMA,Yes,Yes,Outreach session held this week
KD-033-R3,PCV,Yes,97,0,73,24,LGA,Yes,No,
KD-033-R4,BCG,Yes,21,0,11,10,LGA,Yes,No,
KD-033-R4,HPV,No,0,0,0,0,KDHSMA,No,No,
KD-033-R4,IPV,Yes,13,16,17,12,Zipline,Yes,No,
KD-033-R4,MR,Yes,17,0,8,9,LGA,Yes,Yes,School-based session (HPV)
KD-033-R4,MEN A,Yes,0,12,8,4,LGA,Yes,No,
KD-033-R4,MCV,No,0,9,0,9,KDHSMA,No,Yes,Catch-up campaign
KD-033-R4,OPV,Yes,121,0,96,25,LGA,Yes,Yes,High birth cohort this week
KD-033-R4,YF,Yes,8,16,15,9,KDHSMA,Yes,Yes,Scheduled routine immunization session
KD-033-R4,PENTA,No,0,0,0,0,LGA,No,Yes,High birth cohort this week
KD-033-R4,ROTA,Yes,12,25,26,11,Zipline,Yes,No,
KD-033-R4,PCV,Yes,73,0,39,34,LGA,Yes,Yes,Scheduled routine immunization session
KD-033-R5,BCG,No,11,0,0,11,KDHSMA,No,Yes,Scheduled routine immunization session
KD-033-R5,HPV,Yes,0,16,5,11,Zipline,Yes,Yes,Scheduled routine immunization session
KD-033-R5,IPV,Yes,17,20,26,11,LGA,Yes,No,
KD-033-R5,MR,No,8,0,0,8,LGA,No,Yes,Outreach session held this week
KD-033-R5,MEN A,Yes,8,11,7,12,Zipline,Yes,Yes,Outreach session held this week
KD-033-R5,MCV,Yes,0,13,4,9,Zipline,Yes,Yes,Scheduled routine immunization session
KD-033-R5,OPV,Yes,96,0,74,22,Zipline,Yes,No,
KD-033-R5,YF,Yes,15,0,8,7,LGA,Yes,No,
KD-033-R5,PENTA,Yes,0,30,10,20,KDHSMA,Yes,No,
KD-033-R5,ROTA,Yes,26,26,31,21,LGA,Yes,Yes,Scheduled routine immunization session
KD-033-R5,PCV,Yes,39,0,13,26,LGA,Yes,Yes,Catch-up campaign
KD-033-R6,BCG,No,0,0,0,0,KDHSMA,No,Yes,Catch-up campaign
KD-033-R6,HPV,Yes,5,9,9,5,Zipline,Yes,No,
KD-033-R6,IPV,Yes,26,20,28,18,Zipline,Yes,Yes,Scheduled routine immunization session
KD-033-R6,MR,Yes,0,13,5,8,LGA,Yes,No,
KD-033-R6,MEN A,Yes,7,11,12,6,LGA,Yes,No,
KD-033-R6,MCV,Yes,4,11,13,2,LGA,Yes,No,
KD-033-R6,OPV,Yes,74,0,48,26,LGA,No,Yes,Scheduled routine immunization session
KD-033-R6,YF,Yes,8,16,19,5,KDHSMA,Yes,No,
KD-033-R6,PENTA,Yes,10,44,39,15,LGA,Yes,No,
KD-033-R6,ROTA,Yes,31,32,43,20,LGA,Yes,Yes,Outreach session held this week
KD-033-R6,PCV,No,13,0,0,13,Zipline,No,Yes,Scheduled routine immunization session
KD-034-R1,BCG,Yes,37,40,58,19,LGA,Yes,Yes,Scheduled routine immunization session
KD-034-R1,HPV,Yes,28,24,37,15,Zipline,Yes,Yes,School-based session (HPV)
KD-034-R1,IPV,Yes,37,44,51,30,LGA,Yes,Yes,Scheduled routine immunization session
KD-034-R1,MR,Yes,41,21,47,15,KDHSMA,Yes,Yes,High birth cohort this week
KD-034-R1,MEN A,Yes,17,26,26,17,LGA,Yes,Yes,Outreach session held this week
KD-034-R1,MCV,Yes,49,27,64,12,LGA,Yes,No,
KD-034-R1,OPV,Yes,127,73,153,47,Zipline,Yes,Yes,School-based session (HPV)
KD-034-R1,YF,Yes,39,0,24,15,LGA,Yes,Yes,Scheduled routine immunization session
KD-034-R1,PENTA,Yes,69,0,23,46,KDHSMA,Yes,Yes,Scheduled routine immunization session
KD-034-R1,ROTA,Yes,48,0,28,20,LGA,Yes,No,
KD-034-R1,PCV,No,3,0,0,3,LGA,No,Yes,Scheduled routine immunization session
KD-034-R2,BCG,Yes,58,43,81,20,LGA,Yes,Yes,Scheduled routine immunization session
KD-034-R2,HPV,Yes,37,22,45,14,KDHSMA,Yes,Yes,School-based session (HPV)
KD-034-R2,IPV,Yes,51,31,52,30,KDHSMA,Yes,Yes,Outreach session held this week
KD-034-R2,MR,Yes,47,23,58,12,Zipline,Yes,No,
KD-034-R2,MEN A,Yes,26,0,12,14,LGA,Yes,Yes,Catch-up campaign
KD-034-R2,MCV,Yes,64,24,75,13,LGA,Yes,No,
KD-034-R2,OPV,Yes,153,76,173,56,LGA,Yes,Yes,Scheduled routine immunization session
KD-034-R2,YF,Yes,24,25,34,15,LGA,Yes,Yes,Scheduled routine immunization session
KD-034-R2,PENTA,Yes,23,85,66,42,Zipline,Yes,Yes,Scheduled routine immunization session
KD-034-R2,ROTA,Yes,28,31,33,26,LGA,Yes,No,
KD-034-R2,PCV,Yes,0,82,33,49,Zipline,Yes,Yes,Outreach session held this week
KD-034-R3,BCG,Yes,81,0,57,24,LGA,Yes,Yes,Scheduled routine immunization session
KD-034-R3,HPV,Yes,45,0,27,18,Zipline,Yes,Yes,Catch-up campaign
KD-034-R3,IPV,Yes,52,32,63,21,LGA,Yes,Yes,Scheduled routine immunization session
KD-034-R3,MR,Yes,58,0,48,10,LGA,Yes,No,
KD-034-R3,MEN A,No,12,0,0,12,LGA,No,Yes,Outreach session held this week
KD-034-R3,MCV,Yes,75,0,57,18,LGA,Yes,Yes,Outreach session held this week
KD-034-R3,OPV,Yes,173,85,214,44,LGA,Yes,Yes,Outreach session held this week
KD-034-R3,YF,Yes,34,0,8,26,Zipline,Yes,Yes,Scheduled routine immunization session
KD-034-R3,PENTA,Yes,66,0,22,44,LGA,Yes,Yes,High birth cohort this week
KD-034-R3,ROTA,No,33,0,0,33,KDHSMA,No,Yes,Catch-up campaign
KD-034-R3,PCV,Yes,33,75,56,52,KDHSMA,No,Yes,Scheduled routine immunization session
KD-034-R4,BCG,Yes,57,30,63,24,LGA,Yes,Yes,High birth cohort this week
KD-034-R4,HPV,Yes,27,19,34,12,LGA,Yes,Yes,School-based session (HPV)
KD-034-R4,IPV,Yes,63,34,79,18,LGA,Yes,No,
KD-034-R4,MR,Yes,48,20,56,12,LGA,Yes,No,
KD-034-R4,MEN A,No,0,0,0,0,LGA,No,Yes,Scheduled routine immunization session
KD-034-R4,MCV,Yes,57,22,65,14,Zipline,Yes,Yes,Scheduled routine immunization session
KD-034-R4,OPV,Yes,214,66,231,49,LGA,Yes,Yes,Outreach session held this week
KD-034-R4,YF,No,8,0,0,8,LGA,No,Yes,Scheduled routine immunization session
KD-034-R4,PENTA,Yes,22,81,67,36,Zipline,No,No,
KD-034-R4,ROTA,Yes,0,48,16,32,LGA,No,Yes,Outreach session held this week
KD-034-R4,PCV,Yes,56,0,4,52,Zipline,No,Yes,Scheduled routine immunization session
KD-034-R5,BCG,Yes,63,30,73,20,LGA,Yes,Yes,Scheduled routine immunization session
KD-034-R5,HPV,Yes,34,16,33,17,LGA,Yes,Yes,School-based session (HPV)
KD-034-R5,IPV,Yes,79,27,84,22,LGA,Yes,Yes,School-based session (HPV)
KD-034-R5,MR,Yes,56,0,46,10,LGA,No,No,
KD-034-R5,MEN A,No,0,0,0,0,Zipline,No,No,
KD-034-R5,MCV,Yes,65,0,48,17,LGA,Yes,Yes,Outreach session held this week
KD-034-R5,OPV,Yes,231,70,250,51,LGA,Yes,Yes,Outreach session held this week
KD-034-R5,YF,No,0,0,0,0,LGA,No,No,
KD-034-R5,PENTA,Yes,67,0,17,50,LGA,Yes,Yes,Scheduled routine immunization session
KD-034-R5,ROTA,Yes,16,51,39,28,LGA,Yes,Yes,High birth cohort this week
KD-034-R5,PCV,Yes,4,60,12,52,LGA,Yes,Yes,Outreach session held this week
KD-034-R6,BCG,Yes,73,0,52,21,KDHSMA,Yes,Yes,Scheduled routine immunization session
KD-034-R6,HPV,Yes,33,0,20,13,LGA,Yes,Yes,School-based session (HPV)
KD-034-R6,IPV,Yes,84,43,102,25,LGA,Yes,Yes,Scheduled routine immunization session
KD-034-R6,MR,Yes,46,0,35,11,Zipline,Yes,No,
KD-034-R6,MEN A,No,0,0,0,0,LGA,No,Yes,Scheduled routine immunization session
KD-034-R6,MCV,Yes,48,20,54,14,KDHSMA,Yes,Yes,Scheduled routine immunization session
KD-034-R6,OPV,Yes,250,72,285,37,Zipline,Yes,No,
KD-034-R6,YF,Yes,0,32,17,15,Zipline,Yes,Yes,High birth cohort this week
KD-034-R6,PENTA,Yes,17,66,38,45,LGA,Yes,Yes,Outreach session held this week
KD-034-R6,ROTA,Yes,39,39,50,28,KDHSMA,Yes,Yes,Scheduled routine immunization session
KD-034-R6,PCV,No,12,0,0,12,LGA,No,Yes,High birth cohort this week
KD-035-R1,BCG,Yes,39,24,54,9,KDHSMA,Yes,No,
KD-035-R1,HPV,Yes,12,0,6,6,KDHSMA,Yes,No,
KD-035-R1,IPV,Yes,23,21,26,18,Zipline,Yes,Yes,Outreach session held this week
KD-035-R1,MR,Yes,16,0,7,9,LGA,Yes,Yes,Outreach session held this week
KD-035-R1,MEN A,No,5,0,0,5,LGA,No,Yes,Outreach session held this week
KD-035-R1,MCV,Yes,7,18,18,7,KDHSMA,Yes,No,
KD-035-R1,OPV,Yes,22,40,40,22,KDHSMA,Yes,No,
KD-035-R1,YF,Yes,14,11,20,5,KDHSMA,Yes,No,
KD-035-R1,PENTA,Yes,78,44,85,37,LGA,Yes,Yes,Outreach session held this week
KD-035-R1,ROTA,Yes,38,27,42,23,LGA,Yes,Yes,Scheduled routine immunization session
KD-035-R1,PCV,No,29,0,0,29,LGA,No,Yes,High birth cohort this week
KD-035-R2,BCG,Yes,54,0,50,4,LGA,Yes,No,
KD-035-R2,HPV,Yes,6,14,10,10,Zipline,Yes,Yes,School-based session (HPV)
KD-035-R2,IPV,Yes,26,25,39,12,KDHSMA,Yes,No,
KD-035-R2,MR,No,7,0,0,7,Zipline,No,Yes,Outreach session held this week
KD-035-R2,MEN A,No,0,0,0,0,LGA,No,Yes,High birth cohort this week
KD-035-R2,MCV,Yes,18,0,5,13,Zipline,Yes,Yes,Outreach session held this week
KD-035-R2,OPV,Yes,40,0,11,29,LGA,Yes,Yes,Scheduled routine immunization session
KD-035-R2,YF,Yes,20,0,10,10,Zipline,Yes,Yes,Catch-up campaign
KD-035-R2,PENTA,Yes,85,38,98,25,LGA,Yes,Yes,Scheduled routine immunization session
KD-035-R2,ROTA,Yes,42,27,51,18,LGA,Yes,Yes,Scheduled routine immunization session
KD-035-R2,PCV,Yes,0,27,1,26,Zipline,Yes,Yes,Scheduled routine immunization session
KD-035-R3,BCG,Yes,50,21,59,12,Zipline,Yes,Yes,Catch-up campaign
KD-035-R3,HPV,Yes,10,13,14,9,LGA,Yes,Yes,School-based session (HPV)
KD-035-R3,IPV,Yes,39,21,46,14,LGA,Yes,Yes,Scheduled routine immunization session
KD-035-R3,MR,Yes,0,14,4,10,Zipline,Yes,Yes,School-based session (HPV)
KD-035-R3,MEN A,No,0,0,0,0,LGA,No,Yes,Catch-up campaign
KD-035-R3,MCV,Yes,5,22,23,4,LGA,Yes,No,
KD-035-R3,OPV,Yes,11,38,24,25,Zipline,Yes,Yes,Scheduled routine immunization session
KD-035-R3,YF,Yes,10,12,12,10,LGA,Yes,Yes,Scheduled routine immunization session
KD-035-R3,PENTA,Yes,98,0,68,30,LGA,Yes,Yes,School-based session (HPV)
KD-035-R3,ROTA,Yes,51,21,51,21,Zipline,Yes,Yes,School-based session (HPV)
KD-035-R3,PCV,Yes,1,46,22,25,KDHSMA,Yes,Yes,Scheduled routine immunization session
KD-035-R4,BCG,Yes,59,19,72,6,KDHSMA,Yes,No,
KD-035-R4,HPV,Yes,14,0,6,8,LGA,Yes,Yes,School-based session (HPV)
KD-035-R4,IPV,Yes,46,21,52,15,LGA,Yes,Yes,Outreach session held this week
KD-035-R4,MR,Yes,4,17,7,14,LGA,Yes,Yes,Scheduled routine immunization session
KD-035-R4,MEN A,Yes,0,13,5,8,LGA,Yes,Yes,Scheduled routine immunization session
KD-035-R4,MCV,Yes,23,0,16,7,LGA,Yes,No,
KD-035-R4,OPV,No,24,0,0,24,Zipline,No,Yes,Scheduled routine immunization session
KD-035-R4,YF,Yes,12,9,8,13,LGA,Yes,Yes,Scheduled routine immunization session
KD-035-R4,PENTA,Yes,68,52,98,22,LGA,Yes,No,
KD-035-R4,ROTA,Yes,51,24,59,16,KDHSMA,Yes,No,
KD-035-R4,PCV,No,22,0,0,22,LGA,No,Yes,Scheduled routine immunization session
KD-035-R5,BCG,Yes,72,0,55,17,LGA,Yes,Yes,Outreach session held this week
KD-035-R5,HPV,Yes,6,0,1,5,LGA,Yes,No,
KD-035-R5,IPV,Yes,52,17,57,12,LGA,Yes,No,
KD-035-R5,MR,Yes,7,0,2,5,Zipline,Yes,No,
KD-035-R5,MEN A,Yes,5,0,3,2,LGA,Yes,No,
KD-035-R5,MCV,Yes,16,20,27,9,LGA,No,Yes,Outreach session held this week
KD-035-R5,OPV,Yes,0,36,9,27,LGA,Yes,Yes,Scheduled routine immunization session
KD-035-R5,YF,Yes,8,14,15,7,LGA,Yes,No,
KD-035-R5,PENTA,Yes,98,54,117,35,LGA,Yes,Yes,Scheduled routine immunization session
KD-035-R5,ROTA,Yes,59,0,41,18,KDHSMA,Yes,Yes,Outreach session held this week
KD-035-R5,PCV,Yes,0,54,17,37,KDHSMA,Yes,Yes,Scheduled routine immunization session
KD-035-R6,BCG,Yes,55,17,60,12,KDHSMA,Yes,Yes,Scheduled routine immunization session
KD-035-R6,HPV,No,1,0,0,1,KDHSMA,No,No,
KD-035-R6,IPV,Yes,57,0,45,12,LGA,Yes,No,
KD-035-R6,MR,No,2,0,0,2,Zipline,No,No,
KD-035-R6,MEN A,Yes,3,15,12,6,LGA,Yes,No,
KD-035-R6,MCV,Yes,27,12,27,12,LGA,Yes,Yes,Scheduled routine immunization session
KD-035-R6,OPV,No,9,0,0,9,KDHSMA,No,Yes,Outreach session held this week
KD-035-R6,YF,Yes,15,0,6,9,LGA,Yes,Yes,Scheduled routine immunization session
KD-035-R6,PENTA,Yes,117,33,128,22,LGA,Yes,No,
KD-035-R6,ROTA,Yes,41,25,48,18,LGA,Yes,Yes,Catch-up campaign
KD-035-R6,PCV,Yes,17,45,45,17,LGA,Yes,No,
KD-037-R1,BCG,No,0,0,0,0,LGA,No,Yes,Catch-up campaign
KD-037-R1,HPV,Yes,30,0,19,11,Zipline,Yes,No,
KD-037-R1,IPV,Yes,49,0,19,30,LGA,Yes,Yes,Scheduled routine immunization session
KD-037-R1,MR,No,18,0,0,18,LGA,No,Yes,Scheduled routine immunization session
KD-037-R1,MEN A,Yes,22,0,4,18,KDHSMA,Yes,Yes,High birth cohort this week
KD-037-R1,MCV,Yes,32,0,17,15,LGA,Yes,Yes,Scheduled routine immunization session
KD-037-R1,OPV,Yes,77,0,32,45,KDHSMA,Yes,Yes,High birth cohort this week
KD-037-R1,YF,Yes,9,22,16,15,LGA,Yes,Yes,Outreach session held this week
KD-037-R1,PENTA,Yes,56,0,20,36,Zipline,Yes,No,
KD-037-R1,ROTA,Yes,68,0,43,25,LGA,Yes,No,
KD-037-R1,PCV,No,39,0,0,39,LGA,No,Yes,Scheduled routine immunization session
KD-037-R2,BCG,No,0,0,0,0,LGA,No,No,
KD-037-R2,HPV,Yes,19,13,17,15,LGA,Yes,Yes,Catch-up campaign
KD-037-R2,IPV,Yes,19,0,5,14,KDHSMA,Yes,No,
KD-037-R2,MR,No,0,0,0,0,LGA,No,Yes,High birth cohort this week
KD-037-R2,MEN A,Yes,4,18,11,11,LGA,Yes,No,
KD-037-R2,MCV,Yes,17,0,11,6,KDHSMA,Yes,No,
KD-037-R2,OPV,No,32,0,0,32,LGA,No,Yes,School-based session (HPV)
KD-037-R2,YF,Yes,16,18,13,21,LGA,Yes,Yes,Scheduled routine immunization session
KD-037-R2,PENTA,No,20,0,0,20,LGA,No,Yes,Catch-up campaign
KD-037-R2,ROTA,Yes,43,0,19,24,Zipline,Yes,No,
KD-037-R2,PCV,Yes,0,72,32,40,Zipline,Yes,No,
KD-037-R3,BCG,No,0,27,0,27,LGA,No,Yes,Scheduled routine immunization session
KD-037-R3,HPV,Yes,17,0,4,13,LGA,Yes,Yes,School-based session (HPV)
KD-037-R3,IPV,Yes,5,33,18,20,Zipline,Yes,No,
KD-037-R3,MR,Yes,0,26,10,16,Zipline,Yes,Yes,Scheduled routine immunization session
KD-037-R3,MEN A,Yes,11,21,23,9,KDHSMA,Yes,No,
KD-037-R3,MCV,No,11,0,0,11,Zipline,No,Yes,Scheduled routine immunization session
KD-037-R3,OPV,No,0,0,0,0,LGA,No,Yes,Catch-up campaign
KD-037-R3,YF,Yes,13,23,22,14,LGA,No,Yes,High birth cohort this week
KD-037-R3,PENTA,Yes,0,70,15,55,KDHSMA,Yes,Yes,Outreach session held this week
KD-037-R3,ROTA,Yes,19,46,33,32,LGA,Yes,Yes,Scheduled routine immunization session
KD-037-R3,PCV,Yes,32,68,54,46,LGA,Yes,Yes,Scheduled routine immunization session
KD-037-R4,BCG,Yes,0,30,8,22,LGA,Yes,Yes,Scheduled routine immunization session
KD-037-R4,HPV,No,4,0,0,4,LGA,No,Yes,School-based session (HPV)
KD-037-R4,IPV,No,18,0,0,18,LGA,No,Yes,Scheduled routine immunization session
KD-037-R4,MR,No,10,0,0,10,Zipline,No,Yes,Scheduled routine immunization session
KD-037-R4,MEN A,Yes,23,0,9,14,LGA,Yes,Yes,Scheduled routine immunization session
KD-037-R4,MCV,Yes,0,27,12,15,KDHSMA,Yes,Yes,High birth cohort this week
KD-037-R4,OPV,Yes,0,76,18,58,LGA,Yes,Yes,Scheduled routine immunization session
KD-037-R4,YF,Yes,22,40,43,19,LGA,Yes,Yes,Outreach session held this week
KD-037-R4,PENTA,Yes,15,62,33,44,LGA,Yes,Yes,Scheduled routine immunization session
KD-037-R4,ROTA,Yes,33,52,55,30,KDHSMA,Yes,Yes,Scheduled routine immunization session
KD-037-R4,PCV,Yes,54,80,93,41,KDHSMA,Yes,Yes,Outreach session held this week
KD-037-R5,BCG,Yes,8,39,30,17,LGA,Yes,No,
KD-037-R5,HPV,No,0,0,0,0,LGA,No,Yes,School-based session (HPV)
KD-037-R5,IPV,No,0,0,0,0,LGA,No,Yes,Outreach session held this week
KD-037-R5,MR,No,0,0,0,0,LGA,No,No,
KD-037-R5,MEN A,No,9,0,0,9,LGA,No,Yes,Scheduled routine immunization session
KD-037-R5,MCV,Yes,12,27,24,15,LGA,Yes,Yes,Scheduled routine immunization session
KD-037-R5,OPV,No,18,0,0,18,KDHSMA,No,Yes,Catch-up campaign
KD-037-R5,YF,Yes,43,20,47,16,KDHSMA,Yes,Yes,Scheduled routine immunization session
KD-037-R5,PENTA,No,33,0,0,33,LGA,No,No,
KD-037-R5,ROTA,Yes,55,0,34,21,LGA,Yes,No,
KD-037-R5,PCV,Yes,93,0,51,42,KDHSMA,No,Yes,Outreach session held this week
KD-037-R6,BCG,Yes,30,0,13,17,LGA,Yes,No,
KD-037-R6,HPV,No,0,0,0,0,LGA,No,Yes,Catch-up campaign
KD-037-R6,IPV,No,0,0,0,0,LGA,No,Yes,Scheduled routine immunization session
KD-037-R6,MR,No,0,0,0,0,LGA,No,Yes,Scheduled routine immunization session
KD-037-R6,MEN A,No,0,0,0,0,LGA,No,No,
KD-037-R6,MCV,Yes,24,0,11,13,LGA,Yes,No,
KD-037-R6,OPV,No,0,0,0,0,LGA,No,Yes,Scheduled routine immunization session
KD-037-R6,YF,Yes,47,0,36,11,LGA,Yes,No,
KD-037-R6,PENTA,Yes,0,74,36,38,LGA,Yes,No,
KD-037-R6,ROTA,Yes,34,0,1,33,LGA,Yes,Yes,Outreach session held this week
KD-037-R6,PCV,Yes,51,0,6,45,LGA,Yes,Yes,Outreach session held this week
KD-038-R1,BCG,Yes,8,14,16,6,LGA,Yes,No,
KD-038-R1,HPV,Yes,0,6,2,4,LGA,Yes,Yes,Scheduled routine immunization session
KD-038-R1,IPV,Yes,20,14,30,4,KDHSMA,Yes,No,
KD-038-R1,MR,Yes,9,0,3,6,LGA,Yes,Yes,Outreach session held this week
KD-038-R1,MEN A,Yes,12,0,11,1,LGA,No,No,
KD-038-R1,MCV,Yes,9,6,7,8,LGA,Yes,Yes,Outreach session held this week
KD-038-R1,OPV,Yes,10,24,20,14,LGA,Yes,No,
KD-038-R1,YF,Yes,6,0,1,5,LGA,Yes,Yes,Scheduled routine immunization session
KD-038-R1,PENTA,Yes,45,26,51,20,LGA,Yes,Yes,School-based session (HPV)
KD-038-R1,ROTA,Yes,10,13,11,12,LGA,Yes,Yes,Scheduled routine immunization session
KD-038-R1,PCV,Yes,15,28,27,16,LGA,Yes,Yes,Scheduled routine immunization session
KD-038-R2,BCG,Yes,16,11,25,2,LGA,Yes,No,
KD-038-R2,HPV,Yes,2,9,3,8,KDHSMA,Yes,Yes,School-based session (HPV)
KD-038-R2,IPV,Yes,30,0,22,8,KDHSMA,Yes,Yes,Outreach session held this week
KD-038-R2,MR,No,3,0,0,3,KDHSMA,No,Yes,Scheduled routine immunization session
KD-038-R2,MEN A,Yes,11,0,4,7,LGA,Yes,Yes,Scheduled routine immunization session
KD-038-R2,MCV,Yes,7,0,5,2,LGA,Yes,No,
KD-038-R2,OPV,Yes,20,26,30,16,LGA,Yes,Yes,Scheduled routine immunization session
KD-038-R2,YF,No,1,0,0,1,LGA,No,No,
KD-038-R2,PENTA,Yes,51,0,39,12,LGA,Yes,No,
KD-038-R2,ROTA,No,11,0,0,11,KDHSMA,No,Yes,Scheduled routine immunization session
KD-038-R2,PCV,Yes,27,19,31,15,LGA,Yes,Yes,Outreach session held this week
KD-038-R3,BCG,Yes,25,0,17,8,LGA,Yes,Yes,High birth cohort this week
KD-038-R3,HPV,No,3,0,0,3,LGA,No,Yes,Outreach session held this week
KD-038-R3,IPV,Yes,22,15,31,6,LGA,Yes,No,
KD-038-R3,MR,No,0,0,0,0,LGA,No,Yes,Outreach session held this week
KD-038-R3,MEN A,Yes,4,7,6,5,KDHSMA,Yes,Yes,Scheduled routine immunization session
KD-038-R3,MCV,Yes,5,5,4,6,Zipline,Yes,Yes,Scheduled routine immunization session
KD-038-R3,OPV,Yes,30,21,35,16,LGA,Yes,Yes,Scheduled routine immunization session
KD-038-R3,YF,No,0,4,0,4,LGA,No,Yes,Scheduled routine immunization session
KD-038-R3,PENTA,Yes,39,0,20,19,LGA,Yes,Yes,Scheduled routine immunization session
KD-038-R3,ROTA,Yes,0,12,1,11,LGA,Yes,Yes,Scheduled routine immunization session
KD-038-R3,PCV,Yes,31,31,39,23,LGA,No,Yes,High birth cohort this week
KD-038-R4,BCG,Yes,17,8,19,6,LGA,Yes,No,
KD-038-R4,HPV,No,0,0,0,0,LGA,No,No,
KD-038-R4,IPV,Yes,31,11,29,13,LGA,Yes,Yes,School-based session (HPV)
KD-038-R4,MR,No,0,0,0,0,LGA,No,No,
KD-038-R4,MEN A,Yes,6,4,6,4,KDHSMA,Yes,Yes,Scheduled routine immunization session
KD-038-R4,MCV,No,4,0,0,4,LGA,No,Yes,Scheduled routine immunization session
KD-038-R4,OPV,Yes,35,42,62,15,LGA,Yes,Yes,Scheduled routine immunization session
KD-038-R4,YF,No,0,0,0,0,LGA,No,No,
KD-038-R4,PENTA,Yes,20,26,30,16,KDHSMA,Yes,Yes,Scheduled routine immunization session
KD-038-R4,ROTA,Yes,1,18,9,10,LGA,Yes,Yes,Scheduled routine immunization session
KD-038-R4,PCV,Yes,39,0,24,15,LGA,Yes,Yes,Outreach session held this week
KD-038-R5,BCG,Yes,19,10,17,12,LGA,Yes,Yes,High birth cohort this week
KD-038-R5,HPV,No,0,0,0,0,Zipline,No,No,
KD-038-R5,IPV,Yes,29,0,19,10,Zipline,Yes,Yes,Outreach session held this week
KD-038-R5,MR,Yes,0,4,2,2,Zipline,No,No,
KD-038-R5,MEN A,Yes,6,9,3,12,LGA,Yes,Yes,School-based session (HPV)
KD-038-R5,MCV,No,0,0,0,0,KDHSMA,No,Yes,Scheduled routine immunization session
KD-038-R5,OPV,Yes,62,0,46,16,LGA,No,Yes,Scheduled routine immunization session
KD-038-R5,YF,Yes,0,9,1,8,LGA,Yes,Yes,High birth cohort this week
KD-038-R5,PENTA,Yes,30,0,10,20,KDHSMA,Yes,Yes,Scheduled routine immunization session
KD-038-R5,ROTA,Yes,9,0,3,6,LGA,Yes,No,
KD-038-R5,PCV,Yes,24,24,35,13,LGA,Yes,No,
KD-038-R6,BCG,Yes,17,10,22,5,LGA,Yes,No,
KD-038-R6,HPV,No,0,0,0,0,LGA,No,Yes,Scheduled routine immunization session
KD-038-R6,IPV,Yes,19,0,12,7,LGA,Yes,No,
KD-038-R6,MR,No,2,0,0,2,Zipline,No,Yes,Scheduled routine immunization session
KD-038-R6,MEN A,Yes,3,7,8,2,LGA,Yes,No,
KD-038-R6,MCV,No,0,6,0,6,LGA,No,Yes,Outreach session held this week
KD-038-R6,OPV,Yes,46,27,59,14,Zipline,Yes,No,
KD-038-R6,YF,Yes,1,13,11,3,LGA,Yes,No,
KD-038-R6,PENTA,Yes,10,23,20,13,Zipline,Yes,No,
KD-038-R6,ROTA,No,3,0,0,3,Zipline,No,No,
KD-038-R6,PCV,Yes,35,0,21,14,KDHSMA,Yes,No,
KD-039-R1,BCG,Yes,56,0,32,24,LGA,Yes,Yes,High birth cohort this week
KD-039-R1,HPV,No,0,0,0,0,Zipline,No,No,
KD-039-R1,IPV,No,26,0,0,26,LGA,No,Yes,Scheduled routine immunization session
KD-039-R1,MR,Yes,37,30,57,10,LGA,Yes,No,
KD-039-R1,MEN A,Yes,44,0,37,7,LGA,Yes,No,
KD-039-R1,MCV,Yes,17,0,14,3,LGA,Yes,No,
KD-039-R1,OPV,Yes,70,0,26,44,LGA,Yes,Yes,Scheduled routine immunization session
KD-039-R1,YF,No,5,0,0,5,LGA,No,Yes,Scheduled routine immunization session
KD-039-R1,PENTA,No,0,0,0,0,LGA,No,Yes,Scheduled routine immunization session
KD-039-R1,ROTA,Yes,31,0,7,24,Zipline,Yes,No,
KD-039-R1,PCV,Yes,67,66,80,53,LGA,Yes,Yes,Scheduled routine immunization session
KD-039-R2,BCG,Yes,32,0,14,18,LGA,Yes,No,
KD-039-R2,HPV,No,0,0,0,0,KDHSMA,No,Yes,School-based session (HPV)
KD-039-R2,IPV,Yes,0,44,13,31,LGA,Yes,Yes,Scheduled routine immunization session
KD-039-R2,MR,Yes,57,32,67,22,LGA,Yes,Yes,Scheduled routine immunization session
KD-039-R2,MEN A,Yes,37,16,40,13,LGA,Yes,Yes,Outreach session held this week
KD-039-R2,MCV,No,14,0,0,14,LGA,No,Yes,Scheduled routine immunization session
KD-039-R2,OPV,No,26,0,0,26,LGA,No,Yes,Scheduled routine immunization session
KD-039-R2,YF,No,0,0,0,0,LGA,No,Yes,Scheduled routine immunization session
KD-039-R2,PENTA,No,0,0,0,0,LGA,No,Yes,Outreach session held this week
KD-039-R2,ROTA,No,7,0,0,7,LGA,No,Yes,Scheduled routine immunization session
KD-039-R2,PCV,Yes,80,72,84,68,LGA,Yes,Yes,Outreach session held this week
KD-039-R3,BCG,Yes,14,32,28,18,KDHSMA,Yes,No,
KD-039-R3,HPV,No,0,0,0,0,LGA,No,Yes,School-based session (HPV)
KD-039-R3,IPV,Yes,13,40,33,20,LGA,Yes,No,
KD-039-R3,MR,Yes,67,0,47,20,Zipline,Yes,Yes,School-based session (HPV)
KD-039-R3,MEN A,Yes,40,0,30,10,LGA,Yes,No,
KD-039-R3,MCV,Yes,0,31,15,16,LGA,No,Yes,Scheduled routine immunization session
KD-039-R3,OPV,Yes,0,66,28,38,KDHSMA,Yes,No,
KD-039-R3,YF,Yes,0,17,1,16,KDHSMA,Yes,Yes,High birth cohort this week
KD-039-R3,PENTA,No,0,0,0,0,LGA,No,No,
KD-039-R3,ROTA,Yes,0,56,31,25,LGA,Yes,No,
KD-039-R3,PCV,Yes,84,0,50,34,LGA,Yes,No,
KD-039-R4,BCG,Yes,28,0,9,19,LGA,Yes,Yes,Scheduled routine immunization session
KD-039-R4,HPV,Yes,0,33,19,14,LGA,No,Yes,School-based session (HPV)
KD-039-R4,IPV,Yes,33,38,52,19,LGA,Yes,No,
KD-039-R4,MR,Yes,47,22,54,15,LGA,Yes,Yes,Outreach session held this week
KD-039-R4,MEN A,Yes,30,0,15,15,LGA,No,Yes,Scheduled routine immunization session
KD-039-R4,MCV,Yes,15,0,8,7,LGA,Yes,No,
KD-039-R4,OPV,Yes,28,74,59,43,KDHSMA,Yes,Yes,High birth cohort this week
KD-039-R4,YF,Yes,1,23,2,22,Zipline,Yes,Yes,Scheduled routine immunization session
KD-039-R4,PENTA,Yes,0,73,27,46,LGA,Yes,Yes,School-based session (HPV)
KD-039-R4,ROTA,No,31,0,0,31,LGA,No,Yes,Scheduled routine immunization session
KD-039-R4,PCV,Yes,50,63,69,44,LGA,Yes,Yes,Scheduled routine immunization session
KD-039-R5,BCG,No,9,0,0,9,LGA,No,Yes,Scheduled routine immunization session
KD-039-R5,HPV,Yes,19,0,7,12,LGA,Yes,Yes,Outreach session held this week
KD-039-R5,IPV,Yes,52,36,67,21,LGA,Yes,Yes,Scheduled routine immunization session
KD-039-R5,MR,Yes,54,0,44,10,KDHSMA,Yes,No,
KD-039-R5,MEN A,Yes,15,0,8,7,LGA,Yes,No,
KD-039-R5,MCV,No,8,0,0,8,LGA,No,No,
KD-039-R5,OPV,Yes,59,0,23,36,LGA,Yes,No,
KD-039-R5,YF,Yes,2,24,9,17,Zipline,Yes,Yes,Outreach session held this week
KD-039-R5,PENTA,No,27,0,0,27,LGA,No,No,
KD-039-R5,ROTA,No,0,0,0,0,LGA,No,Yes,Scheduled routine immunization session
KD-039-R5,PCV,Yes,69,0,17,52,LGA,Yes,Yes,Scheduled routine immunization session
KD-039-R6,BCG,Yes,0,35,19,16,LGA,Yes,No,
KD-039-R6,HPV,No,7,0,0,7,LGA,No,No,
KD-039-R6,IPV,Yes,67,43,85,25,Zipline,Yes,Yes,Scheduled routine immunization session
KD-039-R6,MR,Yes,44,0,25,19,Zipline,Yes,Yes,Scheduled routine immunization session
KD-039-R6,MEN A,No,8,0,0,8,KDHSMA,No,Yes,Scheduled routine immunization session
KD-039-R6,MCV,No,0,0,0,0,KDHSMA,No,No,
KD-039-R6,OPV,No,23,0,0,23,KDHSMA,No,Yes,Catch-up campaign
KD-039-R6,YF,No,9,0,0,9,LGA,No,Yes,Scheduled routine immunization session
KD-039-R6,PENTA,Yes,0,68,36,32,Zipline,Yes,No,
KD-039-R6,ROTA,No,0,0,0,0,LGA,No,No,
KD-039-R6,PCV,No,17,0,0,17,LGA,No,Yes,Scheduled routine immunization session
KD-042-R1,BCG,Yes,11,10,12,9,KDHSMA,Yes,Yes,Outreach session held this week
KD-042-R1,HPV,Yes,7,0,6,1,Zipline,Yes,No,
KD-042-R1,IPV,Yes,24,0,18,6,LGA,Yes,No,
KD-042-R1,MR,No,2,0,0,2,Zipline,No,Yes,School-based session (HPV)
KD-042-R1,MEN A,Yes,4,0,2,2,LGA,Yes,No,
KD-042-R1,MCV,Yes,9,0,3,6,Zipline,Yes,Yes,Scheduled routine immunization session
KD-042-R1,OPV,Yes,28,0,11,17,LGA,Yes,Yes,Scheduled routine immunization session
KD-042-R1,YF,Yes,9,0,4,5,LGA,Yes,Yes,Scheduled routine immunization session
KD-042-R1,PENTA,Yes,20,0,5,15,LGA,Yes,Yes,Scheduled routine immunization session
KD-042-R1,ROTA,No,11,0,0,11,LGA,No,Yes,Scheduled routine immunization session
KD-042-R1,PCV,Yes,20,0,7,13,LGA,Yes,No,
KD-042-R2,BCG,Yes,12,0,3,9,KDHSMA,Yes,Yes,Outreach session held this week
KD-042-R2,HPV,No,6,0,0,6,KDHSMA,No,Yes,School-based session (HPV)
KD-042-R2,IPV,Yes,18,0,4,14,KDHSMA,Yes,Yes,Catch-up campaign
KD-042-R2,MR,Yes,0,4,3,1,LGA,Yes,No,
KD-042-R2,MEN A,No,2,3,0,5,LGA,No,Yes,Scheduled routine immunization session
KD-042-R2,MCV,Yes,3,7,6,4,KDHSMA,Yes,No,
KD-042-R2,OPV,Yes,11,26,24,13,LGA,No,No,
KD-042-R2,YF,Yes,4,0,1,3,LGA,Yes,No,
KD-042-R2,PENTA,No,5,0,0,5,KDHSMA,No,Yes,Outreach session held this week
KD-042-R2,ROTA,No,0,0,0,0,Zipline,No,No,
KD-042-R2,PCV,No,7,0,0,7,LGA,No,Yes,Scheduled routine immunization session
KD-042-R3,BCG,Yes,3,9,3,9,LGA,Yes,Yes,Catch-up campaign
KD-042-R3,HPV,No,0,0,0,0,Zipline,No,Yes,School-based session (HPV)
KD-042-R3,IPV,No,4,0,0,4,KDHSMA,No,No,
KD-042-R3,MR,Yes,3,11,9,5,LGA,Yes,Yes,School-based session (HPV)
KD-042-R3,MEN A,Yes,0,8,2,6,LGA,Yes,Yes,Catch-up campaign
KD-042-R3,MCV,Yes,6,0,3,3,KDHSMA,Yes,No,
KD-042-R3,OPV,Yes,24,0,4,20,LGA,Yes,Yes,Outreach session held this week
KD-042-R3,YF,No,1,0,0,1,Zipline,No,No,
KD-042-R3,PENTA,No,0,0,0,0,LGA,No,Yes,Scheduled routine immunization session
KD-042-R3,ROTA,No,0,0,0,0,KDHSMA,No,No,
KD-042-R3,PCV,No,0,0,0,0,LGA,No,Yes,High birth cohort this week
KD-042-R4,BCG,No,3,0,0,3,KDHSMA,No,No,
KD-042-R4,HPV,Yes,0,14,13,1,LGA,Yes,No,
KD-042-R4,IPV,No,0,0,0,0,KDHSMA,No,Yes,Scheduled routine immunization session
KD-042-R4,MR,Yes,9,7,12,4,LGA,Yes,No,
KD-042-R4,MEN A,No,2,0,0,2,Zipline,No,Yes,Scheduled routine immunization session
KD-042-R4,MCV,No,3,0,0,3,LGA,No,Yes,Outreach session held this week
KD-042-R4,OPV,Yes,4,18,11,11,LGA,Yes,No,
KD-042-R4,YF,No,0,0,0,0,KDHSMA,No,Yes,Scheduled routine immunization session
KD-042-R4,PENTA,No,0,0,0,0,KDHSMA,No,No,
KD-042-R4,ROTA,No,0,0,0,0,LGA,No,Yes,Scheduled routine immunization session
KD-042-R4,PCV,No,0,0,0,0,Zipline,No,Yes,Scheduled routine immunization session
KD-042-R5,BCG,No,0,0,0,0,LGA,No,Yes,School-based session (HPV)
KD-042-R5,HPV,Yes,13,0,9,4,LGA,Yes,Yes,Scheduled routine immunization session
KD-042-R5,IPV,No,0,0,0,0,KDHSMA,No,No,
KD-042-R5,MR,Yes,12,0,6,6,LGA,Yes,Yes,Scheduled routine immunization session
KD-042-R5,MEN A,No,0,0,0,0,LGA,No,No,
KD-042-R5,MCV,Yes,0,6,2,4,LGA,Yes,No,
KD-042-R5,OPV,Yes,11,25,24,12,LGA,Yes,No,
KD-042-R5,YF,No,0,0,0,0,KDHSMA,No,Yes,Outreach session held this week
KD-042-R5,PENTA,No,0,0,0,0,LGA,No,Yes,High birth cohort this week
KD-042-R5,ROTA,Yes,0,23,16,7,KDHSMA,Yes,No,
KD-042-R5,PCV,No,0,0,0,0,LGA,No,No,
KD-042-R6,BCG,No,0,0,0,0,Zipline,No,Yes,Scheduled routine immunization session
KD-042-R6,HPV,Yes,9,0,7,2,KDHSMA,Yes,No,
KD-042-R6,IPV,Yes,0,10,5,5,LGA,Yes,No,
KD-042-R6,MR,Yes,6,9,11,4,LGA,Yes,No,
KD-042-R6,MEN A,No,0,6,0,6,Zipline,No,Yes,Scheduled routine immunization session
KD-042-R6,MCV,Yes,2,4,4,2,KDHSMA,No,No,
KD-042-R6,OPV,Yes,24,29,37,16,KDHSMA,Yes,Yes,Outreach session held this week
KD-042-R6,YF,No,0,0,0,0,Zipline,No,Yes,School-based session (HPV)
KD-042-R6,PENTA,Yes,0,20,5,15,KDHSMA,No,Yes,School-based session (HPV)
KD-042-R6,ROTA,Yes,16,16,19,13,LGA,Yes,Yes,Outreach session held this week
KD-042-R6,PCV,Yes,0,32,15,17,Zipline,Yes,Yes,Scheduled routine immunization session
KD-044-R1,BCG,No,0,0,0,0,LGA,No,Yes,High birth cohort this week
KD-044-R1,HPV,Yes,31,0,19,12,LGA,Yes,Yes,High birth cohort this week
KD-044-R1,IPV,Yes,49,32,55,26,LGA,Yes,Yes,Scheduled routine immunization session
KD-044-R1,MR,Yes,21,0,1,20,KDHSMA,Yes,Yes,Scheduled routine immunization session
KD-044-R1,MEN A,Yes,38,18,43,13,Zipline,Yes,Yes,Scheduled routine immunization session
KD-044-R1,MCV,Yes,18,0,5,13,Zipline,Yes,No,
KD-044-R1,OPV,Yes,167,67,182,52,KDHSMA,No,Yes,Scheduled routine immunization session
KD-044-R1,YF,Yes,12,29,23,18,KDHSMA,Yes,Yes,High birth cohort this week
KD-044-R1,PENTA,Yes,121,0,64,57,LGA,Yes,Yes,Catch-up campaign
KD-044-R1,ROTA,Yes,62,39,73,28,LGA,Yes,Yes,School-based session (HPV)
KD-044-R1,PCV,Yes,82,0,40,42,LGA,Yes,Yes,Scheduled routine immunization session
KD-044-R2,BCG,No,0,0,0,0,Zipline,No,Yes,Scheduled routine immunization session
KD-044-R2,HPV,Yes,19,0,6,13,LGA,Yes,Yes,School-based session (HPV)
KD-044-R2,IPV,Yes,55,0,34,21,LGA,Yes,Yes,Scheduled routine immunization session
KD-044-R2,MR,Yes,1,25,4,22,LGA,Yes,Yes,Scheduled routine immunization session
KD-044-R2,MEN A,Yes,43,0,31,12,LGA,Yes,Yes,School-based session (HPV)
KD-044-R2,MCV,No,5,0,0,5,LGA,No,Yes,Scheduled routine immunization session
KD-044-R2,OPV,Yes,182,65,209,38,LGA,Yes,No,
KD-044-R2,YF,Yes,23,0,9,14,Zipline,Yes,Yes,School-based session (HPV)
KD-044-R2,PENTA,Yes,64,0,25,39,KDHSMA,Yes,No,
KD-044-R2,ROTA,Yes,73,0,50,23,LGA,Yes,No,
KD-044-R2,PCV,No,40,0,0,40,LGA,No,Yes,School-based session (HPV)
KD-044-R3,BCG,Yes,0,26,11,15,LGA,Yes,No,
KD-044-R3,HPV,No,6,0,0,6,LGA,No,No,
KD-044-R3,IPV,Yes,34,36,44,26,LGA,Yes,Yes,High birth cohort this week
KD-044-R3,MR,Yes,4,22,12,14,LGA,Yes,Yes,Scheduled routine immunization session
KD-044-R3,MEN A,Yes,31,10,31,10,LGA,Yes,No,
KD-044-R3,MCV,No,0,14,0,14,LGA,No,Yes,Scheduled routine immunization session
KD-044-R3,OPV,Yes,209,0,167,42,LGA,Yes,Yes,Scheduled routine immunization session
KD-044-R3,YF,Yes,9,23,17,15,LGA,Yes,Yes,Scheduled routine immunization session
KD-044-R3,PENTA,Yes,25,87,76,36,LGA,Yes,No,
KD-044-R3,ROTA,Yes,50,50,65,35,LGA,Yes,Yes,Catch-up campaign
KD-044-R3,PCV,No,0,0,0,0,KDHSMA,No,Yes,Catch-up campaign
KD-044-R4,BCG,No,11,0,0,11,LGA,No,Yes,Scheduled routine immunization session
KD-044-R4,HPV,No,0,15,0,15,LGA,No,Yes,Scheduled routine immunization session
KD-044-R4,IPV,Yes,44,28,52,20,Zipline,Yes,No,
KD-044-R4,MR,Yes,12,25,25,12,Zipline,Yes,No,
KD-044-R4,MEN A,Yes,31,15,36,10,LGA,Yes,No,
KD-044-R4,MCV,Yes,0,29,17,12,LGA,Yes,No,
KD-044-R4,OPV,Yes,167,0,114,53,LGA,Yes,Yes,Scheduled routine immunization session
KD-044-R4,YF,Yes,17,27,34,10,LGA,Yes,No,
KD-044-R4,PENTA,Yes,76,74,105,45,KDHSMA,Yes,Yes,Scheduled routine immunization session
KD-044-R4,ROTA,Yes,65,50,82,33,LGA,Yes,Yes,Scheduled routine immunization session
KD-044-R4,PCV,Yes,0,67,30,37,KDHSMA,Yes,No,
KD-044-R5,BCG,No,0,0,0,0,KDHSMA,No,No,
KD-044-R5,HPV,No,0,0,0,0,LGA,No,No,
KD-044-R5,IPV,Yes,52,35,75,12,LGA,Yes,No,
KD-044-R5,MR,Yes,25,27,37,15,LGA,Yes,Yes,Outreach session held this week
KD-044-R5,MEN A,Yes,36,0,28,8,Zipline,Yes,No,
KD-044-R5,MCV,Yes,17,23,24,16,KDHSMA,No,Yes,Scheduled routine immunization session
KD-044-R5,OPV,Yes,114,88,152,50,Zipline,No,Yes,Scheduled routine immunization session
KD-044-R5,YF,Yes,34,23,39,18,Zipline,Yes,Yes,Scheduled routine immunization session
KD-044-R5,PENTA,Yes,105,0,54,51,LGA,Yes,Yes,Scheduled routine immunization session
KD-044-R5,ROTA,Yes,82,55,105,32,KDHSMA,Yes,Yes,Scheduled routine immunization session
KD-044-R5,PCV,No,30,0,0,30,LGA,No,Yes,Outreach session held this week
KD-044-R6,BCG,No,0,0,0,0,KDHSMA,No,Yes,Scheduled routine immunization session
KD-044-R6,HPV,No,0,0,0,0,LGA,No,Yes,Outreach session held this week
KD-044-R6,IPV,Yes,75,45,99,21,LGA,Yes,Yes,Scheduled routine immunization session
KD-044-R6,MR,Yes,37,0,22,15,LGA,Yes,Yes,Scheduled routine immunization session
KD-044-R6,MEN A,Yes,28,15,35,8,LGA,Yes,No,
KD-044-R6,MCV,Yes,24,32,44,12,LGA,Yes,No,
KD-044-R6,OPV,Yes,152,0,105,47,LGA,No,Yes,Scheduled routine immunization session
KD-044-R6,YF,Yes,39,0,23,16,KDHSMA,Yes,Yes,High birth cohort this week
KD-044-R6,PENTA,Yes,54,0,6,48,LGA,Yes,Yes,School-based session (HPV)
KD-044-R6,ROTA,Yes,105,0,67,38,LGA,Yes,Yes,School-based session (HPV)
KD-044-R6,PCV,No,0,0,0,0,LGA,No,No,
KD-047-R1,BCG,Yes,9,18,14,13,KDHSMA,Yes,Yes,Scheduled routine immunization session
KD-047-R1,HPV,Yes,12,0,8,4,LGA,Yes,No,
KD-047-R1,IPV,Yes,15,0,4,11,LGA,Yes,No,
KD-047-R1,MR,No,6,0,0,6,LGA,No,No,
KD-047-R1,MEN A,Yes,5,12,11,6,LGA,Yes,No,
KD-047-R1,MCV,No,1,0,0,1,KDHSMA,No,Yes,Scheduled routine immunization session
KD-047-R1,OPV,Yes,49,36,55,30,LGA,No,Yes,School-based session (HPV)
KD-047-R1,YF,No,3,0,0,3,LGA,No,No,
KD-047-R1,PENTA,Yes,50,43,70,23,LGA,Yes,No,
KD-047-R1,ROTA,Yes,43,0,22,21,LGA,Yes,Yes,Outreach session held this week
KD-047-R1,PCV,Yes,38,44,62,20,KDHSMA,Yes,No,
KD-047-R2,BCG,Yes,14,0,4,10,LGA,Yes,No,
KD-047-R2,HPV,Yes,8,0,1,7,LGA,Yes,Yes,School-based session (HPV)
KD-047-R2,IPV,No,4,0,0,4,KDHSMA,No,Yes,Scheduled routine immunization session
KD-047-R2,MR,Yes,0,13,8,5,KDHSMA,Yes,No,
KD-047-R2,MEN A,Yes,11,0,1,10,Zipline,No,Yes,Scheduled routine immunization session
KD-047-R2,MCV,Yes,0,12,5,7,LGA,No,No,
KD-047-R2,OPV,Yes,55,54,80,29,LGA,Yes,Yes,Scheduled routine immunization session
KD-047-R2,YF,No,0,0,0,0,LGA,No,Yes,Scheduled routine immunization session
KD-047-R2,PENTA,Yes,70,47,84,33,LGA,Yes,Yes,Scheduled routine immunization session
KD-047-R2,ROTA,No,22,0,0,22,KDHSMA,No,Yes,Scheduled routine immunization session
KD-047-R2,PCV,Yes,62,0,35,27,LGA,Yes,Yes,Scheduled routine immunization session
KD-047-R3,BCG,Yes,4,21,2,23,LGA,Yes,Yes,Scheduled routine immunization session
KD-047-R3,HPV,No,1,0,0,1,LGA,No,No,
KD-047-R3,IPV,No,0,0,0,0,LGA,No,Yes,Outreach session held this week
KD-047-R3,MR,Yes,8,16,20,4,LGA,Yes,No,
KD-047-R3,MEN A,No,1,0,0,1,Zipline,No,Yes,Scheduled routine immunization session
KD-047-R3,MCV,Yes,5,18,10,13,LGA,Yes,Yes,High birth cohort this week
KD-047-R3,OPV,Yes,80,36,92,24,LGA,Yes,No,
KD-047-R3,YF,Yes,0,16,12,4,Zipline,Yes,No,
KD-047-R3,PENTA,Yes,84,39,94,29,LGA,Yes,Yes,Outreach session held this week
KD-047-R3,ROTA,Yes,0,23,1,22,LGA,Yes,Yes,Catch-up campaign
KD-047-R3,PCV,Yes,35,44,52,27,KDHSMA,Yes,Yes,Scheduled routine immunization session
KD-047-R4,BCG,Yes,2,21,15,8,LGA,Yes,No,
KD-047-R4,HPV,Yes,0,13,2,11,LGA,Yes,Yes,Catch-up campaign
KD-047-R4,IPV,No,0,0,0,0,LGA,No,Yes,Catch-up campaign
KD-047-R4,MR,Yes,20,0,15,5,LGA,Yes,No,
KD-047-R4,MEN A,Yes,0,11,6,5,LGA,Yes,No,
KD-047-R4,MCV,No,10,0,0,10,LGA,No,Yes,School-based session (HPV)
KD-047-R4,OPV,Yes,92,49,117,24,LGA,Yes,No,
KD-047-R4,YF,Yes,12,0,9,3,Zipline,Yes,No,
KD-047-R4,PENTA,Yes,94,0,78,16,Zipline,Yes,No,
KD-047-R4,ROTA,Yes,1,37,19,19,Zipline,Yes,Yes,School-based session (HPV)
KD-047-R4,PCV,Yes,52,0,32,20,Zipline,Yes,No,
KD-047-R5,BCG,Yes,15,20,22,13,LGA,Yes,Yes,Scheduled routine immunization session
KD-047-R5,HPV,No,2,0,0,2,LGA,No,Yes,Scheduled routine immunization session
KD-047-R5,IPV,No,0,13,0,13,KDHSMA,No,Yes,High birth cohort this week
KD-047-R5,MR,Yes,15,0,6,9,LGA,Yes,Yes,High birth cohort this week
KD-047-R5,MEN A,Yes,6,15,14,7,KDHSMA,Yes,Yes,Scheduled routine immunization session
KD-047-R5,MCV,Yes,0,17,14,3,KDHSMA,Yes,No,
KD-047-R5,OPV,Yes,117,0,97,20,KDHSMA,Yes,No,
KD-047-R5,YF,Yes,9,19,18,10,Zipline,Yes,Yes,Scheduled routine immunization session
KD-047-R5,PENTA,Yes,78,45,87,36,LGA,Yes,Yes,High birth cohort this week
KD-047-R5,ROTA,No,19,0,0,19,LGA,No,Yes,Scheduled routine immunization session
KD-047-R5,PCV,Yes,32,38,47,23,Zipline,Yes,No,
KD-047-R6,BCG,Yes,22,22,29,15,LGA,Yes,Yes,High birth cohort this week
KD-047-R6,HPV,No,0,7,0,7,LGA,No,Yes,School-based session (HPV)
KD-047-R6,IPV,Yes,0,25,9,16,LGA,Yes,Yes,Outreach session held this week
KD-047-R6,MR,Yes,6,20,18,8,LGA,Yes,No,
KD-047-R6,MEN A,Yes,14,10,18,6,LGA,Yes,No,
KD-047-R6,MCV,Yes,14,15,20,9,LGA,Yes,Yes,High birth cohort this week
KD-047-R6,OPV,Yes,97,37,113,21,Zipline,Yes,No,
KD-047-R6,YF,Yes,18,16,28,6,LGA,Yes,No,
KD-047-R6,PENTA,Yes,87,0,62,25,Zipline,Yes,Yes,Scheduled routine immunization session
KD-047-R6,ROTA,No,0,0,0,0,LGA,No,Yes,High birth cohort this week
KD-047-R6,PCV,Yes,47,0,18,29,KDHSMA,Yes,Yes,Scheduled routine immunization session
KD-048-R1,BCG,Yes,50,0,36,14,Zipline,Yes,No,
KD-048-R1,HPV,Yes,26,0,17,9,LGA,Yes,No,
KD-048-R1,IPV,No,18,0,0,18,LGA,No,Yes,High birth cohort this week
KD-048-R1,MR,Yes,39,0,21,18,LGA,Yes,Yes,Scheduled routine immunization session
KD-048-R1,MEN A,Yes,17,21,12,26,LGA,Yes,Yes,Outreach session held this week
KD-048-R1,MCV,Yes,29,0,9,20,LGA,Yes,Yes,Scheduled routine immunization session
KD-048-R1,OPV,Yes,119,60,129,50,KDHSMA,Yes,Yes,Scheduled routine immunization session
KD-048-R1,YF,Yes,19,25,26,18,KDHSMA,No,Yes,High birth cohort this week
KD-048-R1,PENTA,Yes,18,77,50,45,LGA,Yes,Yes,School-based session (HPV)
KD-048-R1,ROTA,No,0,0,0,0,LGA,No,Yes,Outreach session held this week
KD-048-R1,PCV,No,28,0,0,28,LGA,No,Yes,Scheduled routine immunization session
KD-048-R2,BCG,Yes,36,0,18,18,LGA,Yes,No,
KD-048-R2,HPV,Yes,17,0,1,16,LGA,Yes,Yes,Scheduled routine immunization session
KD-048-R2,IPV,No,0,0,0,0,LGA,No,No,
KD-048-R2,MR,Yes,21,0,2,19,Zipline,Yes,Yes,High birth cohort this week
KD-048-R2,MEN A,No,12,0,0,12,LGA,No,Yes,Scheduled routine immunization session
KD-048-R2,MCV,Yes,9,25,20,14,KDHSMA,Yes,Yes,Outreach session held this week
KD-048-R2,OPV,Yes,129,0,84,45,LGA,Yes,Yes,Scheduled routine immunization session
KD-048-R2,YF,Yes,26,33,47,12,LGA,Yes,No,
KD-048-R2,PENTA,Yes,50,0,16,34,LGA,Yes,No,
KD-048-R2,ROTA,Yes,0,49,29,20,LGA,No,No,
KD-048-R2,PCV,No,0,0,0,0,LGA,No,No,
KD-048-R3,BCG,No,18,0,0,18,Zipline,No,Yes,Catch-up campaign
KD-048-R3,HPV,Yes,1,22,19,4,LGA,Yes,No,
KD-048-R3,IPV,No,0,0,0,0,LGA,No,Yes,Scheduled routine immunization session
KD-048-R3,MR,No,2,0,0,2,Zipline,No,No,
KD-048-R3,MEN A,No,0,0,0,0,LGA,No,No,
KD-048-R3,MCV,Yes,20,0,5,15,KDHSMA,Yes,Yes,Scheduled routine immunization session
KD-048-R3,OPV,Yes,84,72,107,49,LGA,Yes,Yes,High birth cohort this week
KD-048-R3,YF,Yes,47,24,46,25,LGA,Yes,Yes,Scheduled routine immunization session
KD-048-R3,PENTA,No,16,0,0,16,KDHSMA,No,Yes,Scheduled routine immunization session
KD-048-R3,ROTA,Yes,29,0,2,27,LGA,Yes,No,
KD-048-R3,PCV,No,0,0,0,0,KDHSMA,No,Yes,Scheduled routine immunization session
KD-048-R4,BCG,No,0,0,0,0,LGA,No,No,
KD-048-R4,HPV,Yes,19,15,26,8,LGA,Yes,No,
KD-048-R4,IPV,No,0,0,0,0,LGA,No,Yes,Catch-up campaign
KD-048-R4,MR,No,0,0,0,0,Zipline,No,Yes,Outreach session held this week
KD-048-R4,MEN A,No,0,0,0,0,LGA,No,Yes,Scheduled routine immunization session
KD-048-R4,MCV,No,5,0,0,5,LGA,No,Yes,School-based session (HPV)
KD-048-R4,OPV,Yes,107,75,145,37,KDHSMA,Yes,No,
KD-048-R4,YF,Yes,46,25,52,19,LGA,Yes,Yes,Outreach session held this week
KD-048-R4,PENTA,No,0,0,0,0,LGA,No,Yes,Scheduled routine immunization session
KD-048-R4,ROTA,No,2,0,0,2,LGA,No,Yes,Scheduled routine immunization session
KD-048-R4,PCV,No,0,0,0,0,LGA,No,No,
KD-048-R5,BCG,No,0,0,0,0,LGA,No,Yes,Scheduled routine immunization session
KD-048-R5,HPV,Yes,26,0,14,12,LGA,Yes,Yes,Catch-up campaign
KD-048-R5,IPV,No,0,0,0,0,LGA,No,Yes,Outreach session held this week
KD-048-R5,MR,No,0,0,0,0,LGA,No,No,
KD-048-R5,MEN A,No,0,0,0,0,LGA,No,No,
KD-048-R5,MCV,No,0,0,0,0,LGA,No,Yes,School-based session (HPV)
KD-048-R5,OPV,Yes,145,64,165,44,LGA,Yes,Yes,Scheduled routine immunization session
KD-048-R5,YF,Yes,52,23,63,12,LGA,Yes,No,
KD-048-R5,PENTA,No,0,0,0,0,LGA,No,Yes,Outreach session held this week
KD-048-R5,ROTA,No,0,0,0,0,LGA,No,Yes,Scheduled routine immunization session
KD-048-R5,PCV,No,0,0,0,0,LGA,No,Yes,High birth cohort this week
KD-048-R6,BCG,No,0,0,0,0,LGA,No,No,
KD-048-R6,HPV,Yes,14,0,3,11,Zipline,Yes,No,
KD-048-R6,IPV,No,0,0,0,0,KDHSMA,No,Yes,Scheduled routine immunization session
KD-048-R6,MR,No,0,0,0,0,KDHSMA,No,Yes,Scheduled routine immunization session
KD-048-R6,MEN A,No,0,0,0,0,LGA,No,Yes,Scheduled routine immunization session
KD-048-R6,MCV,No,0,0,0,0,LGA,No,Yes,Scheduled routine immunization session
KD-048-R6,OPV,Yes,165,0,121,44,LGA,Yes,Yes,Scheduled routine immunization session
KD-048-R6,YF,Yes,63,0,47,16,Zipline,Yes,Yes,Scheduled routine immunization session
KD-048-R6,PENTA,No,0,0,0,0,LGA,No,No,
KD-048-R6,ROTA,No,0,0,0,0,LGA,No,Yes,Scheduled routine immunization session
KD-048-R6,PCV,No,0,0,0,0,KDHSMA,No,No,
KD-049-R1,BCG,Yes,262,91,303,50,LGA,Yes,Yes,Outreach session held this week
KD-049-R1,HPV,Yes,47,46,54,39,KDHSMA,Yes,Yes,School-based session (HPV)
KD-049-R1,IPV,Yes,68,0,17,51,LGA,No,Yes,High birth cohort this week
KD-049-R1,MR,Yes,238,63,277,24,KDHSMA,Yes,No,
KD-049-R1,MEN A,Yes,50,53,64,39,LGA,Yes,Yes,Scheduled routine immunization session
KD-049-R1,MCV,Yes,88,0,46,42,LGA,Yes,Yes,Scheduled routine immunization session
KD-049-R1,OPV,Yes,0,181,77,104,KDHSMA,Yes,Yes,Scheduled routine immunization session
KD-049-R1,YF,Yes,197,60,227,30,LGA,Yes,No,
KD-049-R1,PENTA,Yes,517,170,568,119,LGA,Yes,Yes,Scheduled routine immunization session
KD-049-R1,ROTA,Yes,211,0,129,82,LGA,Yes,Yes,Scheduled routine immunization session
KD-049-R1,PCV,No,60,0,0,60,LGA,No,No,
KD-049-R2,BCG,Yes,303,82,337,48,KDHSMA,Yes,Yes,High birth cohort this week
KD-049-R2,HPV,Yes,54,0,24,30,Zipline,Yes,Yes,Outreach session held this week
KD-049-R2,IPV,Yes,17,94,53,58,KDHSMA,Yes,Yes,Scheduled routine immunization session
KD-049-R2,MR,Yes,277,54,291,40,Zipline,Yes,Yes,Scheduled routine immunization session
KD-049-R2,MEN A,Yes,64,0,31,33,KDHSMA,Yes,Yes,Scheduled routine immunization session
KD-049-R2,MCV,No,46,0,0,46,LGA,No,Yes,Scheduled routine immunization session
KD-049-R2,OPV,Yes,77,175,137,115,LGA,Yes,Yes,Scheduled routine immunization session
KD-049-R2,YF,Yes,227,0,191,36,LGA,No,Yes,Outreach session held this week
KD-049-R2,PENTA,Yes,568,0,455,113,Zipline,Yes,Yes,Scheduled routine immunization session
KD-049-R2,ROTA,Yes,129,131,170,90,KDHSMA,Yes,Yes,Outreach session held this week
KD-049-R2,PCV,Yes,0,144,37,107,KDHSMA,Yes,Yes,Scheduled routine immunization session
KD-049-R3,BCG,Yes,337,79,357,59,Zipline,Yes,Yes,Outreach session held this week
KD-049-R3,HPV,Yes,24,44,41,27,LGA,Yes,No,
KD-049-R3,IPV,No,53,0,0,53,KDHSMA,No,Yes,School-based session (HPV)
KD-049-R3,MR,Yes,291,0,260,31,KDHSMA,Yes,No,
KD-049-R3,MEN A,Yes,31,41,40,32,LGA,Yes,Yes,School-based session (HPV)
KD-049-R3,MCV,Yes,0,46,12,34,LGA,Yes,Yes,Scheduled routine immunization session
KD-049-R3,OPV,Yes,137,184,199,122,LGA,Yes,Yes,Scheduled routine immunization session
KD-049-R3,YF,Yes,191,63,224,30,LGA,Yes,No,
KD-049-R3,PENTA,Yes,455,162,498,119,LGA,Yes,Yes,Outreach session held this week
KD-049-R3,ROTA,Yes,170,113,207,76,Zipline,Yes,Yes,Scheduled routine immunization session
KD-049-R3,PCV,Yes,37,187,110,114,KDHSMA,Yes,Yes,Scheduled routine immunization session
KD-049-R4,BCG,Yes,357,0,306,51,LGA,Yes,Yes,Outreach session held this week
KD-049-R4,HPV,Yes,41,46,52,35,LGA,Yes,Yes,Outreach session held this week
KD-049-R4,IPV,No,0,0,0,0,LGA,No,Yes,Scheduled routine immunization session
KD-049-R4,MR,Yes,260,68,288,40,LGA,Yes,Yes,School-based session (HPV)
KD-049-R4,MEN A,Yes,40,0,13,27,LGA,Yes,No,
KD-049-R4,MCV,No,12,0,0,12,Zipline,No,No,
KD-049-R4,OPV,Yes,199,0,71,128,KDHSMA,Yes,Yes,School-based session (HPV)
KD-049-R4,YF,Yes,224,0,188,36,LGA,Yes,Yes,Outreach session held this week
KD-049-R4,PENTA,Yes,498,176,558,116,LGA,Yes,Yes,Scheduled routine immunization session
KD-049-R4,ROTA,Yes,207,98,244,61,Zipline,Yes,No,
KD-049-R4,PCV,No,110,0,0,110,LGA,No,Yes,Scheduled routine immunization session
KD-049-R5,BCG,Yes,306,80,346,40,LGA,Yes,No,
KD-049-R5,HPV,Yes,52,54,79,27,KDHSMA,Yes,No,
KD-049-R5,IPV,Yes,0,102,40,62,Zipline,Yes,Yes,Scheduled routine immunization session
KD-049-R5,MR,Yes,288,0,242,46,KDHSMA,Yes,Yes,High birth cohort this week
KD-049-R5,MEN A,Yes,13,45,27,31,KDHSMA,Yes,Yes,High birth cohort this week
KD-049-R5,MCV,Yes,0,57,29,28,LGA,Yes,No,
KD-049-R5,OPV,No,71,0,0,71,LGA,No,Yes,Scheduled routine immunization session
KD-049-R5,YF,Yes,188,74,229,33,Zipline,Yes,No,
KD-049-R5,PENTA,Yes,558,0,455,103,LGA,Yes,Yes,Catch-up campaign
KD-049-R5,ROTA,Yes,244,0,164,80,LGA,Yes,Yes,Scheduled routine immunization session
KD-049-R5,PCV,No,0,0,0,0,LGA,No,No,
KD-049-R6,BCG,Yes,346,70,361,55,KDHSMA,Yes,Yes,Scheduled routine immunization session
KD-049-R6,HPV,Yes,79,0,52,27,LGA,Yes,No,
KD-049-R6,IPV,No,40,0,0,40,KDHSMA,No,Yes,Scheduled routine immunization session
KD-049-R6,MR,Yes,242,0,213,29,Zipline,Yes,No,
KD-049-R6,MEN A,Yes,27,47,26,48,KDHSMA,Yes,Yes,Scheduled routine immunization session
KD-049-R6,MCV,No,29,0,0,29,KDHSMA,No,Yes,Outreach session held this week
KD-049-R6,OPV,Yes,0,157,66,91,Zipline,Yes,No,
KD-049-R6,YF,Yes,229,0,189,40,LGA,Yes,Yes,Outreach session held this week
KD-049-R6,PENTA,Yes,455,178,501,132,Zipline,Yes,Yes,Scheduled routine immunization session
KD-049-R6,ROTA,Yes,164,116,195,85,Zipline,Yes,Yes,Scheduled routine immunization session
KD-049-R6,PCV,Yes,0,187,70,117,LGA,Yes,Yes,High birth cohort this week
KD-050-R1,BCG,Yes,71,32,72,31,LGA,Yes,Yes,Scheduled routine immunization session
KD-050-R1,HPV,Yes,17,31,40,8,KDHSMA,Yes,No,
KD-050-R1,IPV,Yes,61,29,71,19,LGA,Yes,No,
KD-050-R1,MR,Yes,23,0,6,17,Zipline,Yes,Yes,Scheduled routine immunization session
KD-050-R1,MEN A,Yes,17,0,6,11,LGA,Yes,No,
KD-050-R1,MCV,No,14,0,0,14,KDHSMA,No,Yes,High birth cohort this week
KD-050-R1,OPV,Yes,49,0,5,44,Zipline,Yes,Yes,Scheduled routine immunization session
KD-050-R1,YF,No,0,0,0,0,LGA,No,Yes,High birth cohort this week
KD-050-R1,PENTA,Yes,104,63,116,51,LGA,Yes,Yes,Scheduled routine immunization session
KD-050-R1,ROTA,Yes,71,0,37,34,LGA,Yes,Yes,Outreach session held this week
KD-050-R1,PCV,Yes,79,0,27,52,LGA,Yes,Yes,Scheduled routine immunization session
KD-050-R2,BCG,Yes,72,32,75,29,KDHSMA,Yes,Yes,Outreach session held this week
KD-050-R2,HPV,Yes,40,0,28,12,LGA,Yes,Yes,School-based session (HPV)
KD-050-R2,IPV,Yes,71,38,91,18,KDHSMA,Yes,No,
KD-050-R2,MR,No,6,0,0,6,KDHSMA,No,Yes,School-based session (HPV)
KD-050-R2,MEN A,No,6,0,0,6,LGA,No,Yes,Scheduled routine immunization session
KD-050-R2,MCV,No,0,0,0,0,LGA,No,Yes,Scheduled routine immunization session
KD-050-R2,OPV,No,5,0,0,5,Zipline,No,Yes,Scheduled routine immunization session
KD-050-R2,YF,Yes,0,21,4,17,Zipline,Yes,Yes,Scheduled routine immunization session
KD-050-R2,PENTA,Yes,116,0,71,45,Zipline,Yes,Yes,Outreach session held this week
KD-050-R2,ROTA,Yes,37,47,47,37,LGA,Yes,Yes,Scheduled routine immunization session
KD-050-R2,PCV,No,27,0,0,27,LGA,No,Yes,Scheduled routine immunization session
KD-050-R3,BCG,Yes,75,29,80,24,LGA,Yes,Yes,Scheduled routine immunization session
KD-050-R3,HPV,Yes,28,0,21,7,Zipline,Yes,No,
KD-050-R3,IPV,Yes,91,0,78,13,Zipline,Yes,No,
KD-050-R3,MR,No,0,0,0,0,KDHSMA,No,Yes,Outreach session held this week
KD-050-R3,MEN A,Yes,0,22,7,15,LGA,No,Yes,Outreach session held this week
KD-050-R3,MCV,No,0,0,0,0,Zipline,No,Yes,High birth cohort this week
KD-050-R3,OPV,No,0,0,0,0,KDHSMA,No,No,
KD-050-R3,YF,Yes,4,23,16,11,LGA,Yes,No,
KD-050-R3,PENTA,Yes,71,65,87,49,LGA,Yes,Yes,High birth cohort this week
KD-050-R3,ROTA,Yes,47,55,72,30,Zipline,Yes,Yes,School-based session (HPV)
KD-050-R3,PCV,Yes,0,73,29,44,Zipline,Yes,Yes,Scheduled routine immunization session
KD-050-R4,BCG,Yes,80,33,92,21,Zipline,Yes,Yes,Outreach session held this week
KD-050-R4,HPV,Yes,21,0,5,16,LGA,Yes,Yes,Scheduled routine immunization session
KD-050-R4,IPV,Yes,78,0,55,23,LGA,Yes,Yes,Scheduled routine immunization session
KD-050-R4,MR,Yes,0,26,12,14,Zipline,No,Yes,Scheduled routine immunization session
KD-050-R4,MEN A,Yes,7,22,13,16,LGA,Yes,Yes,Scheduled routine immunization session
KD-050-R4,MCV,No,0,0,0,0,Zipline,No,Yes,Scheduled routine immunization session
KD-050-R4,OPV,Yes,0,67,28,39,LGA,Yes,No,
KD-050-R4,YF,Yes,16,20,21,15,Zipline,Yes,Yes,Scheduled routine immunization session
KD-050-R4,PENTA,Yes,87,0,37,50,Zipline,No,Yes,High birth cohort this week
KD-050-R4,ROTA,Yes,72,0,39,33,LGA,Yes,Yes,Scheduled routine immunization session
KD-050-R4,PCV,No,29,0,0,29,LGA,No,Yes,Scheduled routine immunization session
KD-050-R5,BCG,Yes,92,36,107,21,LGA,Yes,Yes,Outreach session held this week
KD-050-R5,HPV,No,5,0,0,5,LGA,No,No,
KD-050-R5,IPV,Yes,55,0,40,15,LGA,Yes,No,
KD-050-R5,MR,Yes,12,30,21,21,LGA,Yes,Yes,Scheduled routine immunization session
KD-050-R5,MEN A,No,13,0,0,13,LGA,No,Yes,High birth cohort this week
KD-050-R5,MCV,Yes,0,32,21,11,LGA,Yes,No,
KD-050-R5,OPV,Yes,28,74,56,46,LGA,Yes,Yes,Scheduled routine immunization session
KD-050-R5,YF,Yes,21,0,3,18,LGA,Yes,Yes,Scheduled routine immunization session
KD-050-R5,PENTA,No,37,0,0,37,LGA,No,Yes,Catch-up campaign
KD-050-R5,ROTA,Yes,39,49,61,27,LGA,Yes,No,
KD-050-R5,PCV,Yes,0,95,69,26,LGA,No,No,
KD-050-R6,BCG,Yes,107,0,91,16,KDHSMA,No,No,
KD-050-R6,HPV,Yes,0,27,19,8,LGA,Yes,No,
KD-050-R6,IPV,Yes,40,0,18,22,LGA,Yes,Yes,Outreach session held this week
KD-050-R6,MR,Yes,21,16,23,14,LGA,Yes,Yes,Scheduled routine immunization session
KD-050-R6,MEN A,Yes,0,21,7,14,LGA,Yes,Yes,Outreach session held this week
KD-050-R6,MCV,Yes,21,19,17,23,KDHSMA,Yes,Yes,Scheduled routine immunization session
KD-050-R6,OPV,Yes,56,0,5,51,LGA,Yes,Yes,Scheduled routine immunization session
KD-050-R6,YF,No,3,0,0,3,LGA,No,Yes,Scheduled routine immunization session
KD-050-R6,PENTA,Yes,0,73,26,47,LGA,Yes,Yes,Scheduled routine immunization session
KD-050-R6,ROTA,Yes,61,51,92,20,LGA,Yes,No,
KD-050-R6,PCV,Yes,69,0,36,33,KDHSMA,Yes,No,
KD-052-R1,BCG,Yes,134,0,99,35,LGA,Yes,No,
KD-052-R1,HPV,Yes,61,0,25,36,Zipline,Yes,Yes,Outreach session held this week
KD-052-R1,IPV,Yes,273,90,307,56,KDHSMA,Yes,Yes,High birth cohort this week
KD-052-R1,MR,Yes,137,0,90,47,LGA,Yes,Yes,School-based session (HPV)
KD-052-R1,MEN A,Yes,136,63,171,28,LGA,Yes,No,
KD-052-R1,MCV,Yes,211,0,177,34,LGA,Yes,Yes,Scheduled routine immunization session
KD-052-R1,OPV,Yes,215,195,282,128,LGA,No,Yes,Scheduled routine immunization session
KD-052-R1,YF,Yes,116,0,78,38,LGA,Yes,Yes,School-based session (HPV)
KD-052-R1,PENTA,No,93,0,0,93,LGA,No,Yes,Outreach session held this week
KD-052-R1,ROTA,Yes,203,112,223,92,Zipline,Yes,Yes,Scheduled routine immunization session
KD-052-R1,PCV,Yes,477,196,559,114,LGA,Yes,Yes,School-based session (HPV)
KD-052-R2,BCG,Yes,99,0,46,53,LGA,Yes,Yes,High birth cohort this week
KD-052-R2,HPV,No,25,0,0,25,LGA,No,No,
KD-052-R2,IPV,Yes,307,94,339,62,LGA,Yes,Yes,Scheduled routine immunization session
KD-052-R2,MR,Yes,90,0,41,49,KDHSMA,Yes,Yes,Outreach session held this week
KD-052-R2,MEN A,Yes,171,0,131,40,KDHSMA,Yes,Yes,Scheduled routine immunization session
KD-052-R2,MCV,Yes,177,58,206,29,LGA,Yes,No,
KD-052-R2,OPV,Yes,282,194,361,115,Zipline,Yes,Yes,Outreach session held this week
KD-052-R2,YF,Yes,78,0,33,45,LGA,Yes,Yes,High birth cohort this week
KD-052-R2,PENTA,No,0,0,0,0,LGA,No,Yes,Scheduled routine immunization session
KD-052-R2,ROTA,Yes,223,0,147,76,KDHSMA,Yes,Yes,Outreach session held this week
KD-052-R2,PCV,Yes,559,0,453,106,LGA,Yes,Yes,Scheduled routine immunization session
KD-052-R3,BCG,Yes,46,85,80,51,LGA,No,Yes,Catch-up campaign
KD-052-R3,HPV,Yes,0,49,16,33,Zipline,Yes,Yes,Outreach session held this week
KD-052-R3,IPV,Yes,339,73,350,62,LGA,Yes,Yes,Scheduled routine immunization session
KD-052-R3,MR,No,41,0,0,41,LGA,No,Yes,Scheduled routine immunization session
KD-052-R3,MEN A,Yes,131,0,90,41,LGA,Yes,Yes,Outreach session held this week
KD-052-R3,MCV,Yes,206,0,168,38,KDHSMA,Yes,Yes,Outreach session held this week
KD-052-R3,OPV,Yes,361,0,248,113,LGA,Yes,Yes,Scheduled routine immunization session
KD-052-R3,YF,Yes,33,0,9,24,Zipline,Yes,No,
KD-052-R3,PENTA,Yes,0,181,79,102,KDHSMA,Yes,Yes,High birth cohort this week
KD-052-R3,ROTA,Yes,147,0,80,67,Zipline,Yes,No,
KD-052-R3,PCV,Yes,453,0,344,109,LGA,Yes,Yes,Scheduled routine immunization session
KD-052-R4,BCG,Yes,80,0,16,64,KDHSMA,Yes,Yes,Scheduled routine immunization session
KD-052-R4,HPV,No,16,0,0,16,LGA,No,Yes,Catch-up campaign
KD-052-R4,IPV,Yes,350,0,292,58,Zipline,Yes,Yes,Outreach session held this week
KD-052-R4,MR,No,0,0,0,0,LGA,No,Yes,School-based session (HPV)
KD-052-R4,MEN A,Yes,90,44,93,41,Zipline,Yes,Yes,Scheduled routine immunization session
KD-052-R4,MCV,Yes,168,0,130,38,KDHSMA,Yes,Yes,Scheduled routine immunization session
KD-052-R4,OPV,Yes,248,0,138,110,KDHSMA,Yes,Yes,Scheduled routine immunization session
KD-052-R4,YF,Yes,9,62,27,44,LGA,Yes,Yes,Scheduled routine immunization session
KD-052-R4,PENTA,No,79,0,0,79,LGA,No,Yes,School-based session (HPV)
KD-052-R4,ROTA,No,80,0,0,80,KDHSMA,No,Yes,Outreach session held this week
KD-052-R4,PCV,Yes,344,0,221,123,LGA,Yes,Yes,Scheduled routine immunization session
KD-052-R5,BCG,No,16,0,0,16,LGA,No,Yes,Scheduled routine immunization session
KD-052-R5,HPV,Yes,0,46,15,31,Zipline,Yes,Yes,School-based session (HPV)
KD-052-R5,IPV,Yes,292,93,330,55,KDHSMA,Yes,Yes,Scheduled routine immunization session
KD-052-R5,MR,Yes,0,64,34,30,KDHSMA,Yes,No,
KD-052-R5,MEN A,Yes,93,0,63,30,Zipline,Yes,Yes,Scheduled routine immunization session
KD-052-R5,MCV,Yes,130,0,94,36,LGA,Yes,Yes,Scheduled routine immunization session
KD-052-R5,OPV,Yes,138,0,14,124,KDHSMA,Yes,Yes,Outreach session held this week
KD-052-R5,YF,Yes,27,62,61,28,LGA,Yes,No,
KD-052-R5,PENTA,Yes,0,163,38,125,Zipline,Yes,Yes,Scheduled routine immunization session
KD-052-R5,ROTA,No,0,0,0,0,Zipline,No,Yes,Outreach session held this week
KD-052-R5,PCV,Yes,221,0,99,122,LGA,Yes,Yes,Outreach session held this week
KD-052-R6,BCG,No,0,0,0,0,KDHSMA,No,Yes,Scheduled routine immunization session
KD-052-R6,HPV,No,15,0,0,15,LGA,No,No,
KD-052-R6,IPV,Yes,330,0,273,57,LGA,Yes,Yes,Outreach session held this week
KD-052-R6,MR,No,34,0,0,34,KDHSMA,No,Yes,Catch-up campaign
KD-052-R6,MEN A,Yes,63,46,64,45,KDHSMA,Yes,Yes,Scheduled routine immunization session
KD-052-R6,MCV,Yes,94,68,119,43,LGA,Yes,Yes,High birth cohort this week
KD-052-R6,OPV,No,14,0,0,14,KDHSMA,No,No,
KD-052-R6,YF,Yes,61,0,21,40,LGA,Yes,Yes,Scheduled routine immunization session
KD-052-R6,PENTA,No,38,0,0,38,LGA,No,Yes,High birth cohort this week
KD-052-R6,ROTA,Yes,0,117,46,71,LGA,No,Yes,Catch-up campaign
KD-052-R6,PCV,Yes,99,189,181,107,LGA,Yes,Yes,Catch-up campaign
KD-053-R1,BCG,Yes,19,0,9,10,KDHSMA,Yes,No,
KD-053-R1,HPV,Yes,9,0,5,4,LGA,Yes,No,
KD-053-R1,IPV,No,5,0,0,5,LGA,No,Yes,Scheduled routine immunization session
KD-053-R1,MR,Yes,0,13,3,10,KDHSMA,Yes,Yes,School-based session (HPV)
KD-053-R1,MEN A,Yes,11,0,8,3,LGA,Yes,No,
KD-053-R1,MCV,Yes,24,0,9,15,LGA,Yes,Yes,Outreach session held this week
KD-053-R1,OPV,Yes,21,42,37,26,LGA,Yes,Yes,School-based session (HPV)
KD-053-R1,YF,Yes,10,0,3,7,LGA,Yes,No,
KD-053-R1,PENTA,Yes,36,0,7,29,LGA,Yes,Yes,Scheduled routine immunization session
KD-053-R1,ROTA,Yes,50,0,35,15,LGA,Yes,No,
KD-053-R1,PCV,Yes,67,64,101,30,KDHSMA,Yes,Yes,Outreach session held this week
KD-053-R2,BCG,No,9,0,0,9,LGA,No,Yes,Outreach session held this week
KD-053-R2,HPV,No,5,0,0,5,LGA,No,No,
KD-053-R2,IPV,No,0,0,0,0,LGA,No,No,
KD-053-R2,MR,No,3,0,0,3,LGA,No,Yes,Scheduled routine immunization session
KD-053-R2,MEN A,Yes,8,0,1,7,LGA,Yes,Yes,Scheduled routine immunization session
KD-053-R2,MCV,No,9,0,0,9,KDHSMA,No,Yes,Outreach session held this week
KD-053-R2,OPV,Yes,37,37,49,25,LGA,Yes,Yes,Scheduled routine immunization session
KD-053-R2,YF,No,3,0,0,3,LGA,No,No,
KD-053-R2,PENTA,No,7,0,0,7,Zipline,No,No,
KD-053-R2,ROTA,Yes,35,0,17,18,LGA,Yes,Yes,Outreach session held this week
KD-053-R2,PCV,Yes,101,0,73,28,LGA,Yes,Yes,Scheduled routine immunization session
KD-053-R3,BCG,No,0,0,0,0,LGA,No,No,
KD-053-R3,HPV,No,0,11,0,11,LGA,No,Yes,School-based session (HPV)
KD-053-R3,IPV,Yes,0,19,2,17,LGA,Yes,Yes,Scheduled routine immunization session
KD-053-R3,MR,Yes,0,13,7,6,LGA,No,No,
KD-053-R3,MEN A,Yes,1,12,7,6,LGA,Yes,No,
KD-053-R3,MCV,No,0,0,0,0,LGA,No,Yes,Catch-up campaign
KD-053-R3,OPV,Yes,49,0,19,30,LGA,Yes,Yes,Outreach session held this week
KD-053-R3,YF,Yes,0,15,3,12,LGA,Yes,Yes,High birth cohort this week
KD-053-R3,PENTA,Yes,0,36,7,29,Zipline,Yes,Yes,School-based session (HPV)
KD-053-R3,ROTA,Yes,17,35,35,17,LGA,Yes,Yes,Scheduled routine immunization session
KD-053-R3,PCV,Yes,73,41,88,26,LGA,Yes,Yes,Scheduled routine immunization session
KD-053-R4,BCG,No,0,0,0,0,LGA,No,No,
KD-053-R4,HPV,No,0,0,0,0,KDHSMA,No,No,
KD-053-R4,IPV,No,2,0,0,2,Zipline,No,Yes,Scheduled routine immunization session
KD-053-R4,MR,Yes,7,24,24,7,LGA,Yes,No,
KD-053-R4,MEN A,Yes,7,0,6,1,Zipline,Yes,No,
KD-053-R4,MCV,No,0,0,0,0,LGA,No,Yes,Scheduled routine immunization session
KD-053-R4,OPV,No,19,0,0,19,LGA,No,No,
KD-053-R4,YF,Yes,3,13,7,9,KDHSMA,Yes,Yes,Outreach session held this week
KD-053-R4,PENTA,No,7,0,0,7,KDHSMA,No,Yes,Scheduled routine immunization session
KD-053-R4,ROTA,Yes,35,23,38,20,LGA,Yes,Yes,School-based session (HPV)
KD-053-R4,PCV,Yes,88,0,61,27,KDHSMA,Yes,Yes,Scheduled routine immunization session
KD-053-R5,BCG,No,0,0,0,0,LGA,No,Yes,Scheduled routine immunization session
KD-053-R5,HPV,No,0,0,0,0,KDHSMA,No,No,
KD-053-R5,IPV,Yes,0,21,10,11,LGA,Yes,No,
KD-053-R5,MR,Yes,24,0,13,11,LGA,Yes,Yes,High birth cohort this week
KD-053-R5,MEN A,No,6,0,0,6,LGA,No,No,
KD-053-R5,MCV,No,0,0,0,0,KDHSMA,No,Yes,Scheduled routine immunization session
KD-053-R5,OPV,Yes,0,37,12,25,Zipline,Yes,Yes,Outreach session held this week
KD-053-R5,YF,No,7,0,0,7,KDHSMA,No,Yes,High birth cohort this week
KD-053-R5,PENTA,No,0,0,0,0,LGA,No,Yes,Scheduled routine immunization session
KD-053-R5,ROTA,Yes,38,40,67,11,KDHSMA,Yes,No,
KD-053-R5,PCV,Yes,61,47,84,24,LGA,Yes,No,
KD-053-R6,BCG,No,0,0,0,0,Zipline,No,No,
KD-053-R6,HPV,No,0,0,0,0,LGA,No,No,
KD-053-R6,IPV,No,10,0,0,10,LGA,No,Yes,Scheduled routine immunization session
KD-053-R6,MR,Yes,13,0,7,6,LGA,Yes,No,
KD-053-R6,MEN A,No,0,0,0,0,KDHSMA,No,No,
KD-053-R6,MCV,Yes,0,22,18,4,LGA,Yes,No,
KD-053-R6,OPV,Yes,12,48,33,27,KDHSMA,No,Yes,Outreach session held this week
KD-053-R6,YF,No,0,0,0,0,LGA,No,No,
KD-053-R6,PENTA,No,0,0,0,0,LGA,No,Yes,High birth cohort this week
KD-053-R6,ROTA,Yes,67,0,48,19,LGA,Yes,Yes,Scheduled routine immunization session
KD-053-R6,PCV,Yes,84,30,90,24,LGA,Yes,No,
KD-054-R1,BCG,Yes,16,16,16,16,KDHSMA,Yes,Yes,High birth cohort this week
KD-054-R1,HPV,Yes,5,11,7,9,KDHSMA,Yes,Yes,School-based session (HPV)
KD-054-R1,IPV,Yes,44,0,25,19,LGA,Yes,Yes,Outreach session held this week
KD-054-R1,MR,Yes,12,0,6,6,LGA,Yes,No,
KD-054-R1,MEN A,Yes,10,0,8,2,LGA,Yes,No,
KD-054-R1,MCV,Yes,0,12,2,10,KDHSMA,Yes,Yes,Scheduled routine immunization session
KD-054-R1,OPV,Yes,45,35,52,28,LGA,Yes,Yes,Scheduled routine immunization session
KD-054-R1,YF,Yes,22,11,22,11,LGA,Yes,Yes,Scheduled routine immunization session
KD-054-R1,PENTA,Yes,49,43,60,32,LGA,Yes,Yes,School-based session (HPV)
KD-054-R1,ROTA,Yes,24,29,33,20,LGA,Yes,Yes,Scheduled routine immunization session
KD-054-R1,PCV,Yes,9,45,32,22,Zipline,Yes,No,
KD-054-R2,BCG,Yes,16,0,3,13,LGA,Yes,Yes,School-based session (HPV)
KD-054-R2,HPV,Yes,7,0,2,5,LGA,Yes,No,
KD-054-R2,IPV,Yes,25,21,35,11,LGA,Yes,No,
KD-054-R2,MR,Yes,6,18,17,7,KDHSMA,Yes,No,
KD-054-R2,MEN A,Yes,8,7,13,2,LGA,Yes,No,
KD-054-R2,MCV,No,2,0,0,2,LGA,No,Yes,Scheduled routine immunization session
KD-054-R2,OPV,Yes,52,0,29,23,KDHSMA,Yes,No,
KD-054-R2,YF,Yes,22,0,13,9,LGA,Yes,Yes,Scheduled routine immunization session
KD-054-R2,PENTA,Yes,60,0,30,30,KDHSMA,Yes,Yes,High birth cohort this week
KD-054-R2,ROTA,Yes,33,0,20,13,LGA,No,No,
KD-054-R2,PCV,Yes,32,0,7,25,LGA,Yes,Yes,Scheduled routine immunization session
KD-054-R3,BCG,No,3,0,0,3,LGA,No,Yes,High birth cohort this week
KD-054-R3,HPV,No,2,0,0,2,LGA,No,No,
KD-054-R3,IPV,Yes,35,20,36,19,LGA,Yes,Yes,Scheduled routine immunization session
KD-054-R3,MR,Yes,17,0,8,9,Zipline,Yes,Yes,Catch-up campaign
KD-054-R3,MEN A,Yes,13,0,5,8,LGA,Yes,Yes,Scheduled routine immunization session
KD-054-R3,MCV,No,0,6,0,6,LGA,No,Yes,Scheduled routine immunization session
KD-054-R3,OPV,Yes,29,37,47,19,LGA,Yes,No,
KD-054-R3,YF,Yes,13,14,22,5,KDHSMA,Yes,No,
KD-054-R3,PENTA,Yes,30,45,51,24,LGA,Yes,No,
KD-054-R3,ROTA,Yes,20,20,22,18,LGA,Yes,Yes,Scheduled routine immunization session
KD-054-R3,PCV,No,7,0,0,7,LGA,No,No,
KD-054-R4,BCG,Yes,0,18,9,9,LGA,No,No,
KD-054-R4,HPV,No,0,0,0,0,LGA,No,Yes,School-based session (HPV)
KD-054-R4,IPV,Yes,36,26,45,17,LGA,No,Yes,High birth cohort this week
KD-054-R4,MR,Yes,8,13,15,6,LGA,Yes,No,
KD-054-R4,MEN A,No,5,0,0,5,KDHSMA,No,No,
KD-054-R4,MCV,No,0,0,0,0,LGA,No,Yes,Scheduled routine immunization session
KD-054-R4,OPV,Yes,47,0,24,23,KDHSMA,Yes,No,
KD-054-R4,YF,Yes,22,11,25,8,LGA,Yes,No,
KD-054-R4,PENTA,Yes,51,0,13,38,LGA,Yes,Yes,Scheduled routine immunization session
KD-054-R4,ROTA,Yes,22,0,4,18,LGA,Yes,Yes,High birth cohort this week
KD-054-R4,PCV,Yes,0,46,18,28,LGA,Yes,Yes,Scheduled routine immunization session
KD-054-R5,BCG,Yes,9,18,18,9,LGA,Yes,No,
KD-054-R5,HPV,No,0,0,0,0,LGA,No,Yes,School-based session (HPV)
KD-054-R5,IPV,Yes,45,0,24,21,KDHSMA,Yes,Yes,Scheduled routine immunization session
KD-054-R5,MR,Yes,15,0,4,11,LGA,Yes,Yes,Outreach session held this week
KD-054-R5,MEN A,No,0,0,0,0,KDHSMA,No,No,
KD-054-R5,MCV,No,0,0,0,0,Zipline,No,No,
KD-054-R5,OPV,No,24,0,0,24,Zipline,No,Yes,Scheduled routine immunization session
KD-054-R5,YF,Yes,25,0,16,9,LGA,Yes,Yes,Outreach session held this week
KD-054-R5,PENTA,No,13,0,0,13,LGA,No,Yes,Scheduled routine immunization session
KD-054-R5,ROTA,No,4,0,0,4,LGA,No,Yes,School-based session (HPV)
KD-054-R5,PCV,No,18,0,0,18,KDHSMA,No,No,
KD-054-R6,BCG,Yes,18,16,21,13,Zipline,Yes,Yes,Outreach session held this week
KD-054-R6,HPV,No,0,0,0,0,KDHSMA,No,Yes,Scheduled routine immunization session
KD-054-R6,IPV,Yes,24,0,10,14,KDHSMA,Yes,Yes,High birth cohort this week
KD-054-R6,MR,No,4,0,0,4,LGA,No,No,
KD-054-R6,MEN A,No,0,0,0,0,LGA,No,No,
KD-054-R6,MCV,Yes,0,14,2,12,KDHSMA,Yes,Yes,School-based session (HPV)
KD-054-R6,OPV,No,0,0,0,0,Zipline,No,Yes,Scheduled routine immunization session
KD-054-R6,YF,Yes,16,13,18,11,LGA,No,Yes,Scheduled routine immunization session
KD-054-R6,PENTA,No,0,0,0,0,LGA,No,No,
KD-054-R6,ROTA,Yes,0,29,11,18,LGA,Yes,Yes,High birth cohort this week
KD-054-R6,PCV,No,0,0,0,0,LGA,No,Yes,Scheduled routine immunization session
KD-056-R1,BCG,No,5,0,0,5,LGA,No,No,
KD-056-R1,HPV,Yes,7,0,3,4,LGA,Yes,Yes,School-based session (HPV)
KD-056-R1,IPV,Yes,14,0,1,13,LGA,Yes,Yes,Scheduled routine immunization session
KD-056-R1,MR,Yes,10,0,5,5,LGA,Yes,Yes,Scheduled routine immunization session
KD-056-R1,MEN A,Yes,4,0,1,3,LGA,Yes,No,
KD-056-R1,MCV,Yes,5,0,1,4,LGA,Yes,No,
KD-056-R1,OPV,Yes,13,29,29,13,LGA,Yes,No,
KD-056-R1,YF,Yes,8,0,3,5,LGA,Yes,Yes,Catch-up campaign
KD-056-R1,PENTA,Yes,43,0,20,23,KDHSMA,Yes,Yes,Scheduled routine immunization session
KD-056-R1,ROTA,Yes,19,23,34,8,LGA,No,No,
KD-056-R1,PCV,Yes,22,0,10,12,LGA,No,No,
KD-056-R2,BCG,No,0,0,0,0,LGA,No,No,
KD-056-R2,HPV,No,3,0,0,3,KDHSMA,No,Yes,School-based session (HPV)
KD-056-R2,IPV,No,1,0,0,1,Zipline,No,No,
KD-056-R2,MR,Yes,5,0,1,4,LGA,Yes,No,
KD-056-R2,MEN A,No,1,0,0,1,LGA,No,Yes,Outreach session held this week
KD-056-R2,MCV,Yes,1,8,2,7,LGA,Yes,Yes,Scheduled routine immunization session
KD-056-R2,OPV,Yes,29,0,13,16,LGA,Yes,Yes,Scheduled routine immunization session
KD-056-R2,YF,No,3,0,0,3,Zipline,No,Yes,Outreach session held this week
KD-056-R2,PENTA,Yes,20,0,12,8,LGA,Yes,No,
KD-056-R2,ROTA,Yes,34,0,24,10,LGA,Yes,Yes,Outreach session held this week
KD-056-R2,PCV,Yes,10,22,18,14,Zipline,Yes,No,
KD-056-R3,BCG,No,0,0,0,0,Zipline,No,Yes,Scheduled routine immunization session
KD-056-R3,HPV,No,0,0,0,0,LGA,No,No,
KD-056-R3,IPV,No,0,0,0,0,LGA,No,No,
KD-056-R3,MR,No,1,0,0,1,KDHSMA,No,Yes,School-based session (HPV)
KD-056-R3,MEN A,No,0,0,0,0,LGA,No,No,
KD-056-R3,MCV,Yes,2,9,3,8,LGA,Yes,Yes,Scheduled routine immunization session
KD-056-R3,OPV,Yes,13,24,26,11,LGA,No,No,
KD-056-R3,YF,Yes,0,8,2,6,LGA,Yes,Yes,Outreach session held this week
KD-056-R3,PENTA,Yes,12,22,16,18,LGA,Yes,Yes,Scheduled routine immunization session
KD-056-R3,ROTA,Yes,24,0,11,13,LGA,Yes,Yes,Scheduled routine immunization session
KD-056-R3,PCV,Yes,18,0,1,17,LGA,Yes,Yes,Scheduled routine immunization session
KD-056-R4,BCG,No,0,0,0,0,Zipline,No,Yes,Scheduled routine immunization session
KD-056-R4,HPV,No,0,0,0,0,LGA,No,Yes,School-based session (HPV)
KD-056-R4,IPV,No,0,0,0,0,LGA,No,Yes,Outreach session held this week
KD-056-R4,MR,No,0,0,0,0,LGA,No,Yes,Outreach session held this week
KD-056-R4,MEN A,No,0,0,0,0,LGA,No,Yes,Scheduled routine immunization session
KD-056-R4,MCV,No,3,0,0,3,LGA,No,No,
KD-056-R4,OPV,Yes,26,0,11,15,KDHSMA,No,Yes,Scheduled routine immunization session
KD-056-R4,YF,No,2,0,0,2,LGA,No,Yes,Scheduled routine immunization session
KD-056-R4,PENTA,Yes,16,0,1,15,KDHSMA,Yes,Yes,Outreach session held this week
KD-056-R4,ROTA,Yes,11,0,3,8,KDHSMA,Yes,No,
KD-056-R4,PCV,No,1,0,0,1,LGA,No,No,
KD-056-R5,BCG,No,0,0,0,0,KDHSMA,No,No,
KD-056-R5,HPV,No,0,0,0,0,LGA,No,Yes,School-based session (HPV)
KD-056-R5,IPV,No,0,0,0,0,LGA,No,Yes,Scheduled routine immunization session
KD-056-R5,MR,No,0,0,0,0,LGA,No,No,
KD-056-R5,MEN A,No,0,0,0,0,LGA,No,No,
KD-056-R5,MCV,No,0,0,0,0,LGA,No,No,
KD-056-R5,OPV,Yes,11,0,1,10,LGA,Yes,No,
KD-056-R5,YF,No,0,0,0,0,LGA,No,Yes,Outreach session held this week
KD-056-R5,PENTA,No,1,0,0,1,LGA,No,No,
KD-056-R5,ROTA,No,3,0,0,3,Zipline,No,Yes,Scheduled routine immunization session
KD-056-R5,PCV,Yes,0,20,3,17,LGA,Yes,Yes,Scheduled routine immunization session
KD-056-R6,BCG,No,0,0,0,0,LGA,No,No,
KD-056-R6,HPV,No,0,0,0,0,LGA,No,No,
KD-056-R6,IPV,No,0,0,0,0,LGA,No,No,
KD-056-R6,MR,No,0,0,0,0,KDHSMA,No,Yes,Scheduled routine immunization session
KD-056-R6,MEN A,No,0,0,0,0,KDHSMA,No,Yes,Catch-up campaign
KD-056-R6,MCV,Yes,0,13,9,4,LGA,Yes,No,
KD-056-R6,OPV,No,1,0,0,1,KDHSMA,No,Yes,Scheduled routine immunization session
KD-056-R6,YF,No,0,0,0,0,LGA,No,Yes,Scheduled routine immunization session
KD-056-R6,PENTA,No,0,0,0,0,LGA,No,Yes,Scheduled routine immunization session
KD-056-R6,ROTA,No,0,11,0,11,LGA,No,Yes,School-based session (HPV)
KD-056-R6,PCV,No,3,0,0,3,LGA,No,No,
KD-057-R1,BCG,Yes,27,32,41,18,KDHSMA,Yes,No,
KD-057-R1,HPV,Yes,17,0,5,12,LGA,Yes,Yes,Scheduled routine immunization session
KD-057-R1,IPV,Yes,26,0,2,24,LGA,Yes,Yes,Outreach session held this week
KD-057-R1,MR,Yes,37,0,17,20,LGA,Yes,Yes,Scheduled routine immunization session
KD-057-R1,MEN A,Yes,24,0,14,10,LGA,Yes,No,
KD-057-R1,MCV,Yes,44,0,30,14,LGA,Yes,Yes,Scheduled routine immunization session
KD-057-R1,OPV,No,22,0,0,22,KDHSMA,No,Yes,Scheduled routine immunization session
KD-057-R1,YF,Yes,18,22,26,14,KDHSMA,Yes,Yes,School-based session (HPV)
KD-057-R1,PENTA,No,21,0,0,21,LGA,No,Yes,School-based session (HPV)
KD-057-R1,ROTA,Yes,76,0,34,42,LGA,Yes,Yes,Scheduled routine immunization session
KD-057-R1,PCV,Yes,79,0,28,51,LGA,Yes,Yes,Catch-up campaign
KD-057-R2,BCG,Yes,41,27,50,18,LGA,Yes,No,
KD-057-R2,HPV,Yes,5,15,2,18,LGA,Yes,Yes,Scheduled routine immunization session
KD-057-R2,IPV,No,2,0,0,2,LGA,No,Yes,Scheduled routine immunization session
KD-057-R2,MR,Yes,17,0,5,12,LGA,Yes,No,
KD-057-R2,MEN A,Yes,14,21,24,11,KDHSMA,Yes,No,
KD-057-R2,MCV,Yes,30,23,41,12,Zipline,Yes,No,
KD-057-R2,OPV,No,0,0,0,0,LGA,No,Yes,Outreach session held this week
KD-057-R2,YF,Yes,26,0,13,13,LGA,Yes,No,
KD-057-R2,PENTA,Yes,0,72,32,40,LGA,Yes,No,
KD-057-R2,ROTA,Yes,34,0,6,28,LGA,No,Yes,Catch-up campaign
KD-057-R2,PCV,No,28,0,0,28,KDHSMA,No,No,
KD-057-R3,BCG,Yes,50,0,31,19,Zipline,Yes,Yes,Scheduled routine immunization session
KD-057-R3,HPV,No,2,0,0,2,KDHSMA,No,Yes,Scheduled routine immunization session
KD-057-R3,IPV,No,0,0,0,0,LGA,No,Yes,School-based session (HPV)
KD-057-R3,MR,No,5,0,0,5,Zipline,No,Yes,Outreach session held this week
KD-057-R3,MEN A,Yes,24,0,12,12,LGA,Yes,Yes,School-based session (HPV)
KD-057-R3,MCV,Yes,41,0,27,14,LGA,Yes,Yes,School-based session (HPV)
KD-057-R3,OPV,No,0,0,0,0,KDHSMA,No,Yes,Scheduled routine immunization session
KD-057-R3,YF,No,13,0,0,13,Zipline,No,No,
KD-057-R3,PENTA,Yes,32,69,58,43,LGA,Yes,Yes,Scheduled routine immunization session
KD-057-R3,ROTA,No,6,0,0,6,Zipline,No,No,
KD-057-R3,PCV,No,0,0,0,0,KDHSMA,No,Yes,Scheduled routine immunization session
KD-057-R4,BCG,Yes,31,0,6,25,KDHSMA,Yes,Yes,Scheduled routine immunization session
KD-057-R4,HPV,No,0,0,0,0,LGA,No,No,
KD-057-R4,IPV,No,0,0,0,0,LGA,No,Yes,Scheduled routine immunization session
KD-057-R4,MR,No,0,0,0,0,Zipline,No,Yes,Scheduled routine immunization session
KD-057-R4,MEN A,Yes,12,0,5,7,LGA,Yes,No,
KD-057-R4,MCV,Yes,27,0,3,24,LGA,Yes,Yes,High birth cohort this week
KD-057-R4,OPV,No,0,0,0,0,Zipline,No,Yes,Scheduled routine immunization session
KD-057-R4,YF,No,0,0,0,0,KDHSMA,No,No,
KD-057-R4,PENTA,Yes,58,0,17,41,KDHSMA,Yes,Yes,Scheduled routine immunization session
KD-057-R4,ROTA,No,0,0,0,0,LGA,No,Yes,Scheduled routine immunization session
KD-057-R4,PCV,No,0,0,0,0,LGA,No,No,
KD-057-R5,BCG,Yes,6,30,25,11,LGA,Yes,No,
KD-057-R5,HPV,No,0,0,0,0,KDHSMA,No,No,
KD-057-R5,IPV,No,0,0,0,0,LGA,No,Yes,Scheduled routine immunization session
KD-057-R5,MR,No,0,0,0,0,LGA,No,Yes,Outreach session held this week
KD-057-R5,MEN A,Yes,5,19,15,9,LGA,No,No,
KD-057-R5,MCV,Yes,3,31,25,9,KDHSMA,No,No,
KD-057-R5,OPV,Yes,0,69,22,47,LGA,Yes,Yes,School-based session (HPV)
KD-057-R5,YF,Yes,0,22,9,13,LGA,Yes,No,
KD-057-R5,PENTA,No,17,0,0,17,LGA,No,Yes,Scheduled routine immunization session
KD-057-R5,ROTA,No,0,0,0,0,LGA,No,Yes,School-based session (HPV)
KD-057-R5,PCV,No,0,0,0,0,LGA,No,Yes,Scheduled routine immunization session
KD-057-R6,BCG,Yes,25,32,41,16,LGA,Yes,No,
KD-057-R6,HPV,No,0,0,0,0,Zipline,No,No,
KD-057-R6,IPV,Yes,0,33,10,23,KDHSMA,Yes,Yes,Outreach session held this week
KD-057-R6,MR,No,0,17,0,17,LGA,No,Yes,Catch-up campaign
KD-057-R6,MEN A,Yes,15,0,4,11,LGA,Yes,No,
KD-057-R6,MCV,Yes,25,0,13,12,KDHSMA,Yes,No,
KD-057-R6,OPV,No,22,0,0,22,LGA,No,Yes,Scheduled routine immunization session
KD-057-R6,YF,Yes,9,31,29,11,LGA,Yes,No,
KD-057-R6,PENTA,No,0,0,0,0,LGA,No,Yes,High birth cohort this week
KD-057-R6,ROTA,Yes,0,50,8,42,Zipline,Yes,Yes,Catch-up campaign
KD-057-R6,PCV,Yes,0,71,37,34,LGA,Yes,No,
KD-058-R1,BCG,No,13,0,0,13,LGA,No,Yes,Scheduled routine immunization session
KD-058-R1,HPV,No,1,7,0,8,LGA,No,Yes,School-based session (HPV)
KD-058-R1,IPV,Yes,22,0,4,18,LGA,Yes,Yes,Scheduled routine immunization session
KD-058-R1,MR,Yes,14,16,20,10,LGA,Yes,Yes,Scheduled routine immunization session
KD-058-R1,MEN A,Yes,12,17,19,10,LGA,Yes,Yes,Scheduled routine immunization session
KD-058-R1,MCV,No,4,0,0,4,LGA,No,Yes,Scheduled routine immunization session
KD-058-R1,OPV,Yes,60,0,40,20,KDHSMA,Yes,No,
KD-058-R1,YF,Yes,13,16,15,14,LGA,Yes,Yes,Scheduled routine immunization session
KD-058-R1,PENTA,Yes,8,50,33,25,KDHSMA,Yes,Yes,Scheduled routine immunization session
KD-058-R1,ROTA,Yes,34,0,17,17,LGA,Yes,Yes,Outreach session held this week
KD-058-R1,PCV,Yes,65,0,38,27,LGA,Yes,Yes,Scheduled routine immunization session
KD-058-R2,BCG,No,0,0,0,0,LGA,No,Yes,Scheduled routine immunization session
KD-058-R2,HPV,No,0,0,0,0,KDHSMA,No,Yes,Outreach session held this week
KD-058-R2,IPV,No,4,0,0,4,LGA,No,No,
KD-058-R2,MR,Yes,20,0,9,11,LGA,Yes,Yes,Scheduled routine immunization session
KD-058-R2,MEN A,Yes,19,0,7,12,Zipline,No,Yes,Scheduled routine immunization session
KD-058-R2,MCV,Yes,0,11,1,10,KDHSMA,Yes,Yes,Scheduled routine immunization session
KD-058-R2,OPV,Yes,40,0,9,31,LGA,Yes,Yes,Scheduled routine immunization session
KD-058-R2,YF,Yes,15,0,6,9,LGA,Yes,Yes,Scheduled routine immunization session
KD-058-R2,PENTA,No,33,0,0,33,LGA,No,Yes,Catch-up campaign
KD-058-R2,ROTA,No,17,0,0,17,LGA,No,Yes,Scheduled routine immunization session
KD-058-R2,PCV,Yes,38,0,16,22,KDHSMA,Yes,No,
KD-058-R3,BCG,Yes,0,22,11,11,LGA,Yes,Yes,Scheduled routine immunization session
KD-058-R3,HPV,No,0,0,0,0,LGA,No,No,
KD-058-R3,IPV,No,0,0,0,0,LGA,No,No,
KD-058-R3,MR,Yes,9,0,3,6,LGA,Yes,No,
KD-058-R3,MEN A,No,7,0,0,7,LGA,No,Yes,Scheduled routine immunization session
KD-058-R3,MCV,Yes,1,14,9,6,LGA,Yes,No,
KD-058-R3,OPV,No,9,0,0,9,KDHSMA,No,Yes,Scheduled routine immunization session
KD-058-R3,YF,No,6,0,0,6,LGA,No,Yes,Scheduled routine immunization session
KD-058-R3,PENTA,No,0,0,0,0,Zipline,No,Yes,Scheduled routine immunization session
KD-058-R3,ROTA,No,0,0,0,0,LGA,No,Yes,School-based session (HPV)
KD-058-R3,PCV,No,16,0,0,16,KDHSMA,No,No,
KD-058-R4,BCG,No,11,0,0,11,LGA,No,Yes,Scheduled routine immunization session
KD-058-R4,HPV,No,0,0,0,0,LGA,No,Yes,Scheduled routine immunization session
KD-058-R4,IPV,No,0,0,0,0,LGA,No,Yes,Catch-up campaign
KD-058-R4,MR,Yes,3,20,14,9,KDHSMA,No,Yes,Scheduled routine immunization session
KD-058-R4,MEN A,No,0,0,0,0,LGA,No,Yes,Scheduled routine immunization session
KD-058-R4,MCV,Yes,9,16,17,8,LGA,Yes,No,
KD-058-R4,OPV,No,0,0,0,0,LGA,No,No,
KD-058-R4,YF,Yes,0,19,10,9,KDHSMA,Yes,Yes,Scheduled routine immunization session
KD-058-R4,PENTA,Yes,0,49,19,30,Zipline,Yes,Yes,Catch-up campaign
KD-058-R4,ROTA,Yes,0,25,9,16,Zipline,Yes,No,
KD-058-R4,PCV,Yes,0,44,17,27,LGA,Yes,Yes,School-based session (HPV)
KD-058-R5,BCG,No,0,0,0,0,LGA,No,Yes,Scheduled routine immunization session
KD-058-R5,HPV,No,0,0,0,0,Zipline,No,Yes,School-based session (HPV)
KD-058-R5,IPV,No,0,0,0,0,LGA,No,Yes,Outreach session held this week
KD-058-R5,MR,Yes,14,12,13,13,LGA,Yes,Yes,Outreach session held this week
KD-058-R5,MEN A,Yes,0,10,4,6,LGA,Yes,No,
KD-058-R5,MCV,Yes,17,16,24,9,LGA,Yes,Yes,School-based session (HPV)
KD-058-R5,OPV,No,0,0,0,0,KDHSMA,No,Yes,Outreach session held this week
KD-058-R5,YF,Yes,10,0,1,9,KDHSMA,Yes,Yes,Outreach session held this week
KD-058-R5,PENTA,Yes,19,44,28,35,LGA,Yes,Yes,Catch-up campaign
KD-058-R5,ROTA,Yes,9,28,26,11,LGA,No,No,
KD-058-R5,PCV,No,17,0,0,17,LGA,No,Yes,Scheduled routine immunization session
KD-058-R6,BCG,Yes,0,19,7,12,LGA,Yes,Yes,Catch-up campaign
KD-058-R6,HPV,No,0,0,0,0,LGA,No,Yes,School-based session (HPV)
KD-058-R6,IPV,No,0,0,0,0,LGA,No,Yes,Scheduled routine immunization session
KD-058-R6,MR,Yes,13,0,2,11,LGA,Yes,Yes,Scheduled routine immunization session
KD-058-R6,MEN A,Yes,4,10,3,11,KDHSMA,Yes,Yes,Outreach session held this week
KD-058-R6,MCV,Yes,24,17,33,8,KDHSMA,Yes,No,
KD-058-R6,OPV,No,0,0,0,0,LGA,No,No,
KD-058-R6,YF,Yes,1,12,5,8,LGA,Yes,No,
KD-058-R6,PENTA,Yes,28,33,35,26,KDHSMA,Yes,Yes,Scheduled routine immunization session
KD-058-R6,ROTA,Yes,26,0,4,22,Zipline,Yes,Yes,Scheduled routine immunization session
KD-058-R6,PCV,Yes,0,40,19,21,LGA,Yes,No,
KD-060-R1,BCG,Yes,30,27,42,15,Zipline,Yes,Yes,Scheduled routine immunization session
KD-060-R1,HPV,Yes,13,0,9,4,LGA,Yes,No,
KD-060-R1,IPV,Yes,19,0,10,9,Zipline,Yes,No,
KD-060-R1,MR,Yes,17,0,12,5,LGA,Yes,No,
KD-060-R1,MEN A,Yes,11,14,14,11,KDHSMA,Yes,Yes,Scheduled routine immunization session
KD-060-R1,MCV,Yes,16,9,17,8,LGA,Yes,No,
KD-060-R1,OPV,Yes,4,51,36,19,LGA,Yes,No,
KD-060-R1,YF,No,2,0,0,2,LGA,No,Yes,High birth cohort this week
KD-060-R1,PENTA,No,0,0,0,0,LGA,No,No,
KD-060-R1,ROTA,Yes,66,0,48,18,KDHSMA,Yes,Yes,Scheduled routine immunization session
KD-060-R1,PCV,Yes,51,0,29,22,LGA,Yes,No,
KD-060-R2,BCG,Yes,42,12,47,7,LGA,Yes,No,
KD-060-R2,HPV,Yes,9,0,3,6,KDHSMA,Yes,No,
KD-060-R2,IPV,Yes,10,0,6,4,LGA,No,No,
KD-060-R2,MR,Yes,12,0,2,10,LGA,Yes,Yes,Outreach session held this week
KD-060-R2,MEN A,Yes,14,0,5,9,LGA,Yes,Yes,Outreach session held this week
KD-060-R2,MCV,Yes,17,16,25,8,LGA,No,No,
KD-060-R2,OPV,Yes,36,51,52,35,LGA,Yes,Yes,Scheduled routine immunization session
KD-060-R2,YF,No,0,0,0,0,Zipline,No,Yes,Scheduled routine immunization session
KD-060-R2,PENTA,Yes,0,51,17,34,KDHSMA,Yes,Yes,Outreach session held this week
KD-060-R2,ROTA,Yes,48,35,58,25,LGA,Yes,Yes,Catch-up campaign
KD-060-R2,PCV,Yes,29,44,42,31,LGA,Yes,Yes,Scheduled routine immunization session
KD-060-R3,BCG,Yes,47,0,37,10,LGA,Yes,No,
KD-060-R3,HPV,No,3,0,0,3,LGA,No,Yes,Outreach session held this week
KD-060-R3,IPV,No,6,0,0,6,LGA,No,No,
KD-060-R3,MR,No,2,0,0,2,LGA,No,No,
KD-060-R3,MEN A,No,5,0,0,5,LGA,No,Yes,Scheduled routine immunization session
KD-060-R3,MCV,Yes,25,0,17,8,LGA,Yes,No,
KD-060-R3,OPV,Yes,52,46,71,27,LGA,Yes,Yes,Outreach session held this week
KD-060-R3,YF,Yes,0,13,2,11,LGA,Yes,Yes,High birth cohort this week
KD-060-R3,PENTA,Yes,17,49,45,21,LGA,Yes,No,
KD-060-R3,ROTA,Yes,58,0,41,17,LGA,Yes,Yes,Catch-up campaign
KD-060-R3,PCV,Yes,42,0,12,30,LGA,No,Yes,Scheduled routine immunization session
KD-060-R4,BCG,Yes,37,0,21,16,KDHSMA,Yes,Yes,Catch-up campaign
KD-060-R4,HPV,No,0,0,0,0,LGA,No,Yes,Catch-up campaign
KD-060-R4,IPV,Yes,0,27,14,13,LGA,Yes,Yes,Scheduled routine immunization session
KD-060-R4,MR,No,0,0,0,0,KDHSMA,No,Yes,Outreach session held this week
KD-060-R4,MEN A,No,0,0,0,0,LGA,No,Yes,Scheduled routine immunization session
KD-060-R4,MCV,Yes,17,0,9,8,LGA,Yes,No,
KD-060-R4,OPV,Yes,71,0,49,22,LGA,Yes,No,
KD-060-R4,YF,No,2,0,0,2,LGA,No,No,
KD-060-R4,PENTA,Yes,45,0,16,29,LGA,Yes,Yes,Scheduled routine immunization session
KD-060-R4,ROTA,Yes,41,32,53,20,LGA,Yes,Yes,Outreach session held this week
KD-060-R4,PCV,No,12,0,0,12,LGA,No,No,
KD-060-R5,BCG,Yes,21,0,9,12,LGA,Yes,Yes,Scheduled routine immunization session
KD-060-R5,HPV,No,0,0,0,0,LGA,No,No,
KD-060-R5,IPV,No,14,0,0,14,LGA,No,Yes,Outreach session held this week
KD-060-R5,MR,No,0,0,0,0,LGA,No,No,
KD-060-R5,MEN A,No,0,0,0,0,LGA,No,No,
KD-060-R5,MCV,No,9,0,0,9,KDHSMA,No,Yes,Scheduled routine immunization session
KD-060-R5,OPV,Yes,49,0,18,31,Zipline,Yes,Yes,School-based session (HPV)
KD-060-R5,YF,No,0,0,0,0,Zipline,No,Yes,Scheduled routine immunization session
KD-060-R5,PENTA,No,16,0,0,16,LGA,No,Yes,Catch-up campaign
KD-060-R5,ROTA,Yes,53,0,33,20,KDHSMA,Yes,Yes,Scheduled routine immunization session
KD-060-R5,PCV,No,0,0,0,0,LGA,No,Yes,Scheduled routine immunization session
KD-060-R6,BCG,Yes,9,0,2,7,LGA,Yes,No,
KD-060-R6,HPV,Yes,0,14,4,10,LGA,Yes,Yes,Scheduled routine immunization session
KD-060-R6,IPV,No,0,0,0,0,Zipline,No,Yes,School-based session (HPV)
KD-060-R6,MR,No,0,0,0,0,LGA,No,Yes,School-based session (HPV)
KD-060-R6,MEN A,No,0,7,0,7,LGA,No,Yes,Scheduled routine immunization session
KD-060-R6,MCV,No,0,0,0,0,LGA,No,Yes,Outreach session held this week
KD-060-R6,OPV,No,18,0,0,18,LGA,No,No,
KD-060-R6,YF,Yes,0,16,7,9,KDHSMA,Yes,Yes,Scheduled routine immunization session
KD-060-R6,PENTA,No,0,0,0,0,LGA,No,Yes,Scheduled routine immunization session
KD-060-R6,ROTA,Yes,33,24,47,10,LGA,Yes,No,
KD-060-R6,PCV,Yes,0,40,17,23,LGA,Yes,No,
KD-061-R1,BCG,Yes,56,0,40,16,KDHSMA,Yes,No,
KD-061-R1,HPV,No,10,0,0,10,LGA,No,Yes,School-based session (HPV)
KD-061-R1,IPV,Yes,65,0,41,24,Zipline,Yes,Yes,Scheduled routine immunization session
KD-061-R1,MR,Yes,41,0,25,16,LGA,Yes,Yes,Scheduled routine immunization session
KD-061-R1,MEN A,Yes,17,0,4,13,LGA,Yes,Yes,High birth cohort this week
KD-061-R1,MCV,Yes,32,0,16,16,LGA,Yes,Yes,Catch-up campaign
KD-061-R1,OPV,Yes,73,0,38,35,LGA,No,No,
KD-061-R1,YF,Yes,19,0,14,5,LGA,Yes,No,
KD-061-R1,PENTA,Yes,100,0,55,45,Zipline,Yes,Yes,Scheduled routine immunization session
KD-061-R1,ROTA,No,9,0,0,9,LGA,No,No,
KD-061-R1,PCV,Yes,69,0,23,46,Zipline,No,Yes,Outreach session held this week
KD-061-R2,BCG,Yes,40,0,22,18,LGA,Yes,No,
KD-061-R2,HPV,Yes,0,22,12,10,LGA,No,No,
KD-061-R2,IPV,Yes,41,38,50,29,Zipline,No,Yes,Scheduled routine immunization session
KD-061-R2,MR,Yes,25,0,13,12,LGA,Yes,No,
KD-061-R2,MEN A,Yes,4,23,17,10,LGA,Yes,No,
KD-061-R2,MCV,No,16,0,0,16,Zipline,No,Yes,Scheduled routine immunization session
KD-061-R2,OPV,Yes,38,72,60,50,Zipline,Yes,Yes,Scheduled routine immunization session
KD-061-R2,YF,Yes,14,20,16,18,LGA,Yes,Yes,Scheduled routine immunization session
KD-061-R2,PENTA,Yes,55,68,80,43,LGA,Yes,Yes,Scheduled routine immunization session
KD-061-R2,ROTA,No,0,0,0,0,LGA,No,No,
KD-061-R2,PCV,No,23,0,0,23,LGA,No,No,
KD-061-R3,BCG,No,22,0,0,22,LGA,No,Yes,Scheduled routine immunization session
KD-061-R3,HPV,Yes,12,13,14,11,KDHSMA,Yes,No,
KD-061-R3,IPV,Yes,50,0,33,17,LGA,Yes,No,
KD-061-R3,MR,No,13,0,0,13,LGA,No,Yes,Scheduled routine immunization session
KD-061-R3,MEN A,Yes,17,0,7,10,LGA,Yes,No,
KD-061-R3,MCV,Yes,0,18,3,15,Zipline,Yes,Yes,Scheduled routine immunization session
KD-061-R3,OPV,Yes,60,0,2,58,KDHSMA,Yes,Yes,Scheduled routine immunization session
KD-061-R3,YF,Yes,16,33,36,13,LGA,Yes,No,
KD-061-R3,PENTA,Yes,80,77,119,38,LGA,Yes,No,
KD-061-R3,ROTA,Yes,0,49,21,28,LGA,Yes,Yes,Scheduled routine immunization session
KD-061-R3,PCV,Yes,0,78,37,41,LGA,Yes,Yes,Outreach session held this week
KD-061-R4,BCG,Yes,0,34,14,20,Zipline,Yes,Yes,Scheduled routine immunization session
KD-061-R4,HPV,Yes,14,0,6,8,LGA,Yes,No,
KD-061-R4,IPV,Yes,33,39,49,23,LGA,Yes,Yes,Outreach session held this week
KD-061-R4,MR,No,0,0,0,0,Zipline,No,No,
KD-061-R4,MEN A,Yes,7,22,16,13,LGA,Yes,Yes,School-based session (HPV)
KD-061-R4,MCV,No,3,0,0,3,LGA,No,No,
KD-061-R4,OPV,Yes,2,92,48,46,Zipline,Yes,Yes,Scheduled routine immunization session
KD-061-R4,YF,Yes,36,26,51,11,LGA,No,No,
KD-061-R4,PENTA,Yes,119,0,69,50,LGA,Yes,Yes,School-based session (HPV)
KD-061-R4,ROTA,No,21,0,0,21,LGA,No,Yes,Outreach session held this week
KD-061-R4,PCV,No,37,0,0,37,Zipline,No,Yes,Scheduled routine immunization session
KD-061-R5,BCG,No,14,0,0,14,LGA,No,Yes,Scheduled routine immunization session
KD-061-R5,HPV,No,6,0,0,6,Zipline,No,Yes,Scheduled routine immunization session
KD-061-R5,IPV,Yes,49,38,56,31,LGA,Yes,Yes,Scheduled routine immunization session
KD-061-R5,MR,No,0,0,0,0,KDHSMA,No,Yes,School-based session (HPV)
KD-061-R5,MEN A,No,16,0,0,16,KDHSMA,No,Yes,Scheduled routine immunization session
KD-061-R5,MCV,No,0,0,0,0,KDHSMA,No,No,
KD-061-R5,OPV,Yes,48,0,2,46,KDHSMA,Yes,Yes,Scheduled routine immunization session
KD-061-R5,YF,Yes,51,0,38,13,LGA,Yes,No,
KD-061-R5,PENTA,Yes,69,0,29,40,Zipline,Yes,No,
KD-061-R5,ROTA,Yes,0,50,18,32,LGA,Yes,Yes,School-based session (HPV)
KD-061-R5,PCV,No,0,0,0,0,LGA,No,Yes,Scheduled routine immunization session
KD-061-R6,BCG,Yes,0,38,18,20,KDHSMA,No,Yes,Outreach session held this week
KD-061-R6,HPV,No,0,0,0,0,LGA,No,Yes,High birth cohort this week
KD-061-R6,IPV,Yes,56,0,33,23,LGA,Yes,Yes,Scheduled routine immunization session
KD-061-R6,MR,No,0,0,0,0,LGA,No,No,
KD-061-R6,MEN A,No,0,0,0,0,Zipline,No,Yes,Outreach session held this week
KD-061-R6,MCV,No,0,0,0,0,LGA,No,No,
KD-061-R6,OPV,No,2,0,0,2,KDHSMA,No,Yes,Scheduled routine immunization session
KD-061-R6,YF,Yes,38,26,54,10,LGA,Yes,No,
KD-061-R6,PENTA,No,29,0,0,29,LGA,No,Yes,Scheduled routine immunization session
KD-061-R6,ROTA,No,18,0,0,18,LGA,No,Yes,School-based session (HPV)
KD-061-R6,PCV,No,0,0,0,0,LGA,No,Yes,Scheduled routine immunization session
KD-063-R1,BCG,Yes,0,35,21,14,KDHSMA,Yes,No,
KD-063-R1,HPV,Yes,29,0,21,8,LGA,Yes,No,
KD-063-R1,IPV,Yes,75,0,52,23,LGA,Yes,Yes,Scheduled routine immunization session
KD-063-R1,MR,No,25,0,0,25,LGA,No,Yes,Scheduled routine immunization session
KD-063-R1,MEN A,Yes,27,0,20,7,LGA,Yes,No,
KD-063-R1,MCV,Yes,14,0,1,13,LGA,Yes,No,
KD-063-R1,OPV,Yes,93,74,123,44,KDHSMA,No,Yes,Scheduled routine immunization session
KD-063-R1,YF,Yes,39,27,48,18,KDHSMA,No,Yes,Scheduled routine immunization session
KD-063-R1,PENTA,Yes,63,0,5,58,KDHSMA,Yes,Yes,School-based session (HPV)
KD-063-R1,ROTA,No,5,0,0,5,LGA,No,Yes,Scheduled routine immunization session
KD-063-R1,PCV,Yes,99,0,54,45,LGA,Yes,Yes,Catch-up campaign
KD-063-R2,BCG,Yes,21,28,26,23,KDHSMA,Yes,Yes,Scheduled routine immunization session
KD-063-R2,HPV,Yes,21,0,9,12,KDHSMA,Yes,Yes,School-based session (HPV)
KD-063-R2,IPV,Yes,52,45,73,24,Zipline,Yes,Yes,Catch-up campaign
KD-063-R2,MR,Yes,0,29,17,12,LGA,Yes,No,
KD-063-R2,MEN A,Yes,20,20,27,13,Zipline,Yes,Yes,Scheduled routine immunization session
KD-063-R2,MCV,No,1,0,0,1,LGA,No,Yes,Scheduled routine immunization session
KD-063-R2,OPV,Yes,123,0,83,40,LGA,No,No,
KD-063-R2,YF,Yes,48,17,48,17,LGA,Yes,Yes,Outreach session held this week
KD-063-R2,PENTA,No,5,0,0,5,LGA,No,No,
KD-063-R2,ROTA,Yes,0,40,10,30,Zipline,Yes,Yes,Scheduled routine immunization session
KD-063-R2,PCV,Yes,54,0,4,50,LGA,Yes,Yes,School-based session (HPV)
KD-063-R3,BCG,Yes,26,34,39,21,LGA,Yes,Yes,Scheduled routine immunization session
KD-063-R3,HPV,No,9,0,0,9,LGA,No,Yes,Scheduled routine immunization session
KD-063-R3,IPV,Yes,73,26,76,23,LGA,Yes,Yes,High birth cohort this week
KD-063-R3,MR,No,17,0,0,17,KDHSMA,No,Yes,High birth cohort this week
KD-063-R3,MEN A,Yes,27,0,21,6,LGA,Yes,No,
KD-063-R3,MCV,No,0,0,0,0,KDHSMA,No,Yes,Scheduled routine immunization session
KD-063-R3,OPV,Yes,83,73,99,57,LGA,Yes,Yes,Outreach session held this week
KD-063-R3,YF,Yes,48,0,34,14,LGA,Yes,Yes,School-based session (HPV)
KD-063-R3,PENTA,No,0,0,0,0,LGA,No,Yes,School-based session (HPV)
KD-063-R3,ROTA,No,10,0,0,10,LGA,No,No,
KD-063-R3,PCV,No,4,0,0,4,LGA,No,Yes,Scheduled routine immunization session
KD-063-R4,BCG,Yes,39,36,52,23,LGA,Yes,Yes,Scheduled routine immunization session
KD-063-R4,HPV,No,0,0,0,0,LGA,No,No,
KD-063-R4,IPV,Yes,76,37,90,23,LGA,Yes,Yes,School-based session (HPV)
KD-063-R4,MR,Yes,0,23,9,14,LGA,Yes,Yes,Scheduled routine immunization session
KD-063-R4,MEN A,Yes,21,23,35,9,LGA,Yes,No,
KD-063-R4,MCV,No,0,0,0,0,LGA,No,Yes,Catch-up campaign
KD-063-R4,OPV,Yes,99,0,52,47,LGA,Yes,Yes,Outreach session held this week
KD-063-R4,YF,Yes,34,24,39,19,LGA,Yes,Yes,Scheduled routine immunization session
KD-063-R4,PENTA,Yes,0,70,25,45,LGA,Yes,Yes,Scheduled routine immunization session
KD-063-R4,ROTA,No,0,0,0,0,LGA,No,No,
KD-063-R4,PCV,No,0,0,0,0,KDHSMA,No,Yes,Scheduled routine immunization session
KD-063-R5,BCG,Yes,52,0,36,16,LGA,Yes,No,
KD-063-R5,HPV,No,0,0,0,0,LGA,No,Yes,Catch-up campaign
KD-063-R5,IPV,Yes,90,0,68,22,LGA,Yes,Yes,Scheduled routine immunization session
KD-063-R5,MR,No,9,0,0,9,KDHSMA,No,Yes,Outreach session held this week
KD-063-R5,MEN A,Yes,35,0,29,6,LGA,Yes,No,
KD-063-R5,MCV,Yes,0,27,12,15,Zipline,Yes,Yes,Outreach session held this week
KD-063-R5,OPV,Yes,52,86,99,39,LGA,Yes,No,
KD-063-R5,YF,Yes,39,0,22,17,Zipline,Yes,Yes,Scheduled routine immunization session
KD-063-R5,PENTA,No,25,0,0,25,Zipline,No,No,
KD-063-R5,ROTA,Yes,0,55,25,30,Zipline,Yes,Yes,Scheduled routine immunization session
KD-063-R5,PCV,Yes,0,74,24,50,LGA,Yes,Yes,Outreach session held this week
KD-063-R6,BCG,Yes,36,32,38,30,LGA,Yes,Yes,School-based session (HPV)
KD-063-R6,HPV,No,0,0,0,0,KDHSMA,No,Yes,Catch-up campaign
KD-063-R6,IPV,Yes,68,0,45,23,LGA,Yes,Yes,Catch-up campaign
KD-063-R6,MR,Yes,0,21,7,14,KDHSMA,Yes,Yes,High birth cohort this week
KD-063-R6,MEN A,Yes,29,0,12,17,Zipline,Yes,Yes,High birth cohort this week
KD-063-R6,MCV,Yes,12,20,20,12,LGA,Yes,No,
KD-063-R6,OPV,Yes,99,0,64,35,LGA,Yes,No,
KD-063-R6,YF,Yes,22,24,35,11,LGA,Yes,No,
KD-063-R6,PENTA,No,0,0,0,0,KDHSMA,No,Yes,High birth cohort this week
KD-063-R6,ROTA,Yes,25,30,22,33,LGA,Yes,Yes,School-based session (HPV)
KD-063-R6,PCV,Yes,24,67,40,51,LGA,Yes,Yes,Outreach session held this week
KD-066-R1,BCG,Yes,34,0,21,13,Zipline,Yes,Yes,Scheduled routine immunization session
KD-066-R1,HPV,No,5,0,0,5,Zipline,No,Yes,School-based session (HPV)
KD-066-R1,IPV,Yes,11,0,5,6,KDHSMA,Yes,No,
KD-066-R1,MR,Yes,16,0,3,13,LGA,No,Yes,Scheduled routine immunization session
KD-066-R1,MEN A,No,6,0,0,6,LGA,No,Yes,School-based session (HPV)
KD-066-R1,MCV,Yes,17,0,6,11,KDHSMA,Yes,Yes,Outreach session held this week
KD-066-R1,OPV,Yes,33,0,13,20,LGA,Yes,No,
KD-066-R1,YF,Yes,14,0,8,6,KDHSMA,Yes,No,
KD-066-R1,PENTA,Yes,37,0,12,25,Zipline,Yes,Yes,Scheduled routine immunization session
KD-066-R1,ROTA,No,0,0,0,0,LGA,No,No,
KD-066-R1,PCV,Yes,52,0,25,27,LGA,Yes,Yes,Outreach session held this week
KD-066-R2,BCG,Yes,21,0,5,16,LGA,Yes,Yes,Scheduled routine immunization session
KD-066-R2,HPV,No,0,0,0,0,Zipline,No,No,
KD-066-R2,IPV,No,5,0,0,5,LGA,No,No,
KD-066-R2,MR,Yes,3,11,2,12,Zipline,Yes,Yes,Scheduled routine immunization session
KD-066-R2,MEN A,No,0,0,0,0,LGA,No,No,
KD-066-R2,MCV,Yes,6,0,1,5,LGA,Yes,No,
KD-066-R2,OPV,Yes,13,31,19,25,LGA,Yes,Yes,High birth cohort this week
KD-066-R2,YF,No,8,0,0,8,KDHSMA,No,Yes,High birth cohort this week
KD-066-R2,PENTA,No,12,0,0,12,LGA,No,No,
KD-066-R2,ROTA,No,0,0,0,0,LGA,No,Yes,School-based session (HPV)
KD-066-R2,PCV,No,25,0,0,25,LGA,No,Yes,Scheduled routine immunization session
KD-066-R3,BCG,No,5,0,0,5,LGA,No,Yes,Scheduled routine immunization session
KD-066-R3,HPV,No,0,0,0,0,LGA,No,Yes,School-based session (HPV)
KD-066-R3,IPV,Yes,0,22,6,16,LGA,No,Yes,Outreach session held this week
KD-066-R3,MR,No,2,0,0,2,LGA,No,Yes,High birth cohort this week
KD-066-R3,MEN A,Yes,0,13,5,8,KDHSMA,No,Yes,Scheduled routine immunization session
KD-066-R3,MCV,No,1,0,0,1,LGA,No,No,
KD-066-R3,OPV,Yes,19,48,44,23,LGA,Yes,No,
KD-066-R3,YF,No,0,0,0,0,LGA,No,No,
KD-066-R3,PENTA,Yes,0,44,18,26,LGA,No,Yes,Scheduled routine immunization session
KD-066-R3,ROTA,Yes,0,27,17,10,LGA,Yes,No,
KD-066-R3,PCV,No,0,0,0,0,KDHSMA,No,No,
KD-066-R4,BCG,Yes,0,20,12,8,KDHSMA,Yes,No,
KD-066-R4,HPV,No,0,0,0,0,KDHSMA,No,Yes,School-based session (HPV)
KD-066-R4,IPV,Yes,6,20,15,11,LGA,Yes,No,
KD-066-R4,MR,No,0,0,0,0,LGA,No,No,
KD-066-R4,MEN A,No,5,0,0,5,Zipline,No,No,
KD-066-R4,MCV,Yes,0,14,4,10,LGA,Yes,Yes,Catch-up campaign
KD-066-R4,OPV,Yes,44,0,23,21,LGA,Yes,No,
KD-066-R4,YF,Yes,0,19,12,7,LGA,Yes,No,
KD-066-R4,PENTA,No,18,0,0,18,LGA,No,Yes,School-based session (HPV)
KD-066-R4,ROTA,No,17,0,0,17,KDHSMA,No,Yes,Scheduled routine immunization session
KD-066-R4,PCV,No,0,0,0,0,LGA,No,Yes,Catch-up campaign
KD-066-R5,BCG,No,12,0,0,12,LGA,No,Yes,High birth cohort this week
KD-066-R5,HPV,No,0,0,0,0,LGA,No,No,
KD-066-R5,IPV,No,15,0,0,15,LGA,No,Yes,High birth cohort this week
KD-066-R5,MR,No,0,0,0,0,LGA,No,Yes,Scheduled routine immunization session
KD-066-R5,MEN A,No,0,0,0,0,Zipline,No,Yes,School-based session (HPV)
KD-066-R5,MCV,No,4,0,0,4,Zipline,No,Yes,Outreach session held this week
KD-066-R5,OPV,No,23,0,0,23,LGA,No,Yes,High birth cohort this week
KD-066-R5,YF,Yes,12,11,8,15,LGA,Yes,Yes,Catch-up campaign
KD-066-R5,PENTA,No,0,0,0,0,LGA,No,Yes,Scheduled routine immunization session
KD-066-R5,ROTA,Yes,0,36,26,10,LGA,Yes,No,
KD-066-R5,PCV,No,0,0,0,0,LGA,No,Yes,Scheduled routine immunization session
KD-066-R6,BCG,No,0,0,0,0,LGA,No,No,
KD-066-R6,HPV,No,0,0,0,0,LGA,No,Yes,School-based session (HPV)
KD-066-R6,IPV,Yes,0,22,7,15,KDHSMA,Yes,Yes,Catch-up campaign
KD-066-R6,MR,No,0,9,0,9,LGA,No,Yes,Scheduled routine immunization session
KD-066-R6,MEN A,No,0,0,0,0,LGA,No,No,
KD-066-R6,MCV,Yes,0,15,7,8,LGA,Yes,No,
KD-066-R6,OPV,No,0,0,0,0,KDHSMA,No,No,
KD-066-R6,YF,Yes,8,13,14,7,LGA,Yes,No,
KD-066-R6,PENTA,Yes,0,44,18,26,LGA,No,Yes,High birth cohort this week
KD-066-R6,ROTA,Yes,26,0,9,17,Zipline,Yes,Yes,High birth cohort this week
KD-066-R6,PCV,Yes,0,47,16,31,LGA,Yes,Yes,School-based session (HPV)
KD-067-R1,BCG,No,3,0,0,3,KDHSMA,No,Yes,Scheduled routine immunization session
KD-067-R1,HPV,No,8,0,0,8,Zipline,No,No,
KD-067-R1,IPV,Yes,63,35,81,17,LGA,Yes,No,
KD-067-R1,MR,Yes,16,22,21,17,LGA,Yes,Yes,Catch-up campaign
KD-067-R1,MEN A,Yes,27,17,28,16,LGA,Yes,Yes,Scheduled routine immunization session
KD-067-R1,MCV,Yes,29,30,45,14,LGA,Yes,Yes,Outreach session held this week
KD-067-R1,OPV,Yes,155,0,115,40,Zipline,Yes,No,
KD-067-R1,YF,Yes,34,18,35,17,LGA,No,Yes,High birth cohort this week
KD-067-R1,PENTA,Yes,75,69,111,33,KDHSMA,Yes,No,
KD-067-R1,ROTA,No,23,0,0,23,Zipline,No,Yes,Scheduled routine immunization session
KD-067-R1,PCV,No,0,0,0,0,LGA,No,No,
KD-067-R2,BCG,No,0,0,0,0,LGA,No,No,
KD-067-R2,HPV,No,0,0,0,0,LGA,No,Yes,Catch-up campaign
KD-067-R2,IPV,Yes,81,0,62,19,LGA,Yes,No,
KD-067-R2,MR,Yes,21,0,8,13,LGA,No,No,
KD-067-R2,MEN A,Yes,28,0,13,15,LGA,Yes,Yes,High birth cohort this week
KD-067-R2,MCV,Yes,45,16,48,13,LGA,Yes,No,
KD-067-R2,OPV,Yes,115,63,135,43,Zipline,Yes,Yes,Catch-up campaign
KD-067-R2,YF,Yes,35,17,33,19,LGA,Yes,Yes,Scheduled routine immunization session
KD-067-R2,PENTA,Yes,111,61,131,41,LGA,Yes,Yes,Scheduled routine immunization session
KD-067-R2,ROTA,Yes,0,39,2,37,LGA,Yes,Yes,Scheduled routine immunization session
KD-067-R2,PCV,Yes,0,74,40,34,Zipline,Yes,No,
KD-067-R3,BCG,No,0,0,0,0,Zipline,No,No,
KD-067-R3,HPV,No,0,0,0,0,LGA,No,No,
KD-067-R3,IPV,Yes,62,0,47,15,LGA,Yes,No,
KD-067-R3,MR,No,8,0,0,8,Zipline,No,No,
KD-067-R3,MEN A,Yes,13,0,2,11,LGA,Yes,No,
KD-067-R3,MCV,Yes,48,0,35,13,LGA,Yes,No,
KD-067-R3,OPV,Yes,135,80,169,46,LGA,No,Yes,Scheduled routine immunization session
KD-067-R3,YF,Yes,33,0,16,17,KDHSMA,Yes,Yes,Scheduled routine immunization session
KD-067-R3,PENTA,Yes,131,68,155,44,KDHSMA,No,Yes,Scheduled routine immunization session
KD-067-R3,ROTA,Yes,2,52,21,33,KDHSMA,Yes,Yes,High birth cohort this week
KD-067-R3,PCV,Yes,40,87,81,46,LGA,Yes,Yes,High birth cohort this week
KD-067-R4,BCG,Yes,0,34,14,20,LGA,Yes,Yes,High birth cohort this week
KD-067-R4,HPV,Yes,0,25,7,18,Zipline,No,Yes,School-based session (HPV)
KD-067-R4,IPV,Yes,47,0,33,14,KDHSMA,Yes,No,
KD-067-R4,MR,Yes,0,38,28,10,LGA,Yes,No,
KD-067-R4,MEN A,No,2,0,0,2,LGA,No,Yes,School-based session (HPV)
KD-067-R4,MCV,Yes,35,0,19,16,KDHSMA,Yes,Yes,Scheduled routine immunization session
KD-067-R4,OPV,Yes,169,0,118,51,LGA,Yes,Yes,Scheduled routine immunization session
KD-067-R4,YF,No,16,0,0,16,LGA,No,Yes,Scheduled routine immunization session
KD-067-R4,PENTA,Yes,155,92,217,30,LGA,Yes,No,
KD-067-R4,ROTA,No,21,0,0,21,LGA,No,No,
KD-067-R4,PCV,Yes,81,77,114,44,LGA,Yes,Yes,Scheduled routine immunization session
KD-067-R5,BCG,No,14,0,0,14,LGA,No,Yes,Scheduled routine immunization session
KD-067-R5,HPV,Yes,7,28,20,15,LGA,Yes,Yes,School-based session (HPV)
KD-067-R5,IPV,Yes,33,31,42,22,KDHSMA,Yes,Yes,Scheduled routine immunization session
KD-067-R5,MR,Yes,28,0,11,17,Zipline,Yes,Yes,Scheduled routine immunization session
KD-067-R5,MEN A,No,0,0,0,0,LGA,No,Yes,Scheduled routine immunization session
KD-067-R5,MCV,Yes,19,25,32,12,LGA,Yes,No,
KD-067-R5,OPV,Yes,118,79,154,43,LGA,Yes,Yes,Outreach session held this week
KD-067-R5,YF,Yes,0,28,17,11,KDHSMA,Yes,No,
KD-067-R5,PENTA,Yes,217,83,261,39,LGA,Yes,No,
KD-067-R5,ROTA,Yes,0,46,12,34,Zipline,Yes,Yes,School-based session (HPV)
KD-067-R5,PCV,Yes,114,0,73,41,Zipline,Yes,Yes,Scheduled routine immunization session
KD-067-R6,BCG,Yes,0,22,6,16,LGA,Yes,No,
KD-067-R6,HPV,Yes,20,28,35,13,LGA,Yes,Yes,School-based session (HPV)
KD-067-R6,IPV,Yes,42,0,24,18,LGA,Yes,No,
KD-067-R6,MR,No,11,0,0,11,LGA,No,Yes,Catch-up campaign
KD-067-R6,MEN A,No,0,14,0,14,Zipline,No,Yes,Scheduled routine immunization session
KD-067-R6,MCV,Yes,32,26,44,14,LGA,Yes,Yes,Scheduled routine immunization session
KD-067-R6,OPV,Yes,154,63,161,56,LGA,No,Yes,Scheduled routine immunization session
KD-067-R6,YF,Yes,17,0,5,12,KDHSMA,Yes,No,
KD-067-R6,PENTA,Yes,261,85,309,37,KDHSMA,Yes,No,
KD-067-R6,ROTA,No,12,0,0,12,KDHSMA,No,Yes,Scheduled routine immunization session
KD-067-R6,PCV,Yes,73,77,106,44,LGA,Yes,Yes,Scheduled routine immunization session
KD-069-R1,BCG,Yes,8,9,12,5,LGA,Yes,No,
KD-069-R1,HPV,No,3,0,0,3,LGA,No,Yes,Scheduled routine immunization session
KD-069-R1,IPV,No,1,0,0,1,LGA,No,Yes,School-based session (HPV)
KD-069-R1,MR,Yes,10,0,5,5,LGA,No,Yes,Scheduled routine immunization session
KD-069-R1,MEN A,Yes,10,0,4,6,LGA,Yes,Yes,School-based session (HPV)
KD-069-R1,MCV,Yes,7,8,9,6,Zipline,Yes,Yes,Scheduled routine immunization session
KD-069-R1,OPV,Yes,17,18,23,12,Zipline,Yes,No,
KD-069-R1,YF,Yes,8,9,13,4,LGA,Yes,No,
KD-069-R1,PENTA,Yes,32,0,15,17,LGA,Yes,Yes,Outreach session held this week
KD-069-R1,ROTA,No,0,9,0,9,LGA,No,Yes,High birth cohort this week
KD-069-R1,PCV,Yes,19,0,5,14,LGA,Yes,No,
KD-069-R2,BCG,Yes,12,0,2,10,Zipline,Yes,Yes,Outreach session held this week
KD-069-R2,HPV,Yes,0,4,2,2,LGA,Yes,No,
KD-069-R2,IPV,No,0,0,0,0,KDHSMA,No,Yes,Scheduled routine immunization session
KD-069-R2,MR,No,5,0,0,5,LGA,No,Yes,Scheduled routine immunization session
KD-069-R2,MEN A,No,4,0,0,4,LGA,No,Yes,High birth cohort this week
KD-069-R2,MCV,Yes,9,7,13,3,LGA,Yes,No,
KD-069-R2,OPV,Yes,23,0,10,13,LGA,Yes,No,
KD-069-R2,YF,Yes,13,6,10,9,Zipline,Yes,Yes,High birth cohort this week
KD-069-R2,PENTA,Yes,15,25,26,14,KDHSMA,Yes,No,
KD-069-R2,ROTA,Yes,0,20,9,11,LGA,Yes,Yes,Scheduled routine immunization session
KD-069-R2,PCV,Yes,5,24,13,16,LGA,Yes,Yes,Scheduled routine immunization session
KD-069-R3,BCG,Yes,2,10,3,9,LGA,Yes,Yes,Scheduled routine immunization session
KD-069-R3,HPV,No,2,6,0,8,LGA,No,Yes,Scheduled routine immunization session
KD-069-R3,IPV,Yes,0,15,6,9,LGA,Yes,Yes,High birth cohort this week
KD-069-R3,MR,No,0,0,0,0,LGA,No,No,
KD-069-R3,MEN A,No,0,0,0,0,LGA,No,Yes,Scheduled routine immunization session
KD-069-R3,MCV,Yes,13,0,8,5,LGA,Yes,Yes,High birth cohort this week
KD-069-R3,OPV,Yes,10,31,30,11,LGA,Yes,No,
KD-069-R3,YF,Yes,10,7,13,4,LGA,Yes,No,
KD-069-R3,PENTA,Yes,26,20,30,16,LGA,Yes,Yes,Scheduled routine immunization session
KD-069-R3,ROTA,Yes,9,21,19,11,Zipline,Yes,Yes,High birth cohort this week
KD-069-R3,PCV,No,13,0,0,13,LGA,No,Yes,Scheduled routine immunization session
KD-069-R4,BCG,Yes,3,19,21,1,LGA,Yes,No,
KD-069-R4,HPV,No,0,0,0,0,KDHSMA,No,No,
KD-069-R4,IPV,Yes,6,18,16,8,KDHSMA,Yes,Yes,Scheduled routine immunization session
KD-069-R4,MR,No,0,0,0,0,LGA,No,Yes,High birth cohort this week
KD-069-R4,MEN A,No,0,0,0,0,LGA,No,No,
KD-069-R4,MCV,Yes,8,13,17,4,LGA,Yes,No,
KD-069-R4,OPV,Yes,30,0,12,18,LGA,Yes,Yes,Scheduled routine immunization session
KD-069-R4,YF,Yes,13,0,7,6,LGA,Yes,Yes,Scheduled routine immunization session
KD-069-R4,PENTA,Yes,30,19,35,14,LGA,Yes,No,
KD-069-R4,ROTA,Yes,19,0,6,13,LGA,No,Yes,Scheduled routine immunization session
KD-069-R4,PCV,Yes,0,19,4,15,LGA,No,Yes,Outreach session held this week
KD-069-R5,BCG,Yes,21,0,16,5,LGA,Yes,No,
KD-069-R5,HPV,No,0,0,0,0,LGA,No,Yes,High birth cohort this week
KD-069-R5,IPV,Yes,16,0,12,4,KDHSMA,Yes,No,
KD-069-R5,MR,No,0,0,0,0,Zipline,No,No,
KD-069-R5,MEN A,No,0,7,0,7,Zipline,No,Yes,Scheduled routine immunization session
KD-069-R5,MCV,Yes,17,6,17,6,Zipline,Yes,Yes,Scheduled routine immunization session
KD-069-R5,OPV,No,12,0,0,12,Zipline,No,No,
KD-069-R5,YF,No,7,0,0,7,LGA,No,Yes,Outreach session held this week
KD-069-R5,PENTA,Yes,35,0,20,15,LGA,Yes,Yes,Scheduled routine immunization session
KD-069-R5,ROTA,No,6,0,0,6,Zipline,No,Yes,Scheduled routine immunization session
KD-069-R5,PCV,No,4,0,0,4,LGA,No,No,
KD-069-R6,BCG,Yes,16,9,19,6,KDHSMA,Yes,No,
KD-069-R6,HPV,No,0,0,0,0,LGA,No,Yes,Scheduled routine immunization session
KD-069-R6,IPV,Yes,12,13,20,5,LGA,Yes,No,
KD-069-R6,MR,No,0,7,0,7,LGA,No,Yes,School-based session (HPV)
KD-069-R6,MEN A,Yes,0,7,3,4,LGA,Yes,Yes,Scheduled routine immunization session
KD-069-R6,MCV,Yes,17,5,19,3,KDHSMA,Yes,No,
KD-069-R6,OPV,Yes,0,26,17,9,KDHSMA,Yes,No,
KD-069-R6,YF,Yes,0,9,4,5,LGA,Yes,Yes,Scheduled routine immunization session
KD-069-R6,PENTA,Yes,20,26,29,17,Zipline,Yes,Yes,Scheduled routine immunization session
KD-069-R6,ROTA,Yes,0,14,7,7,KDHSMA,Yes,No,
KD-069-R6,PCV,No,0,0,0,0,LGA,No,No,
KD-071-R1,BCG,Yes,0,23,6,17,LGA,Yes,No,
KD-071-R1,HPV,Yes,22,18,26,14,KDHSMA,Yes,Yes,School-based session (HPV)
KD-071-R1,IPV,Yes,35,44,55,24,LGA,Yes,Yes,Scheduled routine immunization session
KD-071-R1,MR,Yes,29,0,9,20,KDHSMA,Yes,Yes,Scheduled routine immunization session
KD-071-R1,MEN A,Yes,22,21,34,9,LGA,Yes,No,
KD-071-R1,MCV,Yes,45,0,24,21,LGA,Yes,Yes,Catch-up campaign
KD-071-R1,OPV,Yes,60,79,82,57,Zipline,No,Yes,Outreach session held this week
KD-071-R1,YF,Yes,5,25,15,15,LGA,Yes,Yes,Outreach session held this week
KD-071-R1,PENTA,Yes,134,83,162,55,LGA,Yes,Yes,Scheduled routine immunization session
KD-071-R1,ROTA,Yes,56,0,36,20,LGA,Yes,No,
KD-071-R1,PCV,Yes,115,0,78,37,LGA,Yes,No,
KD-071-R2,BCG,No,6,0,0,6,LGA,No,No,
KD-071-R2,HPV,Yes,26,0,17,9,LGA,Yes,No,
KD-071-R2,IPV,Yes,55,0,35,20,LGA,Yes,No,
KD-071-R2,MR,Yes,9,0,1,8,LGA,Yes,No,
KD-071-R2,MEN A,Yes,34,0,25,9,Zipline,Yes,No,
KD-071-R2,MCV,Yes,24,0,3,21,LGA,Yes,Yes,Scheduled routine immunization session
KD-071-R2,OPV,Yes,82,0,43,39,KDHSMA,Yes,No,
KD-071-R2,YF,Yes,15,29,39,5,LGA,Yes,No,
KD-071-R2,PENTA,Yes,162,0,122,40,LGA,Yes,No,
KD-071-R2,ROTA,Yes,36,61,72,25,LGA,No,No,
KD-071-R2,PCV,Yes,78,0,26,52,LGA,Yes,Yes,School-based session (HPV)
KD-071-R3,BCG,Yes,0,29,4,25,LGA,Yes,Yes,Outreach session held this week
KD-071-R3,HPV,Yes,17,0,6,11,Zipline,Yes,No,
KD-071-R3,IPV,Yes,35,0,7,28,LGA,Yes,Yes,Outreach session held this week
KD-071-R3,MR,No,1,0,0,1,LGA,No,Yes,Scheduled routine immunization session
KD-071-R3,MEN A,Yes,25,0,18,7,LGA,Yes,No,
KD-071-R3,MCV,No,3,0,0,3,Zipline,No,No,
KD-071-R3,OPV,Yes,43,0,4,39,LGA,Yes,No,
KD-071-R3,YF,Yes,39,0,25,14,LGA,Yes,Yes,Scheduled routine immunization session
KD-071-R3,PENTA,Yes,122,0,86,36,LGA,Yes,No,
KD-071-R3,ROTA,Yes,72,53,94,31,LGA,Yes,Yes,Scheduled routine immunization session
KD-071-R3,PCV,No,26,0,0,26,LGA,No,Yes,Outreach session held this week
KD-071-R4,BCG,No,4,0,0,4,KDHSMA,No,Yes,Scheduled routine immunization session
KD-071-R4,HPV,No,6,0,0,6,LGA,No,No,
KD-071-R4,IPV,No,7,0,0,7,LGA,No,Yes,Scheduled routine immunization session
KD-071-R4,MR,Yes,0,26,1,25,LGA,Yes,Yes,Scheduled routine immunization session
KD-071-R4,MEN A,Yes,18,0,4,14,LGA,Yes,Yes,Scheduled routine immunization session
KD-071-R4,MCV,No,0,0,0,0,LGA,No,No,
KD-071-R4,OPV,No,4,0,0,4,LGA,No,Yes,High birth cohort this week
KD-071-R4,YF,Yes,25,0,12,13,LGA,Yes,No,
KD-071-R4,PENTA,Yes,86,72,112,46,LGA,Yes,Yes,Catch-up campaign
KD-071-R4,ROTA,Yes,94,0,65,29,KDHSMA,Yes,Yes,Outreach session held this week
KD-071-R4,PCV,No,0,0,0,0,KDHSMA,No,No,
KD-071-R5,BCG,No,0,0,0,0,KDHSMA,No,No,
KD-071-R5,HPV,Yes,0,20,13,7,LGA,Yes,No,
KD-071-R5,IPV,Yes,0,34,18,16,LGA,Yes,No,
KD-071-R5,MR,No,1,0,0,1,LGA,No,No,
KD-071-R5,MEN A,No,4,0,0,4,LGA,No,Yes,Outreach session held this week
KD-071-R5,MCV,Yes,0,33,15,18,LGA,Yes,Yes,Outreach session held this week
KD-071-R5,OPV,No,0,0,0,0,KDHSMA,No,Yes,Catch-up campaign
KD-071-R5,YF,Yes,12,28,25,15,LGA,Yes,Yes,Outreach session held this week
KD-071-R5,PENTA,Yes,112,0,69,43,LGA,Yes,Yes,Outreach session held this week
KD-071-R5,ROTA,Yes,65,40,78,27,Zipline,Yes,No,
KD-071-R5,PCV,No,0,0,0,0,Zipline,No,Yes,Outreach session held this week
KD-071-R6,BCG,Yes,0,35,20,15,LGA,Yes,No,
KD-071-R6,HPV,No,13,0,0,13,KDHSMA,No,Yes,Scheduled routine immunization session
KD-071-R6,IPV,No,18,0,0,18,KDHSMA,No,Yes,Catch-up campaign
KD-071-R6,MR,No,0,0,0,0,KDHSMA,No,Yes,High birth cohort this week
KD-071-R6,MEN A,Yes,0,27,17,10,KDHSMA,Yes,No,
KD-071-R6,MCV,Yes,15,22,18,19,LGA,Yes,Yes,Scheduled routine immunization session
KD-071-R6,OPV,No,0,0,0,0,KDHSMA,No,Yes,Outreach session held this week
KD-071-R6,YF,Yes,25,21,37,9,LGA,No,No,
KD-071-R6,PENTA,Yes,69,0,22,47,LGA,Yes,Yes,Scheduled routine immunization session
KD-071-R6,ROTA,Yes,78,0,41,37,KDHSMA,Yes,Yes,School-based session (HPV)
KD-071-R6,PCV,No,0,0,0,0,LGA,No,Yes,Scheduled routine immunization session
KD-073-R1,BCG,Yes,44,29,55,18,Zipline,Yes,No,
KD-073-R1,HPV,Yes,33,14,33,14,LGA,No,Yes,Scheduled routine immunization session
KD-073-R1,IPV,Yes,12,39,30,21,Zipline,Yes,Yes,Scheduled routine immunization session
KD-073-R1,MR,Yes,37,23,47,13,LGA,Yes,No,
KD-073-R1,MEN A,Yes,30,20,40,10,LGA,Yes,No,
KD-073-R1,MCV,Yes,27,0,14,13,LGA,Yes,No,
KD-073-R1,OPV,Yes,64,58,67,55,KDHSMA,Yes,Yes,Scheduled routine immunization session
KD-073-R1,YF,No,5,0,0,5,LGA,No,Yes,Scheduled routine immunization session
KD-073-R1,PENTA,Yes,46,77,77,46,LGA,Yes,Yes,Outreach session held this week
KD-073-R1,ROTA,Yes,49,0,16,33,Zipline,Yes,Yes,Outreach session held this week
KD-073-R1,PCV,No,43,0,0,43,KDHSMA,No,Yes,Scheduled routine immunization session
KD-073-R2,BCG,Yes,55,37,73,19,Zipline,Yes,Yes,High birth cohort this week
KD-073-R2,HPV,Yes,33,0,21,12,KDHSMA,Yes,Yes,High birth cohort this week
KD-073-R2,IPV,Yes,30,0,10,20,LGA,Yes,No,
KD-073-R2,MR,Yes,47,24,48,23,Zipline,Yes,Yes,Catch-up campaign
KD-073-R2,MEN A,Yes,40,0,32,8,KDHSMA,Yes,No,
KD-073-R2,MCV,Yes,14,23,22,15,KDHSMA,Yes,Yes,Scheduled routine immunization session
KD-073-R2,OPV,Yes,67,75,101,41,LGA,Yes,Yes,Scheduled routine immunization session
KD-073-R2,YF,No,0,15,0,15,LGA,No,Yes,Scheduled routine immunization session
KD-073-R2,PENTA,Yes,77,64,101,40,LGA,Yes,No,
KD-073-R2,ROTA,Yes,16,40,25,31,LGA,Yes,Yes,Scheduled routine immunization session
KD-073-R2,PCV,No,0,0,0,0,LGA,No,No,
KD-073-R3,BCG,Yes,73,49,99,23,LGA,Yes,Yes,High birth cohort this week
KD-073-R3,HPV,Yes,21,20,24,17,LGA,Yes,Yes,Catch-up campaign
KD-073-R3,IPV,Yes,10,31,13,28,LGA,Yes,Yes,Scheduled routine immunization session
KD-073-R3,MR,Yes,48,0,34,14,Zipline,Yes,Yes,Outreach session held this week
KD-073-R3,MEN A,Yes,32,0,22,10,LGA,Yes,No,
KD-073-R3,MCV,Yes,22,0,2,20,LGA,Yes,Yes,Scheduled routine immunization session
KD-073-R3,OPV,Yes,101,0,56,45,LGA,Yes,Yes,Catch-up campaign
KD-073-R3,YF,No,0,0,0,0,LGA,No,Yes,Scheduled routine immunization session
KD-073-R3,PENTA,Yes,101,59,113,47,LGA,Yes,Yes,School-based session (HPV)
KD-073-R3,ROTA,Yes,25,0,1,24,LGA,Yes,No,
KD-073-R3,PCV,Yes,0,81,26,55,LGA,Yes,Yes,Outreach session held this week
KD-073-R4,BCG,Yes,99,27,106,20,LGA,Yes,Yes,Scheduled routine immunization session
KD-073-R4,HPV,Yes,24,0,5,19,Zipline,Yes,Yes,School-based session (HPV)
KD-073-R4,IPV,Yes,13,31,17,27,KDHSMA,Yes,Yes,Scheduled routine immunization session
KD-073-R4,MR,Yes,34,15,25,24,LGA,Yes,Yes,Scheduled routine immunization session
KD-073-R4,MEN A,Yes,22,19,33,8,LGA,Yes,No,
KD-073-R4,MCV,Yes,2,25,13,14,LGA,Yes,Yes,Scheduled routine immunization session
KD-073-R4,OPV,Yes,56,61,64,53,KDHSMA,Yes,Yes,Scheduled routine immunization session
KD-073-R4,YF,No,0,0,0,0,Zipline,No,Yes,School-based session (HPV)
KD-073-R4,PENTA,Yes,113,0,74,39,Zipline,Yes,No,
KD-073-R4,ROTA,Yes,1,50,21,30,Zipline,Yes,Yes,School-based session (HPV)
KD-073-R4,PCV,No,26,0,0,26,LGA,No,Yes,School-based session (HPV)
KD-073-R5,BCG,Yes,106,0,94,12,LGA,Yes,No,
KD-073-R5,HPV,No,5,0,0,5,LGA,No,No,
KD-073-R5,IPV,Yes,17,36,27,26,LGA,Yes,Yes,Scheduled routine immunization session
KD-073-R5,MR,Yes,25,13,27,11,LGA,Yes,No,
KD-073-R5,MEN A,Yes,33,16,33,16,LGA,Yes,Yes,Catch-up campaign
KD-073-R5,MCV,Yes,13,0,1,12,LGA,Yes,No,
KD-073-R5,OPV,Yes,64,0,17,47,LGA,Yes,Yes,Scheduled routine immunization session
KD-073-R5,YF,Yes,0,33,24,9,LGA,Yes,No,
KD-073-R5,PENTA,Yes,74,70,100,44,LGA,No,Yes,Scheduled routine immunization session
KD-073-R5,ROTA,Yes,21,51,38,34,LGA,Yes,Yes,Scheduled routine immunization session
KD-073-R5,PCV,Yes,0,90,42,48,Zipline,Yes,Yes,Outreach session held this week
KD-073-R6,BCG,Yes,94,0,76,18,KDHSMA,Yes,No,
KD-073-R6,HPV,No,0,0,0,0,LGA,No,No,
KD-073-R6,IPV,Yes,27,30,21,36,LGA,No,Yes,Scheduled routine immunization session
KD-073-R6,MR,Yes,27,0,15,12,LGA,No,No,
KD-073-R6,MEN A,Yes,33,22,45,10,LGA,Yes,No,
KD-073-R6,MCV,No,1,0,0,1,LGA,No,Yes,Scheduled routine immunization session
KD-073-R6,OPV,Yes,17,81,56,42,LGA,Yes,Yes,Catch-up campaign
KD-073-R6,YF,Yes,24,24,34,14,KDHSMA,Yes,Yes,High birth cohort this week
KD-073-R6,PENTA,Yes,100,0,55,45,KDHSMA,Yes,Yes,Outreach session held this week
KD-073-R6,ROTA,Yes,38,0,12,26,Zipline,Yes,No,
KD-073-R6,PCV,Yes,42,0,8,34,LGA,Yes,No,
KD-075-R1,BCG,Yes,55,35,73,17,LGA,Yes,No,
KD-075-R1,HPV,No,12,0,0,12,LGA,No,Yes,School-based session (HPV)
KD-075-R1,IPV,No,0,0,0,0,LGA,No,No,
KD-075-R1,MR,Yes,33,0,23,10,KDHSMA,Yes,No,
KD-075-R1,MEN A,Yes,18,0,3,15,LGA,Yes,Yes,Scheduled routine immunization session
KD-075-R1,MCV,Yes,34,27,46,15,LGA,Yes,Yes,Scheduled routine immunization session
KD-075-R1,OPV,Yes,117,0,83,34,LGA,Yes,No,
KD-075-R1,YF,Yes,29,27,46,10,Zipline,No,No,
KD-075-R1,PENTA,Yes,32,83,69,46,LGA,Yes,Yes,Scheduled routine immunization session
KD-075-R1,ROTA,Yes,30,56,55,31,LGA,Yes,Yes,Scheduled routine immunization session
KD-075-R1,PCV,Yes,57,0,12,45,LGA,Yes,Yes,High birth cohort this week
KD-075-R2,BCG,Yes,73,0,53,20,LGA,Yes,Yes,High birth cohort this week
KD-075-R2,HPV,No,0,0,0,0,LGA,No,No,
KD-075-R2,IPV,Yes,0,33,7,26,LGA,Yes,Yes,High birth cohort this week
KD-075-R2,MR,No,23,0,0,23,LGA,No,Yes,Scheduled routine immunization session
KD-075-R2,MEN A,Yes,3,20,8,15,KDHSMA,Yes,Yes,Outreach session held this week
KD-075-R2,MCV,Yes,46,23,62,7,LGA,Yes,No,
KD-075-R2,OPV,Yes,83,0,37,46,LGA,Yes,Yes,Outreach session held this week
KD-075-R2,YF,Yes,46,19,53,12,LGA,Yes,No,
KD-075-R2,PENTA,Yes,69,63,92,40,KDHSMA,Yes,No,
KD-075-R2,ROTA,Yes,55,48,63,40,LGA,No,Yes,Scheduled routine immunization session
KD-075-R2,PCV,No,12,0,0,12,LGA,No,Yes,Scheduled routine immunization session
KD-075-R3,BCG,Yes,53,40,62,31,LGA,Yes,Yes,School-based session (HPV)
KD-075-R3,HPV,No,0,0,0,0,LGA,No,Yes,Scheduled routine immunization session
KD-075-R3,IPV,No,7,0,0,7,LGA,No,Yes,Scheduled routine immunization session
KD-075-R3,MR,Yes,0,26,12,14,Zipline,Yes,Yes,Outreach session held this week
KD-075-R3,MEN A,No,8,0,0,8,LGA,No,No,
KD-075-R3,MCV,Yes,62,0,47,15,LGA,Yes,Yes,Scheduled routine immunization session
KD-075-R3,OPV,Yes,37,73,71,39,KDHSMA,Yes,No,
KD-075-R3,YF,Yes,53,0,30,23,LGA,Yes,Yes,Scheduled routine immunization session
KD-075-R3,PENTA,Yes,92,0,53,39,LGA,Yes,No,
KD-075-R3,ROTA,Yes,63,53,82,34,LGA,Yes,Yes,Scheduled routine immunization session
KD-075-R3,PCV,No,0,0,0,0,LGA,No,Yes,Scheduled routine immunization session
KD-075-R4,BCG,Yes,62,40,81,21,LGA,Yes,Yes,Scheduled routine immunization session
KD-075-R4,HPV,No,0,0,0,0,LGA,No,Yes,School-based session (HPV)
KD-075-R4,IPV,No,0,0,0,0,KDHSMA,No,No,
KD-075-R4,MR,No,12,0,0,12,LGA,No,Yes,Scheduled routine immunization session
KD-075-R4,MEN A,No,0,0,0,0,LGA,No,Yes,Scheduled routine immunization session
KD-075-R4,MCV,Yes,47,0,37,10,KDHSMA,Yes,No,
KD-075-R4,OPV,Yes,71,66,91,46,LGA,Yes,Yes,Outreach session held this week
KD-075-R4,YF,Yes,30,21,37,14,Zipline,Yes,Yes,Scheduled routine immunization session
KD-075-R4,PENTA,Yes,53,0,7,46,Zipline,Yes,Yes,Scheduled routine immunization session
KD-075-R4,ROTA,Yes,82,0,57,25,KDHSMA,Yes,No,
KD-075-R4,PCV,No,0,0,0,0,Zipline,No,Yes,High birth cohort this week
KD-075-R5,BCG,Yes,81,31,89,23,LGA,Yes,Yes,Outreach session held this week
KD-075-R5,HPV,No,0,0,0,0,LGA,No,No,
KD-075-R5,IPV,No,0,0,0,0,KDHSMA,No,No,
KD-075-R5,MR,No,0,0,0,0,LGA,No,Yes,Scheduled routine immunization session
KD-075-R5,MEN A,No,0,0,0,0,KDHSMA,No,No,
KD-075-R5,MCV,Yes,37,0,23,14,LGA,Yes,Yes,Scheduled routine immunization session
KD-075-R5,OPV,Yes,91,67,109,49,LGA,Yes,Yes,Outreach session held this week
KD-075-R5,YF,Yes,37,0,27,10,LGA,Yes,No,
KD-075-R5,PENTA,No,7,0,0,7,KDHSMA,No,Yes,Outreach session held this week
KD-075-R5,ROTA,Yes,57,0,21,36,LGA,Yes,Yes,Outreach session held this week
KD-075-R5,PCV,No,0,0,0,0,LGA,No,Yes,Scheduled routine immunization session
KD-075-R6,BCG,Yes,89,38,107,20,LGA,Yes,Yes,Scheduled routine immunization session
KD-075-R6,HPV,No,0,0,0,0,LGA,No,Yes,School-based session (HPV)
KD-075-R6,IPV,No,0,0,0,0,KDHSMA,No,Yes,Outreach session held this week
KD-075-R6,MR,Yes,0,17,5,12,Zipline,Yes,No,
KD-075-R6,MEN A,Yes,0,15,1,14,Zipline,Yes,Yes,Scheduled routine immunization session
KD-075-R6,MCV,Yes,23,0,8,15,Zipline,Yes,Yes,High birth cohort this week
KD-075-R6,OPV,Yes,109,0,70,39,KDHSMA,Yes,No,
KD-075-R6,YF,Yes,27,0,7,20,LGA,Yes,Yes,Scheduled routine immunization session
KD-075-R6,PENTA,No,0,0,0,0,LGA,No,Yes,Scheduled routine immunization session
KD-075-R6,ROTA,No,21,0,0,21,LGA,No,No,
KD-075-R6,PCV,Yes,0,78,35,43,LGA,Yes,Yes,Scheduled routine immunization session
KD-077-R1,BCG,Yes,4,12,1,15,KDHSMA,Yes,Yes,Scheduled routine immunization session
KD-077-R1,HPV,Yes,17,14,24,7,Zipline,Yes,Yes,Catch-up campaign
KD-077-R1,IPV,No,0,0,0,0,Zipline,No,No,
KD-077-R1,MR,Yes,12,0,1,11,LGA,Yes,Yes,Scheduled routine immunization session
KD-077-R1,MEN A,Yes,11,0,4,7,LGA,Yes,Yes,High birth cohort this week
KD-077-R1,MCV,Yes,17,14,24,7,KDHSMA,Yes,No,
KD-077-R1,OPV,Yes,102,0,80,22,KDHSMA,Yes,No,
KD-077-R1,YF,Yes,8,0,1,7,LGA,Yes,No,
KD-077-R1,PENTA,No,18,0,0,18,Zipline,No,Yes,High birth cohort this week
KD-077-R1,ROTA,Yes,0,30,10,20,LGA,Yes,Yes,Scheduled routine immunization session
KD-077-R1,PCV,Yes,52,0,32,20,KDHSMA,Yes,No,
KD-077-R2,BCG,No,1,0,0,1,LGA,No,No,
KD-077-R2,HPV,Yes,24,17,27,14,KDHSMA,Yes,Yes,School-based session (HPV)
KD-077-R2,IPV,No,0,0,0,0,Zipline,No,Yes,Scheduled routine immunization session
KD-077-R2,MR,No,1,0,0,1,LGA,No,No,
KD-077-R2,MEN A,Yes,4,4,5,3,LGA,Yes,No,
KD-077-R2,MCV,Yes,24,0,14,10,LGA,Yes,Yes,Scheduled routine immunization session
KD-077-R2,OPV,Yes,80,47,106,21,Zipline,Yes,No,
KD-077-R2,YF,No,1,0,0,1,LGA,No,No,
KD-077-R2,PENTA,Yes,0,40,12,28,KDHSMA,Yes,Yes,Scheduled routine immunization session
KD-077-R2,ROTA,Yes,10,22,14,18,KDHSMA,Yes,Yes,Scheduled routine immunization session
KD-077-R2,PCV,Yes,32,0,8,24,Zipline,Yes,No,
KD-077-R3,BCG,No,0,0,0,0,LGA,No,No,
KD-077-R3,HPV,Yes,27,0,23,4,LGA,Yes,No,
KD-077-R3,IPV,No,0,0,0,0,Zipline,No,Yes,School-based session (HPV)
KD-077-R3,MR,No,0,0,0,0,LGA,No,No,
KD-077-R3,MEN A,No,5,0,0,5,KDHSMA,No,No,
KD-077-R3,MCV,Yes,14,9,14,9,LGA,Yes,Yes,Scheduled routine immunization session
KD-077-R3,OPV,Yes,106,43,117,32,KDHSMA,Yes,Yes,Scheduled routine immunization session
KD-077-R3,YF,No,0,0,0,0,KDHSMA,No,No,
KD-077-R3,PENTA,No,12,0,0,12,LGA,No,No,
KD-077-R3,ROTA,Yes,14,22,22,14,LGA,Yes,No,
KD-077-R3,PCV,No,8,0,0,8,LGA,No,No,
KD-077-R4,BCG,No,0,0,0,0,LGA,No,Yes,Scheduled routine immunization session
KD-077-R4,HPV,Yes,23,0,18,5,LGA,Yes,No,
KD-077-R4,IPV,No,0,0,0,0,KDHSMA,No,No,
KD-077-R4,MR,No,0,0,0,0,LGA,No,Yes,Scheduled routine immunization session
KD-077-R4,MEN A,No,0,0,0,0,KDHSMA,No,Yes,High birth cohort this week
KD-077-R4,MCV,Yes,14,13,15,12,LGA,Yes,Yes,Outreach session held this week
KD-077-R4,OPV,Yes,117,0,96,21,LGA,Yes,No,
KD-077-R4,YF,Yes,0,14,4,10,LGA,Yes,Yes,High birth cohort this week
KD-077-R4,PENTA,No,0,0,0,0,KDHSMA,No,No,
KD-077-R4,ROTA,Yes,22,34,45,11,LGA,Yes,No,
KD-077-R4,PCV,Yes,0,45,13,32,LGA,Yes,Yes,Scheduled routine immunization session
KD-077-R5,BCG,No,0,0,0,0,Zipline,No,Yes,Scheduled routine immunization session
KD-077-R5,HPV,Yes,18,0,12,6,Zipline,Yes,No,
KD-077-R5,IPV,No,0,0,0,0,LGA,No,No,
KD-077-R5,MR,No,0,0,0,0,LGA,No,Yes,High birth cohort this week
KD-077-R5,MEN A,Yes,0,15,7,8,LGA,Yes,Yes,Outreach session held this week
KD-077-R5,MCV,Yes,15,0,6,9,LGA,Yes,Yes,Scheduled routine immunization session
KD-077-R5,OPV,Yes,96,0,75,21,LGA,Yes,No,
KD-077-R5,YF,Yes,4,17,11,10,LGA,Yes,Yes,Scheduled routine immunization session
KD-077-R5,PENTA,No,0,0,0,0,LGA,No,Yes,Scheduled routine immunization session
KD-077-R5,ROTA,Yes,45,0,28,17,LGA,Yes,Yes,School-based session (HPV)
KD-077-R5,PCV,No,13,0,0,13,LGA,No,Yes,Scheduled routine immunization session
KD-077-R6,BCG,No,0,0,0,0,LGA,No,Yes,Scheduled routine immunization session
KD-077-R6,HPV,Yes,12,0,4,8,LGA,Yes,Yes,Outreach session held this week
KD-077-R6,IPV,Yes,0,26,14,12,LGA,Yes,No,
KD-077-R6,MR,No,0,0,0,0,KDHSMA,No,Yes,Scheduled routine immunization session
KD-077-R6,MEN A,Yes,7,0,1,6,LGA,Yes,No,
KD-077-R6,MCV,Yes,6,11,9,8,LGA,Yes,No,
KD-077-R6,OPV,Yes,75,0,47,28,LGA,Yes,Yes,Scheduled routine immunization session
KD-077-R6,YF,Yes,11,7,8,10,LGA,Yes,Yes,Scheduled routine immunization session
KD-077-R6,PENTA,No,0,0,0,0,KDHSMA,No,Yes,Scheduled routine immunization session
KD-077-R6,ROTA,Yes,28,0,7,21,LGA,Yes,Yes,Scheduled routine immunization session
KD-077-R6,PCV,No,0,0,0,0,Zipline,No,Yes,Outreach session held this week
KD-078-R1,BCG,Yes,308,0,263,45,LGA,Yes,No,
KD-078-R1,HPV,Yes,111,0,80,31,LGA,Yes,Yes,Scheduled routine immunization session
KD-078-R1,IPV,No,35,0,0,35,Zipline,No,Yes,Catch-up campaign
KD-078-R1,MR,Yes,79,0,37,42,LGA,Yes,Yes,Scheduled routine immunization session
KD-078-R1,MEN A,Yes,57,0,22,35,KDHSMA,Yes,Yes,Scheduled routine immunization session
KD-078-R1,MCV,Yes,36,0,3,33,LGA,Yes,No,
KD-078-R1,OPV,No,8,0,0,8,LGA,No,Yes,Scheduled routine immunization session
KD-078-R1,YF,Yes,123,0,82,41,LGA,Yes,Yes,Scheduled routine immunization session
KD-078-R1,PENTA,Yes,286,186,369,103,LGA,Yes,Yes,Scheduled routine immunization session
KD-078-R1,ROTA,No,0,0,0,0,LGA,No,Yes,Scheduled routine immunization session
KD-078-R1,PCV,Yes,119,0,14,105,LGA,Yes,Yes,Scheduled routine immunization session
KD-078-R2,BCG,Yes,263,91,306,48,LGA,Yes,Yes,Scheduled routine immunization session
KD-078-R2,HPV,Yes,80,60,111,29,LGA,Yes,Yes,Outreach session held this week
KD-078-R2,IPV,No,0,0,0,0,LGA,No,Yes,Catch-up campaign
KD-078-R2,MR,Yes,37,57,60,34,KDHSMA,Yes,Yes,Outreach session held this week
KD-078-R2,MEN A,No,22,0,0,22,KDHSMA,No,Yes,Scheduled routine immunization session
KD-078-R2,MCV,Yes,3,65,31,37,LGA,Yes,Yes,Outreach session held this week
KD-078-R2,OPV,No,0,0,0,0,LGA,No,Yes,Scheduled routine immunization session
KD-078-R2,YF,Yes,82,0,50,32,KDHSMA,Yes,No,
KD-078-R2,PENTA,Yes,369,163,419,113,KDHSMA,Yes,Yes,Scheduled routine immunization session
KD-078-R2,ROTA,No,0,0,0,0,KDHSMA,No,Yes,Scheduled routine immunization session
KD-078-R2,PCV,No,14,0,0,14,LGA,No,Yes,Scheduled routine immunization session
KD-078-R3,BCG,Yes,306,73,321,58,Zipline,Yes,Yes,Outreach session held this week
KD-078-R3,HPV,Yes,111,0,76,35,LGA,No,Yes,Catch-up campaign
KD-078-R3,IPV,No,0,0,0,0,LGA,No,Yes,Outreach session held this week
KD-078-R3,MR,Yes,60,0,25,35,LGA,Yes,Yes,High birth cohort this week
KD-078-R3,MEN A,Yes,0,42,4,38,LGA,Yes,Yes,Scheduled routine immunization session
KD-078-R3,MCV,No,31,0,0,31,Zipline,No,Yes,Outreach session held this week
KD-078-R3,OPV,No,0,0,0,0,LGA,No,No,
KD-078-R3,YF,Yes,50,0,17,33,KDHSMA,Yes,No,
KD-078-R3,PENTA,Yes,419,190,496,113,LGA,Yes,Yes,Scheduled routine immunization session
KD-078-R3,ROTA,No,0,0,0,0,LGA,No,Yes,Outreach session held this week
KD-078-R3,PCV,Yes,0,199,84,115,KDHSMA,Yes,Yes,Scheduled routine immunization session
KD-078-R4,BCG,Yes,321,80,350,51,KDHSMA,Yes,Yes,High birth cohort this week
KD-078-R4,HPV,Yes,76,55,102,29,LGA,Yes,Yes,School-based session (HPV)
KD-078-R4,IPV,Yes,0,76,24,52,KDHSMA,Yes,Yes,High birth cohort this week
KD-078-R4,MR,No,25,0,0,25,KDHSMA,No,Yes,Outreach session held this week
KD-078-R4,MEN A,No,4,0,0,4,LGA,No,No,
KD-078-R4,MCV,No,0,0,0,0,Zipline,No,Yes,High birth cohort this week
KD-078-R4,OPV,No,0,0,0,0,KDHSMA,No,Yes,Scheduled routine immunization session
KD-078-R4,YF,No,17,0,0,17,LGA,No,Yes,Catch-up campaign
KD-078-R4,PENTA,Yes,496,213,591,118,LGA,Yes,Yes,Scheduled routine immunization session
KD-078-R4,ROTA,No,0,0,0,0,KDHSMA,No,Yes,School-based session (HPV)
KD-078-R4,PCV,Yes,84,164,131,117,KDHSMA,Yes,Yes,School-based session (HPV)
KD-078-R5,BCG,Yes,350,70,372,48,LGA,No,Yes,Catch-up campaign
KD-078-R5,HPV,Yes,102,0,76,26,LGA,Yes,No,
KD-078-R5,IPV,No,24,0,0,24,LGA,No,Yes,Scheduled routine immunization session
KD-078-R5,MR,No,0,0,0,0,LGA,No,Yes,Scheduled routine immunization session
KD-078-R5,MEN A,Yes,0,46,10,36,LGA,Yes,Yes,Outreach session held this week
KD-078-R5,MCV,Yes,0,63,38,25,LGA,No,No,
KD-078-R5,OPV,Yes,0,161,37,124,LGA,Yes,Yes,Scheduled routine immunization session
KD-078-R5,YF,No,0,0,0,0,LGA,No,Yes,Scheduled routine immunization session
KD-078-R5,PENTA,Yes,591,183,672,102,LGA,Yes,Yes,Scheduled routine immunization session
KD-078-R5,ROTA,Yes,0,129,46,83,LGA,Yes,Yes,Scheduled routine immunization session
KD-078-R5,PCV,Yes,131,205,214,122,LGA,Yes,Yes,Scheduled routine immunization session
KD-078-R6,BCG,Yes,372,0,320,52,LGA,Yes,Yes,Scheduled routine immunization session
KD-078-R6,HPV,Yes,76,49,85,40,KDHSMA,Yes,Yes,School-based session (HPV)
KD-078-R6,IPV,No,0,0,0,0,LGA,No,No,
KD-078-R6,MR,No,0,0,0,0,Zipline,No,Yes,Scheduled routine immunization session
KD-078-R6,MEN A,No,10,0,0,10,LGA,No,Yes,Outreach session held this week
KD-078-R6,MCV,No,38,0,0,38,LGA,No,Yes,Scheduled routine immunization session
KD-078-R6,OPV,No,37,0,0,37,LGA,No,No,
KD-078-R6,YF,No,0,0,0,0,LGA,No,Yes,Scheduled routine immunization session
KD-078-R6,PENTA,Yes,672,0,553,119,KDHSMA,Yes,Yes,Scheduled routine immunization session
KD-078-R6,ROTA,Yes,46,122,84,84,Zipline,Yes,Yes,Scheduled routine immunization session
KD-078-R6,PCV,Yes,214,182,278,118,LGA,Yes,Yes,Scheduled routine immunization session
KD-080-R1,BCG,Yes,5,16,9,12,LGA,Yes,Yes,Catch-up campaign
KD-080-R1,HPV,Yes,7,16,11,12,LGA,Yes,Yes,School-based session (HPV)
KD-080-R1,IPV,Yes,5,22,18,9,LGA,Yes,No,
KD-080-R1,MR,Yes,15,12,17,10,LGA,Yes,Yes,Scheduled routine immunization session
KD-080-R1,MEN A,Yes,16,13,24,5,LGA,Yes,No,
KD-080-R1,MCV,No,8,0,0,8,KDHSMA,No,Yes,Scheduled routine immunization session
KD-080-R1,OPV,Yes,65,35,69,31,Zipline,Yes,Yes,Scheduled routine immunization session
KD-080-R1,YF,Yes,14,7,11,10,LGA,Yes,Yes,Scheduled routine immunization session
KD-080-R1,PENTA,Yes,11,41,26,26,LGA,Yes,Yes,High birth cohort this week
KD-080-R1,ROTA,Yes,43,39,66,16,LGA,Yes,No,
KD-080-R1,PCV,Yes,54,0,16,38,Zipline,Yes,Yes,High birth cohort this week
KD-080-R2,BCG,Yes,9,22,19,12,LGA,Yes,Yes,High birth cohort this week
KD-080-R2,HPV,Yes,11,0,2,9,LGA,No,Yes,School-based session (HPV)
KD-080-R2,IPV,Yes,18,0,5,13,Zipline,Yes,Yes,Scheduled routine immunization session
KD-080-R2,MR,Yes,17,0,13,4,LGA,Yes,No,
KD-080-R2,MEN A,Yes,24,0,14,10,LGA,Yes,Yes,Scheduled routine immunization session
KD-080-R2,MCV,No,0,0,0,0,LGA,No,Yes,Scheduled routine immunization session
KD-080-R2,OPV,Yes,69,0,46,23,LGA,Yes,No,
KD-080-R2,YF,Yes,11,0,3,8,Zipline,Yes,No,
KD-080-R2,PENTA,Yes,26,0,4,22,KDHSMA,Yes,No,
KD-080-R2,ROTA,Yes,66,0,41,25,LGA,Yes,Yes,Scheduled routine immunization session
KD-080-R2,PCV,Yes,16,48,40,24,LGA,Yes,No,
KD-080-R3,BCG,Yes,19,0,15,4,LGA,Yes,No,
KD-080-R3,HPV,No,2,0,0,2,KDHSMA,No,Yes,School-based session (HPV)
KD-080-R3,IPV,No,5,0,0,5,KDHSMA,No,Yes,Scheduled routine immunization session
KD-080-R3,MR,Yes,13,0,6,7,LGA,Yes,No,
KD-080-R3,MEN A,Yes,14,0,10,4,Zipline,Yes,No,
KD-080-R3,MCV,No,0,0,0,0,LGA,No,No,
KD-080-R3,OPV,Yes,46,0,15,31,LGA,Yes,Yes,Scheduled routine immunization session
KD-080-R3,YF,No,3,0,0,3,Zipline,No,No,
KD-080-R3,PENTA,Yes,4,51,21,34,LGA,Yes,Yes,Outreach session held this week
KD-080-R3,ROTA,Yes,41,33,60,14,Zipline,Yes,No,
KD-080-R3,PCV,Yes,40,0,12,28,LGA,Yes,Yes,Scheduled routine immunization session
KD-080-R4,BCG,Yes,15,23,25,13,KDHSMA,Yes,Yes,Outreach session held this week
KD-080-R4,HPV,No,0,0,0,0,Zipline,No,Yes,Outreach session held this week
KD-080-R4,IPV,Yes,0,27,9,18,Zipline,Yes,Yes,Outreach session held this week
KD-080-R4,MR,Yes,6,5,2,9,LGA,Yes,Yes,Scheduled routine immunization session
KD-080-R4,MEN A,Yes,10,0,6,4,LGA,Yes,No,
KD-080-R4,MCV,Yes,0,12,5,7,LGA,Yes,No,
KD-080-R4,OPV,No,15,0,0,15,LGA,No,Yes,Scheduled routine immunization session
KD-080-R4,YF,No,0,0,0,0,KDHSMA,No,No,
KD-080-R4,PENTA,No,21,0,0,21,LGA,No,Yes,Scheduled routine immunization session
KD-080-R4,ROTA,Yes,60,26,59,27,Zipline,Yes,Yes,School-based session (HPV)
KD-080-R4,PCV,No,12,0,0,12,KDHSMA,No,Yes,Scheduled routine immunization session
KD-080-R5,BCG,Yes,25,0,15,10,KDHSMA,No,No,
KD-080-R5,HPV,No,0,0,0,0,LGA,No,No,
KD-080-R5,IPV,No,9,0,0,9,LGA,No,No,
KD-080-R5,MR,No,2,0,0,2,KDHSMA,No,Yes,High birth cohort this week
KD-080-R5,MEN A,No,6,0,0,6,KDHSMA,No,Yes,Scheduled routine immunization session
KD-080-R5,MCV,No,5,0,0,5,LGA,No,Yes,Scheduled routine immunization session
KD-080-R5,OPV,Yes,0,41,15,26,LGA,Yes,Yes,Scheduled routine immunization session
KD-080-R5,YF,No,0,0,0,0,Zipline,No,Yes,Scheduled routine immunization session
KD-080-R5,PENTA,No,0,0,0,0,LGA,No,No,
KD-080-R5,ROTA,Yes,59,33,74,18,LGA,Yes,Yes,Scheduled routine immunization session
KD-080-R5,PCV,No,0,0,0,0,LGA,No,Yes,Scheduled routine immunization session
KD-080-R6,BCG,Yes,15,14,18,11,LGA,Yes,Yes,Outreach session held this week
KD-080-R6,HPV,No,0,0,0,0,LGA,No,Yes,Outreach session held this week
KD-080-R6,IPV,No,0,0,0,0,Zipline,No,Yes,High birth cohort this week
KD-080-R6,MR,Yes,0,15,7,8,LGA,Yes,No,
KD-080-R6,MEN A,No,0,0,0,0,KDHSMA,No,No,
KD-080-R6,MCV,Yes,0,15,7,8,KDHSMA,No,No,
KD-080-R6,OPV,No,15,0,0,15,Zipline,No,Yes,Scheduled routine immunization session
KD-080-R6,YF,No,0,0,0,0,LGA,No,No,
KD-080-R6,PENTA,No,0,0,0,0,Zipline,No,No,
KD-080-R6,ROTA,Yes,74,0,61,13,LGA,Yes,No,
KD-080-R6,PCV,Yes,0,38,8,30,LGA,Yes,Yes,High birth cohort this week
KD-081-R1,BCG,Yes,56,47,82,21,Zipline,No,Yes,Scheduled routine immunization session
KD-081-R1,HPV,Yes,11,0,1,10,LGA,Yes,No,
KD-081-R1,IPV,Yes,54,0,38,16,Zipline,Yes,No,
KD-081-R1,MR,Yes,59,24,72,11,LGA,Yes,No,
KD-081-R1,MEN A,Yes,35,20,44,11,LGA,Yes,No,
KD-081-R1,MCV,No,10,0,0,10,KDHSMA,No,No,
KD-081-R1,OPV,Yes,65,66,92,39,KDHSMA,Yes,No,
KD-081-R1,YF,Yes,17,18,18,17,Zipline,Yes,Yes,Scheduled routine immunization session
KD-081-R1,PENTA,Yes,36,90,71,55,KDHSMA,Yes,Yes,Scheduled routine immunization session
KD-081-R1,ROTA,Yes,34,0,7,27,KDHSMA,Yes,No,
KD-081-R1,PCV,Yes,91,0,47,44,LGA,Yes,Yes,Scheduled routine immunization session
KD-081-R2,BCG,Yes,82,32,95,19,Zipline,Yes,Yes,Outreach session held this week
KD-081-R2,HPV,No,1,0,0,1,LGA,No,No,
KD-081-R2,IPV,Yes,38,27,47,18,LGA,No,No,
KD-081-R2,MR,Yes,72,19,76,15,LGA,Yes,Yes,Scheduled routine immunization session
KD-081-R2,MEN A,Yes,44,0,35,9,Zipline,Yes,No,
KD-081-R2,MCV,Yes,0,27,5,22,LGA,Yes,Yes,School-based session (HPV)
KD-081-R2,OPV,Yes,92,0,41,51,LGA,Yes,Yes,Scheduled routine immunization session
KD-081-R2,YF,Yes,18,0,5,13,LGA,Yes,No,
KD-081-R2,PENTA,Yes,71,0,33,38,LGA,Yes,No,
KD-081-R2,ROTA,Yes,7,44,19,32,LGA,Yes,Yes,High birth cohort this week
KD-081-R2,PCV,Yes,47,71,61,57,LGA,Yes,Yes,Scheduled routine immunization session
KD-081-R3,BCG,Yes,95,0,76,19,LGA,No,Yes,Scheduled routine immunization session
KD-081-R3,HPV,No,0,0,0,0,LGA,No,No,
KD-081-R3,IPV,Yes,47,41,55,33,LGA,Yes,Yes,Scheduled routine immunization session
KD-081-R3,MR,Yes,76,26,85,17,LGA,Yes,Yes,Scheduled routine immunization session
KD-081-R3,MEN A,Yes,35,0,22,13,LGA,Yes,Yes,Scheduled routine immunization session
KD-081-R3,MCV,Yes,5,21,9,17,LGA,Yes,Yes,Scheduled routine immunization session
KD-081-R3,OPV,Yes,41,54,52,43,LGA,Yes,Yes,Outreach session held this week
KD-081-R3,YF,Yes,5,16,1,20,KDHSMA,Yes,Yes,Scheduled routine immunization session
KD-081-R3,PENTA,No,33,0,0,33,Zipline,No,Yes,Scheduled routine immunization session
KD-081-R3,ROTA,Yes,19,46,40,25,Zipline,Yes,No,
KD-081-R3,PCV,Yes,61,0,20,41,LGA,Yes,Yes,Scheduled routine immunization session
KD-081-R4,BCG,Yes,76,24,78,22,LGA,Yes,Yes,Scheduled routine immunization session
KD-081-R4,HPV,No,0,0,0,0,LGA,No,No,
KD-081-R4,IPV,Yes,55,38,74,19,Zipline,Yes,No,
KD-081-R4,MR,Yes,85,19,84,20,KDHSMA,Yes,Yes,Scheduled routine immunization session
KD-081-R4,MEN A,Yes,22,18,34,6,LGA,Yes,No,
KD-081-R4,MCV,Yes,9,28,21,16,LGA,Yes,Yes,Scheduled routine immunization session
KD-081-R4,OPV,Yes,52,0,10,42,LGA,Yes,Yes,Scheduled routine immunization session
KD-081-R4,YF,No,1,0,0,1,LGA,No,No,
KD-081-R4,PENTA,No,0,0,0,0,LGA,No,Yes,Catch-up campaign
KD-081-R4,ROTA,Yes,40,0,22,18,Zipline,Yes,No,
KD-081-R4,PCV,No,20,0,0,20,LGA,No,Yes,Catch-up campaign
KD-081-R5,BCG,Yes,78,35,94,19,LGA,Yes,Yes,Scheduled routine immunization session
KD-081-R5,HPV,No,0,0,0,0,LGA,No,No,
KD-081-R5,IPV,Yes,74,40,94,20,Zipline,Yes,No,
KD-081-R5,MR,Yes,84,0,72,12,LGA,Yes,No,
KD-081-R5,MEN A,Yes,34,0,17,17,LGA,No,Yes,Catch-up campaign
KD-081-R5,MCV,Yes,21,0,10,11,LGA,Yes,No,
KD-081-R5,OPV,No,10,0,0,10,LGA,No,No,
KD-081-R5,YF,Yes,0,21,10,11,LGA,Yes,No,
KD-081-R5,PENTA,Yes,0,76,36,40,KDHSMA,Yes,No,
KD-081-R5,ROTA,No,22,0,0,22,Zipline,No,Yes,Scheduled routine immunization session
KD-081-R5,PCV,Yes,0,75,31,44,LGA,Yes,Yes,Outreach session held this week
KD-081-R6,BCG,Yes,94,32,99,27,Zipline,Yes,Yes,Scheduled routine immunization session
KD-081-R6,HPV,No,0,0,0,0,Zipline,No,Yes,School-based session (HPV)
KD-081-R6,IPV,Yes,94,0,80,14,LGA,Yes,No,
KD-081-R6,MR,Yes,72,0,57,15,KDHSMA,Yes,Yes,Scheduled routine immunization session
KD-081-R6,MEN A,Yes,17,0,2,15,Zipline,Yes,Yes,Outreach session held this week
KD-081-R6,MCV,Yes,10,24,24,10,LGA,Yes,No,
KD-081-R6,OPV,No,0,0,0,0,LGA,No,Yes,Scheduled routine immunization session
KD-081-R6,YF,No,10,0,0,10,LGA,No,No,
KD-081-R6,PENTA,Yes,36,66,65,37,KDHSMA,Yes,No,
KD-081-R6,ROTA,No,0,0,0,0,LGA,No,Yes,Scheduled routine immunization session
KD-081-R6,PCV,No,31,0,0,31,LGA,No,Yes,Scheduled routine immunization session
KD-082-R1,BCG,Yes,155,94,207,42,KDHSMA,Yes,No,
KD-082-R1,HPV,Yes,43,59,72,30,LGA,Yes,Yes,School-based session (HPV)
KD-082-R1,IPV,Yes,292,103,331,64,LGA,Yes,Yes,Scheduled routine immunization session
KD-082-R1,MR,Yes,129,70,161,38,LGA,Yes,Yes,Outreach session held this week
KD-082-R1,MEN A,Yes,151,66,191,26,LGA,Yes,No,
KD-082-R1,MCV,Yes,145,85,194,36,LGA,Yes,Yes,Catch-up campaign
KD-082-R1,OPV,Yes,20,180,95,105,Zipline,Yes,Yes,Catch-up campaign
KD-082-R1,YF,Yes,62,0,26,36,KDHSMA,No,Yes,Scheduled routine immunization session
KD-082-R1,PENTA,Yes,148,204,249,103,LGA,Yes,Yes,Scheduled routine immunization session
KD-082-R1,ROTA,Yes,290,0,211,79,LGA,Yes,Yes,Scheduled routine immunization session
KD-082-R1,PCV,Yes,326,0,204,122,LGA,Yes,Yes,High birth cohort this week
KD-082-R2,BCG,Yes,207,72,231,48,LGA,Yes,Yes,High birth cohort this week
KD-082-R2,HPV,Yes,72,0,37,35,LGA,Yes,Yes,Outreach session held this week
KD-082-R2,IPV,Yes,331,99,374,56,LGA,Yes,Yes,School-based session (HPV)
KD-082-R2,MR,Yes,161,0,114,47,LGA,Yes,Yes,Scheduled routine immunization session
KD-082-R2,MEN A,Yes,191,0,158,33,Zipline,Yes,Yes,High birth cohort this week
KD-082-R2,MCV,Yes,194,57,216,35,LGA,Yes,Yes,Catch-up campaign
KD-082-R2,OPV,No,95,0,0,95,KDHSMA,No,Yes,Scheduled routine immunization session
KD-082-R2,YF,Yes,26,51,41,36,Zipline,Yes,Yes,Outreach session held this week
KD-082-R2,PENTA,Yes,249,180,314,115,LGA,No,Yes,Scheduled routine immunization session
KD-082-R2,ROTA,Yes,211,104,239,76,LGA,Yes,Yes,Scheduled routine immunization session
KD-082-R2,PCV,Yes,204,0,82,122,KDHSMA,Yes,Yes,High birth cohort this week
KD-082-R3,BCG,Yes,231,0,190,41,LGA,Yes,No,
KD-082-R3,HPV,Yes,37,52,59,30,LGA,Yes,Yes,School-based session (HPV)
KD-082-R3,IPV,Yes,374,0,313,61,LGA,Yes,Yes,Outreach session held this week
KD-082-R3,MR,Yes,114,42,116,40,Zipline,Yes,Yes,Scheduled routine immunization session
KD-082-R3,MEN A,Yes,158,40,162,36,LGA,Yes,Yes,Scheduled routine immunization session
KD-082-R3,MCV,Yes,216,0,179,37,LGA,Yes,Yes,Scheduled routine immunization session
KD-082-R3,OPV,No,0,0,0,0,LGA,No,Yes,Scheduled routine immunization session
KD-082-R3,YF,No,41,0,0,41,LGA,No,Yes,Scheduled routine immunization session
KD-082-R3,PENTA,Yes,314,197,418,93,KDHSMA,Yes,No,
KD-082-R3,ROTA,Yes,239,0,167,72,Zipline,Yes,Yes,Scheduled routine immunization session
KD-082-R3,PCV,No,82,0,0,82,LGA,No,Yes,Scheduled routine immunization session
KD-082-R4,BCG,Yes,190,68,208,50,LGA,Yes,Yes,Scheduled routine immunization session
KD-082-R4,HPV,Yes,59,0,38,21,LGA,Yes,No,
KD-082-R4,IPV,Yes,313,0,258,55,LGA,Yes,Yes,School-based session (HPV)
KD-082-R4,MR,Yes,116,0,81,35,LGA,Yes,Yes,Outreach session held this week
KD-082-R4,MEN A,Yes,162,0,136,26,LGA,Yes,No,
KD-082-R4,MCV,Yes,179,60,196,43,Zipline,Yes,Yes,Scheduled routine immunization session
KD-082-R4,OPV,No,0,0,0,0,LGA,No,Yes,Scheduled routine immunization session
KD-082-R4,YF,Yes,0,70,21,49,LGA,Yes,Yes,Catch-up campaign
KD-082-R4,PENTA,Yes,418,0,321,97,LGA,No,No,
KD-082-R4,ROTA,Yes,167,125,218,74,LGA,Yes,Yes,Scheduled routine immunization session
KD-082-R4,PCV,Yes,0,164,61,103,LGA,Yes,Yes,High birth cohort this week
KD-082-R5,BCG,Yes,208,0,166,42,LGA,No,No,
KD-082-R5,HPV,Yes,38,0,2,36,LGA,Yes,Yes,School-based session (HPV)
KD-082-R5,IPV,Yes,258,0,203,55,LGA,Yes,Yes,Scheduled routine immunization session
KD-082-R5,MR,Yes,81,0,41,40,LGA,Yes,Yes,Scheduled routine immunization session
KD-082-R5,MEN A,Yes,136,51,149,38,LGA,Yes,Yes,Scheduled routine immunization session
KD-082-R5,MCV,Yes,196,65,228,33,Zipline,No,No,
KD-082-R5,OPV,Yes,0,169,69,100,LGA,Yes,No,
KD-082-R5,YF,Yes,21,74,50,45,LGA,Yes,Yes,Scheduled routine immunization session
KD-082-R5,PENTA,Yes,321,190,397,114,Zipline,Yes,Yes,Outreach session held this week
KD-082-R5,ROTA,Yes,218,0,157,61,KDHSMA,Yes,No,
KD-082-R5,PCV,Yes,61,171,123,109,Zipline,Yes,Yes,Scheduled routine immunization session
KD-082-R6,BCG,Yes,166,96,206,56,KDHSMA,Yes,Yes,Scheduled routine immunization session
KD-082-R6,HPV,No,2,0,0,2,KDHSMA,No,Yes,Catch-up campaign
KD-082-R6,IPV,Yes,203,84,226,61,LGA,Yes,Yes,Catch-up campaign
KD-082-R6,MR,Yes,41,66,74,33,LGA,Yes,No,
KD-082-R6,MEN A,Yes,149,0,124,25,KDHSMA,Yes,No,
KD-082-R6,MCV,Yes,228,60,240,48,LGA,No,Yes,Outreach session held this week
KD-082-R6,OPV,Yes,69,197,138,128,KDHSMA,Yes,Yes,School-based session (HPV)
KD-082-R6,YF,Yes,50,0,21,29,KDHSMA,Yes,No,
KD-082-R6,PENTA,Yes,397,170,455,112,Zipline,Yes,Yes,Scheduled routine immunization session
KD-082-R6,ROTA,Yes,157,0,90,67,LGA,Yes,No,
KD-082-R6,PCV,Yes,123,0,20,103,LGA,Yes,Yes,Scheduled routine immunization session
KD-083-R1,BCG,Yes,28,0,11,17,LGA,Yes,No,
KD-083-R1,HPV,Yes,28,0,15,13,LGA,Yes,Yes,School-based session (HPV)
KD-083-R1,IPV,Yes,79,0,53,26,LGA,Yes,Yes,Outreach session held this week
KD-083-R1,MR,Yes,53,27,64,16,LGA,Yes,Yes,Outreach session held this week
KD-083-R1,MEN A,No,8,0,0,8,LGA,No,No,
KD-083-R1,MCV,Yes,34,21,46,9,KDHSMA,Yes,No,
KD-083-R1,OPV,Yes,125,0,77,48,LGA,Yes,Yes,Scheduled routine immunization session
KD-083-R1,YF,Yes,11,0,1,10,LGA,Yes,No,
KD-083-R1,PENTA,Yes,101,0,62,39,LGA,Yes,No,
KD-083-R1,ROTA,Yes,44,0,18,26,LGA,Yes,No,
KD-083-R1,PCV,No,25,0,0,25,LGA,No,Yes,Scheduled routine immunization session
KD-083-R2,BCG,No,11,0,0,11,Zipline,No,Yes,Scheduled routine immunization session
KD-083-R2,HPV,Yes,15,0,8,7,KDHSMA,Yes,No,
KD-083-R2,IPV,Yes,53,0,34,19,LGA,Yes,No,
KD-083-R2,MR,Yes,64,19,69,14,KDHSMA,Yes,Yes,Outreach session held this week
KD-083-R2,MEN A,No,0,0,0,0,KDHSMA,No,No,
KD-083-R2,MCV,Yes,46,0,37,9,LGA,Yes,No,
KD-083-R2,OPV,Yes,77,70,103,44,KDHSMA,Yes,Yes,Scheduled routine immunization session
KD-083-R2,YF,No,1,0,0,1,LGA,No,Yes,Scheduled routine immunization session
KD-083-R2,PENTA,Yes,62,0,20,42,Zipline,Yes,Yes,Catch-up campaign
KD-083-R2,ROTA,Yes,18,46,38,26,Zipline,Yes,No,
KD-083-R2,PCV,No,0,0,0,0,LGA,No,Yes,Scheduled routine immunization session
KD-083-R3,BCG,No,0,20,0,20,LGA,No,Yes,Catch-up campaign
KD-083-R3,HPV,No,8,0,0,8,LGA,No,Yes,School-based session (HPV)
KD-083-R3,IPV,Yes,34,0,5,29,Zipline,Yes,Yes,School-based session (HPV)
KD-083-R3,MR,Yes,69,0,58,11,LGA,Yes,No,
KD-083-R3,MEN A,Yes,0,20,3,17,LGA,Yes,Yes,Scheduled routine immunization session
KD-083-R3,MCV,Yes,37,0,22,15,LGA,Yes,Yes,Scheduled routine immunization session
KD-083-R3,OPV,Yes,103,0,63,40,Zipline,Yes,No,
KD-083-R3,YF,Yes,0,21,6,15,LGA,Yes,Yes,Outreach session held this week
KD-083-R3,PENTA,Yes,20,71,53,38,KDHSMA,Yes,No,
KD-083-R3,ROTA,Yes,38,0,8,30,LGA,Yes,Yes,School-based session (HPV)
KD-083-R3,PCV,Yes,0,72,31,41,LGA,Yes,Yes,Scheduled routine immunization session
KD-083-R4,BCG,No,0,0,0,0,LGA,No,No,
KD-083-R4,HPV,No,0,0,0,0,LGA,No,No,
KD-083-R4,IPV,No,5,0,0,5,LGA,No,Yes,High birth cohort this week
KD-083-R4,MR,Yes,58,0,38,20,KDHSMA,Yes,Yes,Outreach session held this week
KD-083-R4,MEN A,Yes,3,23,15,11,KDHSMA,Yes,No,
KD-083-R4,MCV,Yes,22,29,31,20,KDHSMA,Yes,Yes,Outreach session held this week
KD-083-R4,OPV,Yes,63,67,79,51,LGA,Yes,Yes,Scheduled routine immunization session
KD-083-R4,YF,No,6,0,0,6,LGA,No,Yes,School-based session (HPV)
KD-083-R4,PENTA,Yes,53,0,7,46,LGA,Yes,Yes,Scheduled routine immunization session
KD-083-R4,ROTA,Yes,8,46,26,28,Zipline,Yes,Yes,Scheduled routine immunization session
KD-083-R4,PCV,Yes,31,83,70,44,LGA,Yes,Yes,Scheduled routine immunization session
KD-083-R5,BCG,No,0,0,0,0,LGA,No,No,
KD-083-R5,HPV,No,0,0,0,0,LGA,No,No,
KD-083-R5,IPV,No,0,0,0,0,KDHSMA,No,No,
KD-083-R5,MR,Yes,38,0,22,16,LGA,Yes,Yes,School-based session (HPV)
KD-083-R5,MEN A,Yes,15,0,2,13,Zipline,Yes,Yes,Scheduled routine immunization session
KD-083-R5,MCV,Yes,31,0,20,11,LGA,Yes,No,
KD-083-R5,OPV,Yes,79,0,18,61,LGA,Yes,Yes,School-based session (HPV)
KD-083-R5,YF,No,0,0,0,0,LGA,No,No,
KD-083-R5,PENTA,Yes,7,86,44,49,LGA,Yes,Yes,Outreach session held this week
KD-083-R5,ROTA,Yes,26,54,50,30,LGA,Yes,Yes,Scheduled routine immunization session
KD-083-R5,PCV,Yes,70,0,22,48,LGA,Yes,Yes,School-based session (HPV)
KD-083-R6,BCG,Yes,0,29,6,23,KDHSMA,Yes,Yes,Outreach session held this week
KD-083-R6,HPV,Yes,0,18,10,8,KDHSMA,Yes,No,
KD-083-R6,IPV,No,0,0,0,0,KDHSMA,No,Yes,Catch-up campaign
KD-083-R6,MR,Yes,22,0,10,12,LGA,Yes,No,
KD-083-R6,MEN A,No,2,0,0,2,LGA,No,No,
KD-083-R6,MCV,No,20,0,0,20,Zipline,No,Yes,Outreach session held this week
KD-083-R6,OPV,No,18,0,0,18,Zipline,No,No,
KD-083-R6,YF,No,0,0,0,0,LGA,No,Yes,Scheduled routine immunization session
KD-083-R6,PENTA,No,44,0,0,44,LGA,No,Yes,Outreach session held this week
KD-083-R6,ROTA,Yes,50,54,78,26,KDHSMA,Yes,No,
KD-083-R6,PCV,No,22,0,0,22,Zipline,No,No,
KD-084-R1,BCG,Yes,256,84,299,41,LGA,Yes,No,
KD-084-R1,HPV,Yes,99,63,129,33,LGA,Yes,Yes,Outreach session held this week
KD-084-R1,IPV,Yes,245,0,206,39,LGA,Yes,No,
KD-084-R1,MR,Yes,2,74,53,23,Zipline,Yes,No,
KD-084-R1,MEN A,Yes,152,0,104,48,LGA,Yes,Yes,Scheduled routine immunization session
KD-084-R1,MCV,Yes,66,49,84,31,LGA,No,No,
KD-084-R1,OPV,Yes,538,0,438,100,LGA,Yes,No,
KD-084-R1,YF,Yes,162,0,124,38,LGA,Yes,Yes,Scheduled routine immunization session
KD-084-R1,PENTA,Yes,318,185,406,97,LGA,Yes,No,
KD-084-R1,ROTA,Yes,460,0,394,66,LGA,Yes,No,
KD-084-R1,PCV,Yes,339,189,432,96,LGA,Yes,No,
KD-084-R2,BCG,Yes,299,0,250,49,LGA,Yes,Yes,Scheduled routine immunization session
KD-084-R2,HPV,Yes,129,51,141,39,Zipline,Yes,Yes,Outreach session held this week
KD-084-R2,IPV,Yes,206,0,152,54,Zipline,Yes,Yes,Outreach session held this week
KD-084-R2,MR,Yes,53,62,85,30,LGA,Yes,No,
KD-084-R2,MEN A,Yes,104,0,68,36,Zipline,Yes,Yes,Scheduled routine immunization session
KD-084-R2,MCV,Yes,84,60,109,35,Zipline,Yes,Yes,Outreach session held this week
KD-084-R2,OPV,Yes,438,0,322,116,Zipline,Yes,Yes,Outreach session held this week
KD-084-R2,YF,Yes,124,0,86,38,KDHSMA,Yes,Yes,Outreach session held this week
KD-084-R2,PENTA,Yes,406,164,468,102,LGA,Yes,Yes,Outreach session held this week
KD-084-R2,ROTA,Yes,394,0,299,95,KDHSMA,Yes,Yes,Scheduled routine immunization session
KD-084-R2,PCV,Yes,432,0,331,101,LGA,Yes,No,
KD-084-R3,BCG,Yes,250,75,282,43,LGA,Yes,No,
KD-084-R3,HPV,Yes,141,0,108,33,KDHSMA,Yes,Yes,Catch-up campaign
KD-084-R3,IPV,Yes,152,86,183,55,Zipline,Yes,Yes,Catch-up campaign
KD-084-R3,MR,Yes,85,78,123,40,Zipline,Yes,Yes,Outreach session held this week
KD-084-R3,MEN A,Yes,68,0,36,32,LGA,Yes,Yes,Scheduled routine immunization session
KD-084-R3,MCV,Yes,109,61,124,46,LGA,Yes,Yes,Scheduled routine immunization session
KD-084-R3,OPV,Yes,322,178,396,104,LGA,Yes,Yes,Scheduled routine immunization session
KD-084-R3,YF,Yes,86,61,114,33,LGA,Yes,No,
KD-084-R3,PENTA,Yes,468,169,530,107,LGA,Yes,Yes,Scheduled routine immunization session
KD-084-R3,ROTA,Yes,299,140,374,65,Zipline,Yes,No,
KD-084-R3,PCV,Yes,331,182,383,130,LGA,Yes,Yes,High birth cohort this week
KD-084-R4,BCG,Yes,282,105,322,65,LGA,Yes,Yes,Scheduled routine immunization session
KD-084-R4,HPV,Yes,108,64,139,33,LGA,Yes,Yes,School-based session (HPV)
KD-084-R4,IPV,Yes,183,91,219,55,KDHSMA,Yes,Yes,Scheduled routine immunization session
KD-084-R4,MR,Yes,123,70,161,32,LGA,Yes,No,
KD-084-R4,MEN A,Yes,36,52,53,35,LGA,Yes,Yes,Scheduled routine immunization session
KD-084-R4,MCV,Yes,124,74,161,37,LGA,Yes,Yes,Outreach session held this week
KD-084-R4,OPV,Yes,396,200,491,105,KDHSMA,No,Yes,Outreach session held this week
KD-084-R4,YF,Yes,114,69,152,31,LGA,Yes,No,
KD-084-R4,PENTA,Yes,530,157,598,89,LGA,No,No,
KD-084-R4,ROTA,Yes,374,117,413,78,LGA,Yes,Yes,Scheduled routine immunization session
KD-084-R4,PCV,Yes,383,0,287,96,Zipline,Yes,No,
KD-084-R5,BCG,Yes,322,92,366,48,LGA,Yes,Yes,Scheduled routine immunization session
KD-084-R5,HPV,Yes,139,0,100,39,LGA,No,Yes,School-based session (HPV)
KD-084-R5,IPV,Yes,219,89,256,52,Zipline,Yes,Yes,Outreach session held this week
KD-084-R5,MR,Yes,161,43,167,37,LGA,Yes,Yes,Scheduled routine immunization session
KD-084-R5,MEN A,Yes,53,59,82,30,Zipline,No,Yes,Scheduled routine immunization session
KD-084-R5,MCV,Yes,161,54,184,31,LGA,Yes,No,
KD-084-R5,OPV,Yes,491,180,558,113,Zipline,Yes,Yes,Catch-up campaign
KD-084-R5,YF,Yes,152,56,162,46,LGA,Yes,Yes,Scheduled routine immunization session
KD-084-R5,PENTA,Yes,598,176,668,106,KDHSMA,Yes,Yes,Scheduled routine immunization session
KD-084-R5,ROTA,Yes,413,112,450,75,LGA,Yes,Yes,Scheduled routine immunization session
KD-084-R5,PCV,Yes,287,168,338,117,LGA,Yes,Yes,Catch-up campaign
KD-084-R6,BCG,Yes,366,0,311,55,LGA,Yes,Yes,High birth cohort this week
KD-084-R6,HPV,Yes,100,0,66,34,LGA,Yes,Yes,High birth cohort this week
KD-084-R6,IPV,Yes,256,0,215,41,LGA,Yes,No,
KD-084-R6,MR,Yes,167,0,130,37,LGA,Yes,Yes,Scheduled routine immunization session
KD-084-R6,MEN A,Yes,82,0,46,36,LGA,Yes,Yes,Scheduled routine immunization session
KD-084-R6,MCV,Yes,184,68,214,38,LGA,Yes,Yes,Scheduled routine immunization session
KD-084-R6,OPV,Yes,558,0,419,139,LGA,Yes,Yes,Scheduled routine immunization session
KD-084-R6,YF,Yes,162,67,187,42,KDHSMA,Yes,Yes,Scheduled routine immunization session
KD-084-R6,PENTA,Yes,668,161,710,119,KDHSMA,Yes,Yes,Outreach session held this week
KD-084-R6,ROTA,Yes,450,0,373,77,KDHSMA,Yes,Yes,School-based session (HPV)
KD-084-R6,PCV,Yes,338,0,214,124,KDHSMA,Yes,Yes,Scheduled routine immunization session
KD-086-R1,BCG,Yes,43,22,53,12,LGA,Yes,Yes,Catch-up campaign
KD-086-R1,HPV,Yes,10,0,1,9,LGA,Yes,Yes,Scheduled routine immunization session
KD-086-R1,IPV,Yes,0,22,14,8,LGA,No,No,
KD-086-R1,MR,No,6,0,0,6,LGA,No,Yes,Scheduled routine immunization session
KD-086-R1,MEN A,Yes,11,15,15,11,LGA,Yes,Yes,Catch-up campaign
KD-086-R1,MCV,Yes,3,14,6,11,KDHSMA,Yes,Yes,Scheduled routine immunization session
KD-086-R1,OPV,Yes,28,0,5,23,LGA,Yes,No,
KD-086-R1,YF,No,7,0,0,7,Zipline,No,Yes,High birth cohort this week
KD-086-R1,PENTA,Yes,49,0,32,17,KDHSMA,Yes,No,
KD-086-R1,ROTA,No,10,0,0,10,LGA,No,No,
KD-086-R1,PCV,Yes,9,37,24,22,LGA,Yes,No,
KD-086-R2,BCG,Yes,53,0,44,9,LGA,Yes,No,
KD-086-R2,HPV,Yes,1,10,5,6,Zipline,Yes,No,
KD-086-R2,IPV,Yes,14,33,34,13,Zipline,Yes,Yes,Scheduled routine immunization session
KD-086-R2,MR,No,0,0,0,0,LGA,No,Yes,Outreach session held this week
KD-086-R2,MEN A,Yes,15,0,1,14,LGA,Yes,Yes,Scheduled routine immunization session
KD-086-R2,MCV,No,6,0,0,6,KDHSMA,No,Yes,Scheduled routine immunization session
KD-086-R2,OPV,No,5,0,0,5,LGA,No,Yes,High birth cohort this week
KD-086-R2,YF,Yes,0,18,11,7,LGA,Yes,No,
KD-086-R2,PENTA,Yes,32,0,6,26,LGA,Yes,Yes,Scheduled routine immunization session
KD-086-R2,ROTA,No,0,0,0,0,Zipline,No,Yes,Scheduled routine immunization session
KD-086-R2,PCV,Yes,24,43,44,23,LGA,Yes,No,
KD-086-R3,BCG,Yes,44,16,45,15,LGA,Yes,Yes,Scheduled routine immunization session
KD-086-R3,HPV,Yes,5,10,1,14,KDHSMA,Yes,Yes,School-based session (HPV)
KD-086-R3,IPV,Yes,34,18,45,7,Zipline,Yes,No,
KD-086-R3,MR,No,0,0,0,0,LGA,No,No,
KD-086-R3,MEN A,No,1,0,0,1,LGA,No,Yes,Outreach session held this week
KD-086-R3,MCV,Yes,0,14,9,5,LGA,Yes,No,
KD-086-R3,OPV,No,0,0,0,0,Zipline,No,Yes,Scheduled routine immunization session
KD-086-R3,YF,Yes,11,10,15,6,LGA,Yes,No,
KD-086-R3,PENTA,Yes,6,48,24,30,KDHSMA,Yes,Yes,High birth cohort this week
KD-086-R3,ROTA,No,0,0,0,0,LGA,No,Yes,Outreach session held this week
KD-086-R3,PCV,Yes,44,43,64,23,Zipline,Yes,No,
KD-086-R4,BCG,Yes,45,18,48,15,LGA,Yes,Yes,Outreach session held this week
KD-086-R4,HPV,Yes,1,10,6,5,Zipline,Yes,No,
KD-086-R4,IPV,Yes,45,0,26,19,LGA,Yes,Yes,Catch-up campaign
KD-086-R4,MR,No,0,0,0,0,LGA,No,Yes,High birth cohort this week
KD-086-R4,MEN A,No,0,0,0,0,LGA,No,No,
KD-086-R4,MCV,Yes,9,0,2,7,LGA,Yes,No,
KD-086-R4,OPV,No,0,0,0,0,LGA,No,Yes,High birth cohort this week
KD-086-R4,YF,Yes,15,0,7,8,Zipline,Yes,No,
KD-086-R4,PENTA,Yes,24,56,58,22,KDHSMA,Yes,No,
KD-086-R4,ROTA,No,0,0,0,0,LGA,No,Yes,Scheduled routine immunization session
KD-086-R4,PCV,Yes,64,0,42,22,LGA,Yes,No,
KD-086-R5,BCG,Yes,48,0,37,11,KDHSMA,Yes,Yes,Scheduled routine immunization session
KD-086-R5,HPV,Yes,6,0,3,3,Zipline,Yes,No,
KD-086-R5,IPV,Yes,26,0,18,8,LGA,Yes,No,
KD-086-R5,MR,Yes,0,13,8,5,KDHSMA,Yes,No,
KD-086-R5,MEN A,No,0,0,0,0,LGA,No,Yes,Catch-up campaign
KD-086-R5,MCV,No,2,0,0,2,Zipline,No,Yes,Scheduled routine immunization session
KD-086-R5,OPV,Yes,0,48,26,22,LGA,Yes,No,
KD-086-R5,YF,Yes,7,20,16,11,LGA,Yes,Yes,Scheduled routine immunization session
KD-086-R5,PENTA,Yes,58,0,31,27,LGA,Yes,Yes,Outreach session held this week
KD-086-R5,ROTA,No,0,21,0,21,LGA,No,Yes,Scheduled routine immunization session
KD-086-R5,PCV,Yes,42,0,9,33,Zipline,Yes,Yes,Scheduled routine immunization session
KD-086-R6,BCG,Yes,37,0,23,14,LGA,Yes,Yes,Scheduled routine immunization session
KD-086-R6,HPV,No,3,0,0,3,LGA,No,Yes,Scheduled routine immunization session
KD-086-R6,IPV,Yes,18,20,24,14,LGA,Yes,Yes,Scheduled routine immunization session
KD-086-R6,MR,No,8,0,0,8,KDHSMA,No,Yes,High birth cohort this week
KD-086-R6,MEN A,No,0,0,0,0,LGA,No,No,
KD-086-R6,MCV,No,0,0,0,0,LGA,No,No,
KD-086-R6,OPV,Yes,26,0,1,25,LGA,Yes,Yes,Scheduled routine immunization session
KD-086-R6,YF,Yes,16,0,5,11,LGA,Yes,Yes,High birth cohort this week
KD-086-R6,PENTA,Yes,31,0,11,20,LGA,Yes,No,
KD-086-R6,ROTA,No,0,0,0,0,LGA,No,No,
KD-086-R6,PCV,No,9,0,0,9,Zipline,No,Yes,Outreach session held this week
KD-087-R1,BCG,No,0,0,0,0,LGA,No,Yes,Scheduled routine immunization session
KD-087-R1,HPV,No,0,0,0,0,KDHSMA,No,Yes,School-based session (HPV)
KD-087-R1,IPV,Yes,37,0,23,14,LGA,Yes,Yes,Scheduled routine immunization session
KD-087-R1,MR,Yes,18,0,7,11,LGA,No,Yes,Outreach session held this week
KD-087-R1,MEN A,Yes,16,0,4,12,LGA,Yes,Yes,Outreach session held this week
KD-087-R1,MCV,Yes,13,0,6,7,KDHSMA,Yes,No,
KD-087-R1,OPV,Yes,47,0,22,25,LGA,Yes,Yes,Outreach session held this week
KD-087-R1,YF,Yes,16,17,21,12,LGA,Yes,Yes,High birth cohort this week
KD-087-R1,PENTA,Yes,76,0,51,25,LGA,Yes,Yes,Scheduled routine immunization session
KD-087-R1,ROTA,Yes,47,0,25,22,LGA,Yes,Yes,Scheduled routine immunization session
KD-087-R1,PCV,No,5,0,0,5,LGA,No,Yes,Scheduled routine immunization session
KD-087-R2,BCG,No,0,0,0,0,LGA,No,Yes,High birth cohort this week
KD-087-R2,HPV,No,0,0,0,0,LGA,No,No,
KD-087-R2,IPV,Yes,23,19,28,14,LGA,Yes,Yes,Scheduled routine immunization session
KD-087-R2,MR,Yes,7,11,8,10,LGA,Yes,Yes,Scheduled routine immunization session
KD-087-R2,MEN A,No,4,0,0,4,LGA,No,Yes,Scheduled routine immunization session
KD-087-R2,MCV,No,6,0,0,6,Zipline,No,Yes,Scheduled routine immunization session
KD-087-R2,OPV,Yes,22,33,23,32,LGA,No,Yes,High birth cohort this week
KD-087-R2,YF,Yes,21,13,21,13,KDHSMA,Yes,Yes,High birth cohort this week
KD-087-R2,PENTA,Yes,51,37,54,34,Zipline,Yes,Yes,Scheduled routine immunization session
KD-087-R2,ROTA,Yes,25,0,11,14,Zipline,Yes,No,
KD-087-R2,PCV,No,0,0,0,0,LGA,No,Yes,Catch-up campaign
KD-087-R3,BCG,Yes,0,15,5,10,Zipline,Yes,No,
KD-087-R3,HPV,No,0,0,0,0,LGA,No,No,
KD-087-R3,IPV,Yes,28,0,17,11,LGA,Yes,No,
KD-087-R3,MR,No,8,0,0,8,LGA,No,Yes,Outreach session held this week
KD-087-R3,MEN A,No,0,0,0,0,KDHSMA,No,No,
KD-087-R3,MCV,No,0,0,0,0,LGA,No,Yes,Catch-up campaign
KD-087-R3,OPV,Yes,23,40,36,27,LGA,Yes,Yes,Scheduled routine immunization session
KD-087-R3,YF,Yes,21,0,13,8,Zipline,Yes,No,
KD-087-R3,PENTA,Yes,54,0,28,26,LGA,Yes,Yes,Scheduled routine immunization session
KD-087-R3,ROTA,Yes,11,31,25,17,LGA,Yes,Yes,Scheduled routine immunization session
KD-087-R3,PCV,Yes,0,46,22,24,KDHSMA,Yes,No,
KD-087-R4,BCG,No,5,0,0,5,LGA,No,Yes,School-based session (HPV)
KD-087-R4,HPV,Yes,0,10,4,6,LGA,Yes,No,
KD-087-R4,IPV,Yes,17,0,9,8,KDHSMA,No,No,
KD-087-R4,MR,Yes,0,12,4,8,LGA,Yes,No,
KD-087-R4,MEN A,No,0,0,0,0,LGA,No,Yes,Scheduled routine immunization session
KD-087-R4,MCV,No,0,0,0,0,LGA,No,Yes,Outreach session held this week
KD-087-R4,OPV,Yes,36,49,59,26,LGA,Yes,Yes,Scheduled routine immunization session
KD-087-R4,YF,Yes,13,17,16,14,KDHSMA,Yes,Yes,Scheduled routine immunization session
KD-087-R4,PENTA,Yes,28,57,56,29,LGA,Yes,Yes,Scheduled routine immunization session
KD-087-R4,ROTA,Yes,25,29,44,10,LGA,Yes,No,
KD-087-R4,PCV,No,22,0,0,22,Zipline,No,No,
KD-087-R5,BCG,No,0,0,0,0,LGA,No,No,
KD-087-R5,HPV,No,4,0,0,4,Zipline,No,Yes,High birth cohort this week
KD-087-R5,IPV,No,9,0,0,9,LGA,No,Yes,High birth cohort this week
KD-087-R5,MR,No,4,0,0,4,LGA,No,Yes,Scheduled routine immunization session
KD-087-R5,MEN A,Yes,0,10,6,4,LGA,Yes,No,
KD-087-R5,MCV,No,0,0,0,0,LGA,No,No,
KD-087-R5,OPV,Yes,59,0,35,24,LGA,Yes,No,
KD-087-R5,YF,Yes,16,20,32,4,LGA,Yes,No,
KD-087-R5,PENTA,Yes,56,0,23,33,KDHSMA,Yes,Yes,Scheduled routine immunization session
KD-087-R5,ROTA,Yes,44,0,28,16,LGA,Yes,No,
KD-087-R5,PCV,No,0,0,0,0,LGA,No,Yes,Scheduled routine immunization session
KD-087-R6,BCG,No,0,0,0,0,LGA,No,Yes,Outreach session held this week
KD-087-R6,HPV,No,0,0,0,0,Zipline,No,No,
KD-087-R6,IPV,Yes,0,23,12,11,KDHSMA,Yes,No,
KD-087-R6,MR,Yes,0,15,6,9,LGA,Yes,Yes,Outreach session held this week
KD-087-R6,MEN A,No,6,0,0,6,LGA,No,Yes,Scheduled routine immunization session
KD-087-R6,MCV,Yes,0,20,10,10,LGA,Yes,Yes,Scheduled routine immunization session
KD-087-R6,OPV,Yes,35,0,4,31,LGA,Yes,Yes,Scheduled routine immunization session
KD-087-R6,YF,Yes,32,0,20,12,KDHSMA,Yes,Yes,Scheduled routine immunization session
KD-087-R6,PENTA,Yes,23,50,46,27,KDHSMA,Yes,Yes,Scheduled routine immunization session
KD-087-R6,ROTA,Yes,28,0,8,20,LGA,Yes,Yes,Scheduled routine immunization session
KD-087-R6,PCV,No,0,0,0,0,LGA,No,Yes,Scheduled routine immunization session
KD-088-R1,BCG,Yes,0,37,18,19,LGA,Yes,Yes,Outreach session held this week
KD-088-R1,HPV,Yes,36,14,36,14,LGA,Yes,Yes,Outreach session held this week
KD-088-R1,IPV,Yes,43,0,22,21,LGA,Yes,Yes,Outreach session held this week
KD-088-R1,MR,Yes,23,25,34,14,Zipline,Yes,Yes,Scheduled routine immunization session
KD-088-R1,MEN A,Yes,19,0,7,12,KDHSMA,Yes,Yes,Scheduled routine immunization session
KD-088-R1,MCV,Yes,16,0,7,9,LGA,Yes,No,
KD-088-R1,OPV,Yes,32,53,38,47,LGA,Yes,Yes,Outreach session held this week
KD-088-R1,YF,Yes,26,27,45,8,LGA,Yes,No,
KD-088-R1,PENTA,Yes,100,0,69,31,LGA,Yes,No,
KD-088-R1,ROTA,Yes,58,41,61,38,Zipline,Yes,Yes,Outreach session held this week
KD-088-R1,PCV,Yes,127,0,65,62,LGA,Yes,Yes,Scheduled routine immunization session
KD-088-R2,BCG,No,18,0,0,18,LGA,No,No,
KD-088-R2,HPV,Yes,36,0,21,15,LGA,Yes,Yes,Outreach session held this week
KD-088-R2,IPV,Yes,22,0,2,20,LGA,Yes,No,
KD-088-R2,MR,Yes,34,39,53,20,KDHSMA,Yes,Yes,Outreach session held this week
KD-088-R2,MEN A,No,7,0,0,7,Zipline,No,No,
KD-088-R2,MCV,No,7,0,0,7,LGA,No,No,
KD-088-R2,OPV,No,38,0,0,38,LGA,No,Yes,High birth cohort this week
KD-088-R2,YF,Yes,45,20,52,13,LGA,Yes,No,
KD-088-R2,PENTA,Yes,69,70,97,42,Zipline,Yes,Yes,Outreach session held this week
KD-088-R2,ROTA,Yes,61,0,34,27,LGA,Yes,No,
KD-088-R2,PCV,Yes,65,0,24,41,Zipline,Yes,Yes,Scheduled routine immunization session
KD-088-R3,BCG,No,0,0,0,0,LGA,No,Yes,Scheduled routine immunization session
KD-088-R3,HPV,Yes,21,0,8,13,LGA,Yes,Yes,School-based session (HPV)
KD-088-R3,IPV,No,2,0,0,2,Zipline,No,Yes,Scheduled routine immunization session
KD-088-R3,MR,Yes,53,31,67,17,LGA,Yes,Yes,Outreach session held this week
KD-088-R3,MEN A,Yes,0,27,14,13,KDHSMA,Yes,Yes,Outreach session held this week
KD-088-R3,MCV,No,0,0,0,0,LGA,No,Yes,Scheduled routine immunization session
KD-088-R3,OPV,No,0,0,0,0,Zipline,No,Yes,Outreach session held this week
KD-088-R3,YF,Yes,52,0,39,13,LGA,Yes,No,
KD-088-R3,PENTA,Yes,97,0,60,37,LGA,Yes,No,
KD-088-R3,ROTA,Yes,34,0,5,29,Zipline,Yes,Yes,Scheduled routine immunization session
KD-088-R3,PCV,No,24,0,0,24,LGA,No,Yes,Outreach session held this week
KD-088-R4,BCG,Yes,0,30,10,20,LGA,Yes,Yes,High birth cohort this week
KD-088-R4,HPV,No,8,0,0,8,LGA,No,Yes,Catch-up campaign
KD-088-R4,IPV,Yes,0,26,7,19,LGA,Yes,No,
KD-088-R4,MR,Yes,67,0,60,7,LGA,Yes,No,
KD-088-R4,MEN A,No,14,0,0,14,LGA,No,Yes,Scheduled routine immunization session
KD-088-R4,MCV,Yes,0,31,20,11,LGA,Yes,No,
KD-088-R4,OPV,No,0,0,0,0,LGA,No,Yes,Scheduled routine immunization session
KD-088-R4,YF,Yes,39,0,29,10,LGA,Yes,No,
KD-088-R4,PENTA,Yes,60,0,23,37,LGA,Yes,No,
KD-088-R4,ROTA,No,5,0,0,5,LGA,No,Yes,Outreach session held this week
KD-088-R4,PCV,No,0,0,0,0,LGA,No,No,
KD-088-R5,BCG,Yes,10,0,1,9,KDHSMA,Yes,No,
KD-088-R5,HPV,No,0,0,0,0,Zipline,No,No,
KD-088-R5,IPV,No,7,0,0,7,LGA,No,No,
KD-088-R5,MR,Yes,60,0,43,17,KDHSMA,Yes,Yes,Catch-up campaign
KD-088-R5,MEN A,No,0,0,0,0,LGA,No,Yes,High birth cohort this week
KD-088-R5,MCV,Yes,20,19,23,16,LGA,Yes,Yes,Scheduled routine immunization session
KD-088-R5,OPV,No,0,0,0,0,LGA,No,Yes,Catch-up campaign
KD-088-R5,YF,Yes,29,0,15,14,LGA,Yes,Yes,Scheduled routine immunization session
KD-088-R5,PENTA,No,23,0,0,23,KDHSMA,No,Yes,High birth cohort this week
KD-088-R5,ROTA,No,0,0,0,0,LGA,No,No,
KD-088-R5,PCV,No,0,0,0,0,Zipline,No,Yes,Scheduled routine immunization session
KD-088-R6,BCG,Yes,1,35,9,27,KDHSMA,Yes,Yes,Scheduled routine immunization session
KD-088-R6,HPV,Yes,0,25,13,12,LGA,Yes,Yes,School-based session (HPV)
KD-088-R6,IPV,Yes,0,39,18,21,LGA,Yes,Yes,Outreach session held this week
KD-088-R6,MR,Yes,43,36,60,19,LGA,Yes,Yes,Scheduled routine immunization session
KD-088-R6,MEN A,No,0,0,0,0,Zipline,No,Yes,Outreach session held this week
KD-088-R6,MCV,Yes,23,21,30,14,Zipline,Yes,Yes,Outreach session held this week
KD-088-R6,OPV,No,0,0,0,0,LGA,No,No,
KD-088-R6,YF,No,15,0,0,15,LGA,No,Yes,High birth cohort this week
KD-088-R6,PENTA,Yes,0,65,18,47,LGA,Yes,Yes,Outreach session held this week
KD-088-R6,ROTA,No,0,0,0,0,KDHSMA,No,No,
KD-088-R6,PCV,No,0,0,0,0,LGA,No,No,
KD-090-R1,BCG,No,8,0,0,8,LGA,No,Yes,Catch-up campaign
KD-090-R1,HPV,Yes,14,0,5,9,Zipline,Yes,No,
KD-090-R1,IPV,No,11,0,0,11,LGA,No,No,
KD-090-R1,MR,Yes,33,0,23,10,LGA,Yes,No,
KD-090-R1,MEN A,Yes,15,0,2,13,Zipline,Yes,Yes,Scheduled routine immunization session
KD-090-R1,MCV,Yes,19,0,13,6,LGA,Yes,No,
KD-090-R1,OPV,Yes,40,90,85,45,LGA,Yes,Yes,School-based session (HPV)
KD-090-R1,YF,Yes,28,0,18,10,KDHSMA,Yes,No,
KD-090-R1,PENTA,Yes,108,0,59,49,LGA,Yes,Yes,Outreach session held this week
KD-090-R1,ROTA,Yes,83,0,53,30,LGA,Yes,Yes,Scheduled routine immunization session
KD-090-R1,PCV,Yes,91,0,42,49,LGA,Yes,Yes,High birth cohort this week
KD-090-R2,BCG,No,0,0,0,0,Zipline,No,Yes,Scheduled routine immunization session
KD-090-R2,HPV,No,5,0,0,5,KDHSMA,No,Yes,Scheduled routine immunization session
KD-090-R2,IPV,No,0,0,0,0,LGA,No,Yes,Scheduled routine immunization session
KD-090-R2,MR,Yes,23,0,5,18,KDHSMA,No,Yes,Catch-up campaign
KD-090-R2,MEN A,No,2,0,0,2,Zipline,No,Yes,Scheduled routine immunization session
KD-090-R2,MCV,No,13,0,0,13,Zipline,No,Yes,Catch-up campaign
KD-090-R2,OPV,Yes,85,0,40,45,Zipline,Yes,Yes,Scheduled routine immunization session
KD-090-R2,YF,Yes,18,0,9,9,KDHSMA,No,No,
KD-090-R2,PENTA,Yes,59,74,89,44,Zipline,Yes,Yes,High birth cohort this week
KD-090-R2,ROTA,Yes,53,0,13,40,LGA,Yes,Yes,High birth cohort this week
KD-090-R2,PCV,Yes,42,0,8,34,LGA,No,No,
KD-090-R3,BCG,No,0,0,0,0,LGA,No,No,
KD-090-R3,HPV,No,0,0,0,0,LGA,No,Yes,High birth cohort this week
KD-090-R3,IPV,No,0,0,0,0,KDHSMA,No,No,
KD-090-R3,MR,No,5,0,0,5,LGA,No,No,
KD-090-R3,MEN A,No,0,0,0,0,KDHSMA,No,Yes,Catch-up campaign
KD-090-R3,MCV,No,0,0,0,0,KDHSMA,No,Yes,Scheduled routine immunization session
KD-090-R3,OPV,No,40,0,0,40,LGA,No,Yes,Scheduled routine immunization session
KD-090-R3,YF,No,9,0,0,9,LGA,No,Yes,Outreach session held this week
KD-090-R3,PENTA,Yes,89,73,123,39,Zipline,Yes,No,
KD-090-R3,ROTA,No,13,0,0,13,LGA,No,No,
KD-090-R3,PCV,Yes,8,62,33,37,LGA,Yes,No,
KD-090-R4,BCG,Yes,0,33,11,22,LGA,Yes,Yes,Outreach session held this week
KD-090-R4,HPV,Yes,0,21,9,12,LGA,Yes,Yes,Outreach session held this week
KD-090-R4,IPV,Yes,0,44,23,21,Zipline,Yes,Yes,Outreach session held this week
KD-090-R4,MR,Yes,0,17,5,12,KDHSMA,Yes,No,
KD-090-R4,MEN A,No,0,0,0,0,LGA,No,No,
KD-090-R4,MCV,No,0,0,0,0,Zipline,No,Yes,Scheduled routine immunization session
KD-090-R4,OPV,Yes,0,65,22,43,LGA,No,Yes,Scheduled routine immunization session
KD-090-R4,YF,Yes,0,18,6,12,Zipline,Yes,No,
KD-090-R4,PENTA,Yes,123,79,162,40,LGA,Yes,No,
KD-090-R4,ROTA,No,0,0,0,0,LGA,No,Yes,Catch-up campaign
KD-090-R4,PCV,Yes,33,73,55,51,Zipline,Yes,Yes,Scheduled routine immunization session
KD-090-R5,BCG,No,11,0,0,11,LGA,No,Yes,Catch-up campaign
KD-090-R5,HPV,No,9,0,0,9,LGA,No,No,
KD-090-R5,IPV,No,23,0,0,23,Zipline,No,Yes,Scheduled routine immunization session
KD-090-R5,MR,No,5,0,0,5,LGA,No,No,
KD-090-R5,MEN A,No,0,0,0,0,LGA,No,Yes,Scheduled routine immunization session
KD-090-R5,MCV,No,0,0,0,0,LGA,No,Yes,Outreach session held this week
KD-090-R5,OPV,Yes,22,70,44,48,LGA,Yes,Yes,Scheduled routine immunization session
KD-090-R5,YF,No,6,0,0,6,LGA,No,No,
KD-090-R5,PENTA,Yes,162,0,124,38,KDHSMA,No,No,
KD-090-R5,ROTA,No,0,0,0,0,LGA,No,Yes,Scheduled routine immunization session
KD-090-R5,PCV,Yes,55,0,19,36,LGA,Yes,No,
KD-090-R6,BCG,Yes,0,40,19,21,LGA,Yes,Yes,Outreach session held this week
KD-090-R6,HPV,Yes,0,19,6,13,LGA,Yes,Yes,School-based session (HPV)
KD-090-R6,IPV,Yes,0,35,12,23,KDHSMA,Yes,Yes,Scheduled routine immunization session
KD-090-R6,MR,Yes,0,16,3,13,LGA,Yes,No,
KD-090-R6,MEN A,Yes,0,22,3,19,KDHSMA,Yes,Yes,Scheduled routine immunization session
KD-090-R6,MCV,Yes,0,36,19,17,LGA,Yes,Yes,Scheduled routine immunization session
KD-090-R6,OPV,Yes,44,56,58,42,LGA,Yes,Yes,Scheduled routine immunization session
KD-090-R6,YF,Yes,0,22,9,13,LGA,No,No,
KD-090-R6,PENTA,Yes,124,83,161,46,KDHSMA,Yes,Yes,Scheduled routine immunization session
KD-090-R6,ROTA,Yes,0,49,22,27,LGA,Yes,No,
KD-090-R6,PCV,Yes,19,86,68,37,Zipline,Yes,No,
KD-091-R1,BCG,Yes,135,77,177,35,LGA,Yes,No,
KD-091-R1,HPV,Yes,125,56,150,31,LGA,Yes,Yes,Scheduled routine immunization session
KD-091-R1,IPV,Yes,86,0,46,40,KDHSMA,Yes,No,
KD-091-R1,MR,Yes,102,0,56,46,LGA,Yes,Yes,High birth cohort this week
KD-091-R1,MEN A,Yes,139,0,111,28,KDHSMA,Yes,No,
KD-091-R1,MCV,Yes,205,62,230,37,KDHSMA,No,Yes,Scheduled routine immunization session
KD-091-R1,OPV,Yes,259,175,313,121,Zipline,Yes,Yes,Scheduled routine immunization session
KD-091-R1,YF,Yes,96,0,61,35,LGA,Yes,Yes,Scheduled routine immunization session
KD-091-R1,PENTA,Yes,277,177,350,104,LGA,Yes,Yes,High birth cohort this week
KD-091-R1,ROTA,Yes,393,120,443,70,LGA,Yes,Yes,High birth cohort this week
KD-091-R1,PCV,Yes,281,175,343,113,Zipline,Yes,Yes,Scheduled routine immunization session
KD-091-R2,BCG,Yes,177,78,197,58,Zipline,Yes,Yes,Outreach session held this week
KD-091-R2,HPV,Yes,150,0,131,19,LGA,Yes,No,
KD-091-R2,IPV,Yes,46,0,8,38,LGA,Yes,No,
KD-091-R2,MR,Yes,56,0,25,31,LGA,Yes,No,
KD-091-R2,MEN A,Yes,111,0,80,31,LGA,Yes,Yes,Scheduled routine immunization session
KD-091-R2,MCV,Yes,230,64,246,48,LGA,Yes,Yes,Scheduled routine immunization session
KD-091-R2,OPV,Yes,313,0,198,115,LGA,Yes,Yes,High birth cohort this week
KD-091-R2,YF,Yes,61,80,113,28,Zipline,Yes,No,
KD-091-R2,PENTA,Yes,350,0,256,94,KDHSMA,Yes,No,
KD-091-R2,ROTA,Yes,443,121,479,85,LGA,Yes,Yes,Catch-up campaign
KD-091-R2,PCV,Yes,343,0,224,119,KDHSMA,Yes,Yes,Scheduled routine immunization session
KD-091-R3,BCG,Yes,197,0,147,50,LGA,Yes,Yes,Scheduled routine immunization session
KD-091-R3,HPV,Yes,131,44,151,24,LGA,Yes,No,
KD-091-R3,IPV,No,8,0,0,8,Zipline,No,No,
KD-091-R3,MR,No,25,0,0,25,KDHSMA,No,Yes,Scheduled routine immunization session
KD-091-R3,MEN A,Yes,80,0,40,40,LGA,Yes,Yes,Scheduled routine immunization session
KD-091-R3,MCV,Yes,246,0,208,38,Zipline,Yes,Yes,Outreach session held this week
KD-091-R3,OPV,Yes,198,175,259,114,Zipline,Yes,Yes,Scheduled routine immunization session
KD-091-R3,YF,Yes,113,73,163,23,KDHSMA,Yes,No,
KD-091-R3,PENTA,Yes,256,0,137,119,LGA,Yes,Yes,Scheduled routine immunization session
KD-091-R3,ROTA,Yes,479,116,524,71,Zipline,Yes,Yes,Scheduled routine immunization session
KD-091-R3,PCV,Yes,224,192,294,122,Zipline,Yes,Yes,Scheduled routine immunization session
KD-091-R4,BCG,Yes,147,0,89,58,LGA,Yes,Yes,Scheduled routine immunization session
KD-091-R4,HPV,Yes,151,0,117,34,Zipline,Yes,Yes,High birth cohort this week
KD-091-R4,IPV,No,0,0,0,0,LGA,No,Yes,High birth cohort this week
KD-091-R4,MR,No,0,0,0,0,KDHSMA,No,Yes,Outreach session held this week
KD-091-R4,MEN A,Yes,40,44,56,28,LGA,Yes,No,
KD-091-R4,MCV,Yes,208,66,239,35,LGA,Yes,Yes,Scheduled routine immunization session
KD-091-R4,OPV,Yes,259,0,152,107,LGA,Yes,Yes,Scheduled routine immunization session
KD-091-R4,YF,Yes,163,0,129,34,KDHSMA,Yes,Yes,Scheduled routine immunization session
KD-091-R4,PENTA,Yes,137,0,26,111,LGA,No,Yes,Catch-up campaign
KD-091-R4,ROTA,Yes,524,0,452,72,LGA,Yes,Yes,Scheduled routine immunization session
KD-091-R4,PCV,Yes,294,0,173,121,LGA,Yes,Yes,Outreach session held this week
KD-091-R5,BCG,Yes,89,0,47,42,KDHSMA,Yes,No,
KD-091-R5,HPV,Yes,117,46,138,25,LGA,Yes,No,
KD-091-R5,IPV,No,0,0,0,0,LGA,No,Yes,School-based session (HPV)
KD-091-R5,MR,No,0,0,0,0,LGA,No,No,
KD-091-R5,MEN A,Yes,56,53,77,32,LGA,Yes,Yes,Scheduled routine immunization session
KD-091-R5,MCV,Yes,239,0,202,37,LGA,Yes,Yes,Outreach session held this week
KD-091-R5,OPV,Yes,152,191,241,102,LGA,Yes,Yes,Outreach session held this week
KD-091-R5,YF,Yes,129,48,142,35,LGA,Yes,Yes,Scheduled routine immunization session
KD-091-R5,PENTA,Yes,26,165,62,129,LGA,Yes,Yes,Scheduled routine immunization session
KD-091-R5,ROTA,Yes,452,116,511,57,LGA,Yes,No,
KD-091-R5,PCV,Yes,173,0,50,123,LGA,Yes,Yes,Outreach session held this week
KD-091-R6,BCG,Yes,47,0,3,44,LGA,Yes,No,
KD-091-R6,HPV,Yes,138,44,156,26,KDHSMA,Yes,No,
KD-091-R6,IPV,Yes,0,101,35,66,LGA,Yes,Yes,School-based session (HPV)
KD-091-R6,MR,No,0,0,0,0,LGA,No,No,
KD-091-R6,MEN A,Yes,77,0,46,31,LGA,Yes,Yes,School-based session (HPV)
KD-091-R6,MCV,Yes,202,0,154,48,LGA,Yes,Yes,Scheduled routine immunization session
KD-091-R6,OPV,Yes,241,0,141,100,LGA,Yes,No,
KD-091-R6,YF,Yes,142,58,166,34,LGA,Yes,Yes,Scheduled routine immunization session
KD-091-R6,PENTA,Yes,62,201,153,110,LGA,Yes,Yes,Outreach session held this week
KD-091-R6,ROTA,Yes,511,136,568,79,LGA,Yes,Yes,Scheduled routine immunization session
KD-091-R6,PCV,Yes,50,178,95,133,Zipline,Yes,Yes,Scheduled routine immunization session
KD-095-R1,BCG,Yes,8,0,3,5,Zipline,No,No,
KD-095-R1,HPV,No,2,0,0,2,LGA,No,Yes,Outreach session held this week
KD-095-R1,IPV,Yes,15,0,10,5,KDHSMA,Yes,No,
KD-095-R1,MR,Yes,11,0,2,9,LGA,Yes,Yes,High birth cohort this week
KD-095-R1,MEN A,No,3,0,0,3,Zipline,No,Yes,Outreach session held this week
KD-095-R1,MCV,No,0,7,0,7,LGA,No,Yes,Scheduled routine immunization session
KD-095-R1,OPV,Yes,45,0,28,17,Zipline,Yes,Yes,High birth cohort this week
KD-095-R1,YF,Yes,8,12,14,6,KDHSMA,Yes,Yes,Scheduled routine immunization session
KD-095-R1,PENTA,Yes,26,0,17,9,LGA,Yes,No,
KD-095-R1,ROTA,Yes,19,0,13,6,LGA,Yes,No,
KD-095-R1,PCV,Yes,53,0,43,10,KDHSMA,Yes,No,
KD-095-R2,BCG,Yes,3,12,11,4,LGA,Yes,No,
KD-095-R2,HPV,No,0,3,0,3,LGA,No,No,
KD-095-R2,IPV,Yes,10,13,20,3,KDHSMA,Yes,No,
KD-095-R2,MR,No,2,7,0,9,LGA,No,Yes,Outreach session held this week
KD-095-R2,MEN A,No,0,0,0,0,KDHSMA,No,Yes,Outreach session held this week
KD-095-R2,MCV,No,0,0,0,0,KDHSMA,No,No,
KD-095-R2,OPV,Yes,28,25,38,15,Zipline,Yes,Yes,High birth cohort this week
KD-095-R2,YF,Yes,14,0,8,6,LGA,Yes,Yes,Scheduled routine immunization session
KD-095-R2,PENTA,No,17,0,0,17,LGA,No,Yes,Scheduled routine immunization session
KD-095-R2,ROTA,Yes,13,16,11,18,LGA,Yes,Yes,High birth cohort this week
KD-095-R2,PCV,Yes,43,24,51,16,Zipline,No,Yes,High birth cohort this week
KD-095-R3,BCG,Yes,11,12,14,9,LGA,Yes,Yes,Scheduled routine immunization session
KD-095-R3,HPV,No,0,0,0,0,Zipline,No,No,
KD-095-R3,IPV,Yes,20,0,14,6,LGA,Yes,No,
KD-095-R3,MR,Yes,0,7,3,4,LGA,Yes,No,
KD-095-R3,MEN A,Yes,0,9,7,2,Zipline,Yes,No,
KD-095-R3,MCV,Yes,0,9,3,6,LGA,Yes,Yes,Outreach session held this week
KD-095-R3,OPV,Yes,38,0,26,12,LGA,Yes,No,
KD-095-R3,YF,Yes,8,0,5,3,KDHSMA,Yes,No,
KD-095-R3,PENTA,Yes,0,25,5,20,KDHSMA,Yes,Yes,Scheduled routine immunization session
KD-095-R3,ROTA,No,11,0,0,11,KDHSMA,No,Yes,School-based session (HPV)
KD-095-R3,PCV,Yes,51,0,38,13,LGA,Yes,No,
KD-095-R4,BCG,Yes,14,13,20,7,KDHSMA,Yes,Yes,Scheduled routine immunization session
KD-095-R4,HPV,No,0,0,0,0,LGA,No,Yes,School-based session (HPV)
KD-095-R4,IPV,Yes,14,0,8,6,LGA,No,No,
KD-095-R4,MR,Yes,3,7,3,7,KDHSMA,Yes,Yes,Outreach session held this week
KD-095-R4,MEN A,No,7,0,0,7,LGA,No,Yes,High birth cohort this week
KD-095-R4,MCV,Yes,3,5,8,0,LGA,Yes,No,
KD-095-R4,OPV,Yes,26,0,8,18,LGA,Yes,Yes,Outreach session held this week
KD-095-R4,YF,Yes,5,5,1,9,LGA,Yes,Yes,Scheduled routine immunization session
KD-095-R4,PENTA,Yes,5,22,10,17,LGA,Yes,Yes,High birth cohort this week
KD-095-R4,ROTA,Yes,0,18,10,8,LGA,Yes,No,
KD-095-R4,PCV,Yes,38,16,40,14,LGA,Yes,No,
KD-095-R5,BCG,Yes,20,0,14,6,Zipline,No,No,
KD-095-R5,HPV,Yes,0,7,3,4,LGA,Yes,Yes,Catch-up campaign
KD-095-R5,IPV,Yes,8,14,15,7,LGA,Yes,No,
KD-095-R5,MR,Yes,3,18,15,6,Zipline,Yes,Yes,Scheduled routine immunization session
KD-095-R5,MEN A,No,0,4,0,4,KDHSMA,No,Yes,Scheduled routine immunization session
KD-095-R5,MCV,Yes,8,4,5,7,Zipline,Yes,Yes,High birth cohort this week
KD-095-R5,OPV,Yes,8,23,12,19,LGA,Yes,Yes,Scheduled routine immunization session
KD-095-R5,YF,No,1,8,0,9,Zipline,No,Yes,Scheduled routine immunization session
KD-095-R5,PENTA,No,10,0,0,10,LGA,No,No,
KD-095-R5,ROTA,No,10,0,0,10,LGA,No,Yes,Catch-up campaign
KD-095-R5,PCV,Yes,40,0,21,19,LGA,Yes,Yes,Scheduled routine immunization session
KD-095-R6,BCG,Yes,14,8,17,5,LGA,Yes,No,
KD-095-R6,HPV,Yes,3,10,10,3,LGA,Yes,No,
KD-095-R6,IPV,Yes,15,0,3,12,Zipline,Yes,Yes,Scheduled routine immunization session
KD-095-R6,MR,Yes,15,8,17,6,LGA,Yes,Yes,Outreach session held this week
KD-095-R6,MEN A,No,0,0,0,0,KDHSMA,No,No,
KD-095-R6,MCV,No,5,0,0,5,LGA,No,Yes,Scheduled routine immunization session
KD-095-R6,OPV,Yes,12,21,16,17,KDHSMA,Yes,Yes,Catch-up campaign
KD-095-R6,YF,No,0,0,0,0,LGA,No,Yes,Catch-up campaign
KD-095-R6,PENTA,No,0,0,0,0,LGA,No,Yes,Scheduled routine immunization session
KD-095-R6,ROTA,Yes,0,10,3,7,LGA,Yes,No,
KD-095-R6,PCV,Yes,21,0,4,17,LGA,Yes,Yes,Scheduled routine immunization session
KD-097-R1,BCG,No,7,0,0,7,KDHSMA,No,Yes,Scheduled routine immunization session
KD-097-R1,HPV,Yes,3,12,11,4,Zipline,Yes,Yes,School-based session (HPV)
KD-097-R1,IPV,Yes,18,0,14,4,LGA,Yes,No,
KD-097-R1,MR,No,1,0,0,1,LGA,No,No,
KD-097-R1,MEN A,No,3,0,0,3,LGA,No,No,
KD-097-R1,MCV,Yes,9,6,12,3,Zipline,Yes,No,
KD-097-R1,OPV,Yes,14,20,20,14,LGA,Yes,No,
KD-097-R1,YF,No,3,0,0,3,LGA,No,Yes,Outreach session held this week
KD-097-R1,PENTA,Yes,0,23,6,17,KDHSMA,Yes,Yes,Scheduled routine immunization session
KD-097-R1,ROTA,Yes,17,0,4,13,LGA,Yes,Yes,Scheduled routine immunization session
KD-097-R1,PCV,Yes,13,35,31,17,LGA,Yes,Yes,High birth cohort this week
KD-097-R2,BCG,Yes,0,11,8,3,LGA,No,No,
KD-097-R2,HPV,Yes,11,0,5,6,LGA,Yes,Yes,Outreach session held this week
KD-097-R2,IPV,Yes,14,15,23,6,KDHSMA,Yes,No,
KD-097-R2,MR,No,0,0,0,0,KDHSMA,No,No,
KD-097-R2,MEN A,No,0,0,0,0,LGA,No,No,
KD-097-R2,MCV,Yes,12,11,17,6,LGA,Yes,Yes,Scheduled routine immunization session
KD-097-R2,OPV,Yes,20,0,4,16,LGA,Yes,Yes,Scheduled routine immunization session
KD-097-R2,YF,No,0,0,0,0,LGA,No,No,
KD-097-R2,PENTA,Yes,6,20,4,22,LGA,Yes,Yes,Scheduled routine immunization session
KD-097-R2,ROTA,Yes,4,16,14,6,Zipline,Yes,No,
KD-097-R2,PCV,Yes,31,0,10,21,LGA,Yes,Yes,Scheduled routine immunization session
KD-097-R3,BCG,Yes,8,11,11,8,LGA,Yes,Yes,Scheduled routine immunization session
KD-097-R3,HPV,Yes,5,8,6,7,KDHSMA,Yes,Yes,School-based session (HPV)
KD-097-R3,IPV,Yes,23,0,15,8,KDHSMA,Yes,Yes,Scheduled routine immunization session
KD-097-R3,MR,No,0,8,0,8,Zipline,No,Yes,Scheduled routine immunization session
KD-097-R3,MEN A,No,0,0,0,0,KDHSMA,No,Yes,Scheduled routine immunization session
KD-097-R3,MCV,Yes,17,8,21,4,Zipline,No,No,
KD-097-R3,OPV,No,4,0,0,4,LGA,No,Yes,Scheduled routine immunization session
KD-097-R3,YF,No,0,0,0,0,KDHSMA,No,No,
KD-097-R3,PENTA,No,4,0,0,4,LGA,No,Yes,Scheduled routine immunization session
KD-097-R3,ROTA,Yes,14,18,14,18,Zipline,No,Yes,High birth cohort this week
KD-097-R3,PCV,Yes,10,28,30,8,LGA,Yes,No,
KD-097-R4,BCG,Yes,11,0,3,8,LGA,No,Yes,Scheduled routine immunization session
KD-097-R4,HPV,No,6,0,0,6,Zipline,No,Yes,School-based session (HPV)
KD-097-R4,IPV,Yes,15,7,7,15,LGA,Yes,Yes,Scheduled routine immunization session
KD-097-R4,MR,No,0,0,0,0,Zipline,No,No,
KD-097-R4,MEN A,No,0,0,0,0,KDHSMA,No,No,
KD-097-R4,MCV,Yes,21,0,18,3,LGA,Yes,No,
KD-097-R4,OPV,Yes,0,23,3,20,LGA,No,Yes,Scheduled routine immunization session
KD-097-R4,YF,No,0,0,0,0,Zipline,No,Yes,Scheduled routine immunization session
KD-097-R4,PENTA,No,0,0,0,0,LGA,No,Yes,School-based session (HPV)
KD-097-R4,ROTA,Yes,14,0,8,6,LGA,Yes,No,
KD-097-R4,PCV,Yes,30,0,16,14,Zipline,Yes,No,
KD-097-R5,BCG,Yes,3,8,5,6,KDHSMA,No,No,
KD-097-R5,HPV,No,0,0,0,0,KDHSMA,No,Yes,Catch-up campaign
KD-097-R5,IPV,Yes,7,10,11,6,LGA,Yes,No,
KD-097-R5,MR,No,0,0,0,0,KDHSMA,No,Yes,Catch-up campaign
KD-097-R5,MEN A,No,0,0,0,0,LGA,No,Yes,Scheduled routine immunization session
KD-097-R5,MCV,Yes,18,6,18,6,LGA,Yes,Yes,School-based session (HPV)
KD-097-R5,OPV,No,3,0,0,3,LGA,No,Yes,Scheduled routine immunization session
KD-097-R5,YF,No,0,6,0,6,LGA,No,Yes,School-based session (HPV)
KD-097-R5,PENTA,Yes,0,35,25,10,LGA,Yes,No,
KD-097-R5,ROTA,Yes,8,17,17,8,LGA,Yes,No,
KD-097-R5,PCV,Yes,16,28,25,19,LGA,Yes,Yes,Outreach session held this week
KD-097-R6,BCG,No,5,0,0,5,LGA,No,Yes,Scheduled routine immunization session
KD-097-R6,HPV,Yes,0,5,1,4,LGA,Yes,Yes,School-based session (HPV)
KD-097-R6,IPV,Yes,11,0,7,4,LGA,Yes,No,
KD-097-R6,MR,No,0,0,0,0,LGA,No,Yes,Scheduled routine immunization session
KD-097-R6,MEN A,No,0,0,0,0,LGA,No,Yes,School-based session (HPV)
KD-097-R6,MCV,Yes,18,0,12,6,KDHSMA,Yes,Yes,Outreach session held this week
KD-097-R6,OPV,No,0,0,0,0,KDHSMA,No,No,
KD-097-R6,YF,No,0,0,0,0,Zipline,No,Yes,Scheduled routine immunization session
KD-097-R6,PENTA,Yes,25,29,28,26,LGA,Yes,Yes,School-based session (HPV)
KD-097-R6,ROTA,Yes,17,0,3,14,LGA,Yes,Yes,Outreach session held this week
KD-097-R6,PCV,Yes,25,0,10,15,LGA,Yes,Yes,Outreach session held this week
KD-098-R1,BCG,Yes,2,22,14,10,KDHSMA,No,No,
KD-098-R1,HPV,Yes,10,0,1,9,LGA,Yes,Yes,High birth cohort this week
KD-098-R1,IPV,Yes,30,22,38,14,Zipline,Yes,Yes,Scheduled routine immunization session
KD-098-R1,MR,Yes,12,0,5,7,KDHSMA,Yes,No,
KD-098-R1,MEN A,No,5,0,0,5,LGA,No,Yes,Outreach session held this week
KD-098-R1,MCV,Yes,19,13,26,6,LGA,Yes,No,
KD-098-R1,OPV,Yes,94,0,76,18,LGA,Yes,No,
KD-098-R1,YF,No,11,0,0,11,KDHSMA,No,Yes,Scheduled routine immunization session
KD-098-R1,PENTA,Yes,47,0,19,28,KDHSMA,No,Yes,Outreach session held this week
KD-098-R1,ROTA,Yes,38,26,48,16,LGA,Yes,No,
KD-098-R1,PCV,Yes,35,0,8,27,KDHSMA,Yes,Yes,Scheduled routine immunization session
KD-098-R2,BCG,No,14,0,0,14,LGA,No,Yes,Outreach session held this week
KD-098-R2,HPV,No,1,0,0,1,LGA,No,Yes,School-based session (HPV)
KD-098-R2,IPV,Yes,38,18,48,8,LGA,Yes,No,
KD-098-R2,MR,No,5,0,0,5,LGA,No,Yes,Scheduled routine immunization session
KD-098-R2,MEN A,Yes,0,10,2,8,LGA,Yes,Yes,Scheduled routine immunization session
KD-098-R2,MCV,Yes,26,0,13,13,KDHSMA,Yes,Yes,Scheduled routine immunization session
KD-098-R2,OPV,Yes,76,0,56,20,LGA,Yes,No,
KD-098-R2,YF,No,0,0,0,0,LGA,No,Yes,Outreach session held this week
KD-098-R2,PENTA,No,19,0,0,19,LGA,No,No,
KD-098-R2,ROTA,Yes,48,25,59,14,Zipline,Yes,No,
KD-098-R2,PCV,No,8,0,0,8,KDHSMA,No,Yes,High birth cohort this week
KD-098-R3,BCG,No,0,0,0,0,LGA,No,Yes,Scheduled routine immunization session
KD-098-R3,HPV,No,0,0,0,0,LGA,No,Yes,School-based session (HPV)
KD-098-R3,IPV,Yes,48,0,35,13,LGA,No,Yes,Scheduled routine immunization session
KD-098-R3,MR,No,0,0,0,0,LGA,No,Yes,Outreach session held this week
KD-098-R3,MEN A,No,2,0,0,2,Zipline,No,Yes,School-based session (HPV)
KD-098-R3,MCV,Yes,13,0,6,7,LGA,Yes,No,
KD-098-R3,OPV,Yes,56,0,25,31,Zipline,Yes,Yes,High birth cohort this week
KD-098-R3,YF,No,0,0,0,0,LGA,No,No,
KD-098-R3,PENTA,Yes,0,42,11,31,Zipline,Yes,Yes,Scheduled routine immunization session
KD-098-R3,ROTA,Yes,59,0,43,16,LGA,Yes,No,
KD-098-R3,PCV,No,0,0,0,0,LGA,No,Yes,Scheduled routine immunization session
KD-098-R4,BCG,No,0,0,0,0,Zipline,No,No,
KD-098-R4,HPV,No,0,0,0,0,Zipline,No,Yes,School-based session (HPV)
KD-098-R4,IPV,Yes,35,0,19,16,LGA,Yes,Yes,Outreach session held this week
KD-098-R4,MR,No,0,0,0,0,LGA,No,Yes,Scheduled routine immunization session
KD-098-R4,MEN A,No,0,0,0,0,LGA,No,Yes,Scheduled routine immunization session
KD-098-R4,MCV,No,6,0,0,6,LGA,No,Yes,School-based session (HPV)
KD-098-R4,OPV,Yes,25,49,53,21,LGA,Yes,No,
KD-098-R4,YF,Yes,0,23,15,8,LGA,Yes,No,
KD-098-R4,PENTA,No,11,0,0,11,LGA,No,Yes,Outreach session held this week
KD-098-R4,ROTA,Yes,43,0,11,32,LGA,Yes,Yes,Scheduled routine immunization session
KD-098-R4,PCV,Yes,0,48,13,35,KDHSMA,No,Yes,Scheduled routine immunization session
KD-098-R5,BCG,No,0,0,0,0,LGA,No,No,
KD-098-R5,HPV,No,0,0,0,0,Zipline,No,No,
KD-098-R5,IPV,Yes,19,0,5,14,Zipline,Yes,Yes,Scheduled routine immunization session
KD-098-R5,MR,No,0,0,0,0,LGA,No,Yes,Scheduled routine immunization session
KD-098-R5,MEN A,No,0,0,0,0,LGA,No,Yes,Scheduled routine immunization session
KD-098-R5,MCV,No,0,0,0,0,LGA,No,No,
KD-098-R5,OPV,Yes,53,0,26,27,KDHSMA,No,Yes,Scheduled routine immunization session
KD-098-R5,YF,Yes,15,22,23,14,LGA,Yes,Yes,High birth cohort this week
KD-098-R5,PENTA,Yes,0,53,32,21,LGA,Yes,No,
KD-098-R5,ROTA,Yes,11,27,18,20,LGA,Yes,Yes,Scheduled routine immunization session
KD-098-R5,PCV,Yes,13,52,41,24,LGA,Yes,No,
KD-098-R6,BCG,No,0,0,0,0,LGA,No,Yes,Scheduled routine immunization session
KD-098-R6,HPV,No,0,0,0,0,KDHSMA,No,Yes,High birth cohort this week
KD-098-R6,IPV,No,5,0,0,5,KDHSMA,No,Yes,High birth cohort this week
KD-098-R6,MR,No,0,0,0,0,LGA,No,Yes,Scheduled routine immunization session
KD-098-R6,MEN A,No,0,0,0,0,LGA,No,Yes,Outreach session held this week
KD-098-R6,MCV,No,0,0,0,0,KDHSMA,No,Yes,Outreach session held this week
KD-098-R6,OPV,No,26,0,0,26,KDHSMA,No,Yes,Scheduled routine immunization session
KD-098-R6,YF,Yes,23,18,32,9,LGA,Yes,Yes,Scheduled routine immunization session
KD-098-R6,PENTA,Yes,32,0,4,28,KDHSMA,Yes,Yes,Scheduled routine immunization session
KD-098-R6,ROTA,Yes,18,25,27,16,LGA,Yes,No,
KD-098-R6,PCV,Yes,41,0,11,30,LGA,Yes,Yes,Outreach session held this week
KD-099-R1,BCG,Yes,12,37,35,14,LGA,Yes,No,
KD-099-R1,HPV,Yes,17,18,26,9,LGA,Yes,No,
KD-099-R1,IPV,No,19,0,0,19,Zipline,No,Yes,Outreach session held this week
KD-099-R1,MR,Yes,29,26,45,10,Zipline,Yes,No,
KD-099-R1,MEN A,Yes,4,17,4,17,Zipline,Yes,Yes,High birth cohort this week
KD-099-R1,MCV,Yes,17,18,28,7,KDHSMA,No,No,
KD-099-R1,OPV,Yes,52,73,83,42,KDHSMA,No,Yes,High birth cohort this week
KD-099-R1,YF,Yes,28,27,40,15,LGA,Yes,Yes,Scheduled routine immunization session
KD-099-R1,PENTA,Yes,69,91,116,44,LGA,Yes,Yes,Scheduled routine immunization session
KD-099-R1,ROTA,No,9,0,0,9,KDHSMA,No,Yes,Outreach session held this week
KD-099-R1,PCV,Yes,90,96,136,50,KDHSMA,Yes,Yes,Outreach session held this week
KD-099-R2,BCG,Yes,35,0,15,20,LGA,Yes,Yes,Outreach session held this week
KD-099-R2,HPV,Yes,26,0,17,9,LGA,Yes,No,
KD-099-R2,IPV,Yes,0,41,21,20,Zipline,Yes,No,
KD-099-R2,MR,Yes,45,17,48,14,KDHSMA,Yes,Yes,High birth cohort this week
KD-099-R2,MEN A,Yes,4,29,14,19,LGA,Yes,Yes,Scheduled routine immunization session
KD-099-R2,MCV,Yes,28,22,38,12,LGA,Yes,No,
KD-099-R2,OPV,Yes,83,65,107,41,LGA,Yes,Yes,Outreach session held this week
KD-099-R2,YF,Yes,40,23,51,12,LGA,Yes,No,
KD-099-R2,PENTA,Yes,116,0,63,53,KDHSMA,Yes,Yes,Outreach session held this week
KD-099-R2,ROTA,Yes,0,55,26,29,LGA,Yes,Yes,High birth cohort this week
KD-099-R2,PCV,Yes,136,84,185,35,LGA,Yes,No,
KD-099-R3,BCG,Yes,15,33,31,17,KDHSMA,Yes,No,
KD-099-R3,HPV,No,17,0,0,17,LGA,No,Yes,Outreach session held this week
KD-099-R3,IPV,No,21,0,0,21,KDHSMA,No,Yes,Outreach session held this week
KD-099-R3,MR,Yes,48,0,30,18,LGA,Yes,Yes,Catch-up campaign
KD-099-R3,MEN A,Yes,14,0,4,10,LGA,Yes,No,
KD-099-R3,MCV,Yes,38,18,45,11,LGA,Yes,No,
KD-099-R3,OPV,Yes,107,0,63,44,LGA,Yes,Yes,School-based session (HPV)
KD-099-R3,YF,Yes,51,26,56,21,LGA,Yes,Yes,Scheduled routine immunization session
KD-099-R3,PENTA,Yes,63,0,8,55,LGA,Yes,Yes,Outreach session held this week
KD-099-R3,ROTA,No,26,0,0,26,Zipline,No,Yes,High birth cohort this week
KD-099-R3,PCV,Yes,185,0,134,51,LGA,Yes,Yes,Scheduled routine immunization session
KD-099-R4,BCG,Yes,31,0,11,20,LGA,Yes,Yes,Scheduled routine immunization session
KD-099-R4,HPV,No,0,0,0,0,LGA,No,Yes,School-based session (HPV)
KD-099-R4,IPV,No,0,0,0,0,LGA,No,Yes,Scheduled routine immunization session
KD-099-R4,MR,Yes,30,0,19,11,LGA,Yes,No,
KD-099-R4,MEN A,No,4,0,0,4,Zipline,No,No,
KD-099-R4,MCV,Yes,45,0,30,15,KDHSMA,Yes,Yes,Scheduled routine immunization session
KD-099-R4,OPV,Yes,63,0,29,34,LGA,Yes,No,
KD-099-R4,YF,Yes,56,0,44,12,LGA,Yes,No,
KD-099-R4,PENTA,Yes,8,64,39,33,LGA,Yes,No,
KD-099-R4,ROTA,No,0,0,0,0,KDHSMA,No,Yes,Scheduled routine immunization session
KD-099-R4,PCV,Yes,134,0,89,45,LGA,Yes,Yes,Scheduled routine immunization session
KD-099-R5,BCG,Yes,11,25,19,17,LGA,Yes,No,
KD-099-R5,HPV,Yes,0,18,7,11,Zipline,Yes,No,
KD-099-R5,IPV,No,0,0,0,0,KDHSMA,No,Yes,Outreach session held this week
KD-099-R5,MR,Yes,19,0,3,16,KDHSMA,Yes,Yes,Scheduled routine immunization session
KD-099-R5,MEN A,Yes,0,19,6,13,LGA,Yes,Yes,Scheduled routine immunization session
KD-099-R5,MCV,Yes,30,0,15,15,LGA,Yes,Yes,School-based session (HPV)
KD-099-R5,OPV,Yes,29,49,33,45,Zipline,Yes,Yes,Outreach session held this week
KD-099-R5,YF,Yes,44,27,54,17,Zipline,Yes,Yes,Scheduled routine immunization session
KD-099-R5,PENTA,No,39,0,0,39,LGA,No,Yes,Outreach session held this week
KD-099-R5,ROTA,Yes,0,42,9,33,LGA,Yes,Yes,Scheduled routine immunization session
KD-099-R5,PCV,Yes,89,0,52,37,LGA,Yes,No,
KD-099-R6,BCG,Yes,19,30,27,22,LGA,No,Yes,Outreach session held this week
KD-099-R6,HPV,Yes,7,15,15,7,LGA,Yes,No,
KD-099-R6,IPV,No,0,0,0,0,KDHSMA,No,Yes,High birth cohort this week
KD-099-R6,MR,No,3,0,0,3,KDHSMA,No,Yes,Catch-up campaign
KD-099-R6,MEN A,Yes,6,18,15,9,LGA,Yes,No,
KD-099-R6,MCV,Yes,15,31,27,19,LGA,Yes,Yes,Scheduled routine immunization session
KD-099-R6,OPV,No,33,0,0,33,KDHSMA,No,Yes,High birth cohort this week
KD-099-R6,YF,Yes,54,23,65,12,LGA,Yes,No,
KD-099-R6,PENTA,Yes,0,79,33,46,LGA,Yes,Yes,Outreach session held this week
KD-099-R6,ROTA,Yes,9,47,25,31,LGA,Yes,Yes,Outreach session held this week
KD-099-R6,PCV,Yes,52,63,79,36,LGA,Yes,No,
KD-101-R1,BCG,Yes,39,35,54,20,Zipline,Yes,Yes,Scheduled routine immunization session
KD-101-R1,HPV,Yes,10,23,21,12,LGA,No,Yes,High birth cohort this week
KD-101-R1,IPV,Yes,67,0,41,26,KDHSMA,Yes,Yes,High birth cohort this week
KD-101-R1,MR,Yes,41,22,49,14,LGA,Yes,Yes,Scheduled routine immunization session
KD-101-R1,MEN A,Yes,28,32,51,9,LGA,Yes,No,
KD-101-R1,MCV,Yes,29,0,18,11,LGA,Yes,No,
KD-101-R1,OPV,Yes,0,79,41,38,LGA,Yes,No,
KD-101-R1,YF,Yes,30,34,53,11,Zipline,Yes,No,
KD-101-R1,PENTA,No,38,0,0,38,LGA,No,Yes,Scheduled routine immunization session
KD-101-R1,ROTA,Yes,47,0,31,16,LGA,Yes,No,
KD-101-R1,PCV,Yes,40,73,64,49,LGA,Yes,Yes,Scheduled routine immunization session
KD-101-R2,BCG,Yes,54,34,65,23,LGA,Yes,Yes,Outreach session held this week
KD-101-R2,HPV,Yes,21,0,10,11,LGA,Yes,No,
KD-101-R2,IPV,Yes,41,50,70,21,LGA,Yes,Yes,School-based session (HPV)
KD-101-R2,MR,Yes,49,0,37,12,KDHSMA,Yes,No,
KD-101-R2,MEN A,Yes,51,18,56,13,LGA,Yes,Yes,Scheduled routine immunization session
KD-101-R2,MCV,Yes,18,24,22,20,LGA,Yes,Yes,Scheduled routine immunization session
KD-101-R2,OPV,No,41,0,0,41,LGA,No,Yes,Scheduled routine immunization session
KD-101-R2,YF,Yes,53,0,40,13,Zipline,Yes,No,
KD-101-R2,PENTA,No,0,0,0,0,LGA,No,Yes,Scheduled routine immunization session
KD-101-R2,ROTA,Yes,31,42,40,33,KDHSMA,Yes,Yes,High birth cohort this week
KD-101-R2,PCV,Yes,64,47,70,41,LGA,Yes,Yes,Scheduled routine immunization session
KD-101-R3,BCG,Yes,65,0,48,17,LGA,Yes,No,
KD-101-R3,HPV,No,10,0,0,10,LGA,No,Yes,Outreach session held this week
KD-101-R3,IPV,Yes,70,42,88,24,LGA,Yes,Yes,School-based session (HPV)
KD-101-R3,MR,Yes,37,0,13,24,Zipline,Yes,Yes,Scheduled routine immunization session
KD-101-R3,MEN A,Yes,56,0,43,13,Zipline,Yes,Yes,Scheduled routine immunization session
KD-101-R3,MCV,Yes,22,0,9,13,LGA,Yes,No,
KD-101-R3,OPV,No,0,0,0,0,Zipline,No,No,
KD-101-R3,YF,Yes,40,0,32,8,KDHSMA,Yes,No,
KD-101-R3,PENTA,No,0,0,0,0,Zipline,No,No,
KD-101-R3,ROTA,Yes,40,0,17,23,LGA,Yes,No,
KD-101-R3,PCV,Yes,70,63,83,50,KDHSMA,Yes,Yes,Scheduled routine immunization session
KD-101-R4,BCG,Yes,48,37,70,15,Zipline,Yes,No,
KD-101-R4,HPV,No,0,0,0,0,KDHSMA,No,No,
KD-101-R4,IPV,Yes,88,0,62,26,LGA,Yes,Yes,Catch-up campaign
KD-101-R4,MR,Yes,13,20,19,14,LGA,Yes,Yes,Scheduled routine immunization session
KD-101-R4,MEN A,Yes,43,15,38,20,LGA,No,Yes,Scheduled routine immunization session
KD-101-R4,MCV,No,9,0,0,9,Zipline,No,No,
KD-101-R4,OPV,Yes,0,74,27,47,LGA,Yes,Yes,High birth cohort this week
KD-101-R4,YF,Yes,32,31,53,10,Zipline,Yes,No,
KD-101-R4,PENTA,No,0,0,0,0,LGA,No,No,
KD-101-R4,ROTA,No,17,0,0,17,LGA,No,Yes,Scheduled routine immunization session
KD-101-R4,PCV,Yes,83,0,45,38,LGA,Yes,No,
KD-101-R5,BCG,Yes,70,28,79,19,LGA,Yes,Yes,High birth cohort this week
KD-101-R5,HPV,Yes,0,21,11,10,LGA,Yes,No,
KD-101-R5,IPV,Yes,62,0,44,18,KDHSMA,Yes,No,
KD-101-R5,MR,Yes,19,0,9,10,KDHSMA,Yes,No,
KD-101-R5,MEN A,Yes,38,0,23,15,KDHSMA,Yes,Yes,Scheduled routine immunization session
KD-101-R5,MCV,No,0,0,0,0,Zipline,No,Yes,Scheduled routine immunization session
KD-101-R5,OPV,No,27,0,0,27,KDHSMA,No,Yes,Outreach session held this week
KD-101-R5,YF,Yes,53,0,41,12,LGA,Yes,No,
KD-101-R5,PENTA,No,0,0,0,0,LGA,No,Yes,Outreach session held this week
KD-101-R5,ROTA,Yes,0,42,16,26,LGA,No,No,
KD-101-R5,PCV,Yes,45,81,85,41,Zipline,Yes,Yes,Scheduled routine immunization session
KD-101-R6,BCG,Yes,79,21,84,16,LGA,Yes,No,
KD-101-R6,HPV,Yes,11,14,12,13,LGA,Yes,Yes,School-based session (HPV)
KD-101-R6,IPV,Yes,44,0,26,18,LGA,Yes,No,
KD-101-R6,MR,No,9,0,0,9,LGA,No,Yes,Scheduled routine immunization session
KD-101-R6,MEN A,Yes,23,0,14,9,LGA,Yes,No,
KD-101-R6,MCV,Yes,0,25,14,11,Zipline,Yes,No,
KD-101-R6,OPV,Yes,0,85,45,40,LGA,Yes,No,
KD-101-R6,YF,Yes,41,25,48,18,LGA,Yes,Yes,Scheduled routine immunization session
KD-101-R6,PENTA,Yes,0,77,45,32,Zipline,Yes,No,
KD-101-R6,ROTA,No,16,0,0,16,LGA,No,Yes,Scheduled routine immunization session
KD-101-R6,PCV,Yes,85,60,106,39,LGA,Yes,No,
KD-102-R1,BCG,Yes,32,27,36,23,LGA,Yes,Yes,Scheduled routine immunization session
KD-102-R1,HPV,No,10,0,0,10,LGA,No,Yes,School-based session (HPV)
KD-102-R1,IPV,Yes,23,0,4,19,Zipline,Yes,No,
KD-102-R1,MR,Yes,28,0,14,14,LGA,Yes,Yes,Scheduled routine immunization session
KD-102-R1,MEN A,Yes,23,22,32,13,LGA,Yes,Yes,Scheduled routine immunization session
KD-102-R1,MCV,Yes,12,17,12,17,KDHSMA,Yes,Yes,Catch-up campaign
KD-102-R1,OPV,Yes,123,0,82,41,LGA,Yes,Yes,Outreach session held this week
KD-102-R1,YF,Yes,16,29,35,10,LGA,Yes,No,
KD-102-R1,PENTA,Yes,40,67,63,44,LGA,Yes,Yes,Scheduled routine immunization session
KD-102-R1,ROTA,Yes,79,42,94,27,LGA,Yes,No,
KD-102-R1,PCV,No,9,0,0,9,LGA,No,Yes,Scheduled routine immunization session
KD-102-R2,BCG,Yes,36,0,22,14,Zipline,No,No,
KD-102-R2,HPV,No,0,0,0,0,LGA,No,Yes,Catch-up campaign
KD-102-R2,IPV,Yes,4,30,16,18,LGA,Yes,No,
KD-102-R2,MR,Yes,14,29,27,16,LGA,Yes,Yes,Scheduled routine immunization session
KD-102-R2,MEN A,Yes,32,0,18,14,LGA,Yes,Yes,Outreach session held this week
KD-102-R2,MCV,Yes,12,23,14,21,Zipline,Yes,Yes,Scheduled routine immunization session
KD-102-R2,OPV,Yes,82,0,44,38,Zipline,Yes,No,
KD-102-R2,YF,Yes,35,27,42,20,LGA,Yes,Yes,Scheduled routine immunization session
KD-102-R2,PENTA,Yes,63,82,85,60,LGA,Yes,Yes,Catch-up campaign
KD-102-R2,ROTA,Yes,94,0,68,26,LGA,Yes,No,
KD-102-R2,PCV,Yes,0,73,26,47,LGA,Yes,Yes,Scheduled routine immunization session
KD-102-R3,BCG,Yes,22,28,34,16,KDHSMA,Yes,No,
KD-102-R3,HPV,No,0,0,0,0,LGA,No,Yes,Outreach session held this week
KD-102-R3,IPV,Yes,16,0,4,12,LGA,Yes,No,
KD-102-R3,MR,Yes,27,25,33,19,LGA,Yes,Yes,Scheduled routine immunization session
KD-102-R3,MEN A,Yes,18,26,26,18,KDHSMA,Yes,Yes,Outreach session held this week
KD-102-R3,MCV,Yes,14,34,27,21,LGA,Yes,Yes,Outreach session held this week
KD-102-R3,OPV,Yes,44,0,6,38,LGA,Yes,No,
KD-102-R3,YF,Yes,42,0,23,19,Zipline,Yes,Yes,Scheduled routine immunization session
KD-102-R3,PENTA,Yes,85,0,36,49,LGA,Yes,Yes,Scheduled routine immunization session
KD-102-R3,ROTA,Yes,68,42,83,27,KDHSMA,Yes,No,
KD-102-R3,PCV,No,26,0,0,26,LGA,No,No,
KD-102-R4,BCG,Yes,34,0,15,19,LGA,Yes,Yes,Scheduled routine immunization session
KD-102-R4,HPV,Yes,0,14,3,11,LGA,Yes,No,
KD-102-R4,IPV,Yes,4,34,15,23,Zipline,Yes,Yes,Outreach session held this week
KD-102-R4,MR,Yes,33,17,41,9,KDHSMA,No,No,
KD-102-R4,MEN A,Yes,26,0,11,15,Zipline,Yes,Yes,Scheduled routine immunization session
KD-102-R4,MCV,Yes,27,0,13,14,KDHSMA,Yes,Yes,Scheduled routine immunization session
KD-102-R4,OPV,No,6,0,0,6,LGA,No,Yes,Scheduled routine immunization session
KD-102-R4,YF,Yes,23,22,32,13,KDHSMA,Yes,No,
KD-102-R4,PENTA,Yes,36,65,53,48,Zipline,Yes,Yes,Scheduled routine immunization session
KD-102-R4,ROTA,Yes,83,64,115,32,LGA,Yes,Yes,Scheduled routine immunization session
KD-102-R4,PCV,No,0,0,0,0,LGA,No,No,
KD-102-R5,BCG,Yes,15,38,32,21,KDHSMA,No,Yes,Scheduled routine immunization session
KD-102-R5,HPV,No,3,0,0,3,LGA,No,No,
KD-102-R5,IPV,No,15,0,0,15,LGA,No,Yes,Catch-up campaign
KD-102-R5,MR,Yes,41,23,54,10,LGA,No,No,
KD-102-R5,MEN A,Yes,11,16,17,10,LGA,Yes,No,
KD-102-R5,MCV,Yes,13,22,24,11,LGA,Yes,No,
KD-102-R5,OPV,Yes,0,87,47,40,KDHSMA,Yes,No,
KD-102-R5,YF,Yes,32,24,45,11,LGA,Yes,No,
KD-102-R5,PENTA,Yes,53,0,17,36,Zipline,Yes,No,
KD-102-R5,ROTA,Yes,115,50,135,30,LGA,Yes,Yes,Scheduled routine immunization session
KD-102-R5,PCV,Yes,0,67,23,44,Zipline,Yes,Yes,Outreach session held this week
KD-102-R6,BCG,Yes,32,35,52,15,Zipline,Yes,No,
KD-102-R6,HPV,Yes,0,25,12,13,Zipline,Yes,Yes,School-based session (HPV)
KD-102-R6,IPV,Yes,0,36,11,25,KDHSMA,Yes,Yes,Scheduled routine immunization session
KD-102-R6,MR,Yes,54,29,71,12,Zipline,Yes,No,
KD-102-R6,MEN A,Yes,17,16,17,16,LGA,Yes,Yes,Outreach session held this week
KD-102-R6,MCV,Yes,24,0,13,11,LGA,Yes,No,
KD-102-R6,OPV,Yes,47,67,64,50,LGA,Yes,Yes,Scheduled routine immunization session
KD-102-R6,YF,Yes,45,0,31,14,KDHSMA,Yes,Yes,Scheduled routine immunization session
KD-102-R6,PENTA,No,17,0,0,17,LGA,No,No,
KD-102-R6,ROTA,Yes,135,64,171,28,LGA,Yes,Yes,Outreach session held this week
KD-102-R6,PCV,Yes,23,68,40,51,KDHSMA,Yes,Yes,Scheduled routine immunization session
KD-103-R1,BCG,No,0,0,0,0,LGA,No,No,
KD-103-R1,HPV,No,0,0,0,0,LGA,No,Yes,School-based session (HPV)
KD-103-R1,IPV,No,6,0,0,6,KDHSMA,No,No,
KD-103-R1,MR,Yes,18,0,5,13,LGA,Yes,Yes,High birth cohort this week
KD-103-R1,MEN A,Yes,19,0,12,7,LGA,Yes,Yes,Scheduled routine immunization session
KD-103-R1,MCV,No,8,0,0,8,Zipline,No,Yes,Scheduled routine immunization session
KD-103-R1,OPV,No,21,0,0,21,LGA,No,No,
KD-103-R1,YF,Yes,15,0,7,8,LGA,Yes,No,
KD-103-R1,PENTA,No,0,0,0,0,LGA,No,No,
KD-103-R1,ROTA,Yes,18,32,33,17,LGA,Yes,Yes,Scheduled routine immunization session
KD-103-R1,PCV,Yes,66,0,34,32,LGA,Yes,Yes,School-based session (HPV)
KD-103-R2,BCG,No,0,0,0,0,Zipline,No,No,
KD-103-R2,HPV,Yes,0,11,5,6,LGA,Yes,No,
KD-103-R2,IPV,Yes,0,19,7,12,LGA,Yes,No,
KD-103-R2,MR,No,5,0,0,5,LGA,No,No,
KD-103-R2,MEN A,Yes,12,0,7,5,LGA,Yes,No,
KD-103-R2,MCV,No,0,11,0,11,Zipline,No,Yes,Scheduled routine immunization session
KD-103-R2,OPV,No,0,0,0,0,LGA,No,Yes,Scheduled routine immunization session
KD-103-R2,YF,No,7,0,0,7,LGA,No,Yes,Scheduled routine immunization session
KD-103-R2,PENTA,Yes,0,41,14,27,KDHSMA,Yes,Yes,Outreach session held this week
KD-103-R2,ROTA,Yes,33,33,42,24,KDHSMA,Yes,Yes,Scheduled routine immunization session
KD-103-R2,PCV,Yes,34,0,6,28,LGA,No,Yes,School-based session (HPV)
KD-103-R3,BCG,No,0,0,0,0,LGA,No,Yes,Scheduled routine immunization session
KD-103-R3,HPV,Yes,5,0,1,4,LGA,No,No,
KD-103-R3,IPV,Yes,7,20,16,11,KDHSMA,Yes,No,
KD-103-R3,MR,No,0,0,0,0,KDHSMA,No,No,
KD-103-R3,MEN A,Yes,7,0,2,5,Zipline,Yes,No,
KD-103-R3,MCV,No,0,0,0,0,KDHSMA,No,No,
KD-103-R3,OPV,No,0,0,0,0,LGA,No,Yes,Scheduled routine immunization session
KD-103-R3,YF,No,0,0,0,0,Zipline,No,Yes,Scheduled routine immunization session
KD-103-R3,PENTA,Yes,14,31,20,25,LGA,Yes,Yes,Scheduled routine immunization session
KD-103-R3,ROTA,Yes,42,0,27,15,KDHSMA,Yes,No,
KD-103-R3,PCV,Yes,6,42,19,29,Zipline,Yes,Yes,Outreach session held this week
KD-103-R4,BCG,No,0,0,0,0,LGA,No,Yes,Outreach session held this week
KD-103-R4,HPV,No,1,0,0,1,KDHSMA,No,Yes,High birth cohort this week
KD-103-R4,IPV,Yes,16,0,2,14,LGA,Yes,Yes,Scheduled routine immunization session
KD-103-R4,MR,No,0,10,0,10,LGA,No,Yes,High birth cohort this week
KD-103-R4,MEN A,No,2,0,0,2,LGA,No,No,
KD-103-R4,MCV,No,0,0,0,0,LGA,No,No,
KD-103-R4,OPV,Yes,0,47,22,25,Zipline,No,Yes,Outreach session held this week
KD-103-R4,YF,No,0,0,0,0,LGA,No,Yes,Scheduled routine immunization session
KD-103-R4,PENTA,Yes,20,47,42,25,LGA,Yes,Yes,Scheduled routine immunization session
KD-103-R4,ROTA,Yes,27,25,31,21,KDHSMA,Yes,Yes,Scheduled routine immunization session
KD-103-R4,PCV,Yes,19,46,48,17,LGA,Yes,No,
KD-103-R5,BCG,Yes,0,15,3,12,LGA,Yes,Yes,Scheduled routine immunization session
KD-103-R5,HPV,Yes,0,11,7,4,LGA,Yes,No,
KD-103-R5,IPV,Yes,2,26,17,11,LGA,Yes,No,
KD-103-R5,MR,No,0,0,0,0,LGA,No,No,
KD-103-R5,MEN A,No,0,0,0,0,LGA,No,Yes,High birth cohort this week
KD-103-R5,MCV,No,0,0,0,0,LGA,No,Yes,School-based session (HPV)
KD-103-R5,OPV,No,22,0,0,22,LGA,No,Yes,Catch-up campaign
KD-103-R5,YF,Yes,0,18,12,6,LGA,No,No,
KD-103-R5,PENTA,Yes,42,0,15,27,LGA,Yes,Yes,Scheduled routine immunization session
KD-103-R5,ROTA,No,31,0,0,31,LGA,No,Yes,Outreach session held this week
KD-103-R5,PCV,Yes,48,0,15,33,LGA,Yes,Yes,Scheduled routine immunization session
KD-103-R6,BCG,No,3,14,0,17,LGA,No,Yes,Outreach session held this week
KD-103-R6,HPV,No,7,0,0,7,LGA,No,Yes,School-based session (HPV)
KD-103-R6,IPV,No,17,0,0,17,Zipline,No,Yes,Outreach session held this week
KD-103-R6,MR,No,0,0,0,0,LGA,No,No,
KD-103-R6,MEN A,No,0,0,0,0,LGA,No,No,
KD-103-R6,MCV,No,0,0,0,0,Zipline,No,Yes,Scheduled routine immunization session
KD-103-R6,OPV,No,0,0,0,0,LGA,No,Yes,High birth cohort this week
KD-103-R6,YF,Yes,12,0,3,9,LGA,Yes,Yes,Catch-up campaign
KD-103-R6,PENTA,No,15,0,0,15,KDHSMA,No,Yes,Outreach session held this week
KD-103-R6,ROTA,No,0,0,0,0,Zipline,No,Yes,Outreach session held this week
KD-103-R6,PCV,No,15,0,0,15,LGA,No,Yes,Outreach session held this week
KD-104-R1,BCG,No,13,0,0,13,KDHSMA,No,Yes,Scheduled routine immunization session
KD-104-R1,HPV,Yes,20,0,15,5,LGA,Yes,No,
KD-104-R1,IPV,Yes,23,20,29,14,KDHSMA,Yes,Yes,Scheduled routine immunization session
KD-104-R1,MR,Yes,22,0,10,12,KDHSMA,No,Yes,Scheduled routine immunization session
KD-104-R1,MEN A,Yes,11,13,13,11,LGA,Yes,Yes,Scheduled routine immunization session
KD-104-R1,MCV,Yes,20,15,33,2,LGA,Yes,No,
KD-104-R1,OPV,No,21,0,0,21,LGA,No,Yes,Scheduled routine immunization session
KD-104-R1,YF,Yes,10,13,17,6,LGA,Yes,No,
KD-104-R1,PENTA,Yes,43,27,43,27,KDHSMA,Yes,Yes,Scheduled routine immunization session
KD-104-R1,ROTA,Yes,54,33,75,12,Zipline,Yes,No,
KD-104-R1,PCV,No,9,0,0,9,LGA,No,Yes,Scheduled routine immunization session
KD-104-R2,BCG,No,0,0,0,0,Zipline,No,No,
KD-104-R2,HPV,Yes,15,0,11,4,LGA,No,No,
KD-104-R2,IPV,Yes,29,21,32,18,LGA,Yes,Yes,Scheduled routine immunization session
KD-104-R2,MR,Yes,10,21,24,7,KDHSMA,Yes,No,
KD-104-R2,MEN A,Yes,13,13,20,6,LGA,Yes,No,
KD-104-R2,MCV,Yes,33,11,36,8,LGA,Yes,No,
KD-104-R2,OPV,Yes,0,44,19,25,Zipline,Yes,Yes,Scheduled routine immunization session
KD-104-R2,YF,Yes,17,12,23,6,KDHSMA,No,No,
KD-104-R2,PENTA,Yes,43,0,12,31,LGA,Yes,Yes,Scheduled routine immunization session
KD-104-R2,ROTA,Yes,75,0,52,23,KDHSMA,Yes,Yes,Scheduled routine immunization session
KD-104-R2,PCV,Yes,0,47,24,23,Zipline,Yes,No,
KD-104-R3,BCG,No,0,0,0,0,LGA,No,Yes,Scheduled routine immunization session
KD-104-R3,HPV,Yes,11,0,2,9,LGA,No,Yes,Catch-up campaign
KD-104-R3,IPV,Yes,32,25,44,13,LGA,Yes,Yes,Outreach session held this week
KD-104-R3,MR,Yes,24,0,16,8,LGA,No,No,
KD-104-R3,MEN A,Yes,20,0,10,10,LGA,Yes,Yes,Catch-up campaign
KD-104-R3,MCV,Yes,36,12,40,8,LGA,Yes,No,
KD-104-R3,OPV,Yes,19,41,30,30,LGA,Yes,Yes,Scheduled routine immunization session
KD-104-R3,YF,Yes,23,13,33,3,LGA,Yes,No,
KD-104-R3,PENTA,No,12,0,0,12,LGA,No,Yes,Scheduled routine immunization session
KD-104-R3,ROTA,Yes,52,18,48,22,LGA,Yes,Yes,Scheduled routine immunization session
KD-104-R3,PCV,Yes,24,38,34,28,LGA,Yes,Yes,Scheduled routine immunization session
KD-104-R4,BCG,No,0,12,0,12,Zipline,No,Yes,Outreach session held this week
KD-104-R4,HPV,No,2,0,0,2,KDHSMA,No,No,
KD-104-R4,IPV,Yes,44,0,28,16,LGA,Yes,Yes,Scheduled routine immunization session
KD-104-R4,MR,Yes,16,14,20,10,LGA,Yes,Yes,Outreach session held this week
KD-104-R4,MEN A,Yes,10,18,16,12,LGA,Yes,Yes,Scheduled routine immunization session
KD-104-R4,MCV,Yes,40,0,32,8,Zipline,Yes,No,
KD-104-R4,OPV,Yes,30,0,3,27,LGA,Yes,Yes,Scheduled routine immunization session
KD-104-R4,YF,Yes,33,17,41,9,LGA,Yes,Yes,Scheduled routine immunization session
KD-104-R4,PENTA,Yes,0,53,23,30,KDHSMA,Yes,Yes,High birth cohort this week
KD-104-R4,ROTA,Yes,48,26,59,15,LGA,Yes,No,
KD-104-R4,PCV,Yes,34,0,12,22,LGA,Yes,No,
KD-104-R5,BCG,No,0,0,0,0,Zipline,No,Yes,Outreach session held this week
KD-104-R5,HPV,Yes,0,10,3,7,LGA,Yes,Yes,School-based session (HPV)
KD-104-R5,IPV,Yes,28,0,10,18,KDHSMA,Yes,Yes,Scheduled routine immunization session
KD-104-R5,MR,Yes,20,0,8,12,LGA,Yes,Yes,Catch-up campaign
KD-104-R5,MEN A,Yes,16,0,7,9,KDHSMA,Yes,Yes,High birth cohort this week
KD-104-R5,MCV,Yes,32,0,25,7,KDHSMA,Yes,No,
KD-104-R5,OPV,Yes,3,46,31,18,Zipline,No,No,
KD-104-R5,YF,Yes,41,0,31,10,LGA,Yes,Yes,School-based session (HPV)
KD-104-R5,PENTA,Yes,23,39,38,24,KDHSMA,No,No,
KD-104-R5,ROTA,Yes,59,0,35,24,LGA,Yes,Yes,Outreach session held this week
KD-104-R5,PCV,Yes,12,47,33,26,LGA,Yes,Yes,Scheduled routine immunization session
KD-104-R6,BCG,No,0,0,0,0,Zipline,No,Yes,Scheduled routine immunization session
KD-104-R6,HPV,Yes,3,12,5,10,LGA,Yes,Yes,High birth cohort this week
KD-104-R6,IPV,Yes,10,22,18,14,LGA,Yes,Yes,Scheduled routine immunization session
KD-104-R6,MR,Yes,8,0,2,6,LGA,Yes,No,
KD-104-R6,MEN A,No,7,0,0,7,LGA,No,Yes,Scheduled routine immunization session
KD-104-R6,MCV,Yes,25,13,33,5,LGA,Yes,No,
KD-104-R6,OPV,Yes,31,36,41,26,Zipline,Yes,Yes,Catch-up campaign
KD-104-R6,YF,Yes,31,16,43,4,LGA,Yes,No,
KD-104-R6,PENTA,Yes,38,48,60,26,KDHSMA,Yes,Yes,Outreach session held this week
KD-104-R6,ROTA,Yes,35,0,15,20,Zipline,Yes,Yes,Scheduled routine immunization session
KD-104-R6,PCV,Yes,33,39,40,32,LGA,Yes,Yes,Scheduled routine immunization session
KD-105-R1,BCG,No,4,0,0,4,LGA,No,Yes,Outreach session held this week
KD-105-R1,HPV,No,4,0,0,4,LGA,No,Yes,School-based session (HPV)
KD-105-R1,IPV,Yes,14,0,4,10,KDHSMA,Yes,Yes,Scheduled routine immunization session
KD-105-R1,MR,No,1,0,0,1,Zipline,No,No,
KD-105-R1,MEN A,No,3,0,0,3,Zipline,No,No,
KD-105-R1,MCV,Yes,2,9,7,4,LGA,Yes,No,
KD-105-R1,OPV,Yes,39,21,43,17,LGA,Yes,Yes,High birth cohort this week
KD-105-R1,YF,No,5,0,0,5,LGA,No,Yes,High birth cohort this week
KD-105-R1,PENTA,Yes,19,26,30,15,KDHSMA,Yes,Yes,Outreach session held this week
KD-105-R1,ROTA,Yes,10,14,16,8,LGA,Yes,No,
KD-105-R1,PCV,No,8,0,0,8,LGA,No,Yes,Scheduled routine immunization session
KD-105-R2,BCG,No,0,0,0,0,LGA,No,Yes,Scheduled routine immunization session
KD-105-R2,HPV,No,0,0,0,0,LGA,No,Yes,Catch-up campaign
KD-105-R2,IPV,Yes,4,14,9,9,LGA,Yes,Yes,Scheduled routine immunization session
KD-105-R2,MR,No,0,0,0,0,LGA,No,No,
KD-105-R2,MEN A,No,0,0,0,0,Zipline,No,Yes,Catch-up campaign
KD-105-R2,MCV,Yes,7,0,4,3,LGA,Yes,No,
KD-105-R2,OPV,Yes,43,0,34,9,LGA,Yes,No,
KD-105-R2,YF,No,0,0,0,0,KDHSMA,No,No,
KD-105-R2,PENTA,Yes,30,23,34,19,Zipline,Yes,Yes,Outreach session held this week
KD-105-R2,ROTA,Yes,16,15,25,6,LGA,Yes,No,
KD-105-R2,PCV,Yes,0,31,17,14,LGA,Yes,No,
KD-105-R3,BCG,No,0,0,0,0,LGA,No,Yes,Outreach session held this week
KD-105-R3,HPV,No,0,0,0,0,KDHSMA,No,Yes,Outreach session held this week
KD-105-R3,IPV,Yes,9,16,14,11,LGA,Yes,Yes,Scheduled routine immunization session
KD-105-R3,MR,No,0,0,0,0,LGA,No,Yes,Scheduled routine immunization session
KD-105-R3,MEN A,No,0,0,0,0,LGA,No,Yes,Scheduled routine immunization session
KD-105-R3,MCV,No,4,0,0,4,LGA,No,Yes,Scheduled routine immunization session
KD-105-R3,OPV,Yes,34,0,11,23,KDHSMA,Yes,Yes,High birth cohort this week
KD-105-R3,YF,No,0,0,0,0,LGA,No,No,
KD-105-R3,PENTA,Yes,34,0,24,10,LGA,Yes,No,
KD-105-R3,ROTA,Yes,25,20,33,12,LGA,Yes,Yes,Outreach session held this week
KD-105-R3,PCV,No,17,0,0,17,LGA,No,Yes,School-based session (HPV)
KD-105-R4,BCG,No,0,0,0,0,Zipline,No,Yes,Scheduled routine immunization session
KD-105-R4,HPV,No,0,0,0,0,LGA,No,No,
KD-105-R4,IPV,Yes,14,9,16,7,LGA,Yes,No,
KD-105-R4,MR,No,0,0,0,0,LGA,No,No,
KD-105-R4,MEN A,Yes,0,8,6,2,Zipline,Yes,No,
KD-105-R4,MCV,No,0,0,0,0,LGA,No,Yes,Scheduled routine immunization session
KD-105-R4,OPV,Yes,11,16,18,9,KDHSMA,Yes,No,
KD-105-R4,YF,No,0,0,0,0,Zipline,No,Yes,Outreach session held this week
KD-105-R4,PENTA,Yes,24,20,22,22,KDHSMA,Yes,Yes,Outreach session held this week
KD-105-R4,ROTA,Yes,33,24,44,13,LGA,Yes,Yes,Scheduled routine immunization session
KD-105-R4,PCV,No,0,0,0,0,LGA,No,Yes,Scheduled routine immunization session
KD-105-R5,BCG,No,0,0,0,0,LGA,No,Yes,School-based session (HPV)
KD-105-R5,HPV,Yes,0,4,1,3,KDHSMA,Yes,No,
KD-105-R5,IPV,Yes,16,0,6,10,Zipline,Yes,Yes,Outreach session held this week
KD-105-R5,MR,No,0,0,0,0,LGA,No,Yes,High birth cohort this week
KD-105-R5,MEN A,Yes,6,0,3,3,KDHSMA,Yes,No,
KD-105-R5,MCV,No,0,0,0,0,LGA,No,Yes,Outreach session held this week
KD-105-R5,OPV,Yes,18,0,6,12,Zipline,Yes,No,
KD-105-R5,YF,Yes,0,14,9,5,LGA,Yes,Yes,Scheduled routine immunization session
KD-105-R5,PENTA,Yes,22,0,9,13,LGA,No,No,
KD-105-R5,ROTA,Yes,44,0,41,3,KDHSMA,Yes,No,
KD-105-R5,PCV,No,0,18,0,18,LGA,No,Yes,School-based session (HPV)
KD-105-R6,BCG,No,0,0,0,0,LGA,No,No,
KD-105-R6,HPV,No,1,0,0,1,LGA,No,No,
KD-105-R6,IPV,No,6,0,0,6,LGA,No,Yes,Outreach session held this week
KD-105-R6,MR,No,0,0,0,0,LGA,No,Yes,School-based session (HPV)
KD-105-R6,MEN A,No,3,0,0,3,LGA,No,Yes,Outreach session held this week
KD-105-R6,MCV,No,0,0,0,0,LGA,No,Yes,High birth cohort this week
KD-105-R6,OPV,No,6,0,0,6,LGA,No,No,
KD-105-R6,YF,Yes,9,0,2,7,LGA,Yes,Yes,High birth cohort this week
KD-105-R6,PENTA,Yes,9,16,11,14,LGA,Yes,No,
KD-105-R6,ROTA,Yes,41,17,46,12,Zipline,Yes,Yes,Scheduled routine immunization session
KD-105-R6,PCV,No,0,0,0,0,LGA,No,No,
KD-106-R1,BCG,Yes,32,29,43,18,KDHSMA,Yes,No,
KD-106-R1,HPV,Yes,23,20,37,6,LGA,Yes,No,
KD-106-R1,IPV,Yes,61,34,75,20,LGA,Yes,No,
KD-106-R1,MR,No,0,0,0,0,LGA,No,Yes,Catch-up campaign
KD-106-R1,MEN A,Yes,25,0,15,10,LGA,Yes,No,
KD-106-R1,MCV,Yes,42,0,12,30,KDHSMA,Yes,Yes,Scheduled routine immunization session
KD-106-R1,OPV,Yes,104,80,139,45,LGA,Yes,Yes,Scheduled routine immunization session
KD-106-R1,YF,Yes,15,0,6,9,LGA,Yes,No,
KD-106-R1,PENTA,Yes,36,83,85,34,LGA,Yes,No,
KD-106-R1,ROTA,Yes,70,46,83,33,KDHSMA,Yes,Yes,Scheduled routine immunization session
KD-106-R1,PCV,No,29,0,0,29,KDHSMA,No,No,
KD-106-R2,BCG,Yes,43,0,25,18,Zipline,Yes,No,
KD-106-R2,HPV,Yes,37,0,25,12,KDHSMA,Yes,Yes,Scheduled routine immunization session
KD-106-R2,IPV,Yes,75,0,49,26,LGA,Yes,Yes,Scheduled routine immunization session
KD-106-R2,MR,No,0,0,0,0,LGA,No,Yes,Outreach session held this week
KD-106-R2,MEN A,Yes,15,0,2,13,LGA,Yes,Yes,Scheduled routine immunization session
KD-106-R2,MCV,Yes,12,21,20,13,LGA,Yes,No,
KD-106-R2,OPV,Yes,139,0,85,54,LGA,Yes,Yes,Catch-up campaign
KD-106-R2,YF,Yes,6,15,11,10,LGA,Yes,No,
KD-106-R2,PENTA,Yes,85,70,105,50,KDHSMA,Yes,Yes,Outreach session held this week
KD-106-R2,ROTA,Yes,83,40,94,29,LGA,No,Yes,Catch-up campaign
KD-106-R2,PCV,No,0,0,0,0,LGA,No,Yes,Outreach session held this week
KD-106-R3,BCG,Yes,25,37,41,21,KDHSMA,Yes,Yes,Catch-up campaign
KD-106-R3,HPV,Yes,25,23,38,10,LGA,No,No,
KD-106-R3,IPV,Yes,49,35,59,25,KDHSMA,Yes,Yes,Outreach session held this week
KD-106-R3,MR,No,0,0,0,0,Zipline,No,No,
KD-106-R3,MEN A,Yes,2,22,10,14,LGA,Yes,Yes,High birth cohort this week
KD-106-R3,MCV,Yes,20,0,2,18,LGA,Yes,Yes,Outreach session held this week
KD-106-R3,OPV,Yes,85,67,106,46,LGA,Yes,Yes,Outreach session held this week
KD-106-R3,YF,No,11,0,0,11,LGA,No,No,
KD-106-R3,PENTA,Yes,105,78,130,53,KDHSMA,Yes,Yes,Outreach session held this week
KD-106-R3,ROTA,Yes,94,62,124,32,KDHSMA,Yes,Yes,Scheduled routine immunization session
KD-106-R3,PCV,Yes,0,75,25,50,LGA,Yes,Yes,Outreach session held this week
KD-106-R4,BCG,Yes,41,0,24,17,LGA,Yes,No,
KD-106-R4,HPV,Yes,38,26,55,9,KDHSMA,Yes,No,
KD-106-R4,IPV,Yes,59,40,78,21,LGA,Yes,Yes,Scheduled routine immunization session
KD-106-R4,MR,Yes,0,33,15,18,Zipline,Yes,Yes,Outreach session held this week
KD-106-R4,MEN A,No,10,0,0,10,KDHSMA,No,Yes,Outreach session held this week
KD-106-R4,MCV,No,2,0,0,2,LGA,No,No,
KD-106-R4,OPV,Yes,106,76,140,42,LGA,No,Yes,Scheduled routine immunization session
KD-106-R4,YF,Yes,0,25,8,17,LGA,Yes,Yes,Outreach session held this week
KD-106-R4,PENTA,Yes,130,0,73,57,KDHSMA,Yes,Yes,Outreach session held this week
KD-106-R4,ROTA,Yes,124,41,145,20,LGA,Yes,No,
KD-106-R4,PCV,Yes,25,75,39,61,KDHSMA,Yes,Yes,School-based session (HPV)
KD-106-R5,BCG,Yes,24,20,29,15,KDHSMA,Yes,No,
KD-106-R5,HPV,Yes,55,18,60,13,LGA,Yes,Yes,School-based session (HPV)
KD-106-R5,IPV,Yes,78,0,37,41,LGA,No,Yes,Scheduled routine immunization session
KD-106-R5,MR,Yes,15,0,1,14,Zipline,Yes,Yes,Scheduled routine immunization session
KD-106-R5,MEN A,No,0,0,0,0,LGA,No,Yes,Outreach session held this week
KD-106-R5,MCV,No,0,0,0,0,LGA,No,Yes,Scheduled routine immunization session
KD-106-R5,OPV,Yes,140,0,79,61,LGA,Yes,Yes,Outreach session held this week
KD-106-R5,YF,Yes,8,24,7,25,KDHSMA,Yes,Yes,Scheduled routine immunization session
KD-106-R5,PENTA,Yes,73,79,113,39,Zipline,Yes,No,
KD-106-R5,ROTA,Yes,145,0,115,30,LGA,Yes,Yes,Scheduled routine immunization session
KD-106-R5,PCV,Yes,39,72,80,31,LGA,Yes,No,
KD-106-R6,BCG,Yes,29,33,45,17,LGA,Yes,No,
KD-106-R6,HPV,Yes,60,0,43,17,KDHSMA,Yes,Yes,Outreach session held this week
KD-106-R6,IPV,Yes,37,33,46,24,LGA,Yes,Yes,Scheduled routine immunization session
KD-106-R6,MR,No,1,0,0,1,LGA,No,No,
KD-106-R6,MEN A,No,0,0,0,0,LGA,No,Yes,High birth cohort this week
KD-106-R6,MCV,Yes,0,23,11,12,Zipline,Yes,No,
KD-106-R6,OPV,Yes,79,68,97,50,Zipline,Yes,Yes,School-based session (HPV)
KD-106-R6,YF,Yes,7,31,25,13,LGA,Yes,No,
KD-106-R6,PENTA,Yes,113,0,70,43,LGA,No,Yes,Scheduled routine immunization session
KD-106-R6,ROTA,Yes,115,56,143,28,LGA,Yes,Yes,Scheduled routine immunization session
KD-106-R6,PCV,Yes,80,66,105,41,KDHSMA,Yes,Yes,Scheduled routine immunization session
KD-107-R1,BCG,No,26,0,0,26,KDHSMA,No,Yes,Scheduled routine immunization session
KD-107-R1,HPV,Yes,22,0,14,8,LGA,Yes,No,
KD-107-R1,IPV,No,18,0,0,18,LGA,No,No,
KD-107-R1,MR,Yes,28,25,43,10,KDHSMA,Yes,No,
KD-107-R1,MEN A,Yes,17,0,8,9,LGA,Yes,No,
KD-107-R1,MCV,Yes,22,29,38,13,LGA,Yes,No,
KD-107-R1,OPV,Yes,85,73,114,44,LGA,Yes,Yes,Scheduled routine immunization session
KD-107-R1,YF,Yes,30,0,14,16,LGA,Yes,Yes,High birth cohort this week
KD-107-R1,PENTA,Yes,75,64,103,36,LGA,Yes,No,
KD-107-R1,ROTA,Yes,81,0,51,30,Zipline,Yes,Yes,Catch-up campaign
KD-107-R1,PCV,Yes,83,76,117,42,LGA,Yes,Yes,High birth cohort this week
KD-107-R2,BCG,No,0,0,0,0,LGA,No,Yes,Scheduled routine immunization session
KD-107-R2,HPV,Yes,14,0,3,11,LGA,Yes,No,
KD-107-R2,IPV,No,0,0,0,0,LGA,No,No,
KD-107-R2,MR,Yes,43,0,27,16,LGA,Yes,Yes,High birth cohort this week
KD-107-R2,MEN A,No,8,0,0,8,LGA,No,Yes,School-based session (HPV)
KD-107-R2,MCV,Yes,38,0,25,13,LGA,No,No,
KD-107-R2,OPV,Yes,114,0,65,49,Zipline,Yes,Yes,Outreach session held this week
KD-107-R2,YF,No,14,0,0,14,LGA,No,Yes,Scheduled routine immunization session
KD-107-R2,PENTA,Yes,103,0,64,39,KDHSMA,Yes,No,
KD-107-R2,ROTA,Yes,51,41,65,27,KDHSMA,Yes,No,
KD-107-R2,PCV,Yes,117,0,77,40,LGA,Yes,No,
KD-107-R3,BCG,No,0,0,0,0,LGA,No,Yes,School-based session (HPV)
KD-107-R3,HPV,Yes,3,20,10,13,LGA,Yes,Yes,School-based session (HPV)
KD-107-R3,IPV,Yes,0,25,6,19,LGA,No,No,
KD-107-R3,MR,Yes,27,32,46,13,LGA,No,No,
KD-107-R3,MEN A,Yes,0,19,10,9,LGA,No,No,
KD-107-R3,MCV,Yes,25,0,16,9,LGA,Yes,No,
KD-107-R3,OPV,Yes,65,0,27,38,Zipline,Yes,No,
KD-107-R3,YF,No,0,0,0,0,KDHSMA,No,Yes,Scheduled routine immunization session
KD-107-R3,PENTA,Yes,64,83,106,41,LGA,Yes,Yes,Catch-up campaign
KD-107-R3,ROTA,Yes,65,0,39,26,KDHSMA,Yes,No,
KD-107-R3,PCV,Yes,77,0,38,39,Zipline,Yes,No,
KD-107-R4,BCG,No,0,0,0,0,LGA,No,Yes,Catch-up campaign
KD-107-R4,HPV,Yes,10,0,1,9,Zipline,Yes,No,
KD-107-R4,IPV,Yes,6,36,18,24,LGA,Yes,Yes,Scheduled routine immunization session
KD-107-R4,MR,Yes,46,0,32,14,LGA,Yes,Yes,Scheduled routine immunization session
KD-107-R4,MEN A,Yes,10,0,5,5,LGA,Yes,No,
KD-107-R4,MCV,Yes,16,0,3,13,LGA,Yes,No,
KD-107-R4,OPV,Yes,27,79,65,41,LGA,Yes,Yes,Scheduled routine immunization session
KD-107-R4,YF,Yes,0,30,18,12,KDHSMA,Yes,No,
KD-107-R4,PENTA,Yes,106,70,118,58,LGA,Yes,Yes,Outreach session held this week
KD-107-R4,ROTA,Yes,39,0,8,31,LGA,Yes,Yes,Outreach session held this week
KD-107-R4,PCV,Yes,38,78,74,42,LGA,Yes,Yes,Outreach session held this week
KD-107-R5,BCG,Yes,0,33,12,21,LGA,Yes,Yes,Outreach session held this week
KD-107-R5,HPV,No,1,0,0,1,LGA,No,Yes,School-based session (HPV)
KD-107-R5,IPV,Yes,18,0,1,17,Zipline,No,No,
KD-107-R5,MR,Yes,32,0,17,15,LGA,Yes,Yes,Outreach session held this week
KD-107-R5,MEN A,No,5,0,0,5,LGA,No,No,
KD-107-R5,MCV,No,3,0,0,3,KDHSMA,No,Yes,Scheduled routine immunization session
KD-107-R5,OPV,Yes,65,0,21,44,LGA,Yes,Yes,Scheduled routine immunization session
KD-107-R5,YF,Yes,18,0,6,12,LGA,Yes,No,
KD-107-R5,PENTA,Yes,118,0,77,41,LGA,Yes,Yes,High birth cohort this week
KD-107-R5,ROTA,No,8,0,0,8,LGA,No,Yes,Scheduled routine immunization session
KD-107-R5,PCV,Yes,74,73,98,49,LGA,Yes,Yes,School-based session (HPV)
KD-107-R6,BCG,Yes,12,37,33,16,KDHSMA,Yes,No,
KD-107-R6,HPV,No,0,0,0,0,KDHSMA,No,No,
KD-107-R6,IPV,Yes,1,32,10,23,LGA,Yes,Yes,Scheduled routine immunization session
KD-107-R6,MR,Yes,17,29,31,15,LGA,Yes,Yes,Scheduled routine immunization session
KD-107-R6,MEN A,No,0,0,0,0,KDHSMA,No,No,
KD-107-R6,MCV,No,0,0,0,0,LGA,No,Yes,Scheduled routine immunization session
KD-107-R6,OPV,Yes,21,73,49,45,LGA,Yes,Yes,Outreach session held this week
KD-107-R6,YF,Yes,6,23,21,8,LGA,Yes,No,
KD-107-R6,PENTA,Yes,77,0,27,50,KDHSMA,Yes,Yes,Scheduled routine immunization session
KD-107-R6,ROTA,Yes,0,50,25,25,LGA,No,No,
KD-107-R6,PCV,Yes,98,0,49,49,LGA,Yes,Yes,Scheduled routine immunization session
KD-108-R1,BCG,Yes,51,36,61,26,LGA,Yes,Yes,Outreach session held this week
KD-108-R1,HPV,No,1,0,0,1,LGA,No,No,
KD-108-R1,IPV,Yes,31,41,50,22,LGA,Yes,Yes,Catch-up campaign
KD-108-R1,MR,Yes,22,0,5,17,LGA,Yes,Yes,Outreach session held this week
KD-108-R1,MEN A,Yes,18,0,4,14,LGA,Yes,Yes,Scheduled routine immunization session
KD-108-R1,MCV,Yes,23,25,30,18,LGA,Yes,Yes,Scheduled routine immunization session
KD-108-R1,OPV,Yes,95,75,132,38,LGA,No,No,
KD-108-R1,YF,Yes,6,15,9,12,LGA,Yes,No,
KD-108-R1,PENTA,Yes,78,0,25,53,KDHSMA,Yes,Yes,Catch-up campaign
KD-108-R1,ROTA,Yes,41,40,59,22,LGA,Yes,No,
KD-108-R1,PCV,Yes,90,73,108,55,LGA,Yes,Yes,Scheduled routine immunization session
KD-108-R2,BCG,Yes,61,0,37,24,LGA,Yes,Yes,High birth cohort this week
KD-108-R2,HPV,Yes,0,25,7,18,LGA,Yes,Yes,Scheduled routine immunization session
KD-108-R2,IPV,Yes,50,0,22,28,LGA,Yes,Yes,Outreach session held this week
KD-108-R2,MR,No,5,0,0,5,LGA,No,Yes,School-based session (HPV)
KD-108-R2,MEN A,No,4,0,0,4,LGA,No,Yes,Scheduled routine immunization session
KD-108-R2,MCV,Yes,30,26,45,11,LGA,Yes,No,
KD-108-R2,OPV,Yes,132,0,83,49,LGA,Yes,Yes,Scheduled routine immunization session
KD-108-R2,YF,No,9,0,0,9,KDHSMA,No,No,
KD-108-R2,PENTA,No,25,0,0,25,KDHSMA,No,Yes,Scheduled routine immunization session
KD-108-R2,ROTA,Yes,59,0,34,25,LGA,Yes,No,
KD-108-R2,PCV,Yes,108,67,136,39,LGA,Yes,No,
KD-108-R3,BCG,Yes,37,25,33,29,KDHSMA,Yes,Yes,Scheduled routine immunization session
KD-108-R3,HPV,No,7,0,0,7,LGA,No,Yes,Catch-up campaign
KD-108-R3,IPV,No,22,0,0,22,LGA,No,Yes,High birth cohort this week
KD-108-R3,MR,Yes,0,23,4,19,LGA,Yes,Yes,Scheduled routine immunization session
KD-108-R3,MEN A,Yes,0,22,13,9,LGA,Yes,No,
KD-108-R3,MCV,Yes,45,23,59,9,LGA,Yes,No,
KD-108-R3,OPV,Yes,83,0,37,46,LGA,Yes,Yes,Scheduled routine immunization session
KD-108-R3,YF,Yes,0,28,17,11,Zipline,Yes,No,
KD-108-R3,PENTA,Yes,0,82,28,54,LGA,Yes,Yes,Scheduled routine immunization session
KD-108-R3,ROTA,Yes,34,48,55,27,Zipline,Yes,No,
KD-108-R3,PCV,Yes,136,0,95,41,KDHSMA,Yes,Yes,Outreach session held this week
KD-108-R4,BCG,Yes,33,32,44,21,Zipline,Yes,Yes,Scheduled routine immunization session
KD-108-R4,HPV,No,0,0,0,0,LGA,No,Yes,School-based session (HPV)
KD-108-R4,IPV,No,0,0,0,0,LGA,No,Yes,Scheduled routine immunization session
KD-108-R4,MR,No,4,0,0,4,LGA,No,Yes,Scheduled routine immunization session
KD-108-R4,MEN A,Yes,13,0,3,10,KDHSMA,Yes,No,
KD-108-R4,MCV,Yes,59,0,47,12,LGA,Yes,No,
KD-108-R4,OPV,No,37,0,0,37,LGA,No,Yes,Scheduled routine immunization session
KD-108-R4,YF,No,17,0,0,17,LGA,No,Yes,Scheduled routine immunization session
KD-108-R4,PENTA,No,28,0,0,28,Zipline,No,Yes,Outreach session held this week
KD-108-R4,ROTA,Yes,55,0,21,34,LGA,Yes,Yes,Catch-up campaign
KD-108-R4,PCV,Yes,95,0,52,43,KDHSMA,Yes,Yes,Scheduled routine immunization session
KD-108-R5,BCG,Yes,44,0,25,19,LGA,Yes,Yes,Scheduled routine immunization session
KD-108-R5,HPV,No,0,0,0,0,LGA,No,Yes,School-based session (HPV)
KD-108-R5,IPV,No,0,0,0,0,KDHSMA,No,No,
KD-108-R5,MR,No,0,0,0,0,KDHSMA,No,No,
KD-108-R5,MEN A,Yes,3,22,14,11,LGA,Yes,No,
KD-108-R5,MCV,Yes,47,0,27,20,Zipline,Yes,Yes,Scheduled routine immunization session
KD-108-R5,OPV,No,0,0,0,0,KDHSMA,No,Yes,Catch-up campaign
KD-108-R5,YF,Yes,0,31,18,13,LGA,Yes,No,
KD-108-R5,PENTA,Yes,0,79,31,48,KDHSMA,Yes,Yes,Outreach session held this week
KD-108-R5,ROTA,No,21,0,0,21,KDHSMA,No,No,
KD-108-R5,PCV,Yes,52,63,75,40,KDHSMA,Yes,No,
KD-108-R6,BCG,Yes,25,24,29,20,LGA,Yes,Yes,Scheduled routine immunization session
KD-108-R6,HPV,No,0,0,0,0,LGA,No,Yes,Scheduled routine immunization session
KD-108-R6,IPV,Yes,0,38,18,20,LGA,Yes,No,
KD-108-R6,MR,No,0,0,0,0,KDHSMA,No,No,
KD-108-R6,MEN A,Yes,14,0,3,11,LGA,Yes,No,
KD-108-R6,MCV,Yes,27,24,31,20,Zipline,Yes,Yes,Outreach session held this week
KD-108-R6,OPV,No,0,0,0,0,LGA,No,Yes,Scheduled routine immunization session
KD-108-R6,YF,Yes,18,0,2,16,LGA,Yes,Yes,Scheduled routine immunization session
KD-108-R6,PENTA,No,31,0,0,31,LGA,No,Yes,Catch-up campaign
KD-108-R6,ROTA,No,0,0,0,0,LGA,No,No,
KD-108-R6,PCV,Yes,75,0,36,39,Zipline,Yes,No,
KD-110-R1,BCG,Yes,37,28,47,18,LGA,Yes,No,
KD-110-R1,HPV,Yes,19,15,11,23,LGA,No,Yes,School-based session (HPV)
KD-110-R1,IPV,Yes,65,0,44,21,KDHSMA,Yes,Yes,School-based session (HPV)
KD-110-R1,MR,Yes,20,0,9,11,KDHSMA,Yes,No,
KD-110-R1,MEN A,Yes,22,0,11,11,LGA,Yes,No,
KD-110-R1,MCV,No,18,0,0,18,LGA,No,Yes,Scheduled routine immunization session
KD-110-R1,OPV,No,36,0,0,36,LGA,No,Yes,Scheduled routine immunization session
KD-110-R1,YF,Yes,40,23,47,16,LGA,Yes,Yes,Scheduled routine immunization session
KD-110-R1,PENTA,Yes,82,0,36,46,Zipline,No,Yes,Scheduled routine immunization session
KD-110-R1,ROTA,Yes,41,0,18,23,KDHSMA,No,No,
KD-110-R1,PCV,Yes,75,82,113,44,Zipline,No,Yes,Scheduled routine immunization session
KD-110-R2,BCG,Yes,47,0,33,14,KDHSMA,Yes,No,
KD-110-R2,HPV,No,11,0,0,11,LGA,No,Yes,Catch-up campaign
KD-110-R2,IPV,Yes,44,0,15,29,LGA,Yes,Yes,School-based session (HPV)
KD-110-R2,MR,No,9,0,0,9,LGA,No,No,
KD-110-R2,MEN A,No,11,0,0,11,LGA,No,Yes,Catch-up campaign
KD-110-R2,MCV,No,0,0,0,0,LGA,No,No,
KD-110-R2,OPV,No,0,0,0,0,LGA,No,Yes,School-based session (HPV)
KD-110-R2,YF,Yes,47,0,37,10,LGA,No,No,
KD-110-R2,PENTA,No,36,0,0,36,LGA,No,Yes,Scheduled routine immunization session
KD-110-R2,ROTA,Yes,18,46,37,27,LGA,Yes,No,
KD-110-R2,PCV,Yes,113,61,128,46,LGA,Yes,Yes,High birth cohort this week
KD-110-R3,BCG,Yes,33,0,18,15,LGA,Yes,No,
KD-110-R3,HPV,No,0,0,0,0,Zipline,No,Yes,School-based session (HPV)
KD-110-R3,IPV,Yes,15,27,22,20,LGA,Yes,No,
KD-110-R3,MR,No,0,0,0,0,LGA,No,Yes,Outreach session held this week
KD-110-R3,MEN A,No,0,0,0,0,Zipline,No,Yes,Outreach session held this week
KD-110-R3,MCV,No,0,0,0,0,LGA,No,No,
KD-110-R3,OPV,No,0,0,0,0,LGA,No,Yes,Outreach session held this week
KD-110-R3,YF,Yes,37,34,64,7,LGA,Yes,No,
KD-110-R3,PENTA,No,0,0,0,0,KDHSMA,No,Yes,Scheduled routine immunization session
KD-110-R3,ROTA,Yes,37,0,10,27,KDHSMA,No,No,
KD-110-R3,PCV,Yes,128,0,83,45,KDHSMA,No,Yes,Scheduled routine immunization session
KD-110-R4,BCG,Yes,18,38,36,20,LGA,Yes,Yes,Catch-up campaign
KD-110-R4,HPV,No,0,12,0,12,LGA,No,Yes,Scheduled routine immunization session
KD-110-R4,IPV,Yes,22,41,29,34,LGA,Yes,Yes,Scheduled routine immunization session
KD-110-R4,MR,No,0,0,0,0,LGA,No,Yes,Outreach session held this week
KD-110-R4,MEN A,Yes,0,23,5,18,Zipline,No,Yes,School-based session (HPV)
KD-110-R4,MCV,Yes,0,25,14,11,LGA,Yes,No,
KD-110-R4,OPV,Yes,0,66,23,43,Zipline,Yes,Yes,Outreach session held this week
KD-110-R4,YF,Yes,64,0,46,18,Zipline,Yes,Yes,Scheduled routine immunization session
KD-110-R4,PENTA,Yes,0,69,21,48,LGA,Yes,Yes,Scheduled routine immunization session
KD-110-R4,ROTA,No,10,0,0,10,LGA,No,No,
KD-110-R4,PCV,Yes,83,99,134,48,KDHSMA,Yes,Yes,High birth cohort this week
KD-110-R5,BCG,Yes,36,0,22,14,KDHSMA,Yes,No,
KD-110-R5,HPV,No,0,0,0,0,KDHSMA,No,No,
KD-110-R5,IPV,Yes,29,0,3,26,LGA,Yes,Yes,Scheduled routine immunization session
KD-110-R5,MR,No,0,0,0,0,LGA,No,Yes,High birth cohort this week
KD-110-R5,MEN A,No,5,0,0,5,LGA,No,Yes,Scheduled routine immunization session
KD-110-R5,MCV,Yes,14,22,23,13,KDHSMA,Yes,No,
KD-110-R5,OPV,No,23,0,0,23,LGA,No,Yes,High birth cohort this week
KD-110-R5,YF,Yes,46,20,48,18,LGA,Yes,Yes,Outreach session held this week
KD-110-R5,PENTA,No,21,0,0,21,LGA,No,No,
KD-110-R5,ROTA,Yes,0,58,34,24,KDHSMA,Yes,No,
KD-110-R5,PCV,Yes,134,0,90,44,Zipline,Yes,Yes,Outreach session held this week
KD-110-R6,BCG,Yes,22,41,40,23,LGA,Yes,Yes,Scheduled routine immunization session
KD-110-R6,HPV,No,0,0,0,0,KDHSMA,No,Yes,High birth cohort this week
KD-110-R6,IPV,Yes,3,40,27,16,KDHSMA,Yes,No,
KD-110-R6,MR,Yes,0,27,14,13,LGA,Yes,No,
KD-110-R6,MEN A,No,0,0,0,0,KDHSMA,No,No,
KD-110-R6,MCV,Yes,23,0,10,13,KDHSMA,No,No,
KD-110-R6,OPV,No,0,0,0,0,LGA,No,Yes,Scheduled routine immunization session
KD-110-R6,YF,Yes,48,24,57,15,Zipline,Yes,Yes,Catch-up campaign
KD-110-R6,PENTA,Yes,0,76,38,38,LGA,Yes,No,
KD-110-R6,ROTA,Yes,34,0,4,30,LGA,Yes,Yes,Scheduled routine immunization session
KD-110-R6,PCV,Yes,90,77,115,52,KDHSMA,Yes,Yes,Outreach session held this week
KD-111-R1,BCG,Yes,31,0,16,15,Zipline,Yes,Yes,Catch-up campaign
KD-111-R1,HPV,Yes,6,0,1,5,LGA,Yes,No,
KD-111-R1,IPV,Yes,15,18,21,12,Zipline,Yes,No,
KD-111-R1,MR,Yes,23,0,15,8,LGA,Yes,No,
KD-111-R1,MEN A,Yes,18,0,6,12,LGA,Yes,Yes,Catch-up campaign
KD-111-R1,MCV,Yes,0,10,3,7,LGA,Yes,No,
KD-111-R1,OPV,Yes,55,0,31,24,LGA,Yes,No,
KD-111-R1,YF,Yes,30,17,43,4,Zipline,Yes,No,
KD-111-R1,PENTA,Yes,52,43,64,31,LGA,Yes,Yes,Outreach session held this week
KD-111-R1,ROTA,Yes,40,0,20,20,LGA,No,Yes,School-based session (HPV)
KD-111-R1,PCV,Yes,24,41,37,28,KDHSMA,Yes,Yes,Scheduled routine immunization session
KD-111-R2,BCG,Yes,16,25,29,12,LGA,Yes,Yes,High birth cohort this week
KD-111-R2,HPV,No,1,0,0,1,KDHSMA,No,No,
KD-111-R2,IPV,Yes,21,15,23,13,LGA,Yes,Yes,Scheduled routine immunization session
KD-111-R2,MR,Yes,15,0,6,9,KDHSMA,Yes,Yes,Scheduled routine immunization session
KD-111-R2,MEN A,No,6,0,0,6,KDHSMA,No,Yes,Scheduled routine immunization session
KD-111-R2,MCV,No,3,0,0,3,KDHSMA,No,No,
KD-111-R2,OPV,Yes,31,0,4,27,LGA,Yes,Yes,Scheduled routine immunization session
KD-111-R2,YF,Yes,43,0,39,4,LGA,Yes,No,
KD-111-R2,PENTA,Yes,64,37,74,27,KDHSMA,No,Yes,Scheduled routine immunization session
KD-111-R2,ROTA,Yes,20,0,5,15,LGA,Yes,No,
KD-111-R2,PCV,No,37,0,0,37,LGA,No,Yes,Catch-up campaign
KD-111-R3,BCG,Yes,29,0,16,13,LGA,Yes,Yes,Outreach session held this week
KD-111-R3,HPV,No,0,0,0,0,LGA,No,Yes,School-based session (HPV)
KD-111-R3,IPV,Yes,23,0,4,19,LGA,Yes,Yes,Outreach session held this week
KD-111-R3,MR,Yes,6,14,15,5,LGA,Yes,No,
KD-111-R3,MEN A,No,0,0,0,0,LGA,No,Yes,Scheduled routine immunization session
KD-111-R3,MCV,No,0,0,0,0,KDHSMA,No,No,
KD-111-R3,OPV,No,4,0,0,4,LGA,No,Yes,School-based session (HPV)
KD-111-R3,YF,Yes,39,0,25,14,LGA,Yes,Yes,Scheduled routine immunization session
KD-111-R3,PENTA,Yes,74,53,106,21,LGA,Yes,No,
KD-111-R3,ROTA,No,5,0,0,5,KDHSMA,No,Yes,Scheduled routine immunization session
KD-111-R3,PCV,Yes,0,39,14,25,KDHSMA,Yes,Yes,Scheduled routine immunization session
KD-111-R4,BCG,Yes,16,14,13,17,LGA,No,Yes,Scheduled routine immunization session
KD-111-R4,HPV,No,0,8,0,8,KDHSMA,No,Yes,School-based session (HPV)
KD-111-R4,IPV,No,4,0,0,4,Zipline,No,Yes,Scheduled routine immunization session
KD-111-R4,MR,Yes,15,0,8,7,LGA,Yes,No,
KD-111-R4,MEN A,No,0,0,0,0,LGA,No,Yes,Catch-up campaign
KD-111-R4,MCV,No,0,0,0,0,KDHSMA,No,No,
KD-111-R4,OPV,No,0,0,0,0,KDHSMA,No,No,
KD-111-R4,YF,Yes,25,0,18,7,LGA,Yes,No,
KD-111-R4,PENTA,Yes,106,0,74,32,KDHSMA,Yes,Yes,Scheduled routine immunization session
KD-111-R4,ROTA,Yes,0,36,16,20,LGA,Yes,Yes,Scheduled routine immunization session
KD-111-R4,PCV,No,14,0,0,14,LGA,No,No,
KD-111-R5,BCG,No,13,0,0,13,LGA,No,Yes,Scheduled routine immunization session
KD-111-R5,HPV,No,0,0,0,0,LGA,No,Yes,High birth cohort this week
KD-111-R5,IPV,Yes,0,17,6,11,LGA,Yes,No,
KD-111-R5,MR,Yes,8,22,22,8,LGA,Yes,No,
KD-111-R5,MEN A,No,0,0,0,0,LGA,No,Yes,Scheduled routine immunization session
KD-111-R5,MCV,No,0,0,0,0,KDHSMA,No,No,
KD-111-R5,OPV,No,0,0,0,0,KDHSMA,No,No,
KD-111-R5,YF,Yes,18,0,11,7,LGA,No,No,
KD-111-R5,PENTA,Yes,74,0,55,19,LGA,Yes,No,
KD-111-R5,ROTA,No,16,0,0,16,KDHSMA,No,Yes,Scheduled routine immunization session
KD-111-R5,PCV,Yes,0,35,17,18,LGA,Yes,No,
KD-111-R6,BCG,Yes,0,16,5,11,LGA,Yes,Yes,Scheduled routine immunization session
KD-111-R6,HPV,No,0,0,0,0,Zipline,No,No,
KD-111-R6,IPV,Yes,6,23,23,6,LGA,Yes,No,
KD-111-R6,MR,Yes,22,17,33,6,Zipline,Yes,No,
KD-111-R6,MEN A,No,0,0,0,0,LGA,No,Yes,Outreach session held this week
KD-111-R6,MCV,No,0,0,0,0,LGA,No,No,
KD-111-R6,OPV,No,0,0,0,0,LGA,No,Yes,School-based session (HPV)
KD-111-R6,YF,No,11,0,0,11,Zipline,No,Yes,Scheduled routine immunization session
KD-111-R6,PENTA,Yes,55,37,66,26,KDHSMA,Yes,Yes,Scheduled routine immunization session
KD-111-R6,ROTA,No,0,0,0,0,LGA,No,No,
KD-111-R6,PCV,No,17,0,0,17,LGA,No,Yes,Scheduled routine immunization session
KD-113-R1,BCG,Yes,17,18,25,10,KDHSMA,Yes,No,
KD-113-R1,HPV,Yes,11,0,3,8,LGA,Yes,Yes,Scheduled routine immunization session
KD-113-R1,IPV,Yes,22,18,26,14,LGA,Yes,Yes,Scheduled routine immunization session
KD-113-R1,MR,Yes,15,0,2,13,LGA,Yes,Yes,Scheduled routine immunization session
KD-113-R1,MEN A,Yes,13,0,2,11,LGA,Yes,Yes,Scheduled routine immunization session
KD-113-R1,MCV,Yes,24,11,20,15,KDHSMA,No,Yes,High birth cohort this week
KD-113-R1,OPV,Yes,51,42,68,25,KDHSMA,Yes,Yes,Outreach session held this week
KD-113-R1,YF,Yes,15,0,2,13,LGA,Yes,Yes,School-based session (HPV)
KD-113-R1,PENTA,Yes,44,0,17,27,LGA,Yes,Yes,Catch-up campaign
KD-113-R1,ROTA,Yes,50,0,35,15,Zipline,Yes,No,
KD-113-R1,PCV,Yes,53,0,26,27,LGA,Yes,Yes,High birth cohort this week
KD-113-R2,BCG,Yes,25,0,17,8,LGA,Yes,No,
KD-113-R2,HPV,No,3,0,0,3,LGA,No,Yes,Catch-up campaign
KD-113-R2,IPV,Yes,26,0,13,13,KDHSMA,Yes,Yes,Scheduled routine immunization session
KD-113-R2,MR,Yes,2,11,6,7,LGA,Yes,No,
KD-113-R2,MEN A,Yes,2,11,6,7,LGA,Yes,Yes,Catch-up campaign
KD-113-R2,MCV,Yes,20,0,8,12,KDHSMA,Yes,Yes,Scheduled routine immunization session
KD-113-R2,OPV,Yes,68,0,44,24,Zipline,Yes,No,
KD-113-R2,YF,No,2,0,0,2,LGA,No,No,
KD-113-R2,PENTA,Yes,17,35,31,21,LGA,Yes,No,
KD-113-R2,ROTA,Yes,35,0,23,12,LGA,Yes,No,
KD-113-R2,PCV,No,26,0,0,26,LGA,No,Yes,Scheduled routine immunization session
KD-113-R3,BCG,Yes,17,14,17,14,KDHSMA,Yes,Yes,Scheduled routine immunization session
KD-113-R3,HPV,No,0,0,0,0,LGA,No,No,
KD-113-R3,IPV,No,13,0,0,13,LGA,No,Yes,High birth cohort this week
KD-113-R3,MR,Yes,6,9,8,7,LGA,Yes,No,
KD-113-R3,MEN A,Yes,6,11,9,8,Zipline,Yes,Yes,Outreach session held this week
KD-113-R3,MCV,Yes,8,13,16,5,KDHSMA,Yes,No,
KD-113-R3,OPV,Yes,44,0,28,16,KDHSMA,Yes,No,
KD-113-R3,YF,No,0,0,0,0,Zipline,No,Yes,Catch-up campaign
KD-113-R3,PENTA,Yes,31,36,38,29,Zipline,Yes,Yes,Scheduled routine immunization session
KD-113-R3,ROTA,Yes,23,21,32,12,KDHSMA,Yes,No,
KD-113-R3,PCV,Yes,0,51,18,33,KDHSMA,Yes,Yes,Scheduled routine immunization session
KD-113-R4,BCG,No,17,0,0,17,Zipline,No,Yes,Outreach session held this week
KD-113-R4,HPV,No,0,8,0,8,KDHSMA,No,Yes,School-based session (HPV)
KD-113-R4,IPV,No,0,0,0,0,LGA,No,No,
KD-113-R4,MR,Yes,8,19,14,13,KDHSMA,Yes,Yes,Scheduled routine immunization session
KD-113-R4,MEN A,No,9,0,0,9,KDHSMA,No,Yes,Outreach session held this week
KD-113-R4,MCV,Yes,16,14,19,11,LGA,Yes,Yes,Scheduled routine immunization session
KD-113-R4,OPV,Yes,28,44,50,22,LGA,Yes,No,
KD-113-R4,YF,No,0,0,0,0,LGA,No,Yes,Catch-up campaign
KD-113-R4,PENTA,Yes,38,40,56,22,Zipline,Yes,No,
KD-113-R4,ROTA,Yes,32,29,45,16,Zipline,Yes,No,
KD-113-R4,PCV,Yes,18,37,27,28,LGA,Yes,Yes,Scheduled routine immunization session
KD-113-R5,BCG,No,0,11,0,11,LGA,No,Yes,Scheduled routine immunization session
KD-113-R5,HPV,No,0,0,0,0,LGA,No,No,
KD-113-R5,IPV,Yes,0,18,4,14,LGA,Yes,Yes,Outreach session held this week
KD-113-R5,MR,Yes,14,0,6,8,LGA,Yes,No,
KD-113-R5,MEN A,No,0,0,0,0,LGA,No,Yes,Scheduled routine immunization session
KD-113-R5,MCV,Yes,19,0,9,10,LGA,Yes,Yes,Scheduled routine immunization session
KD-113-R5,OPV,Yes,50,52,70,32,LGA,Yes,Yes,Scheduled routine immunization session
KD-113-R5,YF,Yes,0,9,4,5,LGA,Yes,No,
KD-113-R5,PENTA,Yes,56,0,33,23,Zipline,Yes,No,
KD-113-R5,ROTA,Yes,45,0,35,10,Zipline,No,No,
KD-113-R5,PCV,Yes,27,0,4,23,LGA,Yes,No,
KD-113-R6,BCG,No,0,0,0,0,LGA,No,Yes,Catch-up campaign
KD-113-R6,HPV,Yes,0,11,5,6,LGA,Yes,No,
KD-113-R6,IPV,No,4,0,0,4,LGA,No,No,
KD-113-R6,MR,Yes,6,0,1,5,KDHSMA,Yes,No,
KD-113-R6,MEN A,Yes,0,14,8,6,LGA,Yes,No,
KD-113-R6,MCV,No,9,0,0,9,KDHSMA,No,Yes,Outreach session held this week
KD-113-R6,OPV,Yes,70,48,88,30,KDHSMA,Yes,Yes,Outreach session held this week
KD-113-R6,YF,No,4,0,0,4,LGA,No,No,
KD-113-R6,PENTA,Yes,33,0,13,20,LGA,Yes,No,
KD-113-R6,ROTA,Yes,35,0,19,16,LGA,Yes,No,
KD-113-R6,PCV,Yes,4,54,31,27,LGA,Yes,Yes,Scheduled routine immunization session
KD-114-R1,BCG,No,26,0,0,26,LGA,No,Yes,Scheduled routine immunization session
KD-114-R1,HPV,Yes,33,0,23,10,LGA,Yes,No,
KD-114-R1,IPV,Yes,55,32,64,23,LGA,Yes,Yes,Scheduled routine immunization session
KD-114-R1,MR,Yes,50,0,45,5,LGA,Yes,No,
KD-114-R1,MEN A,Yes,15,0,6,9,LGA,Yes,No,
KD-114-R1,MCV,Yes,42,0,20,22,LGA,Yes,Yes,School-based session (HPV)
KD-114-R1,OPV,Yes,122,72,146,48,KDHSMA,Yes,Yes,Catch-up campaign
KD-114-R1,YF,Yes,16,19,24,11,LGA,Yes,No,
KD-114-R1,PENTA,No,17,0,0,17,Zipline,No,Yes,Outreach session held this week
KD-114-R1,ROTA,Yes,43,0,13,30,LGA,Yes,Yes,School-based session (HPV)
KD-114-R1,PCV,Yes,146,0,96,50,Zipline,Yes,Yes,Scheduled routine immunization session
KD-114-R2,BCG,No,0,0,0,0,LGA,No,No,
KD-114-R2,HPV,Yes,23,30,44,9,LGA,Yes,No,
KD-114-R2,IPV,Yes,64,0,35,29,Zipline,No,Yes,High birth cohort this week
KD-114-R2,MR,Yes,45,0,33,12,KDHSMA,Yes,No,
KD-114-R2,MEN A,No,6,0,0,6,LGA,No,Yes,School-based session (HPV)
KD-114-R2,MCV,Yes,20,0,8,12,LGA,Yes,No,
KD-114-R2,OPV,Yes,146,0,105,41,LGA,Yes,Yes,Scheduled routine immunization session
KD-114-R2,YF,Yes,24,0,14,10,LGA,Yes,No,
KD-114-R2,PENTA,Yes,0,66,22,44,LGA,No,Yes,Outreach session held this week
KD-114-R2,ROTA,Yes,13,58,40,31,LGA,Yes,Yes,Scheduled routine immunization session
KD-114-R2,PCV,Yes,96,0,49,47,Zipline,Yes,Yes,Outreach session held this week
KD-114-R3,BCG,No,0,0,0,0,Zipline,No,No,
KD-114-R3,HPV,Yes,44,15,41,18,LGA,Yes,Yes,Scheduled routine immunization session
KD-114-R3,IPV,Yes,35,43,54,24,LGA,Yes,Yes,Scheduled routine immunization session
KD-114-R3,MR,Yes,33,0,10,23,LGA,Yes,Yes,Scheduled routine immunization session
KD-114-R3,MEN A,Yes,0,19,2,17,LGA,Yes,Yes,Scheduled routine immunization session
KD-114-R3,MCV,Yes,8,23,12,19,KDHSMA,No,Yes,Catch-up campaign
KD-114-R3,OPV,Yes,105,0,56,49,Zipline,Yes,Yes,Scheduled routine immunization session
KD-114-R3,YF,Yes,14,0,5,9,LGA,Yes,No,
KD-114-R3,PENTA,Yes,22,50,34,38,LGA,Yes,No,
KD-114-R3,ROTA,Yes,40,47,59,28,LGA,Yes,Yes,Scheduled routine immunization session
KD-114-R3,PCV,Yes,49,85,83,51,LGA,Yes,Yes,Catch-up campaign
KD-114-R4,BCG,No,0,0,0,0,LGA,No,No,
KD-114-R4,HPV,Yes,41,0,35,6,LGA,Yes,No,
KD-114-R4,IPV,Yes,54,0,35,19,LGA,Yes,No,
KD-114-R4,MR,Yes,10,30,27,13,LGA,Yes,No,
KD-114-R4,MEN A,No,2,0,0,2,KDHSMA,No,No,
KD-114-R4,MCV,No,12,0,0,12,LGA,No,Yes,Scheduled routine immunization session
KD-114-R4,OPV,Yes,56,89,99,46,KDHSMA,Yes,Yes,School-based session (HPV)
KD-114-R4,YF,Yes,5,21,12,14,Zipline,Yes,Yes,Scheduled routine immunization session
KD-114-R4,PENTA,Yes,34,88,80,42,LGA,No,Yes,Scheduled routine immunization session
KD-114-R4,ROTA,Yes,59,0,34,25,KDHSMA,Yes,No,
KD-114-R4,PCV,Yes,83,0,44,39,KDHSMA,Yes,No,
KD-114-R5,BCG,No,0,0,0,0,LGA,No,No,
KD-114-R5,HPV,Yes,35,0,20,15,LGA,Yes,Yes,Scheduled routine immunization session
KD-114-R5,IPV,Yes,35,36,51,20,LGA,Yes,No,
KD-114-R5,MR,Yes,27,0,12,15,KDHSMA,Yes,Yes,School-based session (HPV)
KD-114-R5,MEN A,No,0,0,0,0,LGA,No,No,
KD-114-R5,MCV,No,0,0,0,0,LGA,No,Yes,Scheduled routine immunization session
KD-114-R5,OPV,Yes,99,0,42,57,LGA,Yes,Yes,Outreach session held this week
KD-114-R5,YF,No,12,0,0,12,KDHSMA,No,Yes,Scheduled routine immunization session
KD-114-R5,PENTA,Yes,80,0,38,42,KDHSMA,Yes,Yes,School-based session (HPV)
KD-114-R5,ROTA,Yes,34,39,37,36,Zipline,Yes,Yes,Scheduled routine immunization session
KD-114-R5,PCV,Yes,44,80,83,41,LGA,Yes,Yes,Scheduled routine immunization session
KD-114-R6,BCG,No,0,0,0,0,KDHSMA,No,No,
KD-114-R6,HPV,Yes,20,14,22,12,LGA,Yes,Yes,School-based session (HPV)
KD-114-R6,IPV,Yes,51,42,66,27,KDHSMA,No,Yes,Scheduled routine immunization session
KD-114-R6,MR,No,12,0,0,12,LGA,No,Yes,Outreach session held this week
KD-114-R6,MEN A,No,0,0,0,0,KDHSMA,No,Yes,Scheduled routine immunization session
KD-114-R6,MCV,No,0,0,0,0,LGA,No,No,
KD-114-R6,OPV,Yes,42,72,65,49,KDHSMA,Yes,Yes,Scheduled routine immunization session
KD-114-R6,YF,Yes,0,27,14,13,LGA,Yes,No,
KD-114-R6,PENTA,Yes,38,78,83,33,LGA,Yes,No,
KD-114-R6,ROTA,Yes,37,0,10,27,LGA,Yes,No,
KD-114-R6,PCV,Yes,83,0,41,42,LGA,Yes,Yes,School-based session (HPV)
KD-115-R1,BCG,No,35,0,0,35,KDHSMA,No,Yes,High birth cohort this week
KD-115-R1,HPV,Yes,100,43,112,31,LGA,Yes,Yes,Outreach session held this week
KD-115-R1,IPV,Yes,0,94,39,55,KDHSMA,Yes,Yes,Scheduled routine immunization session
KD-115-R1,MR,Yes,31,52,40,43,LGA,Yes,Yes,Outreach session held this week
KD-115-R1,MEN A,No,9,0,0,9,LGA,No,No,
KD-115-R1,MCV,Yes,53,62,82,33,LGA,Yes,No,
KD-115-R1,OPV,Yes,17,165,70,112,KDHSMA,No,Yes,Outreach session held this week
KD-115-R1,YF,Yes,89,67,126,30,Zipline,Yes,No,
KD-115-R1,PENTA,No,0,0,0,0,LGA,No,Yes,Scheduled routine immunization session
KD-115-R1,ROTA,Yes,120,0,53,67,LGA,Yes,No,
KD-115-R1,PCV,Yes,76,188,151,113,LGA,Yes,Yes,High birth cohort this week
KD-115-R2,BCG,No,0,0,0,0,LGA,No,Yes,Scheduled routine immunization session
KD-115-R2,HPV,Yes,112,0,77,35,Zipline,Yes,Yes,School-based session (HPV)
KD-115-R2,IPV,Yes,39,90,69,60,Zipline,Yes,Yes,Scheduled routine immunization session
KD-115-R2,MR,No,40,0,0,40,LGA,No,Yes,Scheduled routine immunization session
KD-115-R2,MEN A,No,0,0,0,0,LGA,No,Yes,Catch-up campaign
KD-115-R2,MCV,Yes,82,0,47,35,KDHSMA,Yes,Yes,Catch-up campaign
KD-115-R2,OPV,No,70,0,0,70,LGA,No,Yes,Outreach session held this week
KD-115-R2,YF,Yes,126,0,96,30,LGA,Yes,No,
KD-115-R2,PENTA,No,0,0,0,0,LGA,No,Yes,Scheduled routine immunization session
KD-115-R2,ROTA,Yes,53,113,91,75,KDHSMA,Yes,Yes,Scheduled routine immunization session
KD-115-R2,PCV,Yes,151,0,39,112,LGA,Yes,Yes,Outreach session held this week
KD-115-R3,BCG,No,0,0,0,0,KDHSMA,No,Yes,Outreach session held this week
KD-115-R3,HPV,Yes,77,0,42,35,LGA,Yes,Yes,Scheduled routine immunization session
KD-115-R3,IPV,Yes,69,0,8,61,Zipline,Yes,Yes,Scheduled routine immunization session
KD-115-R3,MR,No,0,0,0,0,LGA,No,No,
KD-115-R3,MEN A,No,0,0,0,0,LGA,No,Yes,Scheduled routine immunization session
KD-115-R3,MCV,Yes,47,0,23,24,KDHSMA,Yes,No,
KD-115-R3,OPV,No,0,0,0,0,LGA,No,Yes,Scheduled routine immunization session
KD-115-R3,YF,Yes,96,57,120,33,LGA,Yes,No,
KD-115-R3,PENTA,No,0,0,0,0,LGA,No,Yes,Scheduled routine immunization session
KD-115-R3,ROTA,Yes,91,0,5,86,KDHSMA,Yes,Yes,Scheduled routine immunization session
KD-115-R3,PCV,No,39,0,0,39,LGA,No,No,
KD-115-R4,BCG,Yes,0,94,49,45,LGA,Yes,No,
KD-115-R4,HPV,Yes,42,0,16,26,LGA,Yes,No,
KD-115-R4,IPV,Yes,8,90,47,51,LGA,Yes,Yes,Scheduled routine immunization session
KD-115-R4,MR,No,0,0,0,0,LGA,No,Yes,School-based session (HPV)
KD-115-R4,MEN A,No,0,0,0,0,KDHSMA,No,Yes,Scheduled routine immunization session
KD-115-R4,MCV,No,23,0,0,23,LGA,No,Yes,Scheduled routine immunization session
KD-115-R4,OPV,No,0,0,0,0,LGA,No,Yes,School-based session (HPV)
KD-115-R4,YF,Yes,120,0,86,34,LGA,Yes,Yes,Outreach session held this week
KD-115-R4,PENTA,No,0,0,0,0,LGA,No,Yes,High birth cohort this week
KD-115-R4,ROTA,No,5,0,0,5,LGA,No,Yes,Catch-up campaign
KD-115-R4,PCV,No,0,0,0,0,Zipline,No,Yes,Outreach session held this week
KD-115-R5,BCG,Yes,49,0,3,46,LGA,Yes,Yes,High birth cohort this week
KD-115-R5,HPV,No,16,0,0,16,LGA,No,Yes,Outreach session held this week
KD-115-R5,IPV,No,47,0,0,47,Zipline,No,Yes,Scheduled routine immunization session
KD-115-R5,MR,No,0,0,0,0,LGA,No,No,
KD-115-R5,MEN A,No,0,0,0,0,KDHSMA,No,Yes,Outreach session held this week
KD-115-R5,MCV,No,0,0,0,0,Zipline,No,Yes,Scheduled routine immunization session
KD-115-R5,OPV,Yes,0,180,77,103,LGA,Yes,Yes,Scheduled routine immunization session
KD-115-R5,YF,Yes,86,0,51,35,LGA,Yes,Yes,Scheduled routine immunization session
KD-115-R5,PENTA,No,0,0,0,0,LGA,No,Yes,Scheduled routine immunization session
KD-115-R5,ROTA,Yes,0,110,48,62,LGA,No,No,
KD-115-R5,PCV,No,0,0,0,0,LGA,No,Yes,School-based session (HPV)
KD-115-R6,BCG,Yes,3,71,37,37,LGA,Yes,No,
KD-115-R6,HPV,Yes,0,45,8,37,LGA,No,Yes,Outreach session held this week
KD-115-R6,IPV,Yes,0,78,18,60,LGA,No,Yes,Scheduled routine immunization session
KD-115-R6,MR,No,0,0,0,0,Zipline,No,Yes,Catch-up campaign
KD-115-R6,MEN A,Yes,0,54,20,34,LGA,Yes,Yes,High birth cohort this week
KD-115-R6,MCV,Yes,0,62,14,48,LGA,Yes,Yes,Outreach session held this week
KD-115-R6,OPV,Yes,77,190,150,117,LGA,Yes,Yes,Scheduled routine immunization session
KD-115-R6,YF,Yes,51,55,76,30,KDHSMA,Yes,No,
KD-115-R6,PENTA,No,0,0,0,0,LGA,No,No,
KD-115-R6,ROTA,Yes,48,128,102,74,LGA,No,Yes,Scheduled routine immunization session
KD-115-R6,PCV,Yes,0,191,89,102,Zipline,Yes,Yes,Outreach session held this week
KD-117-R1,BCG,No,0,0,0,0,LGA,No,Yes,Scheduled routine immunization session
KD-117-R1,HPV,Yes,28,0,16,12,LGA,Yes,Yes,Scheduled routine immunization session
KD-117-R1,IPV,Yes,60,0,42,18,Zipline,No,No,
KD-117-R1,MR,Yes,20,0,5,15,LGA,Yes,Yes,Outreach session held this week
KD-117-R1,MEN A,No,14,0,0,14,Zipline,No,Yes,Scheduled routine immunization session
KD-117-R1,MCV,Yes,23,0,11,12,LGA,Yes,No,
KD-117-R1,OPV,Yes,105,87,151,41,LGA,Yes,Yes,Scheduled routine immunization session
KD-117-R1,YF,Yes,25,0,3,22,LGA,Yes,Yes,Scheduled routine immunization session
KD-117-R1,PENTA,No,12,0,0,12,LGA,No,Yes,Outreach session held this week
KD-117-R1,ROTA,No,0,0,0,0,LGA,No,No,
KD-117-R1,PCV,Yes,113,0,70,43,Zipline,Yes,Yes,School-based session (HPV)
KD-117-R2,BCG,No,0,0,0,0,LGA,No,No,
KD-117-R2,HPV,Yes,16,0,4,12,Zipline,Yes,Yes,Catch-up campaign
KD-117-R2,IPV,Yes,42,0,26,16,LGA,Yes,No,
KD-117-R2,MR,No,5,0,0,5,LGA,No,No,
KD-117-R2,MEN A,No,0,0,0,0,KDHSMA,No,No,
KD-117-R2,MCV,No,11,0,0,11,LGA,No,Yes,Scheduled routine immunization session
KD-117-R2,OPV,Yes,151,0,114,37,LGA,No,No,
KD-117-R2,YF,Yes,3,23,8,18,LGA,Yes,Yes,Scheduled routine immunization session
KD-117-R2,PENTA,No,0,0,0,0,LGA,No,No,
KD-117-R2,ROTA,Yes,0,46,19,27,KDHSMA,Yes,No,
KD-117-R2,PCV,Yes,70,68,94,44,LGA,Yes,Yes,Scheduled routine immunization session
KD-117-R3,BCG,Yes,0,28,7,21,LGA,Yes,Yes,Scheduled routine immunization session
KD-117-R3,HPV,Yes,4,20,13,11,LGA,Yes,No,
KD-117-R3,IPV,Yes,26,29,38,17,LGA,Yes,No,
KD-117-R3,MR,Yes,0,29,12,17,KDHSMA,Yes,Yes,Outreach session held this week
KD-117-R3,MEN A,No,0,0,0,0,LGA,No,Yes,Scheduled routine immunization session
KD-117-R3,MCV,No,0,0,0,0,KDHSMA,No,Yes,School-based session (HPV)
KD-117-R3,OPV,Yes,114,0,68,46,LGA,Yes,Yes,Outreach session held this week
KD-117-R3,YF,No,8,0,0,8,LGA,No,Yes,High birth cohort this week
KD-117-R3,PENTA,Yes,0,66,21,45,LGA,Yes,Yes,Scheduled routine immunization session
KD-117-R3,ROTA,No,19,0,0,19,LGA,No,Yes,Outreach session held this week
KD-117-R3,PCV,Yes,94,77,131,40,KDHSMA,Yes,No,
KD-117-R4,BCG,No,7,0,0,7,LGA,No,No,
KD-117-R4,HPV,No,13,0,0,13,KDHSMA,No,Yes,Catch-up campaign
KD-117-R4,IPV,Yes,38,0,16,22,Zipline,Yes,Yes,Scheduled routine immunization session
KD-117-R4,MR,No,12,0,0,12,KDHSMA,No,Yes,Scheduled routine immunization session
KD-117-R4,MEN A,No,0,0,0,0,LGA,No,Yes,Outreach session held this week
KD-117-R4,MCV,No,0,0,0,0,LGA,No,Yes,Scheduled routine immunization session
KD-117-R4,OPV,Yes,68,0,28,40,Zipline,Yes,No,
KD-117-R4,YF,No,0,0,0,0,Zipline,No,No,
KD-117-R4,PENTA,No,21,0,0,21,LGA,No,Yes,Outreach session held this week
KD-117-R4,ROTA,No,0,0,0,0,LGA,No,Yes,Scheduled routine immunization session
KD-117-R4,PCV,Yes,131,0,86,45,KDHSMA,Yes,Yes,Catch-up campaign
KD-117-R5,BCG,Yes,0,24,7,17,LGA,Yes,No,
KD-117-R5,HPV,No,0,0,0,0,LGA,No,No,
KD-117-R5,IPV,Yes,16,0,2,14,LGA,Yes,No,
KD-117-R5,MR,No,0,0,0,0,LGA,No,Yes,Scheduled routine immunization session
KD-117-R5,MEN A,No,0,0,0,0,LGA,No,Yes,Scheduled routine immunization session
KD-117-R5,MCV,No,0,0,0,0,Zipline,No,No,
KD-117-R5,OPV,No,28,0,0,28,LGA,No,No,
KD-117-R5,YF,No,0,0,0,0,KDHSMA,No,Yes,Scheduled routine immunization session
KD-117-R5,PENTA,No,0,0,0,0,Zipline,No,Yes,Scheduled routine immunization session
KD-117-R5,ROTA,No,0,0,0,0,LGA,No,No,
KD-117-R5,PCV,Yes,86,0,48,38,Zipline,Yes,No,
KD-117-R6,BCG,Yes,7,35,19,23,LGA,Yes,Yes,Catch-up campaign
KD-117-R6,HPV,No,0,0,0,0,LGA,No,No,
KD-117-R6,IPV,Yes,2,38,14,26,KDHSMA,Yes,Yes,Scheduled routine immunization session
KD-117-R6,MR,No,0,0,0,0,KDHSMA,No,Yes,Outreach session held this week
KD-117-R6,MEN A,No,0,0,0,0,LGA,No,Yes,Outreach session held this week
KD-117-R6,MCV,No,0,0,0,0,LGA,No,No,
KD-117-R6,OPV,Yes,0,73,19,54,LGA,Yes,Yes,Outreach session held this week
KD-117-R6,YF,Yes,0,24,11,13,LGA,Yes,No,
KD-117-R6,PENTA,No,0,0,0,0,LGA,No,Yes,Scheduled routine immunization session
KD-117-R6,ROTA,Yes,0,43,15,28,LGA,Yes,Yes,Scheduled routine immunization session
KD-117-R6,PCV,Yes,48,69,74,43,LGA,Yes,Yes,School-based session (HPV)
KD-119-R1,BCG,Yes,34,28,45,17,LGA,Yes,No,
KD-119-R1,HPV,Yes,2,21,14,9,Zipline,Yes,No,
KD-119-R1,IPV,Yes,53,0,29,24,KDHSMA,Yes,Yes,Scheduled routine immunization session
KD-119-R1,MR,No,0,0,0,0,Zipline,No,No,
KD-119-R1,MEN A,Yes,10,0,1,9,LGA,No,No,
KD-119-R1,MCV,No,6,0,0,6,KDHSMA,No,Yes,Outreach session held this week
KD-119-R1,OPV,Yes,82,70,103,49,LGA,Yes,Yes,Outreach session held this week
KD-119-R1,YF,Yes,49,0,37,12,LGA,Yes,No,
KD-119-R1,PENTA,No,17,0,0,17,KDHSMA,No,Yes,Outreach session held this week
KD-119-R1,ROTA,Yes,28,45,49,24,LGA,Yes,No,
KD-119-R1,PCV,Yes,131,64,154,41,LGA,Yes,Yes,Scheduled routine immunization session
KD-119-R2,BCG,Yes,45,39,61,23,LGA,Yes,Yes,Outreach session held this week
KD-119-R2,HPV,No,14,0,0,14,LGA,No,Yes,Outreach session held this week
KD-119-R2,IPV,Yes,29,0,4,25,LGA,Yes,Yes,High birth cohort this week
KD-119-R2,MR,No,0,0,0,0,LGA,No,No,
KD-119-R2,MEN A,No,1,0,0,1,Zipline,No,Yes,Scheduled routine immunization session
KD-119-R2,MCV,No,0,0,0,0,LGA,No,Yes,Scheduled routine immunization session
KD-119-R2,OPV,Yes,103,0,58,45,LGA,Yes,Yes,School-based session (HPV)
KD-119-R2,YF,Yes,37,33,61,9,LGA,Yes,No,
KD-119-R2,PENTA,Yes,0,73,22,51,LGA,Yes,Yes,Outreach session held this week
KD-119-R2,ROTA,Yes,49,51,77,23,Zipline,Yes,No,
KD-119-R2,PCV,Yes,154,85,201,38,LGA,Yes,No,
KD-119-R3,BCG,Yes,61,35,87,9,Zipline,Yes,No,
KD-119-R3,HPV,No,0,0,0,0,LGA,No,No,
KD-119-R3,IPV,No,4,0,0,4,Zipline,No,Yes,Scheduled routine immunization session
KD-119-R3,MR,No,0,0,0,0,KDHSMA,No,No,
KD-119-R3,MEN A,No,0,0,0,0,LGA,No,Yes,Outreach session held this week
KD-119-R3,MCV,No,0,0,0,0,Zipline,No,Yes,Scheduled routine immunization session
KD-119-R3,OPV,Yes,58,0,17,41,Zipline,Yes,Yes,Scheduled routine immunization session
KD-119-R3,YF,Yes,61,0,48,13,LGA,Yes,No,
KD-119-R3,PENTA,Yes,22,73,46,49,LGA,Yes,Yes,Scheduled routine immunization session
KD-119-R3,ROTA,Yes,77,0,51,26,LGA,Yes,No,
KD-119-R3,PCV,Yes,201,0,157,44,LGA,Yes,Yes,Scheduled routine immunization session
KD-119-R4,BCG,Yes,87,27,99,15,KDHSMA,Yes,No,
KD-119-R4,HPV,No,0,0,0,0,Zipline,No,No,
KD-119-R4,IPV,No,0,0,0,0,KDHSMA,No,No,
KD-119-R4,MR,Yes,0,25,16,9,KDHSMA,Yes,No,
KD-119-R4,MEN A,No,0,0,0,0,LGA,No,Yes,Catch-up campaign
KD-119-R4,MCV,Yes,0,23,10,13,LGA,Yes,No,
KD-119-R4,OPV,Yes,17,67,48,36,LGA,Yes,No,
KD-119-R4,YF,Yes,48,26,49,25,LGA,Yes,Yes,Scheduled routine immunization session
KD-119-R4,PENTA,Yes,46,70,74,42,LGA,Yes,Yes,Outreach session held this week
KD-119-R4,ROTA,Yes,51,49,73,27,LGA,Yes,No,
KD-119-R4,PCV,Yes,157,81,191,47,LGA,Yes,Yes,Scheduled routine immunization session
KD-119-R5,BCG,Yes,99,30,105,24,KDHSMA,Yes,Yes,High birth cohort this week
KD-119-R5,HPV,Yes,0,21,9,12,LGA,Yes,Yes,School-based session (HPV)
KD-119-R5,IPV,Yes,0,38,17,21,LGA,Yes,Yes,Outreach session held this week
KD-119-R5,MR,Yes,16,22,18,20,LGA,Yes,Yes,Scheduled routine immunization session
KD-119-R5,MEN A,No,0,0,0,0,KDHSMA,No,No,
KD-119-R5,MCV,No,10,0,0,10,Zipline,No,No,
KD-119-R5,OPV,Yes,48,70,74,44,Zipline,Yes,Yes,Outreach session held this week
KD-119-R5,YF,Yes,49,25,58,16,KDHSMA,No,Yes,Scheduled routine immunization session
KD-119-R5,PENTA,Yes,74,0,21,53,LGA,Yes,Yes,Outreach session held this week
KD-119-R5,ROTA,Yes,73,0,51,22,LGA,No,No,
KD-119-R5,PCV,Yes,191,79,228,42,LGA,Yes,Yes,Scheduled routine immunization session
KD-119-R6,BCG,Yes,105,0,85,20,Zipline,Yes,Yes,Scheduled routine immunization session
KD-119-R6,HPV,No,9,0,0,9,Zipline,No,Yes,High birth cohort this week
KD-119-R6,IPV,Yes,17,0,2,15,LGA,Yes,No,
KD-119-R6,MR,Yes,18,22,31,9,LGA,Yes,No,
KD-119-R6,MEN A,Yes,0,25,17,8,LGA,Yes,No,
KD-119-R6,MCV,No,0,0,0,0,LGA,No,Yes,Scheduled routine immunization session
KD-119-R6,OPV,Yes,74,85,119,40,KDHSMA,Yes,No,
KD-119-R6,YF,Yes,58,0,47,11,LGA,Yes,No,
KD-119-R6,PENTA,No,21,0,0,21,LGA,No,No,
KD-119-R6,ROTA,Yes,51,38,63,26,Zipline,Yes,No,
KD-119-R6,PCV,Yes,228,81,263,46,LGA,Yes,Yes,High birth cohort this week
KD-121-R1,BCG,Yes,19,0,1,18,KDHSMA,Yes,No,
KD-121-R1,HPV,Yes,32,0,22,10,Zipline,Yes,No,
KD-121-R1,IPV,Yes,43,0,21,22,LGA,No,Yes,Scheduled routine immunization session
KD-121-R1,MR,Yes,27,0,16,11,Zipline,Yes,No,
KD-121-R1,MEN A,Yes,16,22,29,9,LGA,Yes,No,
KD-121-R1,MCV,Yes,34,0,21,13,LGA,Yes,No,
KD-121-R1,OPV,Yes,66,77,104,39,LGA,Yes,No,
KD-121-R1,YF,Yes,7,21,14,14,LGA,Yes,Yes,Scheduled routine immunization session
KD-121-R1,PENTA,Yes,0,54,3,51,Zipline,Yes,Yes,School-based session (HPV)
KD-121-R1,ROTA,Yes,80,0,54,26,LGA,Yes,No,
KD-121-R1,PCV,Yes,68,83,98,53,LGA,Yes,Yes,Catch-up campaign
KD-121-R2,BCG,Yes,1,31,8,24,LGA,Yes,Yes,High birth cohort this week
KD-121-R2,HPV,Yes,22,0,11,11,LGA,Yes,No,
KD-121-R2,IPV,Yes,21,0,1,20,LGA,Yes,No,
KD-121-R2,MR,Yes,16,0,1,15,LGA,Yes,Yes,High birth cohort this week
KD-121-R2,MEN A,Yes,29,0,17,12,KDHSMA,No,Yes,Scheduled routine immunization session
KD-121-R2,MCV,Yes,21,0,11,10,Zipline,Yes,No,
KD-121-R2,OPV,Yes,104,0,57,47,LGA,Yes,Yes,Outreach session held this week
KD-121-R2,YF,Yes,14,0,3,11,KDHSMA,Yes,No,
KD-121-R2,PENTA,No,3,0,0,3,LGA,No,Yes,Outreach session held this week
KD-121-R2,ROTA,Yes,54,0,18,36,Zipline,Yes,Yes,Scheduled routine immunization session
KD-121-R2,PCV,Yes,98,0,68,30,Zipline,Yes,No,
KD-121-R3,BCG,No,8,0,0,8,KDHSMA,No,Yes,Outreach session held this week
KD-121-R3,HPV,Yes,11,0,4,7,Zipline,Yes,No,
KD-121-R3,IPV,Yes,1,33,24,10,LGA,Yes,No,
KD-121-R3,MR,No,1,0,0,1,Zipline,No,Yes,High birth cohort this week
KD-121-R3,MEN A,Yes,17,0,3,14,LGA,Yes,Yes,Scheduled routine immunization session
KD-121-R3,MCV,Yes,11,23,22,12,LGA,Yes,No,
KD-121-R3,OPV,Yes,57,76,89,44,LGA,No,Yes,Scheduled routine immunization session
KD-121-R3,YF,No,3,0,0,3,LGA,No,Yes,Scheduled routine immunization session
KD-121-R3,PENTA,No,0,0,0,0,LGA,No,Yes,Outreach session held this week
KD-121-R3,ROTA,No,18,0,0,18,KDHSMA,No,Yes,Scheduled routine immunization session
KD-121-R3,PCV,Yes,68,0,18,50,Zipline,Yes,Yes,Scheduled routine immunization session
KD-121-R4,BCG,Yes,0,27,3,24,LGA,Yes,Yes,Outreach session held this week
KD-121-R4,HPV,No,4,0,0,4,KDHSMA,No,Yes,School-based session (HPV)
KD-121-R4,IPV,Yes,24,48,48,24,KDHSMA,Yes,Yes,Scheduled routine immunization session
KD-121-R4,MR,No,0,0,0,0,LGA,No,No,
KD-121-R4,MEN A,Yes,3,26,12,17,LGA,Yes,Yes,Scheduled routine immunization session
KD-121-R4,MCV,Yes,22,0,9,13,LGA,Yes,No,
KD-121-R4,OPV,Yes,89,0,41,48,LGA,Yes,Yes,Scheduled routine immunization session
KD-121-R4,YF,No,0,0,0,0,LGA,No,No,
KD-121-R4,PENTA,No,0,0,0,0,LGA,No,Yes,Outreach session held this week
KD-121-R4,ROTA,Yes,0,50,16,34,LGA,Yes,Yes,Outreach session held this week
KD-121-R4,PCV,No,18,0,0,18,KDHSMA,No,Yes,School-based session (HPV)
KD-121-R5,BCG,Yes,3,21,2,22,LGA,Yes,Yes,Outreach session held this week
KD-121-R5,HPV,No,0,0,0,0,LGA,No,No,
KD-121-R5,IPV,Yes,48,32,59,21,LGA,Yes,Yes,Scheduled routine immunization session
KD-121-R5,MR,No,0,0,0,0,LGA,No,Yes,Catch-up campaign
KD-121-R5,MEN A,No,12,0,0,12,LGA,No,Yes,Scheduled routine immunization session
KD-121-R5,MCV,No,9,0,0,9,LGA,No,Yes,Catch-up campaign
KD-121-R5,OPV,Yes,41,63,66,38,Zipline,Yes,No,
KD-121-R5,YF,Yes,0,29,18,11,KDHSMA,Yes,No,
KD-121-R5,PENTA,Yes,0,67,20,47,LGA,Yes,Yes,Scheduled routine immunization session
KD-121-R5,ROTA,No,16,0,0,16,Zipline,No,Yes,High birth cohort this week
KD-121-R5,PCV,No,0,0,0,0,KDHSMA,No,Yes,Scheduled routine immunization session
KD-121-R6,BCG,No,2,0,0,2,Zipline,No,Yes,Scheduled routine immunization session
KD-121-R6,HPV,No,0,0,0,0,LGA,No,No,
KD-121-R6,IPV,Yes,59,26,68,17,KDHSMA,Yes,No,
KD-121-R6,MR,No,0,0,0,0,KDHSMA,No,Yes,School-based session (HPV)
KD-121-R6,MEN A,No,0,0,0,0,LGA,No,Yes,Scheduled routine immunization session
KD-121-R6,MCV,No,0,0,0,0,LGA,No,Yes,School-based session (HPV)
KD-121-R6,OPV,Yes,66,0,35,31,LGA,Yes,No,
KD-121-R6,YF,No,18,0,0,18,KDHSMA,No,Yes,Scheduled routine immunization session
KD-121-R6,PENTA,No,20,0,0,20,KDHSMA,No,Yes,School-based session (HPV)
KD-121-R6,ROTA,No,0,0,0,0,Zipline,No,No,
KD-121-R6,PCV,No,0,0,0,0,KDHSMA,No,No,
KD-122-R1,BCG,Yes,57,0,38,19,LGA,Yes,Yes,School-based session (HPV)
KD-122-R1,HPV,Yes,21,0,8,13,LGA,Yes,Yes,School-based session (HPV)
KD-122-R1,IPV,Yes,62,0,47,15,KDHSMA,Yes,No,
KD-122-R1,MR,No,6,0,0,6,LGA,No,No,
KD-122-R1,MEN A,Yes,32,0,15,17,KDHSMA,Yes,Yes,Outreach session held this week
KD-122-R1,MCV,Yes,22,18,18,22,LGA,Yes,Yes,Catch-up campaign
KD-122-R1,OPV,Yes,106,0,62,44,LGA,Yes,Yes,Scheduled routine immunization session
KD-122-R1,YF,Yes,40,20,48,12,KDHSMA,Yes,No,
KD-122-R1,PENTA,Yes,130,62,143,49,LGA,No,Yes,Outreach session held this week
KD-122-R1,ROTA,Yes,78,0,52,26,LGA,No,No,
KD-122-R1,PCV,Yes,59,0,7,52,LGA,Yes,Yes,Catch-up campaign
KD-122-R2,BCG,Yes,38,31,47,22,LGA,Yes,Yes,Outreach session held this week
KD-122-R2,HPV,No,8,0,0,8,LGA,No,No,
KD-122-R2,IPV,Yes,47,0,28,19,KDHSMA,Yes,No,
KD-122-R2,MR,Yes,0,29,10,19,KDHSMA,Yes,Yes,Outreach session held this week
KD-122-R2,MEN A,Yes,15,22,21,16,KDHSMA,Yes,Yes,Scheduled routine immunization session
KD-122-R2,MCV,Yes,18,0,3,15,LGA,Yes,Yes,Scheduled routine immunization session
KD-122-R2,OPV,Yes,62,66,85,43,LGA,Yes,Yes,Outreach session held this week
KD-122-R2,YF,Yes,48,0,33,15,LGA,Yes,Yes,Outreach session held this week
KD-122-R2,PENTA,Yes,143,0,111,32,LGA,No,No,
KD-122-R2,ROTA,Yes,52,40,67,25,LGA,Yes,No,
KD-122-R2,PCV,No,7,0,0,7,KDHSMA,No,No,
KD-122-R3,BCG,Yes,47,0,23,24,LGA,Yes,Yes,Scheduled routine immunization session
KD-122-R3,HPV,Yes,0,14,1,13,LGA,Yes,Yes,High birth cohort this week
KD-122-R3,IPV,Yes,28,28,28,28,LGA,Yes,Yes,Outreach session held this week
KD-122-R3,MR,No,10,0,0,10,KDHSMA,No,No,
KD-122-R3,MEN A,Yes,21,0,10,11,Zipline,Yes,No,
KD-122-R3,MCV,Yes,3,20,13,10,KDHSMA,Yes,No,
KD-122-R3,OPV,Yes,85,72,114,43,KDHSMA,Yes,Yes,Scheduled routine immunization session
KD-122-R3,YF,Yes,33,29,50,12,LGA,Yes,No,
KD-122-R3,PENTA,Yes,111,0,73,38,LGA,Yes,No,
KD-122-R3,ROTA,Yes,67,55,95,27,Zipline,Yes,No,
KD-122-R3,PCV,No,0,0,0,0,LGA,No,No,
KD-122-R4,BCG,Yes,23,0,8,15,Zipline,Yes,No,
KD-122-R4,HPV,No,1,0,0,1,LGA,No,No,
KD-122-R4,IPV,Yes,28,26,34,20,LGA,Yes,No,
KD-122-R4,MR,No,0,0,0,0,LGA,No,No,
KD-122-R4,MEN A,Yes,10,10,11,9,Zipline,Yes,No,
KD-122-R4,MCV,Yes,13,0,2,11,LGA,Yes,No,
KD-122-R4,OPV,Yes,114,0,64,50,LGA,Yes,Yes,Scheduled routine immunization session
KD-122-R4,YF,Yes,50,0,32,18,LGA,Yes,Yes,School-based session (HPV)
KD-122-R4,PENTA,Yes,73,0,30,43,LGA,Yes,Yes,Scheduled routine immunization session
KD-122-R4,ROTA,Yes,95,0,72,23,LGA,Yes,No,
KD-122-R4,PCV,Yes,0,53,21,32,KDHSMA,Yes,No,
KD-122-R5,BCG,No,8,0,0,8,LGA,No,Yes,Scheduled routine immunization session
KD-122-R5,HPV,Yes,0,19,3,16,Zipline,Yes,Yes,School-based session (HPV)
KD-122-R5,IPV,Yes,34,0,9,25,LGA,Yes,Yes,Scheduled routine immunization session
KD-122-R5,MR,No,0,0,0,0,Zipline,No,Yes,Scheduled routine immunization session
KD-122-R5,MEN A,Yes,11,18,15,14,Zipline,Yes,Yes,Outreach session held this week
KD-122-R5,MCV,Yes,2,26,13,15,LGA,Yes,Yes,Scheduled routine immunization session
KD-122-R5,OPV,Yes,64,83,94,53,LGA,Yes,Yes,High birth cohort this week
KD-122-R5,YF,Yes,32,29,48,13,LGA,Yes,No,
KD-122-R5,PENTA,Yes,30,72,50,52,LGA,Yes,Yes,Outreach session held this week
KD-122-R5,ROTA,Yes,72,46,96,22,LGA,Yes,No,
KD-122-R5,PCV,Yes,21,67,48,40,LGA,Yes,No,
KD-122-R6,BCG,No,0,0,0,0,LGA,No,Yes,Scheduled routine immunization session
KD-122-R6,HPV,Yes,3,21,10,14,LGA,Yes,Yes,Catch-up campaign
KD-122-R6,IPV,Yes,9,33,10,32,LGA,Yes,Yes,Outreach session held this week
KD-122-R6,MR,No,0,0,0,0,LGA,No,Yes,Scheduled routine immunization session
KD-122-R6,MEN A,Yes,15,0,5,10,LGA,Yes,No,
KD-122-R6,MCV,Yes,13,32,27,18,KDHSMA,Yes,Yes,Outreach session held this week
KD-122-R6,OPV,Yes,94,72,119,47,LGA,Yes,Yes,Outreach session held this week
KD-122-R6,YF,Yes,48,17,45,20,LGA,Yes,Yes,High birth cohort this week
KD-122-R6,PENTA,Yes,50,76,90,36,LGA,Yes,No,
KD-122-R6,ROTA,Yes,96,64,123,37,KDHSMA,Yes,Yes,Scheduled routine immunization session
KD-122-R6,PCV,Yes,48,70,68,50,KDHSMA,Yes,Yes,Scheduled routine immunization session
KD-123-R1,BCG,Yes,52,33,55,30,KDHSMA,Yes,Yes,Scheduled routine immunization session
KD-123-R1,HPV,Yes,23,0,12,11,LGA,Yes,No,
KD-123-R1,IPV,Yes,35,0,9,26,KDHSMA,Yes,Yes,School-based session (HPV)
KD-123-R1,MR,No,18,0,0,18,LGA,No,Yes,Scheduled routine immunization session
KD-123-R1,MEN A,Yes,20,25,35,10,LGA,Yes,No,
KD-123-R1,MCV,Yes,27,32,46,13,KDHSMA,Yes,No,
KD-123-R1,OPV,Yes,148,60,166,42,Zipline,Yes,Yes,Scheduled routine immunization session
KD-123-R1,YF,Yes,12,23,28,7,LGA,Yes,No,
KD-123-R1,PENTA,Yes,0,68,10,58,LGA,Yes,Yes,Scheduled routine immunization session
KD-123-R1,ROTA,Yes,85,0,53,32,Zipline,Yes,Yes,Scheduled routine immunization session
KD-123-R1,PCV,Yes,180,0,135,45,KDHSMA,Yes,Yes,Scheduled routine immunization session
KD-123-R2,BCG,Yes,55,0,31,24,LGA,Yes,Yes,School-based session (HPV)
KD-123-R2,HPV,No,12,0,0,12,LGA,No,Yes,School-based session (HPV)
KD-123-R2,IPV,Yes,9,39,23,25,LGA,Yes,Yes,School-based session (HPV)
KD-123-R2,MR,No,0,0,0,0,KDHSMA,No,No,
KD-123-R2,MEN A,Yes,35,0,25,10,Zipline,Yes,No,
KD-123-R2,MCV,Yes,46,0,23,23,KDHSMA,Yes,Yes,Outreach session held this week
KD-123-R2,OPV,Yes,166,96,211,51,KDHSMA,Yes,Yes,Scheduled routine immunization session
KD-123-R2,YF,Yes,28,0,10,18,Zipline,Yes,Yes,Outreach session held this week
KD-123-R2,PENTA,No,10,0,0,10,LGA,No,Yes,Catch-up campaign
KD-123-R2,ROTA,Yes,53,0,17,36,LGA,Yes,Yes,Scheduled routine immunization session
KD-123-R2,PCV,Yes,135,78,161,52,Zipline,No,Yes,Outreach session held this week
KD-123-R3,BCG,Yes,31,0,18,13,LGA,No,No,
KD-123-R3,HPV,No,0,0,0,0,KDHSMA,No,Yes,School-based session (HPV)
KD-123-R3,IPV,No,23,0,0,23,LGA,No,Yes,Scheduled routine immunization session
KD-123-R3,MR,No,0,0,0,0,LGA,No,Yes,Scheduled routine immunization session
KD-123-R3,MEN A,Yes,25,0,17,8,LGA,Yes,No,
KD-123-R3,MCV,Yes,23,28,32,19,LGA,No,Yes,Outreach session held this week
KD-123-R3,OPV,Yes,211,0,176,35,LGA,Yes,No,
KD-123-R3,YF,No,10,0,0,10,KDHSMA,No,Yes,Outreach session held this week
KD-123-R3,PENTA,Yes,0,71,28,43,Zipline,Yes,Yes,Catch-up campaign
KD-123-R3,ROTA,No,17,0,0,17,LGA,No,No,
KD-123-R3,PCV,Yes,161,0,112,49,LGA,Yes,Yes,Outreach session held this week
KD-123-R4,BCG,Yes,18,0,1,17,KDHSMA,Yes,No,
KD-123-R4,HPV,No,0,0,0,0,LGA,No,No,
KD-123-R4,IPV,Yes,0,38,13,25,LGA,Yes,Yes,School-based session (HPV)
KD-123-R4,MR,Yes,0,32,15,17,Zipline,Yes,Yes,School-based session (HPV)
KD-123-R4,MEN A,Yes,17,20,26,11,LGA,Yes,No,
KD-123-R4,MCV,Yes,32,0,18,14,LGA,Yes,Yes,Scheduled routine immunization session
KD-123-R4,OPV,Yes,176,71,211,36,LGA,Yes,No,
KD-123-R4,YF,Yes,0,28,13,15,LGA,Yes,Yes,Scheduled routine immunization session
KD-123-R4,PENTA,Yes,28,62,48,42,Zipline,Yes,Yes,Scheduled routine immunization session
KD-123-R4,ROTA,Yes,0,38,2,36,LGA,Yes,Yes,Scheduled routine immunization session
KD-123-R4,PCV,Yes,112,0,67,45,Zipline,Yes,Yes,Outreach session held this week
KD-123-R5,BCG,No,1,0,0,1,LGA,No,No,
KD-123-R5,HPV,No,0,0,0,0,LGA,No,No,
KD-123-R5,IPV,No,13,0,0,13,LGA,No,No,
KD-123-R5,MR,No,15,0,0,15,LGA,No,Yes,Outreach session held this week
KD-123-R5,MEN A,Yes,26,17,30,13,LGA,Yes,Yes,Scheduled routine immunization session
KD-123-R5,MCV,Yes,18,20,27,11,LGA,Yes,No,
KD-123-R5,OPV,Yes,211,69,231,49,LGA,No,Yes,Scheduled routine immunization session
KD-123-R5,YF,No,13,0,0,13,LGA,No,Yes,Outreach session held this week
KD-123-R5,PENTA,Yes,48,87,94,41,LGA,Yes,Yes,Outreach session held this week
KD-123-R5,ROTA,No,2,0,0,2,Zipline,No,No,
KD-123-R5,PCV,Yes,67,0,25,42,LGA,Yes,Yes,Scheduled routine immunization session
KD-123-R6,BCG,Yes,0,35,18,17,Zipline,Yes,No,
KD-123-R6,HPV,No,0,0,0,0,Zipline,No,No,
KD-123-R6,IPV,Yes,0,34,17,17,LGA,Yes,No,
KD-123-R6,MR,No,0,0,0,0,LGA,No,No,
KD-123-R6,MEN A,Yes,30,16,32,14,Zipline,Yes,Yes,Outreach session held this week
KD-123-R6,MCV,Yes,27,28,47,8,LGA,Yes,No,
KD-123-R6,OPV,Yes,231,77,259,49,LGA,Yes,Yes,Scheduled routine immunization session
KD-123-R6,YF,No,0,0,0,0,Zipline,No,Yes,Scheduled routine immunization session
KD-123-R6,PENTA,Yes,94,86,138,42,LGA,Yes,Yes,Scheduled routine immunization session
KD-123-R6,ROTA,No,0,0,0,0,LGA,No,Yes,Scheduled routine immunization session
KD-123-R6,PCV,Yes,25,70,44,51,LGA,Yes,Yes,Scheduled routine immunization session
KD-129-R1,BCG,No,10,0,0,10,LGA,No,Yes,Scheduled routine immunization session
KD-129-R1,HPV,No,5,0,0,5,LGA,No,Yes,Scheduled routine immunization session
KD-129-R1,IPV,Yes,22,0,4,18,LGA,Yes,Yes,Scheduled routine immunization session
KD-129-R1,MR,Yes,8,0,3,5,Zipline,Yes,No,
KD-129-R1,MEN A,Yes,15,15,20,10,Zipline,Yes,Yes,Outreach session held this week
KD-129-R1,MCV,Yes,32,0,21,11,LGA,Yes,Yes,Scheduled routine immunization session
KD-129-R1,OPV,Yes,81,0,55,26,LGA,Yes,Yes,Scheduled routine immunization session
KD-129-R1,YF,Yes,17,14,22,9,LGA,Yes,Yes,Scheduled routine immunization session
KD-129-R1,PENTA,Yes,41,0,11,30,LGA,Yes,Yes,Catch-up campaign
KD-129-R1,ROTA,No,16,0,0,16,KDHSMA,No,Yes,Scheduled routine immunization session
KD-129-R1,PCV,Yes,57,0,32,25,LGA,Yes,Yes,Outreach session held this week
KD-129-R2,BCG,No,0,0,0,0,LGA,No,Yes,Outreach session held this week
KD-129-R2,HPV,Yes,0,12,7,5,KDHSMA,Yes,No,
KD-129-R2,IPV,No,4,0,0,4,LGA,No,Yes,Scheduled routine immunization session
KD-129-R2,MR,No,3,0,0,3,LGA,No,Yes,Outreach session held this week
KD-129-R2,MEN A,Yes,20,0,13,7,Zipline,Yes,Yes,Catch-up campaign
KD-129-R2,MCV,Yes,21,19,33,7,LGA,Yes,No,
KD-129-R2,OPV,Yes,55,44,75,24,KDHSMA,Yes,No,
KD-129-R2,YF,Yes,22,0,13,9,Zipline,Yes,Yes,Scheduled routine immunization session
KD-129-R2,PENTA,No,11,0,0,11,LGA,No,Yes,Outreach session held this week
KD-129-R2,ROTA,No,0,0,0,0,LGA,No,Yes,Scheduled routine immunization session
KD-129-R2,PCV,Yes,32,51,64,19,Zipline,Yes,No,
KD-129-R3,BCG,Yes,0,31,17,14,KDHSMA,No,Yes,Scheduled routine immunization session
KD-129-R3,HPV,Yes,7,12,12,7,LGA,Yes,Yes,Catch-up campaign
KD-129-R3,IPV,Yes,0,21,6,15,LGA,Yes,Yes,Scheduled routine immunization session
KD-129-R3,MR,No,0,0,0,0,LGA,No,No,
KD-129-R3,MEN A,Yes,13,0,6,7,Zipline,Yes,Yes,High birth cohort this week
KD-129-R3,MCV,Yes,33,14,35,12,LGA,Yes,Yes,School-based session (HPV)
KD-129-R3,OPV,Yes,75,50,98,27,KDHSMA,Yes,Yes,Outreach session held this week
KD-129-R3,YF,Yes,13,11,15,9,LGA,Yes,Yes,Outreach session held this week
KD-129-R3,PENTA,No,0,0,0,0,LGA,No,No,
KD-129-R3,ROTA,No,0,0,0,0,LGA,No,Yes,Outreach session held this week
KD-129-R3,PCV,Yes,64,0,41,23,KDHSMA,Yes,No,
KD-129-R4,BCG,Yes,17,0,4,13,Zipline,Yes,Yes,Scheduled routine immunization session
KD-129-R4,HPV,Yes,12,12,17,7,LGA,Yes,Yes,School-based session (HPV)
KD-129-R4,IPV,No,6,0,0,6,KDHSMA,No,Yes,High birth cohort this week
KD-129-R4,MR,Yes,0,13,2,11,LGA,Yes,Yes,Scheduled routine immunization session
KD-129-R4,MEN A,Yes,6,0,2,4,LGA,Yes,No,
KD-129-R4,MCV,Yes,35,16,41,10,LGA,Yes,Yes,Scheduled routine immunization session
KD-129-R4,OPV,Yes,98,36,107,27,LGA,Yes,Yes,Outreach session held this week
KD-129-R4,YF,Yes,15,0,10,5,LGA,Yes,No,
KD-129-R4,PENTA,No,0,0,0,0,KDHSMA,No,Yes,School-based session (HPV)
KD-129-R4,ROTA,No,0,24,0,24,LGA,No,Yes,Outreach session held this week
KD-129-R4,PCV,Yes,41,41,54,28,LGA,Yes,Yes,Scheduled routine immunization session
KD-129-R5,BCG,No,4,0,0,4,Zipline,No,Yes,Scheduled routine immunization session
KD-129-R5,HPV,Yes,17,13,23,7,Zipline,Yes,Yes,Catch-up campaign
KD-129-R5,IPV,No,0,0,0,0,LGA,No,No,
KD-129-R5,MR,No,2,0,0,2,Zipline,No,No,
KD-129-R5,MEN A,No,2,0,0,2,LGA,No,Yes,Outreach session held this week
KD-129-R5,MCV,Yes,41,14,48,7,LGA,Yes,No,
KD-129-R5,OPV,Yes,107,33,119,21,LGA,Yes,No,
KD-129-R5,YF,Yes,10,10,12,8,LGA,Yes,No,
KD-129-R5,PENTA,No,0,0,0,0,LGA,No,No,
KD-129-R5,ROTA,Yes,0,27,4,23,LGA,Yes,Yes,Scheduled routine immunization session
KD-129-R5,PCV,Yes,54,0,17,37,KDHSMA,Yes,Yes,Scheduled routine immunization session
KD-129-R6,BCG,Yes,0,17,8,9,Zipline,Yes,No,
KD-129-R6,HPV,Yes,23,0,17,6,LGA,Yes,No,
KD-129-R6,IPV,No,0,0,0,0,KDHSMA,No,No,
KD-129-R6,MR,No,0,0,0,0,LGA,No,Yes,Scheduled routine immunization session
KD-129-R6,MEN A,No,0,0,0,0,LGA,No,Yes,Scheduled routine immunization session
KD-129-R6,MCV,Yes,48,17,61,4,LGA,Yes,No,
KD-129-R6,OPV,Yes,119,0,96,23,KDHSMA,Yes,No,
KD-129-R6,YF,Yes,12,10,8,14,KDHSMA,Yes,Yes,Scheduled routine immunization session
KD-129-R6,PENTA,Yes,0,50,19,31,KDHSMA,Yes,Yes,School-based session (HPV)
KD-129-R6,ROTA,No,4,0,0,4,LGA,No,Yes,Scheduled routine immunization session
KD-129-R6,PCV,No,17,0,0,17,LGA,No,No,
KD-131-R1,BCG,Yes,27,35,42,20,LGA,Yes,Yes,Scheduled routine immunization session
KD-131-R1,HPV,Yes,20,0,9,11,LGA,Yes,No,
KD-131-R1,IPV,Yes,30,0,12,18,Zipline,Yes,No,
KD-131-R1,MR,Yes,20,0,1,19,LGA,Yes,Yes,Scheduled routine immunization session
KD-131-R1,MEN A,Yes,39,0,28,11,KDHSMA,Yes,No,
KD-131-R1,MCV,Yes,32,0,15,17,KDHSMA,Yes,Yes,Scheduled routine immunization session
KD-131-R1,OPV,No,39,0,0,39,LGA,No,Yes,School-based session (HPV)
KD-131-R1,YF,No,14,0,0,14,LGA,No,Yes,High birth cohort this week
KD-131-R1,PENTA,Yes,49,0,3,46,LGA,Yes,Yes,School-based session (HPV)
KD-131-R1,ROTA,No,23,0,0,23,LGA,No,No,
KD-131-R1,PCV,Yes,104,0,63,41,LGA,Yes,Yes,Scheduled routine immunization session
KD-131-R2,BCG,Yes,42,32,60,14,LGA,Yes,No,
KD-131-R2,HPV,Yes,9,19,15,13,LGA,Yes,Yes,Scheduled routine immunization session
KD-131-R2,IPV,No,12,0,0,12,LGA,No,No,
KD-131-R2,MR,Yes,1,22,5,18,LGA,Yes,Yes,Scheduled routine immunization session
KD-131-R2,MEN A,Yes,28,20,37,11,LGA,No,No,
KD-131-R2,MCV,Yes,15,22,21,16,LGA,Yes,Yes,Scheduled routine immunization session
KD-131-R2,OPV,Yes,0,68,20,48,LGA,Yes,Yes,Outreach session held this week
KD-131-R2,YF,Yes,0,25,13,12,LGA,Yes,No,
KD-131-R2,PENTA,Yes,3,80,31,52,KDHSMA,Yes,Yes,Scheduled routine immunization session
KD-131-R2,ROTA,No,0,0,0,0,Zipline,No,No,
KD-131-R2,PCV,Yes,63,74,91,46,LGA,Yes,Yes,Scheduled routine immunization session
KD-131-R3,BCG,Yes,60,26,67,19,LGA,Yes,Yes,School-based session (HPV)
KD-131-R3,HPV,No,15,0,0,15,LGA,No,Yes,Outreach session held this week
KD-131-R3,IPV,Yes,0,29,1,28,LGA,Yes,Yes,Scheduled routine immunization session
KD-131-R3,MR,No,5,0,0,5,LGA,No,Yes,Catch-up campaign
KD-131-R3,MEN A,Yes,37,0,26,11,LGA,Yes,No,
KD-131-R3,MCV,Yes,21,0,1,20,LGA,Yes,Yes,Scheduled routine immunization session
KD-131-R3,OPV,No,20,0,0,20,Zipline,No,Yes,Catch-up campaign
KD-131-R3,YF,No,13,0,0,13,LGA,No,Yes,School-based session (HPV)
KD-131-R3,PENTA,No,31,0,0,31,LGA,No,Yes,Scheduled routine immunization session
KD-131-R3,ROTA,Yes,0,51,17,34,KDHSMA,Yes,Yes,Scheduled routine immunization session
KD-131-R3,PCV,Yes,91,0,45,46,KDHSMA,Yes,Yes,Scheduled routine immunization session
KD-131-R4,BCG,Yes,67,29,74,22,KDHSMA,Yes,Yes,Scheduled routine immunization session
KD-131-R4,HPV,No,0,0,0,0,LGA,No,No,
KD-131-R4,IPV,No,1,0,0,1,Zipline,No,Yes,Outreach session held this week
KD-131-R4,MR,No,0,0,0,0,KDHSMA,No,Yes,Scheduled routine immunization session
KD-131-R4,MEN A,Yes,26,26,44,8,LGA,Yes,No,
KD-131-R4,MCV,No,1,0,0,1,LGA,No,Yes,Scheduled routine immunization session
KD-131-R4,OPV,No,0,0,0,0,KDHSMA,No,No,
KD-131-R4,YF,No,0,0,0,0,LGA,No,No,
KD-131-R4,PENTA,Yes,0,53,11,42,KDHSMA,Yes,Yes,Scheduled routine immunization session
KD-131-R4,ROTA,No,17,0,0,17,KDHSMA,No,No,
KD-131-R4,PCV,No,45,0,0,45,KDHSMA,No,Yes,Catch-up campaign
KD-131-R5,BCG,Yes,74,0,50,24,LGA,Yes,Yes,Scheduled routine immunization session
KD-131-R5,HPV,No,0,0,0,0,KDHSMA,No,No,
KD-131-R5,IPV,No,0,0,0,0,LGA,No,No,
KD-131-R5,MR,No,0,0,0,0,LGA,No,No,
KD-131-R5,MEN A,Yes,44,24,56,12,LGA,Yes,Yes,High birth cohort this week
KD-131-R5,MCV,Yes,0,20,4,16,Zipline,Yes,Yes,Outreach session held this week
KD-131-R5,OPV,No,0,0,0,0,LGA,No,Yes,Scheduled routine immunization session
KD-131-R5,YF,No,0,0,0,0,LGA,No,No,
KD-131-R5,PENTA,Yes,11,64,34,41,LGA,Yes,Yes,Scheduled routine immunization session
KD-131-R5,ROTA,Yes,0,44,9,35,LGA,Yes,Yes,Scheduled routine immunization session
KD-131-R5,PCV,No,0,0,0,0,Zipline,No,Yes,Scheduled routine immunization session
KD-131-R6,BCG,Yes,50,36,69,17,Zipline,Yes,No,
KD-131-R6,HPV,No,0,0,0,0,LGA,No,Yes,Scheduled routine immunization session
KD-131-R6,IPV,No,0,0,0,0,LGA,No,Yes,Scheduled routine immunization session
KD-131-R6,MR,No,0,0,0,0,LGA,No,No,
KD-131-R6,MEN A,Yes,56,0,43,13,KDHSMA,Yes,Yes,Scheduled routine immunization session
KD-131-R6,MCV,Yes,4,22,7,19,LGA,Yes,Yes,Scheduled routine immunization session
KD-131-R6,OPV,Yes,0,88,44,44,LGA,Yes,Yes,Scheduled routine immunization session
KD-131-R6,YF,Yes,0,29,8,21,LGA,Yes,Yes,Scheduled routine immunization session
KD-131-R6,PENTA,No,34,0,0,34,LGA,No,Yes,Catch-up campaign
KD-131-R6,ROTA,No,9,0,0,9,Zipline,No,Yes,Outreach session held this week
KD-131-R6,PCV,Yes,0,78,32,46,LGA,Yes,Yes,Scheduled routine immunization session
KD-132-R1,BCG,Yes,20,37,42,15,KDHSMA,Yes,No,
KD-132-R1,HPV,Yes,0,19,5,14,KDHSMA,Yes,Yes,School-based session (HPV)
KD-132-R1,IPV,Yes,33,31,37,27,LGA,Yes,Yes,Scheduled routine immunization session
KD-132-R1,MR,Yes,19,27,21,25,KDHSMA,Yes,Yes,Scheduled routine immunization session
KD-132-R1,MEN A,No,5,0,0,5,Zipline,No,Yes,Scheduled routine immunization session
KD-132-R1,MCV,Yes,14,22,23,13,Zipline,Yes,No,
KD-132-R1,OPV,No,21,0,0,21,Zipline,No,Yes,Scheduled routine immunization session
KD-132-R1,YF,Yes,27,22,35,14,LGA,Yes,Yes,Scheduled routine immunization session
KD-132-R1,PENTA,Yes,71,76,102,45,LGA,Yes,Yes,School-based session (HPV)
KD-132-R1,ROTA,Yes,33,47,50,30,LGA,No,Yes,Scheduled routine immunization session
KD-132-R1,PCV,No,0,0,0,0,LGA,No,Yes,Outreach session held this week
KD-132-R2,BCG,Yes,42,39,64,17,LGA,Yes,No,
KD-132-R2,HPV,No,5,0,0,5,LGA,No,Yes,School-based session (HPV)
KD-132-R2,IPV,Yes,37,0,11,26,LGA,Yes,Yes,Scheduled routine immunization session
KD-132-R2,MR,Yes,21,0,13,8,LGA,Yes,No,
KD-132-R2,MEN A,Yes,0,19,2,17,LGA,Yes,Yes,School-based session (HPV)
KD-132-R2,MCV,Yes,23,26,31,18,LGA,Yes,Yes,Scheduled routine immunization session
KD-132-R2,OPV,Yes,0,52,8,44,LGA,Yes,Yes,High birth cohort this week
KD-132-R2,YF,Yes,35,16,33,18,KDHSMA,Yes,Yes,Scheduled routine immunization session
KD-132-R2,PENTA,Yes,102,86,139,49,LGA,Yes,Yes,Scheduled routine immunization session
KD-132-R2,ROTA,Yes,50,37,56,31,LGA,Yes,Yes,Scheduled routine immunization session
KD-132-R2,PCV,Yes,0,71,26,45,KDHSMA,No,Yes,High birth cohort this week
KD-132-R3,BCG,Yes,64,0,48,16,LGA,Yes,No,
KD-132-R3,HPV,Yes,0,17,7,10,LGA,No,No,
KD-132-R3,IPV,No,11,0,0,11,Zipline,No,Yes,School-based session (HPV)
KD-132-R3,MR,Yes,13,18,15,16,KDHSMA,Yes,Yes,Scheduled routine immunization session
KD-132-R3,MEN A,Yes,2,18,7,13,LGA,Yes,Yes,Catch-up campaign
KD-132-R3,MCV,Yes,31,25,38,18,LGA,Yes,Yes,Scheduled routine immunization session
KD-132-R3,OPV,Yes,8,78,34,52,KDHSMA,Yes,Yes,Scheduled routine immunization session
KD-132-R3,YF,Yes,33,0,20,13,LGA,Yes,No,
KD-132-R3,PENTA,Yes,139,73,163,49,LGA,Yes,Yes,Scheduled routine immunization session
KD-132-R3,ROTA,Yes,56,0,26,30,LGA,Yes,Yes,Scheduled routine immunization session
KD-132-R3,PCV,No,26,0,0,26,Zipline,No,Yes,Scheduled routine immunization session
KD-132-R4,BCG,Yes,48,36,59,25,LGA,Yes,Yes,Scheduled routine immunization session
KD-132-R4,HPV,Yes,7,22,17,12,LGA,Yes,Yes,School-based session (HPV)
KD-132-R4,IPV,Yes,0,37,14,23,LGA,Yes,Yes,Scheduled routine immunization session
KD-132-R4,MR,Yes,15,24,20,19,LGA,Yes,Yes,High birth cohort this week
KD-132-R4,MEN A,No,7,0,0,7,LGA,No,No,
KD-132-R4,MCV,Yes,38,23,41,20,KDHSMA,Yes,Yes,School-based session (HPV)
KD-132-R4,OPV,Yes,34,76,69,41,LGA,Yes,Yes,Scheduled routine immunization session
KD-132-R4,YF,Yes,20,25,31,14,LGA,Yes,Yes,Scheduled routine immunization session
KD-132-R4,PENTA,Yes,163,49,162,50,LGA,Yes,Yes,High birth cohort this week
KD-132-R4,ROTA,Yes,26,0,5,21,Zipline,Yes,No,
KD-132-R4,PCV,No,0,0,0,0,LGA,No,Yes,High birth cohort this week
KD-132-R5,BCG,Yes,59,29,69,19,Zipline,Yes,Yes,Scheduled routine immunization session
KD-132-R5,HPV,Yes,17,0,5,12,KDHSMA,Yes,Yes,School-based session (HPV)
KD-132-R5,IPV,Yes,14,37,30,21,LGA,Yes,Yes,Scheduled routine immunization session
KD-132-R5,MR,Yes,20,0,6,14,LGA,Yes,Yes,Outreach session held this week
KD-132-R5,MEN A,No,0,0,0,0,Zipline,No,No,
KD-132-R5,MCV,Yes,41,27,54,14,LGA,Yes,Yes,Scheduled routine immunization session
KD-132-R5,OPV,Yes,69,67,86,50,LGA,Yes,Yes,Scheduled routine immunization session
KD-132-R5,YF,Yes,31,21,33,19,KDHSMA,Yes,Yes,Scheduled routine immunization session
KD-132-R5,PENTA,Yes,162,73,185,50,KDHSMA,Yes,Yes,Scheduled routine immunization session
KD-132-R5,ROTA,No,5,0,0,5,LGA,No,Yes,Catch-up campaign
KD-132-R5,PCV,Yes,0,66,26,40,KDHSMA,Yes,No,
KD-132-R6,BCG,Yes,69,0,48,21,LGA,Yes,Yes,Outreach session held this week
KD-132-R6,HPV,Yes,5,26,18,13,LGA,Yes,Yes,Scheduled routine immunization session
KD-132-R6,IPV,Yes,30,36,47,19,LGA,Yes,No,
KD-132-R6,MR,No,6,0,0,6,KDHSMA,No,Yes,Scheduled routine immunization session
KD-132-R6,MEN A,No,0,0,0,0,Zipline,No,Yes,Outreach session held this week
KD-132-R6,MCV,Yes,54,0,39,15,LGA,Yes,Yes,Scheduled routine immunization session
KD-132-R6,OPV,Yes,86,0,28,58,Zipline,Yes,Yes,Scheduled routine immunization session
KD-132-R6,YF,Yes,33,25,47,11,LGA,Yes,No,
KD-132-R6,PENTA,Yes,185,64,206,43,Zipline,No,Yes,Scheduled routine immunization session
KD-132-R6,ROTA,No,0,0,0,0,LGA,No,No,
KD-132-R6,PCV,No,26,0,0,26,KDHSMA,No,No,
KD-134-R1,BCG,Yes,68,0,45,23,LGA,Yes,Yes,Outreach session held this week
KD-134-R1,HPV,Yes,23,0,13,10,LGA,Yes,No,
KD-134-R1,IPV,Yes,26,0,10,16,Zipline,Yes,No,
KD-134-R1,MR,Yes,25,0,3,22,LGA,Yes,Yes,Catch-up campaign
KD-134-R1,MEN A,Yes,19,0,3,16,KDHSMA,Yes,Yes,Scheduled routine immunization session
KD-134-R1,MCV,Yes,38,0,25,13,KDHSMA,Yes,No,
KD-134-R1,OPV,No,18,0,0,18,LGA,No,No,
KD-134-R1,YF,Yes,48,0,31,17,LGA,Yes,Yes,Outreach session held this week
KD-134-R1,PENTA,No,19,0,0,19,LGA,No,No,
KD-134-R1,ROTA,No,9,0,0,9,LGA,No,No,
KD-134-R1,PCV,Yes,53,75,76,52,KDHSMA,Yes,Yes,Scheduled routine immunization session
KD-134-R2,BCG,Yes,45,0,24,21,LGA,Yes,Yes,Outreach session held this week
KD-134-R2,HPV,No,13,0,0,13,LGA,No,Yes,School-based session (HPV)
KD-134-R2,IPV,Yes,10,40,29,21,LGA,Yes,Yes,High birth cohort this week
KD-134-R2,MR,No,3,0,0,3,LGA,No,No,
KD-134-R2,MEN A,Yes,3,22,9,16,Zipline,Yes,Yes,Catch-up campaign
KD-134-R2,MCV,Yes,25,0,7,18,KDHSMA,Yes,Yes,Outreach session held this week
KD-134-R2,OPV,Yes,0,61,20,41,LGA,Yes,Yes,Catch-up campaign
KD-134-R2,YF,Yes,31,0,17,14,KDHSMA,Yes,Yes,Scheduled routine immunization session
KD-134-R2,PENTA,Yes,0,76,23,53,LGA,Yes,Yes,School-based session (HPV)
KD-134-R2,ROTA,Yes,0,45,12,33,KDHSMA,Yes,Yes,School-based session (HPV)
KD-134-R2,PCV,Yes,76,70,104,42,LGA,Yes,Yes,Outreach session held this week
KD-134-R3,BCG,Yes,24,34,41,17,KDHSMA,Yes,No,
KD-134-R3,HPV,No,0,0,0,0,Zipline,No,No,
KD-134-R3,IPV,Yes,29,39,37,31,LGA,Yes,Yes,Scheduled routine immunization session
KD-134-R3,MR,Yes,0,28,10,18,Zipline,Yes,Yes,Outreach session held this week
KD-134-R3,MEN A,No,9,0,0,9,Zipline,No,Yes,Outreach session held this week
KD-134-R3,MCV,No,7,0,0,7,Zipline,No,No,
KD-134-R3,OPV,Yes,20,77,62,35,LGA,Yes,No,
KD-134-R3,YF,Yes,17,20,19,18,LGA,Yes,Yes,School-based session (HPV)
KD-134-R3,PENTA,No,23,0,0,23,LGA,No,No,
KD-134-R3,ROTA,No,12,0,0,12,LGA,No,Yes,Scheduled routine immunization session
KD-134-R3,PCV,Yes,104,79,137,46,KDHSMA,Yes,Yes,Scheduled routine immunization session
KD-134-R4,BCG,Yes,41,0,23,18,LGA,Yes,No,
KD-134-R4,HPV,No,0,13,0,13,KDHSMA,No,Yes,Scheduled routine immunization session
KD-134-R4,IPV,Yes,37,26,47,16,LGA,Yes,No,
KD-134-R4,MR,Yes,10,0,1,9,LGA,Yes,No,
KD-134-R4,MEN A,No,0,0,0,0,KDHSMA,No,No,
KD-134-R4,MCV,No,0,0,0,0,LGA,No,Yes,Scheduled routine immunization session
KD-134-R4,OPV,Yes,62,0,10,52,LGA,Yes,Yes,Catch-up campaign
KD-134-R4,YF,Yes,19,23,21,21,LGA,Yes,Yes,Catch-up campaign
KD-134-R4,PENTA,Yes,0,59,20,39,KDHSMA,Yes,No,
KD-134-R4,ROTA,Yes,0,46,18,28,LGA,Yes,Yes,Outreach session held this week
KD-134-R4,PCV,Yes,137,69,158,48,LGA,Yes,Yes,Scheduled routine immunization session
KD-134-R5,BCG,Yes,23,31,37,17,LGA,Yes,No,
KD-134-R5,HPV,Yes,0,21,12,9,LGA,Yes,No,
KD-134-R5,IPV,Yes,47,37,56,28,LGA,Yes,Yes,Outreach session held this week
KD-134-R5,MR,No,1,0,0,1,LGA,No,Yes,Outreach session held this week
KD-134-R5,MEN A,No,0,0,0,0,LGA,No,Yes,Catch-up campaign
KD-134-R5,MCV,No,0,0,0,0,LGA,No,No,
KD-134-R5,OPV,No,10,0,0,10,LGA,No,No,
KD-134-R5,YF,Yes,21,18,27,12,LGA,No,No,
KD-134-R5,PENTA,No,20,0,0,20,LGA,No,Yes,Scheduled routine immunization session
KD-134-R5,ROTA,No,18,0,0,18,LGA,No,Yes,Scheduled routine immunization session
KD-134-R5,PCV,Yes,158,71,182,47,LGA,Yes,Yes,School-based session (HPV)
KD-134-R6,BCG,Yes,37,0,15,22,LGA,Yes,Yes,Catch-up campaign
KD-134-R6,HPV,No,12,0,0,12,Zipline,No,Yes,School-based session (HPV)
KD-134-R6,IPV,Yes,56,0,41,15,LGA,Yes,No,
KD-134-R6,MR,No,0,0,0,0,LGA,No,Yes,Scheduled routine immunization session
KD-134-R6,MEN A,No,0,0,0,0,LGA,No,No,
KD-134-R6,MCV,Yes,0,24,8,16,LGA,Yes,Yes,Scheduled routine immunization session
KD-134-R6,OPV,No,0,0,0,0,LGA,No,Yes,High birth cohort this week
KD-134-R6,YF,Yes,27,0,19,8,LGA,Yes,No,
KD-134-R6,PENTA,No,0,0,0,0,KDHSMA,No,No,
KD-134-R6,ROTA,Yes,0,32,10,22,LGA,Yes,No,
KD-134-R6,PCV,Yes,182,69,203,48,LGA,Yes,Yes,Scheduled routine immunization session
KD-135-R1,BCG,Yes,40,27,43,24,Zipline,Yes,Yes,School-based session (HPV)
KD-135-R1,HPV,No,0,0,0,0,LGA,No,No,
KD-135-R1,IPV,Yes,28,31,39,20,LGA,Yes,No,
KD-135-R1,MR,No,0,0,0,0,Zipline,No,No,
KD-135-R1,MEN A,No,16,0,0,16,LGA,No,Yes,Scheduled routine immunization session
KD-135-R1,MCV,Yes,39,21,36,24,LGA,Yes,Yes,School-based session (HPV)
KD-135-R1,OPV,No,7,0,0,7,LGA,No,No,
KD-135-R1,YF,Yes,24,25,30,19,KDHSMA,Yes,Yes,Scheduled routine immunization session
KD-135-R1,PENTA,Yes,134,69,159,44,LGA,Yes,Yes,Scheduled routine immunization session
KD-135-R1,ROTA,Yes,63,48,85,26,LGA,Yes,No,
KD-135-R1,PCV,Yes,171,86,216,41,LGA,Yes,Yes,Scheduled routine immunization session
KD-135-R2,BCG,Yes,43,0,27,16,LGA,Yes,No,
KD-135-R2,HPV,Yes,0,24,13,11,Zipline,Yes,No,
KD-135-R2,IPV,Yes,39,33,45,27,KDHSMA,Yes,Yes,Outreach session held this week
KD-135-R2,MR,No,0,0,0,0,LGA,No,No,
KD-135-R2,MEN A,No,0,0,0,0,LGA,No,Yes,Scheduled routine immunization session
KD-135-R2,MCV,Yes,36,21,38,19,LGA,Yes,Yes,Scheduled routine immunization session
KD-135-R2,OPV,Yes,0,72,29,43,Zipline,Yes,Yes,High birth cohort this week
KD-135-R2,YF,Yes,30,24,43,11,LGA,Yes,No,
KD-135-R2,PENTA,Yes,159,103,224,38,LGA,Yes,No,
KD-135-R2,ROTA,Yes,85,0,44,41,Zipline,Yes,Yes,Scheduled routine immunization session
KD-135-R2,PCV,Yes,216,0,172,44,LGA,Yes,Yes,Outreach session held this week
KD-135-R3,BCG,Yes,27,0,1,26,LGA,Yes,Yes,High birth cohort this week
KD-135-R3,HPV,Yes,13,22,24,11,LGA,No,No,
KD-135-R3,IPV,Yes,45,0,21,24,KDHSMA,Yes,Yes,Scheduled routine immunization session
KD-135-R3,MR,Yes,0,29,16,13,KDHSMA,Yes,No,
KD-135-R3,MEN A,Yes,0,23,13,10,KDHSMA,Yes,No,
KD-135-R3,MCV,Yes,38,18,39,17,Zipline,Yes,Yes,Scheduled routine immunization session
KD-135-R3,OPV,No,29,0,0,29,LGA,No,Yes,Scheduled routine immunization session
KD-135-R3,YF,Yes,43,20,51,12,KDHSMA,No,No,
KD-135-R3,PENTA,Yes,224,49,234,39,KDHSMA,Yes,No,
KD-135-R3,ROTA,Yes,44,55,62,37,Zipline,Yes,Yes,Scheduled routine immunization session
KD-135-R3,PCV,Yes,172,0,130,42,LGA,Yes,Yes,Scheduled routine immunization session
KD-135-R4,BCG,Yes,1,36,16,21,LGA,Yes,Yes,Scheduled routine immunization session
KD-135-R4,HPV,Yes,24,0,5,19,Zipline,Yes,Yes,School-based session (HPV)
KD-135-R4,IPV,Yes,21,34,35,20,LGA,Yes,No,
KD-135-R4,MR,Yes,16,0,3,13,LGA,Yes,No,
KD-135-R4,MEN A,Yes,13,0,4,9,LGA,No,No,
KD-135-R4,MCV,Yes,39,0,22,17,LGA,No,Yes,High birth cohort this week
KD-135-R4,OPV,No,0,0,0,0,LGA,No,Yes,Outreach session held this week
KD-135-R4,YF,Yes,51,0,37,14,Zipline,Yes,Yes,Scheduled routine immunization session
KD-135-R4,PENTA,Yes,234,0,176,58,LGA,Yes,Yes,Catch-up campaign
KD-135-R4,ROTA,Yes,62,42,82,22,Zipline,Yes,No,
KD-135-R4,PCV,Yes,130,0,92,38,LGA,Yes,No,
KD-135-R5,BCG,Yes,16,35,21,30,Zipline,No,Yes,Scheduled routine immunization session
KD-135-R5,HPV,No,5,0,0,5,LGA,No,Yes,Scheduled routine immunization session
KD-135-R5,IPV,Yes,35,33,47,21,Zipline,Yes,Yes,Catch-up campaign
KD-135-R5,MR,No,3,14,0,17,LGA,No,Yes,Outreach session held this week
KD-135-R5,MEN A,Yes,4,20,9,15,LGA,Yes,Yes,Scheduled routine immunization session
KD-135-R5,MCV,Yes,22,26,34,14,LGA,Yes,Yes,Outreach session held this week
KD-135-R5,OPV,No,0,0,0,0,LGA,No,Yes,Outreach session held this week
KD-135-R5,YF,Yes,37,28,55,10,Zipline,Yes,No,
KD-135-R5,PENTA,Yes,176,78,211,43,Zipline,Yes,Yes,High birth cohort this week
KD-135-R5,ROTA,Yes,82,40,89,33,LGA,Yes,Yes,High birth cohort this week
KD-135-R5,PCV,Yes,92,0,46,46,LGA,Yes,Yes,Scheduled routine immunization session
KD-135-R6,BCG,Yes,21,0,5,16,KDHSMA,Yes,No,
KD-135-R6,HPV,Yes,0,30,20,10,KDHSMA,Yes,No,
KD-135-R6,IPV,Yes,47,0,27,20,LGA,Yes,No,
KD-135-R6,MR,Yes,0,20,2,18,LGA,Yes,Yes,Scheduled routine immunization session
KD-135-R6,MEN A,Yes,9,23,16,16,LGA,Yes,Yes,Scheduled routine immunization session
KD-135-R6,MCV,Yes,34,24,40,18,LGA,Yes,Yes,Outreach session held this week
KD-135-R6,OPV,Yes,0,68,23,45,LGA,Yes,Yes,Scheduled routine immunization session
KD-135-R6,YF,Yes,55,24,69,10,LGA,Yes,No,
KD-135-R6,PENTA,Yes,211,76,231,56,LGA,Yes,Yes,High birth cohort this week
KD-135-R6,ROTA,Yes,89,41,103,27,LGA,Yes,No,
KD-135-R6,PCV,No,46,0,0,46,KDHSMA,No,Yes,Scheduled routine immunization session
KD-136-R1,BCG,Yes,27,17,31,13,LGA,Yes,Yes,Scheduled routine immunization session
KD-136-R1,HPV,Yes,13,0,7,6,LGA,Yes,No,
KD-136-R1,IPV,Yes,17,28,30,15,LGA,Yes,Yes,Outreach session held this week
KD-136-R1,MR,Yes,13,20,29,4,LGA,Yes,No,
KD-136-R1,MEN A,Yes,17,0,11,6,LGA,Yes,No,
KD-136-R1,MCV,Yes,25,0,14,11,LGA,Yes,Yes,Scheduled routine immunization session
KD-136-R1,OPV,No,19,0,0,19,Zipline,No,Yes,Outreach session held this week
KD-136-R1,YF,Yes,15,0,2,13,LGA,Yes,Yes,Scheduled routine immunization session
KD-136-R1,PENTA,Yes,65,35,80,20,LGA,Yes,No,
KD-136-R1,ROTA,Yes,43,25,47,21,KDHSMA,Yes,Yes,Catch-up campaign
KD-136-R1,PCV,Yes,76,32,83,25,KDHSMA,Yes,Yes,School-based session (HPV)
KD-136-R2,BCG,Yes,31,0,19,12,KDHSMA,Yes,Yes,Scheduled routine immunization session
KD-136-R2,HPV,Yes,7,0,1,6,LGA,Yes,No,
KD-136-R2,IPV,Yes,30,0,16,14,LGA,Yes,Yes,Scheduled routine immunization session
KD-136-R2,MR,Yes,29,0,20,9,KDHSMA,Yes,Yes,Outreach session held this week
KD-136-R2,MEN A,No,11,0,0,11,LGA,No,Yes,Scheduled routine immunization session
KD-136-R2,MCV,Yes,14,12,19,7,KDHSMA,Yes,No,
KD-136-R2,OPV,Yes,0,38,9,29,KDHSMA,Yes,Yes,Scheduled routine immunization session
KD-136-R2,YF,No,2,0,0,2,LGA,No,No,
KD-136-R2,PENTA,Yes,80,0,50,30,LGA,Yes,Yes,Outreach session held this week
KD-136-R2,ROTA,Yes,47,33,61,19,LGA,Yes,Yes,Outreach session held this week
KD-136-R2,PCV,Yes,83,39,95,27,LGA,Yes,Yes,Scheduled routine immunization session
KD-136-R3,BCG,Yes,19,0,6,13,Zipline,Yes,Yes,Scheduled routine immunization session
KD-136-R3,HPV,No,1,0,0,1,Zipline,No,Yes,Outreach session held this week
KD-136-R3,IPV,Yes,16,0,4,12,LGA,Yes,No,
KD-136-R3,MR,Yes,20,0,18,2,LGA,No,No,
KD-136-R3,MEN A,No,0,0,0,0,KDHSMA,No,No,
KD-136-R3,MCV,Yes,19,18,29,8,LGA,Yes,No,
KD-136-R3,OPV,Yes,9,44,18,35,KDHSMA,Yes,Yes,Scheduled routine immunization session
KD-136-R3,YF,Yes,0,15,10,5,KDHSMA,Yes,No,
KD-136-R3,PENTA,Yes,50,40,62,28,Zipline,Yes,Yes,Scheduled routine immunization session
KD-136-R3,ROTA,Yes,61,0,46,15,LGA,Yes,No,
KD-136-R3,PCV,Yes,95,0,65,30,LGA,No,Yes,Scheduled routine immunization session
KD-136-R4,BCG,No,6,0,0,6,KDHSMA,No,No,
KD-136-R4,HPV,No,0,0,0,0,LGA,No,No,
KD-136-R4,IPV,No,4,0,0,4,LGA,No,Yes,Scheduled routine immunization session
KD-136-R4,MR,Yes,18,0,14,4,LGA,Yes,No,
KD-136-R4,MEN A,No,0,0,0,0,LGA,No,Yes,Scheduled routine immunization session
KD-136-R4,MCV,Yes,29,16,36,9,KDHSMA,Yes,Yes,Outreach session held this week
KD-136-R4,OPV,No,18,0,0,18,LGA,No,Yes,Outreach session held this week
KD-136-R4,YF,Yes,10,0,2,8,LGA,Yes,No,
KD-136-R4,PENTA,Yes,62,45,80,27,LGA,Yes,Yes,Scheduled routine immunization session
KD-136-R4,ROTA,Yes,46,28,60,14,LGA,Yes,No,
KD-136-R4,PCV,Yes,65,38,64,39,LGA,Yes,Yes,Outreach session held this week
KD-136-R5,BCG,No,0,13,0,13,Zipline,No,Yes,Scheduled routine immunization session
KD-136-R5,HPV,No,0,0,0,0,LGA,No,Yes,Outreach session held this week
KD-136-R5,IPV,No,0,0,0,0,LGA,No,Yes,Scheduled routine immunization session
KD-136-R5,MR,Yes,14,0,10,4,LGA,Yes,No,
KD-136-R5,MEN A,No,0,0,0,0,LGA,No,Yes,Scheduled routine immunization session
KD-136-R5,MCV,Yes,36,21,51,6,LGA,Yes,No,
KD-136-R5,OPV,No,0,0,0,0,LGA,No,Yes,Outreach session held this week
KD-136-R5,YF,Yes,2,12,2,12,Zipline,Yes,Yes,Outreach session held this week
KD-136-R5,PENTA,Yes,80,51,111,20,LGA,Yes,No,
KD-136-R5,ROTA,Yes,60,26,71,15,KDHSMA,Yes,No,
KD-136-R5,PCV,Yes,64,0,41,23,KDHSMA,Yes,No,
KD-136-R6,BCG,No,0,0,0,0,LGA,No,Yes,Scheduled routine immunization session
KD-136-R6,HPV,No,0,0,0,0,LGA,No,Yes,School-based session (HPV)
KD-136-R6,IPV,No,0,0,0,0,LGA,No,Yes,Catch-up campaign
KD-136-R6,MR,Yes,10,0,6,4,LGA,Yes,No,
KD-136-R6,MEN A,No,0,0,0,0,Zipline,No,Yes,Scheduled routine immunization session
KD-136-R6,MCV,Yes,51,13,58,6,LGA,Yes,No,
KD-136-R6,OPV,No,0,0,0,0,LGA,No,Yes,Scheduled routine immunization session
KD-136-R6,YF,No,2,0,0,2,LGA,No,Yes,Scheduled routine immunization session
KD-136-R6,PENTA,Yes,111,40,126,25,LGA,Yes,Yes,Outreach session held this week
KD-136-R6,ROTA,Yes,71,0,55,16,Zipline,Yes,No,
KD-136-R6,PCV,Yes,41,0,22,19,LGA,Yes,No,
KD-138-R1,BCG,Yes,26,25,25,26,LGA,Yes,Yes,Outreach session held this week
KD-138-R1,HPV,No,3,0,0,3,KDHSMA,No,No,
KD-138-R1,IPV,Yes,26,24,29,21,LGA,Yes,Yes,Outreach session held this week
KD-138-R1,MR,Yes,17,0,4,13,Zipline,Yes,No,
KD-138-R1,MEN A,No,4,0,0,4,Zipline,No,Yes,Outreach session held this week
KD-138-R1,MCV,Yes,24,25,36,13,LGA,Yes,No,
KD-138-R1,OPV,Yes,88,0,49,39,KDHSMA,Yes,No,
KD-138-R1,YF,Yes,75,19,83,11,LGA,Yes,No,
KD-138-R1,PENTA,Yes,110,0,58,52,LGA,Yes,Yes,School-based session (HPV)
KD-138-R1,ROTA,Yes,66,62,108,20,LGA,Yes,No,
KD-138-R1,PCV,Yes,28,88,73,43,LGA,Yes,Yes,Scheduled routine immunization session
KD-138-R2,BCG,Yes,25,0,2,23,KDHSMA,Yes,Yes,Scheduled routine immunization session
KD-138-R2,HPV,No,0,0,0,0,Zipline,No,Yes,School-based session (HPV)
KD-138-R2,IPV,Yes,29,26,37,18,LGA,Yes,No,
KD-138-R2,MR,Yes,4,22,10,16,LGA,Yes,Yes,Outreach session held this week
KD-138-R2,MEN A,Yes,0,24,14,10,LGA,Yes,No,
KD-138-R2,MCV,Yes,36,0,21,15,LGA,Yes,Yes,School-based session (HPV)
KD-138-R2,OPV,Yes,49,76,81,44,Zipline,Yes,Yes,Scheduled routine immunization session
KD-138-R2,YF,Yes,83,26,98,11,LGA,Yes,No,
KD-138-R2,PENTA,Yes,58,0,16,42,LGA,Yes,Yes,Scheduled routine immunization session
KD-138-R2,ROTA,Yes,108,50,122,36,LGA,Yes,Yes,Scheduled routine immunization session
KD-138-R2,PCV,Yes,73,83,109,47,LGA,Yes,Yes,High birth cohort this week
KD-138-R3,BCG,No,2,0,0,2,KDHSMA,No,Yes,Scheduled routine immunization session
KD-138-R3,HPV,No,0,0,0,0,LGA,No,Yes,Outreach session held this week
KD-138-R3,IPV,Yes,37,0,20,17,LGA,Yes,No,
KD-138-R3,MR,No,10,0,0,10,LGA,No,Yes,Scheduled routine immunization session
KD-138-R3,MEN A,Yes,14,0,1,13,LGA,Yes,Yes,Scheduled routine immunization session
KD-138-R3,MCV,Yes,21,0,1,20,LGA,Yes,Yes,Scheduled routine immunization session
KD-138-R3,OPV,Yes,81,0,42,39,Zipline,Yes,No,
KD-138-R3,YF,Yes,98,26,116,8,LGA,Yes,No,
KD-138-R3,PENTA,No,16,0,0,16,Zipline,No,Yes,Scheduled routine immunization session
KD-138-R3,ROTA,Yes,122,49,144,27,LGA,Yes,No,
KD-138-R3,PCV,Yes,109,83,137,55,LGA,Yes,Yes,Scheduled routine immunization session
KD-138-R4,BCG,No,0,0,0,0,LGA,No,Yes,Outreach session held this week
KD-138-R4,HPV,Yes,0,16,1,15,KDHSMA,Yes,Yes,School-based session (HPV)
KD-138-R4,IPV,No,20,0,0,20,LGA,No,Yes,Scheduled routine immunization session
KD-138-R4,MR,No,0,0,0,0,LGA,No,No,
KD-138-R4,MEN A,No,1,0,0,1,Zipline,No,No,
KD-138-R4,MCV,No,1,0,0,1,LGA,No,Yes,Scheduled routine immunization session
KD-138-R4,OPV,Yes,42,0,2,40,LGA,Yes,No,
KD-138-R4,YF,Yes,116,23,126,13,LGA,Yes,No,
KD-138-R4,PENTA,No,0,0,0,0,LGA,No,Yes,High birth cohort this week
KD-138-R4,ROTA,Yes,144,0,119,25,KDHSMA,Yes,No,
KD-138-R4,PCV,Yes,137,69,153,53,LGA,Yes,Yes,Outreach session held this week
KD-138-R5,BCG,No,0,0,0,0,LGA,No,No,
KD-138-R5,HPV,No,1,0,0,1,LGA,No,Yes,Outreach session held this week
KD-138-R5,IPV,No,0,0,0,0,KDHSMA,No,Yes,Scheduled routine immunization session
KD-138-R5,MR,Yes,0,32,20,12,LGA,Yes,No,
KD-138-R5,MEN A,No,0,0,0,0,LGA,No,No,
KD-138-R5,MCV,Yes,0,30,14,16,LGA,Yes,Yes,Outreach session held this week
KD-138-R5,OPV,No,2,0,0,2,LGA,No,No,
KD-138-R5,YF,Yes,126,24,138,12,KDHSMA,Yes,No,
KD-138-R5,PENTA,No,0,0,0,0,LGA,No,Yes,Scheduled routine immunization session
KD-138-R5,ROTA,Yes,119,0,86,33,LGA,Yes,Yes,Scheduled routine immunization session
KD-138-R5,PCV,Yes,153,72,177,48,LGA,Yes,Yes,Outreach session held this week
KD-138-R6,BCG,No,0,0,0,0,LGA,No,Yes,Outreach session held this week
KD-138-R6,HPV,No,0,0,0,0,KDHSMA,No,Yes,Scheduled routine immunization session
KD-138-R6,IPV,Yes,0,33,10,23,LGA,Yes,Yes,Scheduled routine immunization session
KD-138-R6,MR,Yes,20,26,31,15,Zipline,Yes,Yes,Scheduled routine immunization session
KD-138-R6,MEN A,No,0,0,0,0,LGA,No,No,
KD-138-R6,MCV,Yes,14,0,1,13,LGA,Yes,No,
KD-138-R6,OPV,No,0,0,0,0,LGA,No,Yes,Scheduled routine immunization session
KD-138-R6,YF,Yes,138,0,121,17,LGA,Yes,Yes,School-based session (HPV)
KD-138-R6,PENTA,No,0,0,0,0,KDHSMA,No,No,
KD-138-R6,ROTA,Yes,86,0,57,29,LGA,Yes,Yes,Scheduled routine immunization session
KD-138-R6,PCV,Yes,177,0,132,45,LGA,Yes,Yes,Scheduled routine immunization session
KD-140-R1,BCG,Yes,14,0,4,10,LGA,Yes,No,
KD-140-R1,HPV,Yes,19,6,19,6,LGA,Yes,No,
KD-140-R1,IPV,Yes,24,0,10,14,LGA,Yes,Yes,Outreach session held this week
KD-140-R1,MR,No,15,0,0,15,KDHSMA,No,Yes,Scheduled routine immunization session
KD-140-R1,MEN A,No,0,0,0,0,LGA,No,Yes,Outreach session held this week
KD-140-R1,MCV,No,2,4,0,6,LGA,No,Yes,High birth cohort this week
KD-140-R1,OPV,Yes,68,47,92,23,LGA,Yes,No,
KD-140-R1,YF,No,10,0,0,10,LGA,No,Yes,Scheduled routine immunization session
KD-140-R1,PENTA,Yes,54,0,21,33,LGA,Yes,Yes,High birth cohort this week
KD-140-R1,ROTA,Yes,29,23,19,33,Zipline,Yes,Yes,Scheduled routine immunization session
KD-140-R1,PCV,Yes,14,48,42,20,Zipline,Yes,No,
KD-140-R2,BCG,No,4,0,0,4,LGA,No,Yes,Scheduled routine immunization session
KD-140-R2,HPV,Yes,19,8,22,5,KDHSMA,Yes,No,
KD-140-R2,IPV,No,10,0,0,10,Zipline,No,Yes,Outreach session held this week
KD-140-R2,MR,No,0,0,0,0,LGA,No,Yes,Outreach session held this week
KD-140-R2,MEN A,No,0,0,0,0,LGA,No,No,
KD-140-R2,MCV,No,0,0,0,0,LGA,No,Yes,Scheduled routine immunization session
KD-140-R2,OPV,Yes,92,49,108,33,KDHSMA,Yes,Yes,Outreach session held this week
KD-140-R2,YF,Yes,0,14,5,9,Zipline,No,Yes,School-based session (HPV)
KD-140-R2,PENTA,Yes,21,43,40,24,LGA,Yes,No,
KD-140-R2,ROTA,Yes,19,0,4,15,KDHSMA,Yes,No,
KD-140-R2,PCV,Yes,42,41,59,24,LGA,No,No,
KD-140-R3,BCG,No,0,0,0,0,LGA,No,No,
KD-140-R3,HPV,Yes,22,8,19,11,Zipline,Yes,Yes,Outreach session held this week
KD-140-R3,IPV,Yes,0,25,16,9,LGA,Yes,No,
KD-140-R3,MR,Yes,0,18,12,6,LGA,Yes,No,
KD-140-R3,MEN A,No,0,0,0,0,LGA,No,Yes,Scheduled routine immunization session
KD-140-R3,MCV,No,0,0,0,0,LGA,No,No,
KD-140-R3,OPV,Yes,108,40,123,25,LGA,Yes,Yes,Scheduled routine immunization session
KD-140-R3,YF,Yes,5,10,7,8,LGA,Yes,No,
KD-140-R3,PENTA,Yes,40,39,48,31,LGA,Yes,Yes,Scheduled routine immunization session
KD-140-R3,ROTA,Yes,4,21,9,16,LGA,Yes,No,
KD-140-R3,PCV,Yes,59,0,39,20,Zipline,Yes,No,
KD-140-R4,BCG,Yes,0,12,3,9,LGA,Yes,No,
KD-140-R4,HPV,Yes,19,0,8,11,LGA,Yes,Yes,Scheduled routine immunization session
KD-140-R4,IPV,Yes,16,0,2,14,LGA,Yes,Yes,High birth cohort this week
KD-140-R4,MR,Yes,12,0,7,5,KDHSMA,Yes,No,
KD-140-R4,MEN A,No,0,0,0,0,LGA,No,Yes,Outreach session held this week
KD-140-R4,MCV,No,0,0,0,0,LGA,No,Yes,Scheduled routine immunization session
KD-140-R4,OPV,Yes,123,45,140,28,LGA,Yes,Yes,Scheduled routine immunization session
KD-140-R4,YF,No,7,0,0,7,LGA,No,Yes,Scheduled routine immunization session
KD-140-R4,PENTA,Yes,48,0,26,22,LGA,Yes,No,
KD-140-R4,ROTA,No,9,0,0,9,LGA,No,Yes,Catch-up campaign
KD-140-R4,PCV,Yes,39,0,18,21,KDHSMA,Yes,No,
KD-140-R5,BCG,No,3,0,0,3,LGA,No,No,
KD-140-R5,HPV,No,8,0,0,8,LGA,No,Yes,Outreach session held this week
KD-140-R5,IPV,No,2,15,0,17,Zipline,No,Yes,Scheduled routine immunization session
KD-140-R5,MR,Yes,7,10,6,11,KDHSMA,Yes,Yes,Scheduled routine immunization session
KD-140-R5,MEN A,No,0,0,0,0,LGA,No,Yes,Scheduled routine immunization session
KD-140-R5,MCV,No,0,0,0,0,Zipline,No,Yes,Scheduled routine immunization session
KD-140-R5,OPV,Yes,140,0,112,28,LGA,Yes,Yes,High birth cohort this week
KD-140-R5,YF,No,0,0,0,0,LGA,No,Yes,Scheduled routine immunization session
KD-140-R5,PENTA,Yes,26,0,1,25,KDHSMA,Yes,Yes,Scheduled routine immunization session
KD-140-R5,ROTA,Yes,0,26,3,23,LGA,Yes,Yes,Outreach session held this week
KD-140-R5,PCV,No,18,0,0,18,KDHSMA,No,Yes,Scheduled routine immunization session
KD-140-R6,BCG,Yes,0,19,5,14,LGA,Yes,Yes,Scheduled routine immunization session
KD-140-R6,HPV,Yes,0,11,8,3,LGA,No,No,
KD-140-R6,IPV,No,0,0,0,0,LGA,No,Yes,Scheduled routine immunization session
KD-140-R6,MR,Yes,6,18,19,5,Zipline,Yes,No,
KD-140-R6,MEN A,No,0,0,0,0,KDHSMA,No,Yes,Scheduled routine immunization session
KD-140-R6,MCV,Yes,0,11,6,5,LGA,Yes,No,
KD-140-R6,OPV,Yes,112,0,86,26,Zipline,Yes,Yes,Outreach session held this week
KD-140-R6,YF,Yes,0,10,6,4,Zipline,No,No,
KD-140-R6,PENTA,No,1,0,0,1,LGA,No,No,
KD-140-R6,ROTA,Yes,3,27,13,17,LGA,Yes,Yes,High birth cohort this week
KD-140-R6,PCV,Yes,0,35,16,19,KDHSMA,Yes,No,
KD-141-R1,BCG,No,12,0,0,12,LGA,No,Yes,Scheduled routine immunization session
KD-141-R1,HPV,Yes,8,0,4,4,LGA,Yes,No,
KD-141-R1,IPV,Yes,15,0,4,11,KDHSMA,Yes,No,
KD-141-R1,MR,No,7,0,0,7,LGA,No,Yes,Scheduled routine immunization session
KD-141-R1,MEN A,Yes,10,0,6,4,LGA,Yes,No,
KD-141-R1,MCV,Yes,17,0,2,15,LGA,Yes,Yes,High birth cohort this week
KD-141-R1,OPV,Yes,43,0,5,38,LGA,Yes,Yes,Catch-up campaign
KD-141-R1,YF,Yes,15,0,8,7,LGA,No,No,
KD-141-R1,PENTA,Yes,33,40,44,29,LGA,Yes,Yes,Scheduled routine immunization session
KD-141-R1,ROTA,Yes,14,32,37,9,LGA,Yes,No,
KD-141-R1,PCV,No,24,0,0,24,LGA,No,No,
KD-141-R2,BCG,No,0,13,0,13,KDHSMA,No,Yes,Scheduled routine immunization session
KD-141-R2,HPV,Yes,4,10,8,6,LGA,No,No,
KD-141-R2,IPV,Yes,4,23,16,11,LGA,Yes,No,
KD-141-R2,MR,Yes,0,16,9,7,LGA,Yes,No,
KD-141-R2,MEN A,Yes,6,10,8,8,LGA,Yes,Yes,Scheduled routine immunization session
KD-141-R2,MCV,Yes,2,11,5,8,LGA,Yes,No,
KD-141-R2,OPV,Yes,5,32,12,25,LGA,Yes,Yes,Scheduled routine immunization session
KD-141-R2,YF,Yes,8,16,16,8,LGA,Yes,No,
KD-141-R2,PENTA,Yes,44,47,65,26,KDHSMA,Yes,Yes,High birth cohort this week
KD-141-R2,ROTA,Yes,37,32,43,26,LGA,No,Yes,Scheduled routine immunization session
KD-141-R2,PCV,Yes,0,50,24,26,KDHSMA,No,Yes,High birth cohort this week
KD-141-R3,BCG,Yes,0,29,19,10,LGA,Yes,No,
KD-141-R3,HPV,No,8,0,0,8,LGA,No,Yes,Outreach session held this week
KD-141-R3,IPV,Yes,16,0,1,15,LGA,Yes,Yes,Outreach session held this week
KD-141-R3,MR,Yes,9,0,2,7,LGA,Yes,No,
KD-141-R3,MEN A,No,8,0,0,8,LGA,No,Yes,Scheduled routine immunization session
KD-141-R3,MCV,Yes,5,16,16,5,LGA,Yes,No,
KD-141-R3,OPV,Yes,12,49,35,26,LGA,Yes,Yes,Scheduled routine immunization session
KD-141-R3,YF,Yes,16,0,9,7,LGA,Yes,No,
KD-141-R3,PENTA,Yes,65,41,87,19,LGA,Yes,No,
KD-141-R3,ROTA,Yes,43,0,34,9,LGA,Yes,No,
KD-141-R3,PCV,No,24,0,0,24,LGA,No,Yes,Scheduled routine immunization session
KD-141-R4,BCG,Yes,19,0,10,9,LGA,Yes,No,
KD-141-R4,HPV,No,0,0,0,0,KDHSMA,No,Yes,Outreach session held this week
KD-141-R4,IPV,No,1,0,0,1,KDHSMA,No,Yes,Scheduled routine immunization session
KD-141-R4,MR,No,2,0,0,2,Zipline,No,Yes,Outreach session held this week
KD-141-R4,MEN A,No,0,0,0,0,LGA,No,Yes,Scheduled routine immunization session
KD-141-R4,MCV,Yes,16,0,1,15,LGA,Yes,Yes,High birth cohort this week
KD-141-R4,OPV,Yes,35,0,4,31,LGA,Yes,Yes,High birth cohort this week
KD-141-R4,YF,Yes,9,0,2,7,KDHSMA,Yes,No,
KD-141-R4,PENTA,Yes,87,0,63,24,LGA,Yes,No,
KD-141-R4,ROTA,Yes,34,0,17,17,LGA,Yes,Yes,Scheduled routine immunization session
KD-141-R4,PCV,No,0,0,0,0,LGA,No,No,
KD-141-R5,BCG,Yes,10,19,17,12,KDHSMA,Yes,Yes,Scheduled routine immunization session
KD-141-R5,HPV,No,0,0,0,0,LGA,No,No,
KD-141-R5,IPV,No,0,0,0,0,KDHSMA,No,No,
KD-141-R5,MR,No,0,0,0,0,LGA,No,No,
KD-141-R5,MEN A,No,0,0,0,0,LGA,No,Yes,Scheduled routine immunization session
KD-141-R5,MCV,No,1,0,0,1,KDHSMA,No,Yes,Scheduled routine immunization session
KD-141-R5,OPV,Yes,4,46,22,28,KDHSMA,Yes,Yes,Scheduled routine immunization session
KD-141-R5,YF,Yes,2,11,6,7,LGA,Yes,No,
KD-141-R5,PENTA,Yes,63,0,34,29,LGA,Yes,Yes,Outreach session held this week
KD-141-R5,ROTA,Yes,17,19,23,13,LGA,Yes,No,
KD-141-R5,PCV,Yes,0,48,22,26,KDHSMA,Yes,Yes,High birth cohort this week
KD-141-R6,BCG,Yes,17,0,2,15,LGA,Yes,Yes,Scheduled routine immunization session
KD-141-R6,HPV,No,0,0,0,0,Zipline,No,Yes,Catch-up campaign
KD-141-R6,IPV,No,0,0,0,0,LGA,No,No,
KD-141-R6,MR,No,0,0,0,0,LGA,No,Yes,Scheduled routine immunization session
KD-141-R6,MEN A,Yes,0,14,8,6,LGA,Yes,No,
KD-141-R6,MCV,No,0,0,0,0,Zipline,No,No,
KD-141-R6,OPV,No,22,0,0,22,LGA,No,Yes,Scheduled routine immunization session
KD-141-R6,YF,No,6,0,0,6,LGA,No,Yes,Scheduled routine immunization session
KD-141-R6,PENTA,Yes,34,47,61,20,LGA,Yes,No,
KD-141-R6,ROTA,Yes,23,24,31,16,LGA,No,No,
KD-141-R6,PCV,Yes,22,47,50,19,Zipline,Yes,No,
KD-142-R1,BCG,Yes,28,0,9,19,Zipline,Yes,Yes,High birth cohort this week
KD-142-R1,HPV,Yes,32,0,24,8,LGA,Yes,No,
KD-142-R1,IPV,No,6,0,0,6,LGA,No,No,
KD-142-R1,MR,Yes,0,30,17,13,LGA,Yes,No,
KD-142-R1,MEN A,Yes,24,0,9,15,LGA,Yes,Yes,Outreach session held this week
KD-142-R1,MCV,Yes,43,19,44,18,Zipline,Yes,Yes,Scheduled routine immunization session
KD-142-R1,OPV,Yes,45,87,89,43,LGA,Yes,Yes,Outreach session held this week
KD-142-R1,YF,Yes,21,26,33,14,LGA,Yes,Yes,Scheduled routine immunization session
KD-142-R1,PENTA,Yes,84,0,27,57,LGA,Yes,Yes,School-based session (HPV)
KD-142-R1,ROTA,No,0,0,0,0,LGA,No,Yes,Outreach session held this week
KD-142-R1,PCV,Yes,29,58,36,51,KDHSMA,Yes,Yes,Scheduled routine immunization session
KD-142-R2,BCG,Yes,9,27,19,17,KDHSMA,Yes,No,
KD-142-R2,HPV,Yes,24,23,30,17,LGA,Yes,Yes,School-based session (HPV)
KD-142-R2,IPV,No,0,0,0,0,LGA,No,No,
KD-142-R2,MR,Yes,17,16,23,10,KDHSMA,Yes,No,
KD-142-R2,MEN A,No,9,0,0,9,KDHSMA,No,Yes,Scheduled routine immunization session
KD-142-R2,MCV,Yes,44,0,31,13,LGA,Yes,No,
KD-142-R2,OPV,Yes,89,64,113,40,KDHSMA,Yes,No,
KD-142-R2,YF,Yes,33,0,17,16,LGA,Yes,Yes,Scheduled routine immunization session
KD-142-R2,PENTA,No,27,0,0,27,LGA,No,Yes,Scheduled routine immunization session
KD-142-R2,ROTA,Yes,0,54,9,45,LGA,Yes,Yes,Scheduled routine immunization session
KD-142-R2,PCV,Yes,36,66,66,36,LGA,Yes,No,
KD-142-R3,BCG,Yes,19,27,29,17,LGA,Yes,No,
KD-142-R3,HPV,Yes,30,22,35,17,LGA,Yes,Yes,School-based session (HPV)
KD-142-R3,IPV,No,0,0,0,0,KDHSMA,No,Yes,Outreach session held this week
KD-142-R3,MR,Yes,23,27,32,18,LGA,Yes,Yes,Scheduled routine immunization session
KD-142-R3,MEN A,No,0,0,0,0,LGA,No,Yes,Scheduled routine immunization session
KD-142-R3,MCV,Yes,31,19,31,19,LGA,Yes,Yes,Scheduled routine immunization session
KD-142-R3,OPV,Yes,113,65,130,48,Zipline,Yes,Yes,Scheduled routine immunization session
KD-142-R3,YF,Yes,17,16,16,17,LGA,Yes,Yes,Outreach session held this week
KD-142-R3,PENTA,No,0,0,0,0,LGA,No,Yes,Scheduled routine immunization session
KD-142-R3,ROTA,No,9,0,0,9,LGA,No,Yes,High birth cohort this week
KD-142-R3,PCV,Yes,66,0,25,41,Zipline,Yes,Yes,Catch-up campaign
KD-142-R4,BCG,Yes,29,0,16,13,LGA,Yes,No,
KD-142-R4,HPV,Yes,35,0,21,14,LGA,Yes,Yes,School-based session (HPV)
KD-142-R4,IPV,No,0,0,0,0,Zipline,No,No,
KD-142-R4,MR,Yes,32,0,14,18,LGA,Yes,Yes,Scheduled routine immunization session
KD-142-R4,MEN A,No,0,0,0,0,LGA,No,Yes,Catch-up campaign
KD-142-R4,MCV,Yes,31,37,47,21,LGA,Yes,Yes,Scheduled routine immunization session
KD-142-R4,OPV,Yes,130,0,94,36,KDHSMA,Yes,No,
KD-142-R4,YF,Yes,16,19,15,20,KDHSMA,Yes,Yes,Scheduled routine immunization session
KD-142-R4,PENTA,Yes,0,78,33,45,LGA,Yes,Yes,Scheduled routine immunization session
KD-142-R4,ROTA,No,0,0,0,0,LGA,No,Yes,Scheduled routine immunization session
KD-142-R4,PCV,No,25,0,0,25,LGA,No,Yes,Scheduled routine immunization session
KD-142-R5,BCG,Yes,16,34,36,14,Zipline,Yes,No,
KD-142-R5,HPV,Yes,21,19,26,14,LGA,Yes,Yes,School-based session (HPV)
KD-142-R5,IPV,Yes,0,31,7,24,LGA,Yes,Yes,High birth cohort this week
KD-142-R5,MR,Yes,14,21,19,16,KDHSMA,Yes,Yes,Scheduled routine immunization session
KD-142-R5,MEN A,No,0,0,0,0,LGA,No,Yes,High birth cohort this week
KD-142-R5,MCV,Yes,47,0,32,15,Zipline,Yes,Yes,Scheduled routine immunization session
KD-142-R5,OPV,Yes,94,79,120,53,KDHSMA,Yes,Yes,Scheduled routine immunization session
KD-142-R5,YF,Yes,15,0,1,14,KDHSMA,Yes,Yes,High birth cohort this week
KD-142-R5,PENTA,No,33,0,0,33,LGA,No,No,
KD-142-R5,ROTA,Yes,0,48,21,27,LGA,Yes,No,
KD-142-R5,PCV,No,0,0,0,0,LGA,No,No,
KD-142-R6,BCG,Yes,36,0,26,10,KDHSMA,Yes,No,
KD-142-R6,HPV,Yes,26,0,14,12,LGA,Yes,Yes,School-based session (HPV)
KD-142-R6,IPV,No,7,0,0,7,Zipline,No,Yes,Outreach session held this week
KD-142-R6,MR,Yes,19,0,1,18,LGA,Yes,Yes,School-based session (HPV)
KD-142-R6,MEN A,No,0,0,0,0,Zipline,No,Yes,School-based session (HPV)
KD-142-R6,MCV,Yes,32,0,23,9,Zipline,Yes,No,
KD-142-R6,OPV,Yes,120,0,79,41,KDHSMA,Yes,Yes,Outreach session held this week
KD-142-R6,YF,No,1,0,0,1,LGA,No,Yes,High birth cohort this week
KD-142-R6,PENTA,No,0,0,0,0,Zipline,No,Yes,High birth cohort this week
KD-142-R6,ROTA,No,21,0,0,21,LGA,No,No,
KD-142-R6,PCV,No,0,0,0,0,LGA,No,Yes,Scheduled routine immunization session
KD-143-R1,BCG,Yes,24,24,37,11,KDHSMA,Yes,Yes,Outreach session held this week
KD-143-R1,HPV,Yes,9,0,3,6,LGA,Yes,No,
KD-143-R1,IPV,Yes,25,0,16,9,LGA,Yes,No,
KD-143-R1,MR,Yes,19,0,12,7,LGA,Yes,No,
KD-143-R1,MEN A,No,4,0,0,4,Zipline,No,Yes,Scheduled routine immunization session
KD-143-R1,MCV,Yes,13,9,12,10,LGA,Yes,Yes,Outreach session held this week
KD-143-R1,OPV,Yes,50,47,85,12,LGA,No,No,
KD-143-R1,YF,No,0,0,0,0,LGA,No,Yes,Scheduled routine immunization session
KD-143-R1,PENTA,Yes,33,0,6,27,LGA,Yes,Yes,Outreach session held this week
KD-143-R1,ROTA,Yes,26,27,30,23,LGA,Yes,Yes,Catch-up campaign
KD-143-R1,PCV,Yes,47,49,73,23,KDHSMA,No,No,
KD-143-R2,BCG,Yes,37,0,14,23,LGA,Yes,Yes,Scheduled routine immunization session
KD-143-R2,HPV,Yes,3,10,4,9,LGA,Yes,Yes,School-based session (HPV)
KD-143-R2,IPV,Yes,16,20,30,6,LGA,Yes,No,
KD-143-R2,MR,Yes,12,0,3,9,Zipline,Yes,Yes,High birth cohort this week
KD-143-R2,MEN A,No,0,0,0,0,KDHSMA,No,Yes,Scheduled routine immunization session
KD-143-R2,MCV,Yes,12,24,29,7,LGA,Yes,No,
KD-143-R2,OPV,Yes,85,63,124,24,LGA,No,No,
KD-143-R2,YF,No,0,0,0,0,KDHSMA,No,Yes,Catch-up campaign
KD-143-R2,PENTA,No,6,0,0,6,LGA,No,Yes,Scheduled routine immunization session
KD-143-R2,ROTA,Yes,30,24,32,22,LGA,Yes,Yes,Scheduled routine immunization session
KD-143-R2,PCV,Yes,73,35,86,22,LGA,Yes,No,
KD-143-R3,BCG,Yes,14,18,23,9,LGA,Yes,No,
KD-143-R3,HPV,No,4,0,0,4,KDHSMA,No,Yes,School-based session (HPV)
KD-143-R3,IPV,Yes,30,0,16,14,LGA,Yes,Yes,Outreach session held this week
KD-143-R3,MR,No,3,0,0,3,Zipline,No,No,
KD-143-R3,MEN A,Yes,0,12,3,9,LGA,Yes,Yes,High birth cohort this week
KD-143-R3,MCV,Yes,29,13,29,13,KDHSMA,Yes,Yes,Scheduled routine immunization session
KD-143-R3,OPV,Yes,124,0,98,26,LGA,No,Yes,Scheduled routine immunization session
KD-143-R3,YF,Yes,0,13,10,3,LGA,Yes,No,
KD-143-R3,PENTA,No,0,0,0,0,Zipline,No,Yes,Scheduled routine immunization session
KD-143-R3,ROTA,Yes,32,0,13,19,KDHSMA,Yes,Yes,Scheduled routine immunization session
KD-143-R3,PCV,Yes,86,40,98,28,LGA,Yes,Yes,Scheduled routine immunization session
KD-143-R4,BCG,Yes,23,0,12,11,Zipline,Yes,Yes,Outreach session held this week
KD-143-R4,HPV,No,0,0,0,0,LGA,No,Yes,Catch-up campaign
KD-143-R4,IPV,Yes,16,24,25,15,Zipline,Yes,Yes,Scheduled routine immunization session
KD-143-R4,MR,No,0,0,0,0,LGA,No,No,
KD-143-R4,MEN A,No,3,0,0,3,KDHSMA,No,Yes,Scheduled routine immunization session
KD-143-R4,MCV,Yes,29,0,21,8,LGA,Yes,No,
KD-143-R4,OPV,Yes,98,36,112,22,Zipline,Yes,No,
KD-143-R4,YF,Yes,10,15,16,9,LGA,Yes,Yes,Scheduled routine immunization session
KD-143-R4,PENTA,Yes,0,34,6,28,LGA,Yes,Yes,Scheduled routine immunization session
KD-143-R4,ROTA,Yes,13,26,12,27,LGA,No,Yes,Scheduled routine immunization session
KD-143-R4,PCV,Yes,98,0,68,30,LGA,Yes,Yes,Catch-up campaign
KD-143-R5,BCG,Yes,12,0,6,6,LGA,Yes,No,
KD-143-R5,HPV,Yes,0,14,9,5,LGA,Yes,No,
KD-143-R5,IPV,Yes,25,0,14,11,KDHSMA,Yes,No,
KD-143-R5,MR,Yes,0,9,1,8,LGA,Yes,No,
KD-143-R5,MEN A,Yes,0,10,6,4,KDHSMA,Yes,No,
KD-143-R5,MCV,Yes,21,12,23,10,KDHSMA,Yes,Yes,High birth cohort this week
KD-143-R5,OPV,Yes,112,48,127,33,LGA,Yes,Yes,Scheduled routine immunization session
KD-143-R5,YF,Yes,16,0,15,1,LGA,Yes,No,
KD-143-R5,PENTA,No,6,0,0,6,LGA,No,Yes,Scheduled routine immunization session
KD-143-R5,ROTA,Yes,12,25,22,15,KDHSMA,Yes,No,
KD-143-R5,PCV,Yes,68,0,38,30,LGA,Yes,Yes,Scheduled routine immunization session
KD-143-R6,BCG,No,6,0,0,6,KDHSMA,No,No,
KD-143-R6,HPV,Yes,9,0,8,1,LGA,Yes,No,
KD-143-R6,IPV,No,14,0,0,14,LGA,No,Yes,Scheduled routine immunization session
KD-143-R6,MR,No,1,0,0,1,LGA,No,No,
KD-143-R6,MEN A,No,6,0,0,6,LGA,No,Yes,Outreach session held this week
KD-143-R6,MCV,Yes,23,0,18,5,Zipline,Yes,No,
KD-143-R6,OPV,Yes,127,0,103,24,LGA,Yes,No,
KD-143-R6,YF,Yes,15,20,23,12,KDHSMA,Yes,Yes,Scheduled routine immunization session
KD-143-R6,PENTA,No,0,32,0,32,LGA,No,Yes,Outreach session held this week
KD-143-R6,ROTA,Yes,22,33,38,17,Zipline,Yes,Yes,Scheduled routine immunization session
KD-143-R6,PCV,Yes,38,47,61,24,LGA,Yes,No,
KD-144-R1,BCG,Yes,44,37,60,21,LGA,Yes,Yes,Outreach session held this week
KD-144-R1,HPV,Yes,9,0,2,7,Zipline,Yes,No,
KD-144-R1,IPV,Yes,37,0,9,28,LGA,Yes,Yes,Scheduled routine immunization session
KD-144-R1,MR,Yes,64,23,76,11,Zipline,Yes,No,
KD-144-R1,MEN A,Yes,36,0,20,16,LGA,Yes,Yes,Scheduled routine immunization session
KD-144-R1,MCV,Yes,26,0,10,16,LGA,Yes,Yes,High birth cohort this week
KD-144-R1,OPV,Yes,149,0,101,48,LGA,Yes,Yes,Scheduled routine immunization session
KD-144-R1,YF,Yes,38,0,27,11,LGA,Yes,No,
KD-144-R1,PENTA,Yes,91,0,45,46,LGA,Yes,Yes,Scheduled routine immunization session
KD-144-R1,ROTA,Yes,45,0,16,29,LGA,Yes,Yes,School-based session (HPV)
KD-144-R1,PCV,Yes,56,75,82,49,LGA,Yes,Yes,Scheduled routine immunization session
KD-144-R2,BCG,Yes,60,0,41,19,KDHSMA,Yes,Yes,Outreach session held this week
KD-144-R2,HPV,Yes,2,18,11,9,LGA,Yes,No,
KD-144-R2,IPV,No,9,0,0,9,KDHSMA,No,No,
KD-144-R2,MR,Yes,76,0,67,9,Zipline,Yes,No,
KD-144-R2,MEN A,Yes,20,0,9,11,KDHSMA,No,No,
KD-144-R2,MCV,Yes,10,26,19,17,Zipline,Yes,Yes,High birth cohort this week
KD-144-R2,OPV,Yes,101,75,148,28,LGA,Yes,No,
KD-144-R2,YF,Yes,27,20,36,11,LGA,Yes,No,
KD-144-R2,PENTA,Yes,45,0,1,44,LGA,Yes,Yes,Scheduled routine immunization session
KD-144-R2,ROTA,Yes,16,42,33,25,KDHSMA,Yes,No,
KD-144-R2,PCV,Yes,82,76,110,48,LGA,Yes,Yes,Outreach session held this week
KD-144-R3,BCG,Yes,41,33,57,17,Zipline,Yes,No,
KD-144-R3,HPV,Yes,11,0,3,8,LGA,Yes,No,
KD-144-R3,IPV,Yes,0,28,6,22,LGA,Yes,Yes,School-based session (HPV)
KD-144-R3,MR,Yes,67,0,50,17,KDHSMA,Yes,Yes,Scheduled routine immunization session
KD-144-R3,MEN A,No,9,0,0,9,LGA,No,No,
KD-144-R3,MCV,Yes,19,27,32,14,LGA,Yes,Yes,Outreach session held this week
KD-144-R3,OPV,Yes,148,0,98,50,LGA,Yes,Yes,Scheduled routine immunization session
KD-144-R3,YF,Yes,36,23,47,12,KDHSMA,Yes,No,
KD-144-R3,PENTA,Yes,1,71,28,44,LGA,Yes,Yes,High birth cohort this week
KD-144-R3,ROTA,Yes,33,50,42,41,Zipline,Yes,Yes,Scheduled routine immunization session
KD-144-R3,PCV,Yes,110,76,137,49,LGA,Yes,Yes,School-based session (HPV)
KD-144-R4,BCG,Yes,57,29,68,18,LGA,Yes,No,
KD-144-R4,HPV,No,3,0,0,3,LGA,No,No,
KD-144-R4,IPV,No,6,0,0,6,LGA,No,Yes,Scheduled routine immunization session
KD-144-R4,MR,Yes,50,0,39,11,LGA,Yes,No,
KD-144-R4,MEN A,Yes,0,21,3,18,LGA,Yes,Yes,Scheduled routine immunization session
KD-144-R4,MCV,Yes,32,13,34,11,LGA,Yes,No,
KD-144-R4,OPV,Yes,98,0,50,48,LGA,No,Yes,Scheduled routine immunization session
KD-144-R4,YF,Yes,47,0,27,20,LGA,Yes,Yes,High birth cohort this week
KD-144-R4,PENTA,No,28,0,0,28,Zipline,No,Yes,Scheduled routine immunization session
KD-144-R4,ROTA,Yes,42,46,50,38,LGA,Yes,Yes,Scheduled routine immunization session
KD-144-R4,PCV,Yes,137,0,100,37,KDHSMA,Yes,No,
KD-144-R5,BCG,Yes,68,26,75,19,Zipline,Yes,Yes,Scheduled routine immunization session
KD-144-R5,HPV,No,0,0,0,0,KDHSMA,No,Yes,School-based session (HPV)
KD-144-R5,IPV,No,0,0,0,0,LGA,No,Yes,Outreach session held this week
KD-144-R5,MR,Yes,39,0,25,14,Zipline,Yes,Yes,School-based session (HPV)
KD-144-R5,MEN A,No,3,0,0,3,LGA,No,Yes,Scheduled routine immunization session
KD-144-R5,MCV,Yes,34,22,44,12,KDHSMA,Yes,No,
KD-144-R5,OPV,Yes,50,71,75,46,Zipline,No,Yes,Scheduled routine immunization session
KD-144-R5,YF,Yes,27,0,10,17,KDHSMA,No,Yes,Scheduled routine immunization session
KD-144-R5,PENTA,Yes,0,67,21,46,LGA,No,Yes,Scheduled routine immunization session
KD-144-R5,ROTA,Yes,50,32,54,28,KDHSMA,Yes,Yes,Scheduled routine immunization session
KD-144-R5,PCV,Yes,100,76,134,42,LGA,Yes,Yes,Outreach session held this week
KD-144-R6,BCG,Yes,75,0,55,20,LGA,Yes,Yes,School-based session (HPV)
KD-144-R6,HPV,Yes,0,18,9,9,KDHSMA,Yes,No,
KD-144-R6,IPV,No,0,0,0,0,LGA,No,No,
KD-144-R6,MR,Yes,25,19,29,15,LGA,Yes,Yes,School-based session (HPV)
KD-144-R6,MEN A,Yes,0,27,15,12,LGA,Yes,Yes,High birth cohort this week
KD-144-R6,MCV,Yes,44,29,58,15,LGA,Yes,Yes,Outreach session held this week
KD-144-R6,OPV,Yes,75,0,31,44,LGA,Yes,Yes,Scheduled routine immunization session
KD-144-R6,YF,No,10,0,0,10,LGA,No,Yes,Scheduled routine immunization session
KD-144-R6,PENTA,No,21,0,0,21,LGA,No,Yes,Scheduled routine immunization session
KD-144-R6,ROTA,Yes,54,0,24,30,LGA,Yes,Yes,Scheduled routine immunization session
KD-144-R6,PCV,Yes,134,70,166,38,LGA,Yes,No,
KD-146-R1,BCG,No,6,0,0,6,KDHSMA,No,Yes,Outreach session held this week
KD-146-R1,HPV,Yes,13,0,4,9,KDHSMA,Yes,Yes,Scheduled routine immunization session
KD-146-R1,IPV,No,11,0,0,11,Zipline,No,Yes,Scheduled routine immunization session
KD-146-R1,MR,Yes,9,11,10,10,LGA,Yes,Yes,Scheduled routine immunization session
KD-146-R1,MEN A,Yes,8,0,1,7,KDHSMA,Yes,Yes,Scheduled routine immunization session
KD-146-R1,MCV,Yes,20,15,25,10,LGA,Yes,Yes,Scheduled routine immunization session
KD-146-R1,OPV,Yes,58,0,24,34,LGA,Yes,Yes,Scheduled routine immunization session
KD-146-R1,YF,No,0,0,0,0,Zipline,No,Yes,Scheduled routine immunization session
KD-146-R1,PENTA,No,18,0,0,18,Zipline,No,No,
KD-146-R1,ROTA,Yes,35,0,22,13,LGA,Yes,No,
KD-146-R1,PCV,Yes,43,46,60,29,KDHSMA,Yes,Yes,High birth cohort this week
KD-146-R2,BCG,Yes,0,23,8,15,LGA,Yes,Yes,Scheduled routine immunization session
KD-146-R2,HPV,No,4,0,0,4,KDHSMA,No,Yes,Scheduled routine immunization session
KD-146-R2,IPV,Yes,0,19,7,12,KDHSMA,Yes,No,
KD-146-R2,MR,Yes,10,0,3,7,LGA,Yes,No,
KD-146-R2,MEN A,No,1,0,0,1,Zipline,No,No,
KD-146-R2,MCV,Yes,25,11,27,9,LGA,Yes,Yes,High birth cohort this week
KD-146-R2,OPV,No,24,0,0,24,LGA,No,Yes,Scheduled routine immunization session
KD-146-R2,YF,Yes,0,11,1,10,KDHSMA,No,Yes,Scheduled routine immunization session
KD-146-R2,PENTA,Yes,0,38,14,24,LGA,Yes,No,
KD-146-R2,ROTA,Yes,22,0,7,15,KDHSMA,No,No,
KD-146-R2,PCV,Yes,60,61,88,33,Zipline,Yes,Yes,Scheduled routine immunization session
KD-146-R3,BCG,No,8,0,0,8,Zipline,No,Yes,Scheduled routine immunization session
KD-146-R3,HPV,No,0,0,0,0,LGA,No,Yes,Catch-up campaign
KD-146-R3,IPV,No,7,0,0,7,LGA,No,No,
KD-146-R3,MR,Yes,3,8,7,4,LGA,Yes,No,
KD-146-R3,MEN A,No,0,0,0,0,LGA,No,No,
KD-146-R3,MCV,Yes,27,15,37,5,LGA,Yes,No,
KD-146-R3,OPV,Yes,0,42,15,27,Zipline,Yes,Yes,High birth cohort this week
KD-146-R3,YF,No,1,0,0,1,LGA,No,No,
KD-146-R3,PENTA,Yes,14,46,37,23,Zipline,Yes,No,
KD-146-R3,ROTA,Yes,7,30,20,17,Zipline,Yes,Yes,Scheduled routine immunization session
KD-146-R3,PCV,Yes,88,45,108,25,LGA,Yes,Yes,School-based session (HPV)
KD-146-R4,BCG,No,0,0,0,0,KDHSMA,No,Yes,Scheduled routine immunization session
KD-146-R4,HPV,No,0,0,0,0,Zipline,No,Yes,School-based session (HPV)
KD-146-R4,IPV,No,0,0,0,0,KDHSMA,No,Yes,Outreach session held this week
KD-146-R4,MR,Yes,7,0,3,4,LGA,Yes,No,
KD-146-R4,MEN A,No,0,9,0,9,LGA,No,Yes,Scheduled routine immunization session
KD-146-R4,MCV,Yes,37,0,28,9,Zipline,Yes,Yes,Scheduled routine immunization session
KD-146-R4,OPV,Yes,15,40,29,26,KDHSMA,Yes,Yes,Outreach session held this week
KD-146-R4,YF,Yes,0,16,5,11,LGA,Yes,Yes,School-based session (HPV)
KD-146-R4,PENTA,Yes,37,0,13,24,LGA,No,No,
KD-146-R4,ROTA,No,20,0,0,20,Zipline,No,Yes,School-based session (HPV)
KD-146-R4,PCV,Yes,108,39,113,34,LGA,No,Yes,Scheduled routine immunization session
KD-146-R5,BCG,No,0,0,0,0,LGA,No,Yes,School-based session (HPV)
KD-146-R5,HPV,No,0,0,0,0,LGA,No,Yes,School-based session (HPV)
KD-146-R5,IPV,No,0,0,0,0,Zipline,No,Yes,High birth cohort this week
KD-146-R5,MR,No,3,0,0,3,KDHSMA,No,Yes,Catch-up campaign
KD-146-R5,MEN A,No,0,0,0,0,KDHSMA,No,Yes,Scheduled routine immunization session
KD-146-R5,MCV,Yes,28,0,16,12,LGA,Yes,Yes,Scheduled routine immunization session
KD-146-R5,OPV,Yes,29,47,50,26,LGA,Yes,Yes,Outreach session held this week
KD-146-R5,YF,Yes,5,0,2,3,LGA,Yes,No,
KD-146-R5,PENTA,No,13,0,0,13,LGA,No,No,
KD-146-R5,ROTA,No,0,0,0,0,LGA,No,Yes,Scheduled routine immunization session
KD-146-R5,PCV,Yes,113,0,81,32,LGA,Yes,Yes,Outreach session held this week
KD-146-R6,BCG,No,0,0,0,0,LGA,No,No,
KD-146-R6,HPV,No,0,0,0,0,KDHSMA,No,Yes,School-based session (HPV)
KD-146-R6,IPV,No,0,0,0,0,Zipline,No,Yes,Scheduled routine immunization session
KD-146-R6,MR,No,0,0,0,0,LGA,No,No,
KD-146-R6,MEN A,No,0,0,0,0,LGA,No,Yes,Scheduled routine immunization session
KD-146-R6,MCV,Yes,16,0,7,9,LGA,Yes,Yes,Scheduled routine immunization session
KD-146-R6,OPV,Yes,50,0,28,22,LGA,Yes,No,
KD-146-R6,YF,No,2,0,0,2,LGA,No,No,
KD-146-R6,PENTA,No,0,0,0,0,LGA,No,No,
KD-146-R6,ROTA,No,0,0,0,0,LGA,No,No,
KD-146-R6,PCV,Yes,81,0,50,31,LGA,Yes,Yes,Scheduled routine immunization session
KD-147-R1,BCG,Yes,250,71,274,47,Zipline,Yes,Yes,Outreach session held this week
KD-147-R1,HPV,Yes,121,0,80,41,LGA,Yes,Yes,Outreach session held this week
KD-147-R1,IPV,No,17,0,0,17,LGA,No,Yes,School-based session (HPV)
KD-147-R1,MR,Yes,0,50,16,34,LGA,Yes,Yes,Scheduled routine immunization session
KD-147-R1,MEN A,No,24,0,0,24,Zipline,No,Yes,Scheduled routine immunization session
KD-147-R1,MCV,Yes,118,65,140,43,LGA,Yes,Yes,Scheduled routine immunization session
KD-147-R1,OPV,Yes,379,0,261,118,LGA,Yes,Yes,Scheduled routine immunization session
KD-147-R1,YF,Yes,208,0,181,27,LGA,Yes,No,
KD-147-R1,PENTA,No,68,0,0,68,LGA,No,Yes,Scheduled routine immunization session
KD-147-R1,ROTA,Yes,131,0,51,80,KDHSMA,Yes,Yes,Scheduled routine immunization session
KD-147-R1,PCV,Yes,229,160,291,98,LGA,Yes,No,
KD-147-R2,BCG,Yes,274,73,306,41,LGA,Yes,No,
KD-147-R2,HPV,Yes,80,0,48,32,KDHSMA,Yes,Yes,Scheduled routine immunization session
KD-147-R2,IPV,Yes,0,80,18,62,LGA,Yes,Yes,Outreach session held this week
KD-147-R2,MR,No,16,0,0,16,KDHSMA,No,No,
KD-147-R2,MEN A,No,0,0,0,0,KDHSMA,No,Yes,Outreach session held this week
KD-147-R2,MCV,Yes,140,0,96,44,LGA,Yes,Yes,Scheduled routine immunization session
KD-147-R2,OPV,Yes,261,0,131,130,LGA,Yes,Yes,Outreach session held this week
KD-147-R2,YF,Yes,181,54,185,50,LGA,Yes,Yes,Outreach session held this week
KD-147-R2,PENTA,No,0,0,0,0,LGA,No,Yes,Catch-up campaign
KD-147-R2,ROTA,Yes,51,138,111,78,KDHSMA,Yes,Yes,Scheduled routine immunization session
KD-147-R2,PCV,Yes,291,178,364,105,Zipline,Yes,Yes,High birth cohort this week
KD-147-R3,BCG,Yes,306,0,251,55,KDHSMA,Yes,Yes,Scheduled routine immunization session
KD-147-R3,HPV,Yes,48,45,64,29,LGA,Yes,Yes,Scheduled routine immunization session
KD-147-R3,IPV,No,18,0,0,18,LGA,No,Yes,Scheduled routine immunization session
KD-147-R3,MR,No,0,0,0,0,LGA,No,Yes,Outreach session held this week
KD-147-R3,MEN A,No,0,0,0,0,LGA,No,Yes,Scheduled routine immunization session
KD-147-R3,MCV,Yes,96,50,105,41,LGA,Yes,Yes,Scheduled routine immunization session
KD-147-R3,OPV,Yes,131,0,20,111,LGA,Yes,Yes,Scheduled routine immunization session
KD-147-R3,YF,Yes,185,0,149,36,LGA,Yes,Yes,Catch-up campaign
KD-147-R3,PENTA,No,0,0,0,0,LGA,No,Yes,Scheduled routine immunization session
KD-147-R3,ROTA,Yes,111,0,39,72,Zipline,Yes,Yes,Outreach session held this week
KD-147-R3,PCV,Yes,364,0,243,121,LGA,Yes,Yes,Scheduled routine immunization session
KD-147-R4,BCG,Yes,251,0,216,35,LGA,Yes,No,
KD-147-R4,HPV,Yes,64,0,33,31,LGA,Yes,Yes,School-based session (HPV)
KD-147-R4,IPV,Yes,0,74,14,60,LGA,Yes,Yes,Scheduled routine immunization session
KD-147-R4,MR,No,0,0,0,0,LGA,No,Yes,Scheduled routine immunization session
KD-147-R4,MEN A,No,0,0,0,0,LGA,No,No,
KD-147-R4,MCV,Yes,105,70,138,37,LGA,Yes,Yes,Scheduled routine immunization session
KD-147-R4,OPV,Yes,20,186,88,118,Zipline,Yes,Yes,Scheduled routine immunization session
KD-147-R4,YF,Yes,149,0,114,35,LGA,Yes,Yes,Scheduled routine immunization session
KD-147-R4,PENTA,Yes,0,187,94,93,Zipline,Yes,No,
KD-147-R4,ROTA,No,39,0,0,39,KDHSMA,No,No,
KD-147-R4,PCV,Yes,243,185,319,109,Zipline,Yes,Yes,School-based session (HPV)
KD-147-R5,BCG,Yes,216,0,181,35,KDHSMA,Yes,No,
KD-147-R5,HPV,Yes,33,0,4,29,LGA,Yes,Yes,Scheduled routine immunization session
KD-147-R5,IPV,No,14,0,0,14,LGA,No,Yes,School-based session (HPV)
KD-147-R5,MR,No,0,0,0,0,LGA,No,Yes,Scheduled routine immunization session
KD-147-R5,MEN A,Yes,0,52,16,36,KDHSMA,No,Yes,Scheduled routine immunization session
KD-147-R5,MCV,Yes,138,63,163,38,Zipline,Yes,Yes,Scheduled routine immunization session
KD-147-R5,OPV,No,88,0,0,88,LGA,No,Yes,Scheduled routine immunization session
KD-147-R5,YF,Yes,114,0,78,36,LGA,Yes,Yes,Scheduled routine immunization session
KD-147-R5,PENTA,Yes,94,158,145,107,KDHSMA,Yes,Yes,Scheduled routine immunization session
KD-147-R5,ROTA,No,0,0,0,0,LGA,No,Yes,Scheduled routine immunization session
KD-147-R5,PCV,Yes,319,0,228,91,KDHSMA,Yes,No,
KD-147-R6,BCG,Yes,181,76,202,55,LGA,Yes,Yes,Scheduled routine immunization session
KD-147-R6,HPV,No,4,0,0,4,LGA,No,No,
KD-147-R6,IPV,No,0,0,0,0,Zipline,No,No,
KD-147-R6,MR,No,0,0,0,0,LGA,No,Yes,Scheduled routine immunization session
KD-147-R6,MEN A,Yes,16,37,29,24,Zipline,Yes,No,
KD-147-R6,MCV,Yes,163,0,122,41,KDHSMA,Yes,Yes,Scheduled routine immunization session
KD-147-R6,OPV,No,0,0,0,0,Zipline,No,Yes,Scheduled routine immunization session
KD-147-R6,YF,Yes,78,0,45,33,LGA,Yes,No,
KD-147-R6,PENTA,Yes,145,0,38,107,LGA,Yes,Yes,Scheduled routine immunization session
KD-147-R6,ROTA,Yes,0,153,77,76,LGA,Yes,Yes,High birth cohort this week
KD-147-R6,PCV,Yes,228,0,109,119,KDHSMA,Yes,Yes,Scheduled routine immunization session
KD-150-R1,BCG,Yes,51,36,68,19,LGA,Yes,Yes,School-based session (HPV)
KD-150-R1,HPV,Yes,7,19,16,10,LGA,Yes,No,
KD-150-R1,IPV,Yes,59,28,70,17,LGA,No,No,
KD-150-R1,MR,No,10,0,0,10,LGA,No,Yes,Scheduled routine immunization session
KD-150-R1,MEN A,Yes,30,22,37,15,KDHSMA,Yes,Yes,High birth cohort this week
KD-150-R1,MCV,Yes,44,20,48,16,LGA,Yes,Yes,High birth cohort this week
KD-150-R1,OPV,Yes,68,0,22,46,KDHSMA,Yes,Yes,Scheduled routine immunization session
KD-150-R1,YF,Yes,46,0,30,16,KDHSMA,Yes,Yes,Scheduled routine immunization session
KD-150-R1,PENTA,Yes,107,71,133,45,LGA,Yes,Yes,Scheduled routine immunization session
KD-150-R1,ROTA,Yes,31,34,35,30,LGA,Yes,Yes,Scheduled routine immunization session
KD-150-R1,PCV,Yes,70,50,76,44,LGA,Yes,Yes,High birth cohort this week
KD-150-R2,BCG,Yes,68,27,70,25,LGA,Yes,Yes,Outreach session held this week
KD-150-R2,HPV,Yes,16,27,30,13,LGA,Yes,Yes,School-based session (HPV)
KD-150-R2,IPV,Yes,70,0,45,25,KDHSMA,Yes,Yes,Catch-up campaign
KD-150-R2,MR,No,0,0,0,0,LGA,No,Yes,Catch-up campaign
KD-150-R2,MEN A,Yes,37,0,26,11,LGA,Yes,No,
KD-150-R2,MCV,Yes,48,0,34,14,LGA,Yes,Yes,Scheduled routine immunization session
KD-150-R2,OPV,No,22,0,0,22,KDHSMA,No,Yes,Scheduled routine immunization session
KD-150-R2,YF,Yes,30,0,21,9,LGA,Yes,No,
KD-150-R2,PENTA,Yes,133,0,93,40,LGA,Yes,No,
KD-150-R2,ROTA,Yes,35,48,56,27,LGA,Yes,No,
KD-150-R2,PCV,Yes,76,0,29,47,LGA,Yes,Yes,Outreach session held this week
KD-150-R3,BCG,Yes,70,0,50,20,Zipline,Yes,Yes,Outreach session held this week
KD-150-R3,HPV,Yes,30,26,43,13,LGA,Yes,Yes,School-based session (HPV)
KD-150-R3,IPV,Yes,45,57,75,27,LGA,Yes,Yes,Outreach session held this week
KD-150-R3,MR,No,0,0,0,0,LGA,No,No,
KD-150-R3,MEN A,Yes,26,0,10,16,LGA,Yes,Yes,Scheduled routine immunization session
KD-150-R3,MCV,Yes,34,32,44,22,KDHSMA,Yes,Yes,High birth cohort this week
KD-150-R3,OPV,Yes,0,86,31,55,Zipline,Yes,Yes,Scheduled routine immunization session
KD-150-R3,YF,Yes,21,0,6,15,LGA,Yes,Yes,Scheduled routine immunization session
KD-150-R3,PENTA,Yes,93,78,116,55,LGA,Yes,Yes,Scheduled routine immunization session
KD-150-R3,ROTA,Yes,56,0,18,38,KDHSMA,Yes,Yes,School-based session (HPV)
KD-150-R3,PCV,Yes,29,85,86,28,LGA,Yes,No,
KD-150-R4,BCG,Yes,50,0,19,31,Zipline,Yes,Yes,Catch-up campaign
KD-150-R4,HPV,Yes,43,16,47,12,LGA,Yes,Yes,School-based session (HPV)
KD-150-R4,IPV,Yes,75,44,94,25,KDHSMA,Yes,Yes,Outreach session held this week
KD-150-R4,MR,No,0,0,0,0,LGA,No,No,
KD-150-R4,MEN A,No,10,0,0,10,Zipline,No,No,
KD-150-R4,MCV,Yes,44,31,54,21,LGA,Yes,Yes,Scheduled routine immunization session
KD-150-R4,OPV,Yes,31,72,57,46,KDHSMA,Yes,Yes,Outreach session held this week
KD-150-R4,YF,Yes,6,18,8,16,LGA,Yes,Yes,Catch-up campaign
KD-150-R4,PENTA,Yes,116,0,75,41,LGA,Yes,Yes,Outreach session held this week
KD-150-R4,ROTA,No,18,0,0,18,LGA,No,No,
KD-150-R4,PCV,Yes,86,70,114,42,Zipline,Yes,Yes,Scheduled routine immunization session
KD-150-R5,BCG,Yes,19,34,26,27,LGA,Yes,Yes,Scheduled routine immunization session
KD-150-R5,HPV,Yes,47,17,45,19,LGA,Yes,Yes,School-based session (HPV)
KD-150-R5,IPV,Yes,94,0,70,24,LGA,Yes,Yes,Outreach session held this week
KD-150-R5,MR,No,0,0,0,0,KDHSMA,No,Yes,High birth cohort this week
KD-150-R5,MEN A,No,0,0,0,0,KDHSMA,No,Yes,School-based session (HPV)
KD-150-R5,MCV,Yes,54,0,45,9,LGA,Yes,No,
KD-150-R5,OPV,Yes,57,61,73,45,LGA,Yes,Yes,Scheduled routine immunization session
KD-150-R5,YF,Yes,8,15,10,13,LGA,Yes,No,
KD-150-R5,PENTA,Yes,75,0,34,41,KDHSMA,Yes,Yes,Outreach session held this week
KD-150-R5,ROTA,Yes,0,54,24,30,Zipline,Yes,Yes,Scheduled routine immunization session
KD-150-R5,PCV,Yes,114,0,67,47,KDHSMA,Yes,Yes,Scheduled routine immunization session
KD-150-R6,BCG,Yes,26,43,50,19,KDHSMA,No,Yes,Scheduled routine immunization session
KD-150-R6,HPV,Yes,45,22,55,12,LGA,Yes,Yes,Catch-up campaign
KD-150-R6,IPV,Yes,70,48,96,22,LGA,Yes,Yes,Scheduled routine immunization session
KD-150-R6,MR,No,0,0,0,0,LGA,No,Yes,Outreach session held this week
KD-150-R6,MEN A,No,0,0,0,0,LGA,No,No,
KD-150-R6,MCV,Yes,45,22,50,17,KDHSMA,Yes,Yes,Scheduled routine immunization session
KD-150-R6,OPV,Yes,73,0,22,51,LGA,Yes,Yes,Scheduled routine immunization session
KD-150-R6,YF,Yes,10,22,18,14,LGA,Yes,Yes,Outreach session held this week
KD-150-R6,PENTA,Yes,34,62,55,41,KDHSMA,Yes,Yes,Scheduled routine immunization session
KD-150-R6,ROTA,Yes,24,44,36,32,LGA,Yes,Yes,High birth cohort this week
KD-150-R6,PCV,Yes,67,56,76,47,LGA,Yes,Yes,Outreach session held this week
KD-152-R1,BCG,Yes,56,0,36,20,Zipline,Yes,Yes,Scheduled routine immunization session
KD-152-R1,HPV,Yes,14,25,24,15,LGA,Yes,Yes,Outreach session held this week
KD-152-R1,IPV,Yes,13,43,38,18,Zipline,Yes,No,
KD-152-R1,MR,Yes,24,0,6,18,LGA,Yes,Yes,High birth cohort this week
KD-152-R1,MEN A,Yes,31,0,22,9,LGA,Yes,No,
KD-152-R1,MCV,Yes,13,24,20,17,LGA,Yes,Yes,Scheduled routine immunization session
KD-152-R1,OPV,Yes,90,0,49,41,LGA,Yes,Yes,Scheduled routine immunization session
KD-152-R1,YF,Yes,16,23,27,12,Zipline,Yes,No,
KD-152-R1,PENTA,No,0,0,0,0,Zipline,No,Yes,Outreach session held this week
KD-152-R1,ROTA,Yes,53,0,24,29,LGA,Yes,Yes,Catch-up campaign
KD-152-R1,PCV,Yes,56,78,90,44,KDHSMA,Yes,Yes,Scheduled routine immunization session
KD-152-R2,BCG,Yes,36,40,56,20,LGA,Yes,Yes,Outreach session held this week
KD-152-R2,HPV,Yes,24,0,15,9,LGA,Yes,No,
KD-152-R2,IPV,Yes,38,0,12,26,LGA,Yes,Yes,School-based session (HPV)
KD-152-R2,MR,Yes,6,18,6,18,LGA,Yes,Yes,Scheduled routine immunization session
KD-152-R2,MEN A,Yes,22,0,13,9,LGA,Yes,No,
KD-152-R2,MCV,Yes,20,0,9,11,Zipline,Yes,No,
KD-152-R2,OPV,No,49,0,0,49,LGA,No,Yes,Outreach session held this week
KD-152-R2,YF,Yes,27,0,10,17,KDHSMA,Yes,Yes,Outreach session held this week
KD-152-R2,PENTA,No,0,0,0,0,LGA,No,Yes,Scheduled routine immunization session
KD-152-R2,ROTA,Yes,24,31,35,20,LGA,Yes,No,
KD-152-R2,PCV,Yes,90,78,120,48,LGA,No,Yes,Scheduled routine immunization session
KD-152-R3,BCG,Yes,56,30,67,19,Zipline,Yes,Yes,School-based session (HPV)
KD-152-R3,HPV,Yes,15,17,17,15,LGA,Yes,Yes,School-based session (HPV)
KD-152-R3,IPV,No,12,0,0,12,LGA,No,Yes,Scheduled routine immunization session
KD-152-R3,MR,No,6,0,0,6,Zipline,No,No,
KD-152-R3,MEN A,No,13,0,0,13,LGA,No,Yes,Scheduled routine immunization session
KD-152-R3,MCV,No,9,0,0,9,KDHSMA,No,Yes,Scheduled routine immunization session
KD-152-R3,OPV,Yes,0,77,31,46,LGA,Yes,Yes,Scheduled routine immunization session
KD-152-R3,YF,Yes,10,28,21,17,KDHSMA,Yes,Yes,Scheduled routine immunization session
KD-152-R3,PENTA,Yes,0,59,20,39,KDHSMA,Yes,No,
KD-152-R3,ROTA,Yes,35,0,3,32,LGA,No,Yes,School-based session (HPV)
KD-152-R3,PCV,Yes,120,0,77,43,LGA,Yes,Yes,Scheduled routine immunization session
KD-152-R4,BCG,Yes,67,0,47,20,LGA,Yes,Yes,Scheduled routine immunization session
KD-152-R4,HPV,Yes,17,0,8,9,KDHSMA,No,No,
KD-152-R4,IPV,Yes,0,34,9,25,KDHSMA,Yes,Yes,School-based session (HPV)
KD-152-R4,MR,No,0,0,0,0,LGA,No,Yes,Scheduled routine immunization session
KD-152-R4,MEN A,Yes,0,15,4,11,LGA,Yes,No,
KD-152-R4,MCV,No,0,0,0,0,LGA,No,Yes,Catch-up campaign
KD-152-R4,OPV,No,31,0,0,31,LGA,No,Yes,Scheduled routine immunization session
KD-152-R4,YF,Yes,21,0,4,17,LGA,Yes,Yes,Scheduled routine immunization session
KD-152-R4,PENTA,Yes,20,78,55,43,LGA,Yes,Yes,Scheduled routine immunization session
KD-152-R4,ROTA,Yes,3,42,11,34,LGA,Yes,Yes,Scheduled routine immunization session
KD-152-R4,PCV,Yes,77,75,104,48,LGA,Yes,Yes,Outreach session held this week
KD-152-R5,BCG,Yes,47,0,36,11,Zipline,Yes,No,
KD-152-R5,HPV,No,8,0,0,8,LGA,No,Yes,School-based session (HPV)
KD-152-R5,IPV,Yes,9,41,27,23,Zipline,Yes,Yes,Scheduled routine immunization session
KD-152-R5,MR,No,0,0,0,0,Zipline,No,Yes,Catch-up campaign
KD-152-R5,MEN A,Yes,4,17,8,13,Zipline,Yes,Yes,Scheduled routine immunization session
KD-152-R5,MCV,Yes,0,28,7,21,LGA,Yes,Yes,Scheduled routine immunization session
KD-152-R5,OPV,Yes,0,62,16,46,KDHSMA,Yes,Yes,Scheduled routine immunization session
KD-152-R5,YF,Yes,4,33,23,14,LGA,Yes,Yes,Scheduled routine immunization session
KD-152-R5,PENTA,Yes,55,62,75,42,LGA,Yes,Yes,Outreach session held this week
KD-152-R5,ROTA,Yes,11,57,41,27,LGA,Yes,No,
KD-152-R5,PCV,Yes,104,76,144,36,Zipline,Yes,No,
KD-152-R6,BCG,Yes,36,32,47,21,KDHSMA,Yes,Yes,Scheduled routine immunization session
KD-152-R6,HPV,No,0,0,0,0,LGA,No,Yes,School-based session (HPV)
KD-152-R6,IPV,Yes,27,0,6,21,LGA,Yes,Yes,Outreach session held this week
KD-152-R6,MR,Yes,0,24,13,11,KDHSMA,Yes,No,
KD-152-R6,MEN A,Yes,8,21,11,18,LGA,No,Yes,Scheduled routine immunization session
KD-152-R6,MCV,No,7,0,0,7,LGA,No,No,
KD-152-R6,OPV,Yes,16,68,43,41,LGA,Yes,Yes,Outreach session held this week
KD-152-R6,YF,Yes,23,0,12,11,Zipline,Yes,No,
KD-152-R6,PENTA,Yes,75,0,36,39,Zipline,Yes,No,
KD-152-R6,ROTA,Yes,41,0,14,27,KDHSMA,Yes,No,
KD-152-R6,PCV,Yes,144,83,172,55,LGA,Yes,Yes,Scheduled routine immunization session
KD-153-R1,BCG,Yes,47,66,48,65,LGA,Yes,Yes,High birth cohort this week
KD-153-R1,HPV,Yes,72,0,32,40,LGA,Yes,Yes,School-based session (HPV)
KD-153-R1,IPV,Yes,29,94,60,63,LGA,Yes,Yes,Outreach session held this week
KD-153-R1,MR,Yes,93,56,100,49,LGA,Yes,Yes,Outreach session held this week
KD-153-R1,MEN A,Yes,36,48,52,32,LGA,Yes,Yes,Scheduled routine immunization session
KD-153-R1,MCV,Yes,199,64,231,32,LGA,Yes,No,
KD-153-R1,OPV,Yes,291,193,371,113,LGA,Yes,Yes,Scheduled routine immunization session
KD-153-R1,YF,Yes,0,57,8,49,KDHSMA,Yes,Yes,Outreach session held this week
KD-153-R1,PENTA,Yes,248,185,332,101,LGA,Yes,No,
KD-153-R1,ROTA,Yes,150,0,86,64,LGA,Yes,No,
KD-153-R1,PCV,Yes,174,184,254,104,KDHSMA,Yes,Yes,School-based session (HPV)
KD-153-R2,BCG,Yes,48,72,77,43,KDHSMA,Yes,No,
KD-153-R2,HPV,Yes,32,55,57,30,LGA,Yes,Yes,School-based session (HPV)
KD-153-R2,IPV,Yes,60,89,90,59,Zipline,Yes,Yes,Scheduled routine immunization session
KD-153-R2,MR,Yes,100,59,115,44,LGA,Yes,Yes,High birth cohort this week
KD-153-R2,MEN A,Yes,52,0,19,33,LGA,No,Yes,Outreach session held this week
KD-153-R2,MCV,Yes,231,57,255,33,KDHSMA,Yes,No,
KD-153-R2,OPV,Yes,371,169,425,115,KDHSMA,Yes,Yes,Outreach session held this week
KD-153-R2,YF,Yes,8,56,25,39,LGA,Yes,Yes,Scheduled routine immunization session
KD-153-R2,PENTA,Yes,332,174,399,107,LGA,Yes,Yes,Scheduled routine immunization session
KD-153-R2,ROTA,Yes,86,0,30,56,LGA,Yes,No,
KD-153-R2,PCV,Yes,254,0,142,112,LGA,Yes,Yes,Catch-up campaign
KD-153-R3,BCG,Yes,77,82,96,63,KDHSMA,No,Yes,Catch-up campaign
KD-153-R3,HPV,Yes,57,0,28,29,LGA,Yes,Yes,School-based session (HPV)
KD-153-R3,IPV,Yes,90,69,98,61,LGA,No,Yes,Scheduled routine immunization session
KD-153-R3,MR,Yes,115,69,144,40,LGA,Yes,Yes,Scheduled routine immunization session
KD-153-R3,MEN A,Yes,19,54,49,24,LGA,Yes,No,
KD-153-R3,MCV,Yes,255,55,266,44,LGA,Yes,Yes,High birth cohort this week
KD-153-R3,OPV,Yes,425,174,487,112,KDHSMA,Yes,Yes,Scheduled routine immunization session
KD-153-R3,YF,No,25,0,0,25,LGA,No,Yes,Catch-up campaign
KD-153-R3,PENTA,Yes,399,0,279,120,LGA,Yes,Yes,High birth cohort this week
KD-153-R3,ROTA,Yes,30,128,80,78,LGA,Yes,Yes,Scheduled routine immunization session
KD-153-R3,PCV,Yes,142,180,219,103,Zipline,Yes,Yes,Outreach session held this week
KD-153-R4,BCG,Yes,96,91,133,54,Zipline,Yes,Yes,School-based session (HPV)
KD-153-R4,HPV,No,28,0,0,28,LGA,No,Yes,Scheduled routine immunization session
KD-153-R4,IPV,Yes,98,99,130,67,KDHSMA,Yes,Yes,High birth cohort this week
KD-153-R4,MR,Yes,144,0,116,28,Zipline,Yes,No,
KD-153-R4,MEN A,Yes,49,0,17,32,KDHSMA,Yes,Yes,Scheduled routine immunization session
KD-153-R4,MCV,Yes,266,56,271,51,LGA,Yes,Yes,High birth cohort this week
KD-153-R4,OPV,Yes,487,199,544,142,LGA,Yes,Yes,Outreach session held this week
KD-153-R4,YF,Yes,0,68,28,40,LGA,Yes,Yes,Scheduled routine immunization session
KD-153-R4,PENTA,Yes,279,0,164,115,LGA,Yes,Yes,High birth cohort this week
KD-153-R4,ROTA,Yes,80,121,119,82,LGA,Yes,Yes,High birth cohort this week
KD-153-R4,PCV,Yes,219,198,303,114,LGA,Yes,Yes,Outreach session held this week
KD-153-R5,BCG,Yes,133,93,168,58,LGA,Yes,Yes,Scheduled routine immunization session
KD-153-R5,HPV,No,0,0,0,0,KDHSMA,No,Yes,Catch-up campaign
KD-153-R5,IPV,Yes,130,88,163,55,LGA,Yes,Yes,High birth cohort this week
KD-153-R5,MR,Yes,116,50,135,31,LGA,Yes,No,
KD-153-R5,MEN A,No,17,0,0,17,KDHSMA,No,No,
KD-153-R5,MCV,Yes,271,47,280,38,LGA,Yes,Yes,Scheduled routine immunization session
KD-153-R5,OPV,Yes,544,171,596,119,LGA,Yes,Yes,Scheduled routine immunization session
KD-153-R5,YF,No,28,0,0,28,Zipline,No,No,
KD-153-R5,PENTA,Yes,164,183,237,110,LGA,Yes,Yes,Scheduled routine immunization session
KD-153-R5,ROTA,Yes,119,121,156,84,Zipline,Yes,Yes,Outreach session held this week
KD-153-R5,PCV,Yes,303,0,190,113,LGA,Yes,Yes,Scheduled routine immunization session
KD-153-R6,BCG,Yes,168,89,217,40,LGA,Yes,No,
KD-153-R6,HPV,Yes,0,44,7,37,Zipline,No,Yes,School-based session (HPV)
KD-153-R6,IPV,Yes,163,0,108,55,KDHSMA,Yes,Yes,High birth cohort this week
KD-153-R6,MR,Yes,135,63,164,34,LGA,Yes,Yes,Catch-up campaign
KD-153-R6,MEN A,No,0,0,0,0,LGA,No,Yes,Outreach session held this week
KD-153-R6,MCV,Yes,280,0,240,40,LGA,Yes,Yes,Scheduled routine immunization session
KD-153-R6,OPV,Yes,596,197,688,105,KDHSMA,Yes,Yes,High birth cohort this week
KD-153-R6,YF,No,0,0,0,0,LGA,No,Yes,Scheduled routine immunization session
KD-153-R6,PENTA,Yes,237,183,304,116,KDHSMA,Yes,Yes,Scheduled routine immunization session
KD-153-R6,ROTA,Yes,156,132,226,62,LGA,Yes,No,
KD-153-R6,PCV,Yes,190,0,81,109,LGA,Yes,Yes,Scheduled routine immunization session
KD-154-R1,BCG,Yes,23,0,7,16,KDHSMA,Yes,Yes,Scheduled routine immunization session
KD-154-R1,HPV,Yes,0,16,6,10,LGA,Yes,Yes,Catch-up campaign
KD-154-R1,IPV,Yes,29,0,19,10,LGA,Yes,No,
KD-154-R1,MR,Yes,17,15,25,7,LGA,Yes,No,
KD-154-R1,MEN A,Yes,4,13,9,8,KDHSMA,Yes,Yes,Scheduled routine immunization session
KD-154-R1,MCV,Yes,27,18,38,7,LGA,Yes,No,
KD-154-R1,OPV,Yes,40,46,62,24,KDHSMA,Yes,No,
KD-154-R1,YF,Yes,17,10,22,5,Zipline,Yes,No,
KD-154-R1,PENTA,Yes,52,36,53,35,LGA,Yes,Yes,Outreach session held this week
KD-154-R1,ROTA,Yes,35,36,49,22,LGA,Yes,Yes,High birth cohort this week
KD-154-R1,PCV,Yes,45,34,53,26,LGA,Yes,Yes,Scheduled routine immunization session
KD-154-R2,BCG,Yes,7,20,13,14,KDHSMA,Yes,Yes,Outreach session held this week
KD-154-R2,HPV,Yes,6,12,12,6,KDHSMA,Yes,No,
KD-154-R2,IPV,Yes,19,18,19,18,LGA,Yes,Yes,Scheduled routine immunization session
KD-154-R2,MR,Yes,25,14,27,12,LGA,Yes,Yes,Scheduled routine immunization session
KD-154-R2,MEN A,Yes,9,0,2,7,KDHSMA,Yes,Yes,Scheduled routine immunization session
KD-154-R2,MCV,Yes,38,0,29,9,KDHSMA,Yes,Yes,High birth cohort this week
KD-154-R2,OPV,Yes,62,0,25,37,LGA,No,Yes,Outreach session held this week
KD-154-R2,YF,Yes,22,15,31,6,LGA,Yes,No,
KD-154-R2,PENTA,Yes,53,44,70,27,LGA,Yes,Yes,Scheduled routine immunization session
KD-154-R2,ROTA,Yes,49,33,60,22,Zipline,Yes,Yes,School-based session (HPV)
KD-154-R2,PCV,Yes,53,48,80,21,LGA,Yes,No,
KD-154-R3,BCG,No,13,0,0,13,LGA,No,Yes,School-based session (HPV)
KD-154-R3,HPV,Yes,12,0,1,11,KDHSMA,Yes,Yes,Scheduled routine immunization session
KD-154-R3,IPV,Yes,19,0,3,16,LGA,Yes,Yes,Outreach session held this week
KD-154-R3,MR,Yes,27,0,15,12,LGA,No,Yes,Scheduled routine immunization session
KD-154-R3,MEN A,No,2,0,0,2,LGA,No,No,
KD-154-R3,MCV,Yes,29,0,19,10,Zipline,No,Yes,Scheduled routine immunization session
KD-154-R3,OPV,Yes,25,46,34,37,LGA,Yes,Yes,Scheduled routine immunization session
KD-154-R3,YF,Yes,31,0,20,11,Zipline,Yes,Yes,Scheduled routine immunization session
KD-154-R3,PENTA,Yes,70,0,52,18,LGA,Yes,No,
KD-154-R3,ROTA,Yes,60,0,38,22,KDHSMA,Yes,Yes,High birth cohort this week
KD-154-R3,PCV,Yes,80,0,55,25,KDHSMA,No,Yes,Outreach session held this week
KD-154-R4,BCG,No,0,0,0,0,LGA,No,Yes,Scheduled routine immunization session
KD-154-R4,HPV,No,1,0,0,1,KDHSMA,No,Yes,School-based session (HPV)
KD-154-R4,IPV,No,3,0,0,3,LGA,No,Yes,Outreach session held this week
KD-154-R4,MR,Yes,15,12,15,12,LGA,Yes,Yes,Scheduled routine immunization session
KD-154-R4,MEN A,No,0,0,0,0,LGA,No,Yes,Scheduled routine immunization session
KD-154-R4,MCV,Yes,19,0,16,3,Zipline,Yes,No,
KD-154-R4,OPV,Yes,34,0,15,19,LGA,Yes,No,
KD-154-R4,YF,Yes,20,14,29,5,KDHSMA,No,No,
KD-154-R4,PENTA,Yes,52,42,73,21,KDHSMA,Yes,No,
KD-154-R4,ROTA,Yes,38,0,24,14,Zipline,Yes,No,
KD-154-R4,PCV,Yes,55,0,28,27,LGA,Yes,Yes,Scheduled routine immunization session
KD-154-R5,BCG,No,0,0,0,0,LGA,No,No,
KD-154-R5,HPV,No,0,0,0,0,Zipline,No,No,
KD-154-R5,IPV,No,0,0,0,0,KDHSMA,No,No,
KD-154-R5,MR,Yes,15,0,5,10,LGA,Yes,Yes,High birth cohort this week
KD-154-R5,MEN A,No,0,0,0,0,LGA,No,No,
KD-154-R5,MCV,Yes,16,0,7,9,LGA,Yes,Yes,Scheduled routine immunization session
KD-154-R5,OPV,No,15,0,0,15,LGA,No,Yes,School-based session (HPV)
KD-154-R5,YF,Yes,29,13,34,8,KDHSMA,Yes,No,
KD-154-R5,PENTA,Yes,73,50,101,22,LGA,Yes,No,
KD-154-R5,ROTA,Yes,24,0,7,17,LGA,Yes,Yes,Catch-up campaign
KD-154-R5,PCV,Yes,28,41,44,25,KDHSMA,Yes,Yes,Scheduled routine immunization session
KD-154-R6,BCG,No,0,0,0,0,LGA,No,Yes,Scheduled routine immunization session
KD-154-R6,HPV,Yes,0,12,9,3,LGA,Yes,No,
KD-154-R6,IPV,Yes,0,24,10,14,LGA,Yes,Yes,Scheduled routine immunization session
KD-154-R6,MR,No,5,0,0,5,Zipline,No,No,
KD-154-R6,MEN A,No,0,8,0,8,LGA,No,Yes,High birth cohort this week
KD-154-R6,MCV,Yes,7,20,18,9,LGA,Yes,Yes,Scheduled routine immunization session
KD-154-R6,OPV,Yes,0,57,29,28,LGA,Yes,Yes,Outreach session held this week
KD-154-R6,YF,Yes,34,16,39,11,KDHSMA,Yes,Yes,Scheduled routine immunization session
KD-154-R6,PENTA,Yes,101,0,77,24,LGA,Yes,No,
KD-154-R6,ROTA,Yes,7,32,21,18,KDHSMA,Yes,Yes,High birth cohort this week
KD-154-R6,PCV,Yes,44,0,23,21,KDHSMA,Yes,No,
KD-155-R1,BCG,Yes,46,39,72,13,KDHSMA,No,No,
KD-155-R1,HPV,Yes,16,0,2,14,LGA,Yes,Yes,Scheduled routine immunization session
KD-155-R1,IPV,Yes,40,29,47,22,Zipline,Yes,Yes,Scheduled routine immunization session
KD-155-R1,MR,Yes,30,19,30,19,LGA,Yes,Yes,Scheduled routine immunization session
KD-155-R1,MEN A,Yes,30,0,16,14,LGA,Yes,Yes,Scheduled routine immunization session
KD-155-R1,MCV,Yes,47,0,29,18,Zipline,Yes,Yes,School-based session (HPV)
KD-155-R1,OPV,Yes,61,67,78,50,LGA,Yes,Yes,Scheduled routine immunization session
KD-155-R1,YF,No,6,0,0,6,LGA,No,Yes,Scheduled routine immunization session
KD-155-R1,PENTA,Yes,145,75,167,53,Zipline,Yes,Yes,Outreach session held this week
KD-155-R1,ROTA,Yes,9,47,36,20,LGA,Yes,No,
KD-155-R1,PCV,Yes,60,0,15,45,Zipline,Yes,Yes,School-based session (HPV)
KD-155-R2,BCG,Yes,72,21,68,25,Zipline,Yes,Yes,Scheduled routine immunization session
KD-155-R2,HPV,No,2,0,0,2,LGA,No,Yes,Scheduled routine immunization session
KD-155-R2,IPV,Yes,47,0,21,26,LGA,Yes,Yes,Catch-up campaign
KD-155-R2,MR,Yes,30,0,16,14,Zipline,No,Yes,Scheduled routine immunization session
KD-155-R2,MEN A,Yes,16,18,21,13,Zipline,Yes,Yes,Scheduled routine immunization session
KD-155-R2,MCV,Yes,29,0,15,14,LGA,Yes,Yes,High birth cohort this week
KD-155-R2,OPV,Yes,78,0,42,36,LGA,Yes,No,
KD-155-R2,YF,No,0,0,0,0,Zipline,No,No,
KD-155-R2,PENTA,Yes,167,0,128,39,Zipline,Yes,No,
KD-155-R2,ROTA,No,36,0,0,36,LGA,No,Yes,Catch-up campaign
KD-155-R2,PCV,No,15,0,0,15,KDHSMA,No,Yes,Scheduled routine immunization session
KD-155-R3,BCG,Yes,68,0,51,17,KDHSMA,Yes,No,
KD-155-R3,HPV,No,0,0,0,0,LGA,No,Yes,School-based session (HPV)
KD-155-R3,IPV,No,21,0,0,21,LGA,No,Yes,Outreach session held this week
KD-155-R3,MR,Yes,16,29,33,12,LGA,Yes,No,
KD-155-R3,MEN A,Yes,21,0,11,10,KDHSMA,Yes,No,
KD-155-R3,MCV,Yes,15,29,21,23,KDHSMA,Yes,Yes,Outreach session held this week
KD-155-R3,OPV,No,42,0,0,42,LGA,No,Yes,Outreach session held this week
KD-155-R3,YF,No,0,0,0,0,Zipline,No,Yes,Scheduled routine immunization session
KD-155-R3,PENTA,Yes,128,0,80,48,KDHSMA,Yes,Yes,Outreach session held this week
KD-155-R3,ROTA,No,0,0,0,0,LGA,No,Yes,Scheduled routine immunization session
KD-155-R3,PCV,No,0,0,0,0,LGA,No,Yes,Scheduled routine immunization session
KD-155-R4,BCG,Yes,51,0,26,25,KDHSMA,Yes,Yes,Scheduled routine immunization session
KD-155-R4,HPV,Yes,0,22,13,9,KDHSMA,Yes,No,
KD-155-R4,IPV,No,0,0,0,0,LGA,No,Yes,Scheduled routine immunization session
KD-155-R4,MR,Yes,33,0,24,9,LGA,Yes,No,
KD-155-R4,MEN A,Yes,11,0,2,9,KDHSMA,Yes,No,
KD-155-R4,MCV,Yes,21,26,31,16,LGA,Yes,Yes,Scheduled routine immunization session
KD-155-R4,OPV,No,0,0,0,0,LGA,No,Yes,Scheduled routine immunization session
KD-155-R4,YF,Yes,0,20,13,7,LGA,Yes,No,
KD-155-R4,PENTA,Yes,80,63,91,52,LGA,Yes,Yes,Scheduled routine immunization session
KD-155-R4,ROTA,No,0,0,0,0,KDHSMA,No,No,
KD-155-R4,PCV,No,0,0,0,0,LGA,No,Yes,Scheduled routine immunization session
KD-155-R5,BCG,Yes,26,0,7,19,KDHSMA,No,Yes,High birth cohort this week
KD-155-R5,HPV,No,13,0,0,13,LGA,No,Yes,School-based session (HPV)
KD-155-R5,IPV,Yes,0,33,7,26,LGA,Yes,Yes,Outreach session held this week
KD-155-R5,MR,Yes,24,0,5,19,Zipline,Yes,Yes,Scheduled routine immunization session
KD-155-R5,MEN A,No,2,0,0,2,LGA,No,No,
KD-155-R5,MCV,Yes,31,22,37,16,LGA,Yes,Yes,High birth cohort this week
KD-155-R5,OPV,Yes,0,79,41,38,KDHSMA,Yes,No,
KD-155-R5,YF,Yes,13,26,28,11,LGA,No,No,
KD-155-R5,PENTA,Yes,91,65,101,55,KDHSMA,Yes,Yes,School-based session (HPV)
KD-155-R5,ROTA,No,0,0,0,0,LGA,No,Yes,High birth cohort this week
KD-155-R5,PCV,No,0,0,0,0,LGA,No,Yes,High birth cohort this week
KD-155-R6,BCG,No,7,0,0,7,LGA,No,Yes,Scheduled routine immunization session
KD-155-R6,HPV,No,0,0,0,0,LGA,No,Yes,School-based session (HPV)
KD-155-R6,IPV,Yes,7,33,19,21,LGA,Yes,Yes,Catch-up campaign
KD-155-R6,MR,Yes,5,28,18,15,KDHSMA,Yes,Yes,Scheduled routine immunization session
KD-155-R6,MEN A,No,0,13,0,13,LGA,No,Yes,Scheduled routine immunization session
KD-155-R6,MCV,Yes,37,0,24,13,LGA,Yes,No,
KD-155-R6,OPV,Yes,41,65,71,35,LGA,Yes,No,
KD-155-R6,YF,Yes,28,0,5,23,LGA,Yes,Yes,Scheduled routine immunization session
KD-155-R6,PENTA,Yes,101,79,126,54,LGA,Yes,Yes,Scheduled routine immunization session
KD-155-R6,ROTA,Yes,0,46,13,33,LGA,Yes,Yes,High birth cohort this week
KD-155-R6,PCV,Yes,0,73,25,48,Zipline,Yes,Yes,Scheduled routine immunization session
KD-156-R1,BCG,Yes,164,0,109,55,LGA,Yes,Yes,Scheduled routine immunization session
KD-156-R1,HPV,Yes,139,0,118,21,Zipline,Yes,No,
KD-156-R1,IPV,Yes,156,104,197,63,LGA,Yes,Yes,School-based session (HPV)
KD-156-R1,MR,Yes,210,51,232,29,Zipline,Yes,No,
KD-156-R1,MEN A,Yes,62,49,83,28,KDHSMA,Yes,No,
KD-156-R1,MCV,Yes,118,0,82,36,LGA,Yes,Yes,Outreach session held this week
KD-156-R1,OPV,Yes,147,0,29,118,Zipline,No,Yes,Scheduled routine immunization session
KD-156-R1,YF,Yes,115,0,80,35,LGA,Yes,Yes,Scheduled routine immunization session
KD-156-R1,PENTA,Yes,0,196,72,124,LGA,Yes,Yes,Catch-up campaign
KD-156-R1,ROTA,Yes,249,117,278,88,Zipline,Yes,Yes,Scheduled routine immunization session
KD-156-R1,PCV,Yes,0,214,109,105,LGA,Yes,Yes,Outreach session held this week
KD-156-R2,BCG,Yes,109,0,73,36,KDHSMA,Yes,No,
KD-156-R2,HPV,Yes,118,0,89,29,Zipline,Yes,Yes,Catch-up campaign
KD-156-R2,IPV,Yes,197,89,231,55,Zipline,Yes,Yes,Scheduled routine immunization session
KD-156-R2,MR,Yes,232,0,187,45,KDHSMA,Yes,Yes,Scheduled routine immunization session
KD-156-R2,MEN A,Yes,83,0,51,32,LGA,Yes,Yes,Scheduled routine immunization session
KD-156-R2,MCV,Yes,82,62,92,52,KDHSMA,Yes,Yes,Scheduled routine immunization session
KD-156-R2,OPV,Yes,29,166,75,120,LGA,Yes,Yes,Outreach session held this week
KD-156-R2,YF,Yes,80,56,99,37,LGA,Yes,Yes,Scheduled routine immunization session
KD-156-R2,PENTA,No,72,0,0,72,LGA,No,Yes,Scheduled routine immunization session
KD-156-R2,ROTA,Yes,278,118,319,77,LGA,Yes,Yes,School-based session (HPV)
KD-156-R2,PCV,Yes,109,0,2,107,LGA,Yes,Yes,Scheduled routine immunization session
KD-156-R3,BCG,Yes,73,0,21,52,LGA,Yes,Yes,Scheduled routine immunization session
KD-156-R3,HPV,Yes,89,0,59,30,KDHSMA,Yes,Yes,Scheduled routine immunization session
KD-156-R3,IPV,Yes,231,0,176,55,Zipline,Yes,Yes,Outreach session held this week
KD-156-R3,MR,Yes,187,51,207,31,LGA,Yes,No,
KD-156-R3,MEN A,Yes,51,0,7,44,LGA,Yes,Yes,High birth cohort this week
KD-156-R3,MCV,Yes,92,63,125,30,LGA,Yes,No,
KD-156-R3,OPV,No,75,0,0,75,LGA,No,Yes,Scheduled routine immunization session
KD-156-R3,YF,Yes,99,0,62,37,Zipline,Yes,Yes,Scheduled routine immunization session
KD-156-R3,PENTA,No,0,0,0,0,LGA,No,Yes,School-based session (HPV)
KD-156-R3,ROTA,Yes,319,118,351,86,LGA,Yes,Yes,Scheduled routine immunization session
KD-156-R3,PCV,Yes,2,205,113,94,LGA,Yes,No,
KD-156-R4,BCG,No,21,0,0,21,LGA,No,No,
KD-156-R4,HPV,Yes,59,0,29,30,LGA,Yes,Yes,Scheduled routine immunization session
KD-156-R4,IPV,Yes,176,95,214,57,KDHSMA,Yes,Yes,Catch-up campaign
KD-156-R4,MR,Yes,207,0,176,31,KDHSMA,Yes,No,
KD-156-R4,MEN A,Yes,7,44,25,26,LGA,Yes,No,
KD-156-R4,MCV,Yes,125,49,140,34,LGA,Yes,Yes,Outreach session held this week
KD-156-R4,OPV,Yes,0,175,73,102,LGA,Yes,Yes,Scheduled routine immunization session
KD-156-R4,YF,Yes,62,0,22,40,Zipline,Yes,Yes,Scheduled routine immunization session
KD-156-R4,PENTA,Yes,0,182,74,108,LGA,Yes,Yes,Scheduled routine immunization session
KD-156-R4,ROTA,Yes,351,0,289,62,Zipline,Yes,No,
KD-156-R4,PCV,Yes,113,179,189,103,Zipline,Yes,Yes,Outreach session held this week
KD-156-R5,BCG,Yes,0,77,38,39,LGA,Yes,No,
KD-156-R5,HPV,Yes,29,54,57,26,LGA,No,No,
KD-156-R5,IPV,Yes,214,101,259,56,LGA,Yes,Yes,Scheduled routine immunization session
KD-156-R5,MR,Yes,176,52,186,42,KDHSMA,No,Yes,Outreach session held this week
KD-156-R5,MEN A,Yes,25,54,55,24,LGA,Yes,No,
KD-156-R5,MCV,Yes,140,58,158,40,LGA,Yes,Yes,High birth cohort this week
KD-156-R5,OPV,Yes,73,168,118,123,LGA,Yes,Yes,Outreach session held this week
KD-156-R5,YF,Yes,22,58,35,45,KDHSMA,Yes,Yes,Scheduled routine immunization session
KD-156-R5,PENTA,Yes,74,199,156,117,KDHSMA,No,Yes,High birth cohort this week
KD-156-R5,ROTA,Yes,289,126,348,67,LGA,Yes,No,
KD-156-R5,PCV,Yes,189,214,299,104,LGA,Yes,Yes,High birth cohort this week
KD-156-R6,BCG,No,38,0,0,38,LGA,No,Yes,Scheduled routine immunization session
KD-156-R6,HPV,Yes,57,0,23,34,KDHSMA,Yes,Yes,School-based session (HPV)
KD-156-R6,IPV,Yes,259,0,198,61,Zipline,Yes,Yes,School-based session (HPV)
KD-156-R6,MR,Yes,186,59,206,39,KDHSMA,Yes,Yes,Outreach session held this week
KD-156-R6,MEN A,Yes,55,0,31,24,LGA,Yes,No,
KD-156-R6,MCV,Yes,158,54,175,37,KDHSMA,Yes,Yes,Scheduled routine immunization session
KD-156-R6,OPV,Yes,118,166,186,98,LGA,Yes,No,
KD-156-R6,YF,Yes,35,58,59,34,LGA,Yes,Yes,Outreach session held this week
KD-156-R6,PENTA,Yes,156,159,210,105,LGA,Yes,Yes,Outreach session held this week
KD-156-R6,ROTA,Yes,348,112,379,81,LGA,Yes,Yes,Scheduled routine immunization session
KD-156-R6,PCV,Yes,299,169,354,114,LGA,Yes,Yes,Catch-up campaign
KD-157-R1,BCG,Yes,57,29,66,20,LGA,Yes,Yes,Scheduled routine immunization session
KD-157-R1,HPV,Yes,19,0,8,11,LGA,Yes,No,
KD-157-R1,IPV,Yes,31,27,28,30,LGA,Yes,Yes,Scheduled routine immunization session
KD-157-R1,MR,Yes,2,29,19,12,LGA,Yes,No,
KD-157-R1,MEN A,Yes,28,21,41,8,KDHSMA,Yes,No,
KD-157-R1,MCV,Yes,12,22,21,13,LGA,Yes,No,
KD-157-R1,OPV,Yes,133,66,155,44,LGA,Yes,Yes,Scheduled routine immunization session
KD-157-R1,YF,Yes,42,26,55,13,KDHSMA,Yes,No,
KD-157-R1,PENTA,Yes,17,76,43,50,LGA,Yes,Yes,Scheduled routine immunization session
KD-157-R1,ROTA,Yes,67,46,82,31,KDHSMA,Yes,Yes,Scheduled routine immunization session
KD-157-R1,PCV,Yes,43,89,91,41,LGA,Yes,Yes,Scheduled routine immunization session
KD-157-R2,BCG,Yes,66,33,75,24,LGA,Yes,Yes,Scheduled routine immunization session
KD-157-R2,HPV,Yes,8,19,20,7,LGA,Yes,No,
KD-157-R2,IPV,Yes,28,36,31,33,Zipline,Yes,Yes,Scheduled routine immunization session
KD-157-R2,MR,Yes,19,0,4,15,KDHSMA,Yes,Yes,Outreach session held this week
KD-157-R2,MEN A,Yes,41,21,41,21,LGA,Yes,Yes,Outreach session held this week
KD-157-R2,MCV,Yes,21,20,24,17,LGA,Yes,Yes,Scheduled routine immunization session
KD-157-R2,OPV,Yes,155,74,192,37,LGA,Yes,No,
KD-157-R2,YF,Yes,55,26,71,10,LGA,Yes,No,
KD-157-R2,PENTA,Yes,43,47,44,46,LGA,Yes,Yes,Scheduled routine immunization session
KD-157-R2,ROTA,Yes,82,0,52,30,Zipline,Yes,Yes,School-based session (HPV)
KD-157-R2,PCV,Yes,91,0,48,43,LGA,Yes,Yes,Outreach session held this week
KD-157-R3,BCG,Yes,75,32,87,20,Zipline,Yes,Yes,Scheduled routine immunization session
KD-157-R3,HPV,Yes,20,0,10,10,LGA,Yes,No,
KD-157-R3,IPV,Yes,31,39,56,14,KDHSMA,Yes,No,
KD-157-R3,MR,No,4,0,0,4,LGA,No,No,
KD-157-R3,MEN A,Yes,41,0,34,7,LGA,Yes,No,
KD-157-R3,MCV,Yes,24,27,36,15,LGA,Yes,Yes,Catch-up campaign
KD-157-R3,OPV,Yes,192,0,158,34,KDHSMA,Yes,No,
KD-157-R3,YF,Yes,71,27,86,12,LGA,Yes,No,
KD-157-R3,PENTA,Yes,44,79,72,51,LGA,Yes,Yes,Outreach session held this week
KD-157-R3,ROTA,Yes,52,0,31,21,LGA,Yes,No,
KD-157-R3,PCV,Yes,48,71,57,62,LGA,Yes,Yes,Outreach session held this week
KD-157-R4,BCG,Yes,87,29,99,17,LGA,Yes,No,
KD-157-R4,HPV,Yes,10,0,1,9,LGA,Yes,No,
KD-157-R4,IPV,Yes,56,0,35,21,LGA,Yes,Yes,Scheduled routine immunization session
KD-157-R4,MR,No,0,0,0,0,Zipline,No,Yes,Scheduled routine immunization session
KD-157-R4,MEN A,Yes,34,19,39,14,LGA,Yes,Yes,Outreach session held this week
KD-157-R4,MCV,Yes,36,17,37,16,LGA,Yes,Yes,Catch-up campaign
KD-157-R4,OPV,Yes,158,70,183,45,Zipline,Yes,Yes,High birth cohort this week
KD-157-R4,YF,Yes,86,27,94,19,LGA,Yes,Yes,Scheduled routine immunization session
KD-157-R4,PENTA,Yes,72,74,96,50,Zipline,Yes,Yes,High birth cohort this week
KD-157-R4,ROTA,Yes,31,45,45,31,LGA,Yes,Yes,High birth cohort this week
KD-157-R4,PCV,Yes,57,0,5,52,LGA,No,Yes,Scheduled routine immunization session
KD-157-R5,BCG,Yes,99,0,79,20,LGA,Yes,Yes,Outreach session held this week
KD-157-R5,HPV,Yes,1,20,11,10,LGA,Yes,No,
KD-157-R5,IPV,Yes,35,30,42,23,LGA,No,Yes,High birth cohort this week
KD-157-R5,MR,No,0,0,0,0,LGA,No,Yes,Catch-up campaign
KD-157-R5,MEN A,Yes,39,0,31,8,LGA,Yes,No,
KD-157-R5,MCV,Yes,37,0,23,14,LGA,Yes,Yes,Outreach session held this week
KD-157-R5,OPV,Yes,183,83,228,38,LGA,Yes,No,
KD-157-R5,YF,Yes,94,0,80,14,Zipline,Yes,Yes,Scheduled routine immunization session
KD-157-R5,PENTA,Yes,96,0,42,54,KDHSMA,Yes,Yes,Scheduled routine immunization session
KD-157-R5,ROTA,Yes,45,54,63,36,KDHSMA,Yes,Yes,Outreach session held this week
KD-157-R5,PCV,No,5,0,0,5,LGA,No,No,
KD-157-R6,BCG,Yes,79,30,91,18,KDHSMA,Yes,No,
KD-157-R6,HPV,No,11,0,0,11,LGA,No,Yes,Outreach session held this week
KD-157-R6,IPV,Yes,42,33,55,20,LGA,Yes,No,
KD-157-R6,MR,No,0,0,0,0,LGA,No,Yes,Scheduled routine immunization session
KD-157-R6,MEN A,Yes,31,13,24,20,LGA,Yes,Yes,Scheduled routine immunization session
KD-157-R6,MCV,Yes,23,0,6,17,Zipline,Yes,Yes,Scheduled routine immunization session
KD-157-R6,OPV,Yes,228,0,182,46,LGA,No,Yes,Outreach session held this week
KD-157-R6,YF,Yes,80,23,89,14,KDHSMA,Yes,Yes,Scheduled routine immunization session
KD-157-R6,PENTA,No,42,0,0,42,LGA,No,Yes,High birth cohort this week
KD-157-R6,ROTA,Yes,63,43,72,34,LGA,No,Yes,Scheduled routine immunization session
KD-157-R6,PCV,No,0,0,0,0,LGA,No,Yes,High birth cohort this week
KD-158-R1,BCG,Yes,21,0,9,12,KDHSMA,Yes,Yes,Outreach session held this week
KD-158-R1,HPV,Yes,21,0,12,9,LGA,Yes,Yes,School-based session (HPV)
KD-158-R1,IPV,Yes,15,0,6,9,KDHSMA,Yes,No,
KD-158-R1,MR,Yes,14,0,7,7,Zipline,Yes,No,
KD-158-R1,MEN A,Yes,11,7,12,6,LGA,Yes,No,
KD-158-R1,MCV,Yes,33,18,40,11,LGA,No,Yes,Scheduled routine immunization session
KD-158-R1,OPV,No,0,0,0,0,LGA,No,Yes,Outreach session held this week
KD-158-R1,YF,No,0,11,0,11,LGA,No,Yes,Scheduled routine immunization session
KD-158-R1,PENTA,Yes,56,47,74,29,LGA,Yes,Yes,School-based session (HPV)
KD-158-R1,ROTA,Yes,21,22,33,10,LGA,Yes,No,
KD-158-R1,PCV,Yes,43,33,36,40,KDHSMA,Yes,Yes,Scheduled routine immunization session
KD-158-R2,BCG,No,9,0,0,9,LGA,No,Yes,Scheduled routine immunization session
KD-158-R2,HPV,Yes,12,0,5,7,LGA,Yes,Yes,Catch-up campaign
KD-158-R2,IPV,No,6,0,0,6,LGA,No,No,
KD-158-R2,MR,Yes,7,15,10,12,KDHSMA,Yes,Yes,Scheduled routine immunization session
KD-158-R2,MEN A,Yes,12,16,21,7,LGA,Yes,Yes,High birth cohort this week
KD-158-R2,MCV,Yes,40,0,32,8,LGA,Yes,No,
KD-158-R2,OPV,Yes,0,42,17,25,LGA,Yes,Yes,School-based session (HPV)
KD-158-R2,YF,Yes,0,17,10,7,LGA,Yes,No,
KD-158-R2,PENTA,Yes,74,48,89,33,LGA,Yes,Yes,Scheduled routine immunization session
KD-158-R2,ROTA,Yes,33,35,57,11,LGA,Yes,No,
KD-158-R2,PCV,Yes,36,27,39,24,LGA,Yes,No,
KD-158-R3,BCG,No,0,0,0,0,Zipline,No,No,
KD-158-R3,HPV,No,5,0,0,5,Zipline,No,Yes,Outreach session held this week
KD-158-R3,IPV,Yes,0,21,14,7,KDHSMA,Yes,No,
KD-158-R3,MR,Yes,10,18,22,6,LGA,Yes,No,
KD-158-R3,MEN A,Yes,21,0,15,6,KDHSMA,Yes,No,
KD-158-R3,MCV,Yes,32,0,21,11,Zipline,Yes,Yes,Outreach session held this week
KD-158-R3,OPV,Yes,17,44,36,25,Zipline,Yes,Yes,Scheduled routine immunization session
KD-158-R3,YF,Yes,10,21,25,6,Zipline,Yes,No,
KD-158-R3,PENTA,Yes,89,0,63,26,LGA,Yes,Yes,Outreach session held this week
KD-158-R3,ROTA,Yes,57,25,61,21,LGA,Yes,Yes,Catch-up campaign
KD-158-R3,PCV,Yes,39,31,46,24,LGA,Yes,No,
KD-158-R4,BCG,No,0,0,0,0,LGA,No,Yes,Outreach session held this week
KD-158-R4,HPV,No,0,0,0,0,KDHSMA,No,No,
KD-158-R4,IPV,No,14,0,0,14,Zipline,No,Yes,Scheduled routine immunization session
KD-158-R4,MR,Yes,22,0,17,5,Zipline,Yes,No,
KD-158-R4,MEN A,Yes,15,0,9,6,KDHSMA,Yes,No,
KD-158-R4,MCV,Yes,21,11,26,6,LGA,Yes,No,
KD-158-R4,OPV,Yes,36,0,10,26,KDHSMA,Yes,Yes,Scheduled routine immunization session
KD-158-R4,YF,Yes,25,13,31,7,LGA,Yes,No,
KD-158-R4,PENTA,Yes,63,0,30,33,LGA,Yes,Yes,High birth cohort this week
KD-158-R4,ROTA,Yes,61,30,75,16,LGA,Yes,No,
KD-158-R4,PCV,Yes,46,0,26,20,KDHSMA,Yes,No,
KD-158-R5,BCG,No,0,0,0,0,LGA,No,Yes,Scheduled routine immunization session
KD-158-R5,HPV,Yes,0,14,8,6,LGA,Yes,No,
KD-158-R5,IPV,Yes,0,32,13,19,LGA,Yes,Yes,Scheduled routine immunization session
KD-158-R5,MR,Yes,17,21,29,9,KDHSMA,Yes,Yes,Outreach session held this week
KD-158-R5,MEN A,Yes,9,0,4,5,LGA,Yes,No,
KD-158-R5,MCV,Yes,26,0,19,7,LGA,No,No,
KD-158-R5,OPV,No,10,0,0,10,KDHSMA,No,Yes,Scheduled routine immunization session
KD-158-R5,YF,Yes,31,10,35,6,LGA,Yes,No,
KD-158-R5,PENTA,No,30,0,0,30,LGA,No,Yes,Scheduled routine immunization session
KD-158-R5,ROTA,Yes,75,33,86,22,LGA,Yes,Yes,Scheduled routine immunization session
KD-158-R5,PCV,No,26,0,0,26,KDHSMA,No,Yes,Scheduled routine immunization session
KD-158-R6,BCG,Yes,0,18,9,9,Zipline,Yes,No,
KD-158-R6,HPV,Yes,8,0,1,7,LGA,Yes,Yes,Catch-up campaign
KD-158-R6,IPV,No,13,0,0,13,KDHSMA,No,Yes,Catch-up campaign
KD-158-R6,MR,Yes,29,0,22,7,LGA,Yes,No,
KD-158-R6,MEN A,No,4,0,0,4,Zipline,No,Yes,Scheduled routine immunization session
KD-158-R6,MCV,Yes,19,16,29,6,LGA,Yes,No,
KD-158-R6,OPV,No,0,0,0,0,LGA,No,Yes,Catch-up campaign
KD-158-R6,YF,Yes,35,0,26,9,KDHSMA,Yes,Yes,Scheduled routine immunization session
KD-158-R6,PENTA,No,0,0,0,0,Zipline,No,Yes,Catch-up campaign
KD-158-R6,ROTA,Yes,86,0,64,22,LGA,Yes,Yes,Scheduled routine immunization session
KD-158-R6,PCV,No,0,0,0,0,LGA,No,Yes,Scheduled routine immunization session
KD-159-R1,BCG,Yes,339,73,357,55,LGA,Yes,Yes,Outreach session held this week
KD-159-R1,HPV,Yes,47,56,71,32,LGA,No,Yes,School-based session (HPV)
KD-159-R1,IPV,Yes,219,96,254,61,KDHSMA,Yes,Yes,Scheduled routine immunization session
KD-159-R1,MR,Yes,65,0,31,34,LGA,Yes,Yes,Scheduled routine immunization session
KD-159-R1,MEN A,No,18,0,0,18,LGA,No,Yes,Scheduled routine immunization session
KD-159-R1,MCV,Yes,132,0,117,15,LGA,Yes,No,
KD-159-R1,OPV,Yes,271,184,346,109,LGA,Yes,Yes,Scheduled routine immunization session
KD-159-R1,YF,Yes,160,0,123,37,Zipline,Yes,Yes,School-based session (HPV)
KD-159-R1,PENTA,Yes,337,163,375,125,LGA,Yes,Yes,Scheduled routine immunization session
KD-159-R1,ROTA,No,0,0,0,0,LGA,No,Yes,Scheduled routine immunization session
KD-159-R1,PCV,Yes,462,0,351,111,LGA,Yes,Yes,Scheduled routine immunization session
KD-159-R2,BCG,Yes,357,81,391,47,LGA,Yes,Yes,Outreach session held this week
KD-159-R2,HPV,Yes,71,0,44,27,KDHSMA,Yes,No,
KD-159-R2,IPV,Yes,254,0,201,53,LGA,Yes,Yes,Scheduled routine immunization session
KD-159-R2,MR,No,31,0,0,31,LGA,No,Yes,Scheduled routine immunization session
KD-159-R2,MEN A,No,0,0,0,0,LGA,No,Yes,Outreach session held this week
KD-159-R2,MCV,Yes,117,50,124,43,LGA,Yes,Yes,Outreach session held this week
KD-159-R2,OPV,Yes,346,0,237,109,LGA,Yes,Yes,School-based session (HPV)
KD-159-R2,YF,Yes,123,57,146,34,LGA,Yes,Yes,Scheduled routine immunization session
KD-159-R2,PENTA,Yes,375,0,271,104,KDHSMA,Yes,Yes,Catch-up campaign
KD-159-R2,ROTA,Yes,0,124,56,68,LGA,Yes,Yes,Scheduled routine immunization session
KD-159-R2,PCV,Yes,351,0,231,120,LGA,Yes,Yes,Scheduled routine immunization session
KD-159-R3,BCG,Yes,391,69,414,46,LGA,Yes,Yes,School-based session (HPV)
KD-159-R3,HPV,Yes,44,0,13,31,LGA,Yes,Yes,Scheduled routine immunization session
KD-159-R3,IPV,Yes,201,0,119,82,LGA,No,Yes,Scheduled routine immunization session
KD-159-R3,MR,No,0,0,0,0,Zipline,No,No,
KD-159-R3,MEN A,Yes,0,45,26,19,LGA,No,No,
KD-159-R3,MCV,Yes,124,59,151,32,LGA,Yes,No,
KD-159-R3,OPV,Yes,237,0,149,88,LGA,Yes,No,
KD-159-R3,YF,Yes,146,0,109,37,LGA,No,Yes,Outreach session held this week
KD-159-R3,PENTA,Yes,271,0,154,117,Zipline,Yes,Yes,Catch-up campaign
KD-159-R3,ROTA,No,56,0,0,56,KDHSMA,No,No,
KD-159-R3,PCV,Yes,231,194,319,106,LGA,Yes,Yes,Scheduled routine immunization session
KD-159-R4,BCG,Yes,414,64,438,40,LGA,Yes,No,
KD-159-R4,HPV,No,13,0,0,13,LGA,No,Yes,Scheduled routine immunization session
KD-159-R4,IPV,Yes,119,81,140,60,LGA,No,Yes,Scheduled routine immunization session
KD-159-R4,MR,Yes,0,69,29,40,LGA,Yes,Yes,Scheduled routine immunization session
KD-159-R4,MEN A,Yes,26,50,41,35,Zipline,Yes,Yes,Scheduled routine immunization session
KD-159-R4,MCV,Yes,151,64,164,51,LGA,Yes,Yes,Scheduled routine immunization session
KD-159-R4,OPV,Yes,149,183,223,109,KDHSMA,Yes,Yes,Outreach session held this week
KD-159-R4,YF,Yes,109,64,128,45,LGA,Yes,Yes,Scheduled routine immunization session
KD-159-R4,PENTA,Yes,154,0,33,121,LGA,Yes,Yes,Catch-up campaign
KD-159-R4,ROTA,Yes,0,130,59,71,LGA,Yes,Yes,Scheduled routine immunization session
KD-159-R4,PCV,Yes,319,169,375,113,KDHSMA,Yes,Yes,Catch-up campaign
KD-159-R5,BCG,Yes,438,0,384,54,KDHSMA,Yes,Yes,Catch-up campaign
KD-159-R5,HPV,Yes,0,49,14,35,KDHSMA,Yes,Yes,Scheduled routine immunization session
KD-159-R5,IPV,Yes,140,0,76,64,LGA,Yes,Yes,Scheduled routine immunization session
KD-159-R5,MR,No,29,0,0,29,LGA,No,No,
KD-159-R5,MEN A,Yes,41,60,66,35,KDHSMA,Yes,Yes,Outreach session held this week
KD-159-R5,MCV,Yes,164,0,125,39,KDHSMA,Yes,Yes,Scheduled routine immunization session
KD-159-R5,OPV,Yes,223,197,329,91,KDHSMA,Yes,No,
KD-159-R5,YF,Yes,128,62,151,39,LGA,Yes,Yes,Scheduled routine immunization session
KD-159-R5,PENTA,No,33,0,0,33,LGA,No,No,
KD-159-R5,ROTA,No,59,0,0,59,LGA,No,Yes,Outreach session held this week
KD-159-R5,PCV,Yes,375,167,447,95,KDHSMA,Yes,No,
KD-159-R6,BCG,Yes,384,70,403,51,KDHSMA,Yes,Yes,Outreach session held this week
KD-159-R6,HPV,Yes,14,48,25,37,Zipline,Yes,Yes,School-based session (HPV)
KD-159-R6,IPV,Yes,76,0,14,62,LGA,Yes,Yes,Scheduled routine immunization session
KD-159-R6,MR,No,0,0,0,0,LGA,No,No,
KD-159-R6,MEN A,Yes,66,0,32,34,Zipline,Yes,Yes,Scheduled routine immunization session
KD-159-R6,MCV,Yes,125,57,139,43,LGA,Yes,Yes,Scheduled routine immunization session
KD-159-R6,OPV,Yes,329,0,201,128,Zipline,Yes,Yes,Scheduled routine immunization session
KD-159-R6,YF,Yes,151,0,119,32,LGA,Yes,No,
KD-159-R6,PENTA,Yes,0,196,81,115,KDHSMA,Yes,Yes,Scheduled routine immunization session
KD-159-R6,ROTA,No,0,0,0,0,LGA,No,No,
KD-159-R6,PCV,Yes,447,170,459,158,Zipline,Yes,Yes,Outreach session held this week
KD-160-R1,BCG,Yes,34,0,21,13,LGA,Yes,No,
KD-160-R1,HPV,No,0,0,0,0,LGA,No,No,
KD-160-R1,IPV,Yes,25,38,38,25,LGA,Yes,Yes,Scheduled routine immunization session
KD-160-R1,MR,No,0,0,0,0,LGA,No,Yes,Scheduled routine immunization session
KD-160-R1,MEN A,Yes,28,0,17,11,LGA,Yes,No,
KD-160-R1,MCV,No,12,0,0,12,KDHSMA,No,No,
KD-160-R1,OPV,Yes,86,85,137,34,KDHSMA,Yes,No,
KD-160-R1,YF,Yes,17,26,30,13,KDHSMA,Yes,No,
KD-160-R1,PENTA,Yes,82,83,117,48,LGA,Yes,Yes,Scheduled routine immunization session
KD-160-R1,ROTA,Yes,30,0,3,27,LGA,Yes,No,
KD-160-R1,PCV,Yes,76,71,96,51,LGA,Yes,Yes,Scheduled routine immunization session
KD-160-R2,BCG,No,21,0,0,21,LGA,No,Yes,Outreach session held this week
KD-160-R2,HPV,Yes,0,13,4,9,LGA,Yes,No,
KD-160-R2,IPV,Yes,38,41,59,20,Zipline,Yes,No,
KD-160-R2,MR,No,0,0,0,0,KDHSMA,No,No,
KD-160-R2,MEN A,Yes,17,0,5,12,LGA,Yes,Yes,Outreach session held this week
KD-160-R2,MCV,No,0,0,0,0,KDHSMA,No,No,
KD-160-R2,OPV,Yes,137,66,163,40,LGA,Yes,No,
KD-160-R2,YF,Yes,30,28,46,12,LGA,Yes,No,
KD-160-R2,PENTA,Yes,117,0,66,51,LGA,Yes,Yes,Scheduled routine immunization session
KD-160-R2,ROTA,No,3,0,0,3,Zipline,No,Yes,Scheduled routine immunization session
KD-160-R2,PCV,Yes,96,72,111,57,LGA,Yes,Yes,Scheduled routine immunization session
KD-160-R3,BCG,Yes,0,35,14,21,KDHSMA,Yes,Yes,Scheduled routine immunization session
KD-160-R3,HPV,No,4,0,0,4,KDHSMA,No,Yes,Scheduled routine immunization session
KD-160-R3,IPV,Yes,59,0,42,17,LGA,Yes,No,
KD-160-R3,MR,No,0,0,0,0,LGA,No,Yes,High birth cohort this week
KD-160-R3,MEN A,No,5,0,0,5,LGA,No,No,
KD-160-R3,MCV,Yes,0,24,15,9,LGA,Yes,No,
KD-160-R3,OPV,Yes,163,0,109,54,LGA,Yes,Yes,Catch-up campaign
KD-160-R3,YF,Yes,46,25,44,27,LGA,Yes,Yes,Scheduled routine immunization session
KD-160-R3,PENTA,Yes,66,88,110,44,LGA,Yes,Yes,Scheduled routine immunization session
KD-160-R3,ROTA,Yes,0,48,15,33,Zipline,Yes,Yes,Scheduled routine immunization session
KD-160-R3,PCV,Yes,111,74,144,41,LGA,Yes,Yes,Scheduled routine immunization session
KD-160-R4,BCG,No,14,0,0,14,LGA,No,Yes,Catch-up campaign
KD-160-R4,HPV,Yes,0,23,11,12,LGA,Yes,Yes,School-based session (HPV)
KD-160-R4,IPV,Yes,42,0,24,18,LGA,Yes,No,
KD-160-R4,MR,No,0,0,0,0,LGA,No,Yes,Scheduled routine immunization session
KD-160-R4,MEN A,Yes,0,23,7,16,LGA,No,Yes,Scheduled routine immunization session
KD-160-R4,MCV,Yes,15,0,5,10,KDHSMA,Yes,No,
KD-160-R4,OPV,Yes,109,0,68,41,KDHSMA,Yes,Yes,High birth cohort this week
KD-160-R4,YF,Yes,44,0,29,15,LGA,Yes,Yes,Outreach session held this week
KD-160-R4,PENTA,Yes,110,60,133,37,LGA,Yes,No,
KD-160-R4,ROTA,Yes,15,41,23,33,LGA,Yes,Yes,School-based session (HPV)
KD-160-R4,PCV,Yes,144,59,154,49,Zipline,No,Yes,Scheduled routine immunization session
KD-160-R5,BCG,Yes,0,34,13,21,LGA,Yes,Yes,Scheduled routine immunization session
KD-160-R5,HPV,Yes,11,14,12,13,LGA,Yes,Yes,School-based session (HPV)
KD-160-R5,IPV,Yes,24,39,54,9,LGA,Yes,No,
KD-160-R5,MR,Yes,0,20,8,12,KDHSMA,Yes,No,
KD-160-R5,MEN A,No,7,0,0,7,LGA,No,Yes,Outreach session held this week
KD-160-R5,MCV,Yes,5,12,4,13,LGA,Yes,No,
KD-160-R5,OPV,Yes,68,82,110,40,LGA,Yes,No,
KD-160-R5,YF,Yes,29,0,21,8,LGA,Yes,No,
KD-160-R5,PENTA,Yes,133,73,162,44,LGA,Yes,Yes,Scheduled routine immunization session
KD-160-R5,ROTA,Yes,23,51,52,22,LGA,Yes,No,
KD-160-R5,PCV,Yes,154,0,115,39,Zipline,Yes,No,
KD-160-R6,BCG,Yes,13,29,25,17,LGA,Yes,No,
KD-160-R6,HPV,No,12,0,0,12,KDHSMA,No,Yes,School-based session (HPV)
KD-160-R6,IPV,Yes,54,0,34,20,Zipline,Yes,No,
KD-160-R6,MR,Yes,8,26,18,16,LGA,Yes,Yes,Scheduled routine immunization session
KD-160-R6,MEN A,Yes,0,24,15,9,LGA,Yes,No,
KD-160-R6,MCV,No,4,0,0,4,LGA,No,Yes,Scheduled routine immunization session
KD-160-R6,OPV,Yes,110,69,133,46,LGA,No,Yes,Scheduled routine immunization session
KD-160-R6,YF,Yes,21,0,4,17,LGA,Yes,Yes,Scheduled routine immunization session
KD-160-R6,PENTA,Yes,162,0,131,31,LGA,Yes,No,
KD-160-R6,ROTA,Yes,52,0,27,25,Zipline,Yes,No,
KD-160-R6,PCV,Yes,115,62,130,47,KDHSMA,Yes,Yes,Outreach session held this week
KD-161-R1,BCG,Yes,44,28,49,23,LGA,Yes,Yes,School-based session (HPV)
KD-161-R1,HPV,Yes,45,12,49,8,KDHSMA,Yes,No,
KD-161-R1,IPV,Yes,0,34,12,22,Zipline,No,Yes,Scheduled routine immunization session
KD-161-R1,MR,Yes,47,18,47,18,LGA,Yes,Yes,Scheduled routine immunization session
KD-161-R1,MEN A,Yes,1,27,18,10,LGA,Yes,No,
KD-161-R1,MCV,Yes,33,0,13,20,LGA,Yes,Yes,High birth cohort this week
KD-161-R1,OPV,Yes,61,92,113,40,KDHSMA,Yes,No,
KD-161-R1,YF,Yes,32,28,41,19,LGA,Yes,Yes,Outreach session held this week
KD-161-R1,PENTA,Yes,63,86,98,51,LGA,Yes,Yes,High birth cohort this week
KD-161-R1,ROTA,Yes,8,45,26,27,LGA,Yes,No,
KD-161-R1,PCV,Yes,48,0,9,39,LGA,Yes,No,
KD-161-R2,BCG,Yes,49,34,63,20,LGA,Yes,Yes,Scheduled routine immunization session
KD-161-R2,HPV,Yes,49,0,40,9,Zipline,Yes,No,
KD-161-R2,IPV,Yes,12,37,28,21,LGA,No,Yes,Scheduled routine immunization session
KD-161-R2,MR,Yes,47,0,35,12,Zipline,Yes,No,
KD-161-R2,MEN A,Yes,18,0,10,8,Zipline,Yes,No,
KD-161-R2,MCV,No,13,0,0,13,LGA,No,Yes,Scheduled routine immunization session
KD-161-R2,OPV,Yes,113,0,72,41,LGA,Yes,Yes,Outreach session held this week
KD-161-R2,YF,Yes,41,0,30,11,KDHSMA,Yes,No,
KD-161-R2,PENTA,Yes,98,68,131,35,KDHSMA,Yes,No,
KD-161-R2,ROTA,No,26,0,0,26,Zipline,No,Yes,Outreach session held this week
KD-161-R2,PCV,Yes,9,71,43,37,LGA,Yes,No,
KD-161-R3,BCG,Yes,63,27,65,25,LGA,Yes,Yes,Scheduled routine immunization session
KD-161-R3,HPV,Yes,40,0,34,6,LGA,Yes,No,
KD-161-R3,IPV,Yes,28,0,9,19,KDHSMA,Yes,No,
KD-161-R3,MR,Yes,35,22,42,15,KDHSMA,Yes,Yes,Outreach session held this week
KD-161-R3,MEN A,No,10,0,0,10,LGA,No,Yes,Scheduled routine immunization session
KD-161-R3,MCV,No,0,0,0,0,Zipline,No,No,
KD-161-R3,OPV,Yes,72,0,26,46,KDHSMA,Yes,Yes,Outreach session held this week
KD-161-R3,YF,Yes,30,0,16,14,LGA,Yes,Yes,Scheduled routine immunization session
KD-161-R3,PENTA,Yes,131,0,77,54,KDHSMA,Yes,Yes,Catch-up campaign
KD-161-R3,ROTA,No,0,0,0,0,LGA,No,Yes,Scheduled routine immunization session
KD-161-R3,PCV,Yes,43,0,7,36,Zipline,Yes,No,
KD-161-R4,BCG,Yes,65,0,47,18,LGA,Yes,No,
KD-161-R4,HPV,Yes,34,0,25,9,KDHSMA,No,No,
KD-161-R4,IPV,No,9,0,0,9,LGA,No,Yes,Catch-up campaign
KD-161-R4,MR,Yes,42,0,30,12,LGA,Yes,No,
KD-161-R4,MEN A,No,0,0,0,0,LGA,No,Yes,Scheduled routine immunization session
KD-161-R4,MCV,No,0,19,0,19,LGA,No,Yes,High birth cohort this week
KD-161-R4,OPV,Yes,26,70,55,41,LGA,Yes,Yes,Outreach session held this week
KD-161-R4,YF,No,16,0,0,16,KDHSMA,No,Yes,Outreach session held this week
KD-161-R4,PENTA,Yes,77,64,106,35,LGA,Yes,No,
KD-161-R4,ROTA,No,0,0,0,0,LGA,No,Yes,Scheduled routine immunization session
KD-161-R4,PCV,No,7,0,0,7,KDHSMA,No,Yes,Scheduled routine immunization session
KD-161-R5,BCG,Yes,47,0,31,16,LGA,Yes,No,
KD-161-R5,HPV,Yes,25,0,8,17,LGA,Yes,Yes,School-based session (HPV)
KD-161-R5,IPV,Yes,0,35,22,13,LGA,Yes,No,
KD-161-R5,MR,Yes,30,0,17,13,KDHSMA,Yes,No,
KD-161-R5,MEN A,Yes,0,19,2,17,LGA,Yes,Yes,Scheduled routine immunization session
KD-161-R5,MCV,Yes,0,28,11,17,LGA,Yes,Yes,Scheduled routine immunization session
KD-161-R5,OPV,Yes,55,70,82,43,LGA,Yes,Yes,Scheduled routine immunization session
KD-161-R5,YF,No,0,0,0,0,LGA,No,Yes,Scheduled routine immunization session
KD-161-R5,PENTA,Yes,106,78,139,45,LGA,Yes,Yes,School-based session (HPV)
KD-161-R5,ROTA,No,0,0,0,0,KDHSMA,No,Yes,High birth cohort this week
KD-161-R5,PCV,Yes,0,65,20,45,LGA,Yes,Yes,Catch-up campaign
KD-161-R6,BCG,Yes,31,0,9,22,LGA,Yes,Yes,Scheduled routine immunization session
KD-161-R6,HPV,No,8,0,0,8,KDHSMA,No,Yes,Outreach session held this week
KD-161-R6,IPV,Yes,22,37,29,30,LGA,Yes,Yes,Outreach session held this week
KD-161-R6,MR,Yes,17,0,8,9,Zipline,Yes,No,
KD-161-R6,MEN A,No,2,0,0,2,LGA,No,No,
KD-161-R6,MCV,Yes,11,21,15,17,LGA,No,Yes,Outreach session held this week
KD-161-R6,OPV,Yes,82,0,40,42,LGA,Yes,Yes,Scheduled routine immunization session
KD-161-R6,YF,No,0,0,0,0,LGA,No,No,
KD-161-R6,PENTA,Yes,139,0,86,53,LGA,Yes,Yes,High birth cohort this week
KD-161-R6,ROTA,Yes,0,46,25,21,LGA,No,No,
KD-161-R6,PCV,No,20,0,0,20,LGA,No,No,
KD-162-R1,BCG,Yes,0,20,5,15,LGA,Yes,Yes,Scheduled routine immunization session
KD-162-R1,HPV,Yes,21,0,14,7,KDHSMA,Yes,Yes,School-based session (HPV)
KD-162-R1,IPV,No,14,0,0,14,LGA,No,Yes,Scheduled routine immunization session
KD-162-R1,MR,Yes,11,0,4,7,LGA,Yes,No,
KD-162-R1,MEN A,No,0,0,0,0,LGA,No,Yes,Scheduled routine immunization session
KD-162-R1,MCV,No,5,0,0,5,KDHSMA,No,No,
KD-162-R1,OPV,No,28,0,0,28,LGA,No,Yes,Scheduled routine immunization session
KD-162-R1,YF,Yes,18,0,6,12,KDHSMA,Yes,Yes,Outreach session held this week
KD-162-R1,PENTA,Yes,38,0,9,29,LGA,Yes,Yes,Scheduled routine immunization session
KD-162-R1,ROTA,Yes,33,0,15,18,LGA,Yes,Yes,Catch-up campaign
KD-162-R1,PCV,No,16,0,0,16,Zipline,No,Yes,Scheduled routine immunization session
KD-162-R2,BCG,No,5,0,0,5,Zipline,No,No,
KD-162-R2,HPV,Yes,14,0,7,7,LGA,Yes,Yes,School-based session (HPV)
KD-162-R2,IPV,No,0,0,0,0,LGA,No,No,
KD-162-R2,MR,No,4,0,0,4,LGA,No,Yes,Scheduled routine immunization session
KD-162-R2,MEN A,No,0,0,0,0,Zipline,No,No,
KD-162-R2,MCV,No,0,0,0,0,KDHSMA,No,Yes,Outreach session held this week
KD-162-R2,OPV,No,0,0,0,0,LGA,No,No,
KD-162-R2,YF,Yes,6,0,1,5,Zipline,Yes,No,
KD-162-R2,PENTA,No,9,0,0,9,Zipline,No,No,
KD-162-R2,ROTA,Yes,15,31,32,14,LGA,Yes,No,
KD-162-R2,PCV,No,0,0,0,0,KDHSMA,No,No,
KD-162-R3,BCG,No,0,0,0,0,LGA,No,Yes,Catch-up campaign
KD-162-R3,HPV,Yes,7,0,4,3,LGA,Yes,No,
KD-162-R3,IPV,No,0,0,0,0,LGA,No,Yes,Outreach session held this week
KD-162-R3,MR,No,0,0,0,0,LGA,No,Yes,Scheduled routine immunization session
KD-162-R3,MEN A,Yes,0,12,5,7,KDHSMA,Yes,Yes,Scheduled routine immunization session
KD-162-R3,MCV,Yes,0,19,6,13,LGA,Yes,Yes,High birth cohort this week
KD-162-R3,OPV,No,0,0,0,0,KDHSMA,No,Yes,Outreach session held this week
KD-162-R3,YF,No,1,0,0,1,Zipline,No,No,
KD-162-R3,PENTA,No,0,0,0,0,LGA,No,No,
KD-162-R3,ROTA,Yes,32,0,12,20,LGA,Yes,Yes,School-based session (HPV)
KD-162-R3,PCV,Yes,0,48,27,21,LGA,Yes,No,
KD-162-R4,BCG,No,0,0,0,0,LGA,No,Yes,Catch-up campaign
KD-162-R4,HPV,No,4,0,0,4,LGA,No,Yes,School-based session (HPV)
KD-162-R4,IPV,No,0,0,0,0,LGA,No,Yes,High birth cohort this week
KD-162-R4,MR,No,0,0,0,0,LGA,No,Yes,Scheduled routine immunization session
KD-162-R4,MEN A,No,5,0,0,5,KDHSMA,No,Yes,Outreach session held this week
KD-162-R4,MCV,No,6,0,0,6,LGA,No,No,
KD-162-R4,OPV,Yes,0,38,12,26,Zipline,Yes,Yes,Outreach session held this week
KD-162-R4,YF,Yes,0,16,1,15,LGA,Yes,Yes,Scheduled routine immunization session
KD-162-R4,PENTA,No,0,0,0,0,LGA,No,No,
KD-162-R4,ROTA,No,12,0,0,12,KDHSMA,No,Yes,High birth cohort this week
KD-162-R4,PCV,No,27,0,0,27,LGA,No,Yes,Outreach session held this week
KD-162-R5,BCG,No,0,0,0,0,LGA,No,No,
KD-162-R5,HPV,No,0,0,0,0,KDHSMA,No,Yes,School-based session (HPV)
KD-162-R5,IPV,No,0,0,0,0,LGA,No,Yes,Scheduled routine immunization session
KD-162-R5,MR,No,0,0,0,0,KDHSMA,No,Yes,Catch-up campaign
KD-162-R5,MEN A,Yes,0,12,4,8,LGA,Yes,Yes,Outreach session held this week
KD-162-R5,MCV,No,0,0,0,0,LGA,No,No,
KD-162-R5,OPV,Yes,12,47,24,35,LGA,Yes,Yes,Outreach session held this week
KD-162-R5,YF,No,1,8,0,9,LGA,No,Yes,Catch-up campaign
KD-162-R5,PENTA,No,0,0,0,0,Zipline,No,Yes,Scheduled routine immunization session
KD-162-R5,ROTA,No,0,0,0,0,KDHSMA,No,Yes,Scheduled routine immunization session
KD-162-R5,PCV,No,0,0,0,0,Zipline,No,Yes,Outreach session held this week
KD-162-R6,BCG,Yes,0,17,7,10,KDHSMA,Yes,No,
KD-162-R6,HPV,No,0,0,0,0,LGA,No,Yes,Scheduled routine immunization session
KD-162-R6,IPV,No,0,0,0,0,Zipline,No,Yes,Scheduled routine immunization session
KD-162-R6,MR,No,0,0,0,0,Zipline,No,Yes,School-based session (HPV)
KD-162-R6,MEN A,Yes,4,0,1,3,LGA,Yes,No,
KD-162-R6,MCV,No,0,0,0,0,LGA,No,Yes,Outreach session held this week
KD-162-R6,OPV,No,24,0,0,24,LGA,No,Yes,Scheduled routine immunization session
KD-162-R6,YF,Yes,0,16,7,9,LGA,Yes,Yes,Scheduled routine immunization session
KD-162-R6,PENTA,No,0,0,0,0,LGA,No,No,
KD-162-R6,ROTA,No,0,0,0,0,LGA,No,No,
KD-162-R6,PCV,No,0,0,0,0,LGA,No,Yes,Scheduled routine immunization session
KD-163-R1,BCG,Yes,9,39,30,18,Zipline,Yes,No,
KD-163-R1,HPV,No,10,0,0,10,KDHSMA,No,Yes,Scheduled routine immunization session
KD-163-R1,IPV,Yes,42,0,23,19,Zipline,Yes,No,
KD-163-R1,MR,Yes,18,0,7,11,LGA,No,No,
KD-163-R1,MEN A,Yes,12,18,20,10,LGA,Yes,No,
KD-163-R1,MCV,Yes,36,24,47,13,LGA,Yes,No,
KD-163-R1,OPV,Yes,77,0,34,43,LGA,Yes,Yes,Scheduled routine immunization session
KD-163-R1,YF,Yes,31,0,17,14,LGA,No,Yes,Catch-up campaign
KD-163-R1,PENTA,Yes,75,71,100,46,LGA,Yes,Yes,Scheduled routine immunization session
KD-163-R1,ROTA,Yes,0,43,13,30,KDHSMA,Yes,Yes,High birth cohort this week
KD-163-R1,PCV,Yes,95,0,41,54,LGA,Yes,Yes,High birth cohort this week
KD-163-R2,BCG,Yes,30,0,15,15,KDHSMA,Yes,No,
KD-163-R2,HPV,No,0,12,0,12,LGA,No,Yes,Scheduled routine immunization session
KD-163-R2,IPV,Yes,23,36,36,23,LGA,Yes,Yes,Outreach session held this week
KD-163-R2,MR,No,7,0,0,7,LGA,No,Yes,Scheduled routine immunization session
KD-163-R2,MEN A,Yes,20,0,13,7,LGA,Yes,No,
KD-163-R2,MCV,Yes,47,19,53,13,KDHSMA,Yes,No,
KD-163-R2,OPV,Yes,34,0,4,30,Zipline,Yes,No,
KD-163-R2,YF,Yes,17,27,25,19,LGA,Yes,Yes,School-based session (HPV)
KD-163-R2,PENTA,Yes,100,0,49,51,LGA,Yes,Yes,Scheduled routine immunization session
KD-163-R2,ROTA,Yes,13,52,39,26,LGA,Yes,No,
KD-163-R2,PCV,Yes,41,49,41,49,Zipline,Yes,Yes,Scheduled routine immunization session
KD-163-R3,BCG,No,15,0,0,15,LGA,No,Yes,Scheduled routine immunization session
KD-163-R3,HPV,Yes,0,28,14,14,LGA,Yes,Yes,School-based session (HPV)
KD-163-R3,IPV,Yes,36,52,68,20,LGA,Yes,No,
KD-163-R3,MR,No,0,0,0,0,Zipline,No,No,
KD-163-R3,MEN A,No,13,0,0,13,LGA,No,Yes,High birth cohort this week
KD-163-R3,MCV,Yes,53,28,69,12,LGA,Yes,No,
KD-163-R3,OPV,Yes,4,64,7,61,Zipline,Yes,Yes,Outreach session held this week
KD-163-R3,YF,Yes,25,0,10,15,KDHSMA,Yes,Yes,High birth cohort this week
KD-163-R3,PENTA,No,49,0,0,49,LGA,No,Yes,Scheduled routine immunization session
KD-163-R3,ROTA,Yes,39,0,12,27,LGA,Yes,No,
KD-163-R3,PCV,Yes,41,0,4,37,KDHSMA,Yes,No,
KD-163-R4,BCG,No,0,22,0,22,LGA,No,Yes,Scheduled routine immunization session
KD-163-R4,HPV,Yes,14,15,17,12,LGA,Yes,Yes,Catch-up campaign
KD-163-R4,IPV,Yes,68,38,82,24,LGA,Yes,Yes,Catch-up campaign
KD-163-R4,MR,Yes,0,17,1,16,LGA,Yes,Yes,High birth cohort this week
KD-163-R4,MEN A,No,0,0,0,0,Zipline,No,Yes,Outreach session held this week
KD-163-R4,MCV,Yes,69,0,55,14,LGA,Yes,Yes,Scheduled routine immunization session
KD-163-R4,OPV,No,7,0,0,7,LGA,No,Yes,Scheduled routine immunization session
KD-163-R4,YF,Yes,10,27,20,17,LGA,Yes,Yes,Scheduled routine immunization session
KD-163-R4,PENTA,Yes,0,60,8,52,KDHSMA,No,Yes,Scheduled routine immunization session
KD-163-R4,ROTA,Yes,12,60,40,32,LGA,Yes,Yes,Scheduled routine immunization session
KD-163-R4,PCV,Yes,4,77,33,48,LGA,Yes,Yes,Outreach session held this week
KD-163-R5,BCG,No,0,0,0,0,LGA,No,No,
KD-163-R5,HPV,Yes,17,0,5,12,LGA,Yes,Yes,Catch-up campaign
KD-163-R5,IPV,Yes,82,43,104,21,Zipline,Yes,Yes,Scheduled routine immunization session
KD-163-R5,MR,Yes,1,29,13,17,LGA,Yes,Yes,School-based session (HPV)
KD-163-R5,MEN A,Yes,0,17,4,13,KDHSMA,Yes,Yes,High birth cohort this week
KD-163-R5,MCV,Yes,55,0,41,14,LGA,Yes,Yes,Scheduled routine immunization session
KD-163-R5,OPV,Yes,0,70,20,50,LGA,Yes,Yes,Scheduled routine immunization session
KD-163-R5,YF,Yes,20,18,19,19,LGA,Yes,Yes,Scheduled routine immunization session
KD-163-R5,PENTA,Yes,8,76,31,53,KDHSMA,Yes,Yes,Scheduled routine immunization session
KD-163-R5,ROTA,Yes,40,50,69,21,LGA,Yes,No,
KD-163-R5,PCV,No,33,0,0,33,KDHSMA,No,Yes,Scheduled routine immunization session
KD-163-R6,BCG,No,0,0,0,0,Zipline,No,Yes,Catch-up campaign
KD-163-R6,HPV,Yes,5,26,17,14,LGA,Yes,Yes,School-based session (HPV)
KD-163-R6,IPV,Yes,104,31,113,22,LGA,Yes,Yes,Outreach session held this week
KD-163-R6,MR,Yes,13,0,2,11,LGA,Yes,No,
KD-163-R6,MEN A,Yes,4,16,8,12,Zipline,Yes,Yes,School-based session (HPV)
KD-163-R6,MCV,Yes,41,30,59,12,Zipline,Yes,No,
KD-163-R6,OPV,No,20,0,0,20,KDHSMA,No,No,
KD-163-R6,YF,No,19,0,0,19,LGA,No,Yes,Outreach session held this week
KD-163-R6,PENTA,No,31,0,0,31,KDHSMA,No,Yes,Scheduled routine immunization session
KD-163-R6,ROTA,Yes,69,43,81,31,Zipline,Yes,Yes,Scheduled routine immunization session
KD-163-R6,PCV,Yes,0,76,30,46,Zipline,Yes,Yes,Scheduled routine immunization session
KD-166-R1,BCG,Yes,33,28,44,17,LGA,Yes,No,
KD-166-R1,HPV,Yes,22,0,13,9,KDHSMA,Yes,No,
KD-166-R1,IPV,Yes,24,36,35,25,LGA,Yes,Yes,High birth cohort this week
KD-166-R1,MR,Yes,31,23,36,18,LGA,Yes,Yes,Outreach session held this week
KD-166-R1,MEN A,Yes,20,0,6,14,LGA,Yes,Yes,Scheduled routine immunization session
KD-166-R1,MCV,No,9,0,0,9,LGA,No,No,
KD-166-R1,OPV,Yes,90,81,139,32,LGA,Yes,No,
KD-166-R1,YF,Yes,35,25,47,13,KDHSMA,Yes,No,
KD-166-R1,PENTA,Yes,87,0,47,40,KDHSMA,Yes,No,
KD-166-R1,ROTA,Yes,37,0,2,35,LGA,Yes,Yes,Outreach session held this week
KD-166-R1,PCV,Yes,65,0,10,55,LGA,Yes,Yes,Catch-up campaign
KD-166-R2,BCG,Yes,44,42,57,29,LGA,No,Yes,Scheduled routine immunization session
KD-166-R2,HPV,Yes,13,20,17,16,LGA,Yes,Yes,Scheduled routine immunization session
KD-166-R2,IPV,Yes,35,33,42,26,KDHSMA,Yes,Yes,Scheduled routine immunization session
KD-166-R2,MR,Yes,36,0,22,14,LGA,Yes,Yes,Scheduled routine immunization session
KD-166-R2,MEN A,No,6,0,0,6,Zipline,No,Yes,Outreach session held this week
KD-166-R2,MCV,No,0,0,0,0,LGA,No,Yes,Outreach session held this week
KD-166-R2,OPV,Yes,139,84,189,34,LGA,Yes,No,
KD-166-R2,YF,Yes,47,0,31,16,KDHSMA,Yes,Yes,Scheduled routine immunization session
KD-166-R2,PENTA,Yes,47,66,65,48,LGA,Yes,Yes,Scheduled routine immunization session
KD-166-R2,ROTA,No,2,0,0,2,LGA,No,No,
KD-166-R2,PCV,No,10,0,0,10,LGA,No,Yes,School-based session (HPV)
KD-166-R3,BCG,Yes,57,0,41,16,LGA,Yes,No,
KD-166-R3,HPV,No,17,0,0,17,Zipline,No,Yes,School-based session (HPV)
KD-166-R3,IPV,Yes,42,43,69,16,LGA,Yes,No,
KD-166-R3,MR,Yes,22,21,31,12,LGA,Yes,No,
KD-166-R3,MEN A,No,0,0,0,0,LGA,No,Yes,Scheduled routine immunization session
KD-166-R3,MCV,Yes,0,24,11,13,LGA,Yes,No,
KD-166-R3,OPV,Yes,189,57,197,49,KDHSMA,Yes,Yes,Scheduled routine immunization session
KD-166-R3,YF,Yes,31,0,17,14,KDHSMA,Yes,Yes,Outreach session held this week
KD-166-R3,PENTA,Yes,65,75,99,41,LGA,Yes,Yes,Scheduled routine immunization session
KD-166-R3,ROTA,No,0,0,0,0,LGA,No,Yes,Scheduled routine immunization session
KD-166-R3,PCV,Yes,0,52,1,51,Zipline,Yes,Yes,School-based session (HPV)
KD-166-R4,BCG,Yes,41,0,26,15,LGA,Yes,No,
KD-166-R4,HPV,Yes,0,25,10,15,LGA,Yes,Yes,School-based session (HPV)
KD-166-R4,IPV,Yes,69,35,84,20,KDHSMA,No,No,
KD-166-R4,MR,Yes,31,0,19,12,LGA,Yes,No,
KD-166-R4,MEN A,No,0,0,0,0,LGA,No,No,
KD-166-R4,MCV,Yes,11,19,16,14,LGA,Yes,Yes,Scheduled routine immunization session
KD-166-R4,OPV,Yes,197,0,161,36,LGA,Yes,No,
KD-166-R4,YF,No,17,0,0,17,LGA,No,Yes,Scheduled routine immunization session
KD-166-R4,PENTA,Yes,99,94,146,47,LGA,Yes,Yes,Scheduled routine immunization session
KD-166-R4,ROTA,Yes,0,44,20,24,LGA,Yes,No,
KD-166-R4,PCV,No,1,0,0,1,LGA,No,No,
KD-166-R5,BCG,Yes,26,0,2,24,Zipline,Yes,Yes,Scheduled routine immunization session
KD-166-R5,HPV,No,10,0,0,10,LGA,No,No,
KD-166-R5,IPV,Yes,84,0,65,19,KDHSMA,Yes,No,
KD-166-R5,MR,No,19,0,0,19,KDHSMA,No,Yes,Scheduled routine immunization session
KD-166-R5,MEN A,Yes,0,33,18,15,LGA,Yes,Yes,Scheduled routine immunization session
KD-166-R5,MCV,Yes,16,0,2,14,LGA,Yes,Yes,Scheduled routine immunization session
KD-166-R5,OPV,Yes,161,73,199,35,LGA,No,No,
KD-166-R5,YF,Yes,0,30,15,15,KDHSMA,Yes,Yes,High birth cohort this week
KD-166-R5,PENTA,Yes,146,0,103,43,LGA,Yes,Yes,School-based session (HPV)
KD-166-R5,ROTA,No,20,0,0,20,KDHSMA,No,No,
KD-166-R5,PCV,Yes,0,77,21,56,LGA,Yes,Yes,Scheduled routine immunization session
KD-166-R6,BCG,No,2,0,0,2,LGA,No,Yes,Scheduled routine immunization session
KD-166-R6,HPV,Yes,0,24,13,11,LGA,Yes,No,
KD-166-R6,IPV,Yes,65,0,47,18,LGA,Yes,No,
KD-166-R6,MR,Yes,0,16,3,13,LGA,Yes,No,
KD-166-R6,MEN A,Yes,18,0,3,15,LGA,Yes,Yes,School-based session (HPV)
KD-166-R6,MCV,Yes,2,24,20,6,LGA,Yes,No,
KD-166-R6,OPV,Yes,199,82,242,39,Zipline,Yes,No,
KD-166-R6,YF,Yes,15,17,19,13,Zipline,Yes,No,
KD-166-R6,PENTA,Yes,103,78,139,42,Zipline,Yes,Yes,Scheduled routine immunization session
KD-166-R6,ROTA,Yes,0,46,24,22,LGA,Yes,No,
KD-166-R6,PCV,Yes,21,75,52,44,KDHSMA,Yes,Yes,School-based session (HPV)
KD-168-R1,BCG,Yes,55,32,64,23,LGA,Yes,Yes,Scheduled routine immunization session
KD-168-R1,HPV,Yes,20,0,7,13,LGA,Yes,Yes,School-based session (HPV)
KD-168-R1,IPV,Yes,43,26,36,33,LGA,Yes,Yes,Scheduled routine immunization session
KD-168-R1,MR,Yes,31,30,42,19,LGA,Yes,Yes,High birth cohort this week
KD-168-R1,MEN A,Yes,19,0,10,9,LGA,Yes,No,
KD-168-R1,MCV,Yes,2,28,17,13,LGA,Yes,No,
KD-168-R1,OPV,Yes,9,86,56,39,LGA,Yes,No,
KD-168-R1,YF,Yes,30,20,42,8,Zipline,Yes,No,
KD-168-R1,PENTA,No,0,0,0,0,KDHSMA,No,Yes,Scheduled routine immunization session
KD-168-R1,ROTA,Yes,73,0,46,27,LGA,Yes,No,
KD-168-R1,PCV,Yes,113,0,74,39,Zipline,Yes,No,
KD-168-R2,BCG,Yes,64,0,50,14,LGA,Yes,No,
KD-168-R2,HPV,No,7,0,0,7,LGA,No,Yes,School-based session (HPV)
KD-168-R2,IPV,Yes,36,0,18,18,KDHSMA,Yes,No,
KD-168-R2,MR,Yes,42,0,26,16,Zipline,Yes,Yes,High birth cohort this week
KD-168-R2,MEN A,Yes,10,16,18,8,LGA,Yes,No,
KD-168-R2,MCV,Yes,17,0,2,15,KDHSMA,Yes,Yes,Scheduled routine immunization session
KD-168-R2,OPV,Yes,56,0,12,44,Zipline,Yes,Yes,Scheduled routine immunization session
KD-168-R2,YF,Yes,42,0,29,13,LGA,Yes,No,
KD-168-R2,PENTA,Yes,0,74,34,40,LGA,Yes,No,
KD-168-R2,ROTA,Yes,46,0,17,29,Zipline,Yes,Yes,High birth cohort this week
KD-168-R2,PCV,Yes,74,0,21,53,LGA,Yes,Yes,Outreach session held this week
KD-168-R3,BCG,Yes,50,35,63,22,LGA,Yes,Yes,Scheduled routine immunization session
KD-168-R3,HPV,No,0,19,0,19,LGA,No,Yes,Outreach session held this week
KD-168-R3,IPV,Yes,18,31,33,16,LGA,Yes,No,
KD-168-R3,MR,Yes,26,0,8,18,LGA,Yes,Yes,Scheduled routine immunization session
KD-168-R3,MEN A,Yes,18,21,28,11,LGA,Yes,No,
KD-168-R3,MCV,Yes,2,23,11,14,LGA,Yes,Yes,Scheduled routine immunization session
KD-168-R3,OPV,Yes,12,72,30,54,KDHSMA,Yes,Yes,Outreach session held this week
KD-168-R3,YF,Yes,29,0,15,14,KDHSMA,Yes,Yes,Scheduled routine immunization session
KD-168-R3,PENTA,No,34,0,0,34,Zipline,No,Yes,Scheduled routine immunization session
KD-168-R3,ROTA,No,17,0,0,17,LGA,No,Yes,Scheduled routine immunization session
KD-168-R3,PCV,Yes,21,55,41,35,KDHSMA,Yes,No,
KD-168-R4,BCG,Yes,63,0,39,24,KDHSMA,Yes,Yes,Scheduled routine immunization session
KD-168-R4,HPV,No,0,0,0,0,LGA,No,No,
KD-168-R4,IPV,Yes,33,0,12,21,KDHSMA,Yes,Yes,Outreach session held this week
KD-168-R4,MR,No,8,0,0,8,LGA,No,Yes,School-based session (HPV)
KD-168-R4,MEN A,Yes,28,0,9,19,KDHSMA,Yes,Yes,Catch-up campaign
KD-168-R4,MCV,Yes,11,31,31,11,KDHSMA,Yes,No,
KD-168-R4,OPV,Yes,30,70,54,46,KDHSMA,Yes,Yes,Outreach session held this week
KD-168-R4,YF,Yes,15,30,26,19,LGA,Yes,Yes,Outreach session held this week
KD-168-R4,PENTA,No,0,0,0,0,LGA,No,Yes,Scheduled routine immunization session
KD-168-R4,ROTA,No,0,0,0,0,KDHSMA,No,Yes,Outreach session held this week
KD-168-R4,PCV,Yes,41,0,2,39,LGA,Yes,No,
KD-168-R5,BCG,Yes,39,51,72,18,LGA,Yes,No,
KD-168-R5,HPV,No,0,0,0,0,Zipline,No,Yes,Catch-up campaign
KD-168-R5,IPV,Yes,12,33,19,26,LGA,Yes,Yes,Scheduled routine immunization session
KD-168-R5,MR,Yes,0,18,1,17,Zipline,Yes,Yes,Outreach session held this week
KD-168-R5,MEN A,No,9,0,0,9,LGA,No,Yes,Scheduled routine immunization session
KD-168-R5,MCV,Yes,31,0,13,18,LGA,Yes,Yes,School-based session (HPV)
KD-168-R5,OPV,Yes,54,0,10,44,Zipline,Yes,Yes,Outreach session held this week
KD-168-R5,YF,Yes,26,23,33,16,KDHSMA,Yes,Yes,Scheduled routine immunization session
KD-168-R5,PENTA,No,0,0,0,0,LGA,No,No,
KD-168-R5,ROTA,Yes,0,48,14,34,LGA,Yes,Yes,Scheduled routine immunization session
KD-168-R5,PCV,No,2,0,0,2,LGA,No,Yes,Catch-up campaign
KD-168-R6,BCG,Yes,72,0,49,23,KDHSMA,Yes,Yes,Catch-up campaign
KD-168-R6,HPV,No,0,0,0,0,LGA,No,No,
KD-168-R6,IPV,No,19,0,0,19,Zipline,No,Yes,Scheduled routine immunization session
KD-168-R6,MR,Yes,1,15,7,9,LGA,Yes,No,
KD-168-R6,MEN A,Yes,0,23,9,14,KDHSMA,No,Yes,Scheduled routine immunization session
KD-168-R6,MCV,Yes,13,17,14,16,KDHSMA,No,Yes,Scheduled routine immunization session
KD-168-R6,OPV,Yes,10,69,41,38,KDHSMA,Yes,No,
KD-168-R6,YF,Yes,33,0,24,9,KDHSMA,Yes,No,
KD-168-R6,PENTA,No,0,0,0,0,KDHSMA,No,Yes,Scheduled routine immunization session
KD-168-R6,ROTA,No,14,0,0,14,LGA,No,Yes,Outreach session held this week
KD-168-R6,PCV,No,0,0,0,0,LGA,No,No,
KD-169-R1,BCG,Yes,72,33,86,19,LGA,Yes,Yes,Scheduled routine immunization session
KD-169-R1,HPV,Yes,20,0,9,11,LGA,Yes,No,
KD-169-R1,IPV,Yes,62,0,43,19,LGA,Yes,No,
KD-169-R1,MR,Yes,17,0,3,14,LGA,Yes,Yes,Outreach session held this week
KD-169-R1,MEN A,No,2,0,0,2,LGA,No,Yes,Scheduled routine immunization session
KD-169-R1,MCV,Yes,21,0,5,16,KDHSMA,Yes,Yes,Scheduled routine immunization session
KD-169-R1,OPV,No,3,0,0,3,LGA,No,Yes,Scheduled routine immunization session
KD-169-R1,YF,Yes,41,20,48,13,LGA,Yes,No,
KD-169-R1,PENTA,Yes,60,73,90,43,Zipline,Yes,Yes,Scheduled routine immunization session
KD-169-R1,ROTA,Yes,59,0,33,26,LGA,Yes,No,
KD-169-R1,PCV,Yes,103,71,133,41,LGA,Yes,Yes,Scheduled routine immunization session
KD-169-R2,BCG,Yes,86,27,101,12,LGA,Yes,No,
KD-169-R2,HPV,Yes,9,22,17,14,Zipline,No,Yes,Outreach session held this week
KD-169-R2,IPV,Yes,43,45,61,27,LGA,No,Yes,Scheduled routine immunization session
KD-169-R2,MR,No,3,0,0,3,LGA,No,No,
KD-169-R2,MEN A,Yes,0,28,15,13,LGA,Yes,Yes,Scheduled routine immunization session
KD-169-R2,MCV,Yes,5,27,23,9,LGA,Yes,No,
KD-169-R2,OPV,No,0,0,0,0,LGA,No,Yes,Scheduled routine immunization session
KD-169-R2,YF,Yes,48,0,36,12,KDHSMA,Yes,No,
KD-169-R2,PENTA,Yes,90,74,108,56,LGA,Yes,Yes,School-based session (HPV)
KD-169-R2,ROTA,Yes,33,51,48,36,LGA,Yes,Yes,Scheduled routine immunization session
KD-169-R2,PCV,Yes,133,0,85,48,Zipline,Yes,Yes,Scheduled routine immunization session
KD-169-R3,BCG,Yes,101,0,72,29,KDHSMA,Yes,Yes,Scheduled routine immunization session
KD-169-R3,HPV,Yes,17,24,16,25,KDHSMA,Yes,Yes,School-based session (HPV)
KD-169-R3,IPV,Yes,61,39,79,21,Zipline,Yes,Yes,School-based session (HPV)
KD-169-R3,MR,No,0,0,0,0,LGA,No,No,
KD-169-R3,MEN A,Yes,15,0,3,12,KDHSMA,Yes,Yes,Scheduled routine immunization session
KD-169-R3,MCV,Yes,23,25,35,13,LGA,Yes,No,
KD-169-R3,OPV,No,0,0,0,0,LGA,No,No,
KD-169-R3,YF,Yes,36,0,13,23,KDHSMA,No,Yes,Scheduled routine immunization session
KD-169-R3,PENTA,Yes,108,60,137,31,Zipline,Yes,No,
KD-169-R3,ROTA,Yes,48,0,9,39,Zipline,Yes,Yes,Catch-up campaign
KD-169-R3,PCV,Yes,85,0,38,47,Zipline,Yes,Yes,Scheduled routine immunization session
KD-169-R4,BCG,Yes,72,31,88,15,Zipline,Yes,No,
KD-169-R4,HPV,Yes,16,17,21,12,Zipline,Yes,Yes,Scheduled routine immunization session
KD-169-R4,IPV,Yes,79,0,45,34,LGA,Yes,Yes,Scheduled routine immunization session
KD-169-R4,MR,Yes,0,25,11,14,KDHSMA,Yes,Yes,High birth cohort this week
KD-169-R4,MEN A,Yes,3,19,9,13,LGA,Yes,Yes,Scheduled routine immunization session
KD-169-R4,MCV,Yes,35,24,43,16,Zipline,Yes,Yes,Scheduled routine immunization session
KD-169-R4,OPV,Yes,0,63,10,53,Zipline,Yes,Yes,Outreach session held this week
KD-169-R4,YF,Yes,13,10,11,12,Zipline,Yes,No,
KD-169-R4,PENTA,Yes,137,67,175,29,LGA,Yes,No,
KD-169-R4,ROTA,Yes,9,38,22,25,LGA,Yes,No,
KD-169-R4,PCV,Yes,38,72,77,33,KDHSMA,Yes,No,
KD-169-R5,BCG,Yes,88,0,68,20,LGA,Yes,Yes,Scheduled routine immunization session
KD-169-R5,HPV,Yes,21,0,13,8,LGA,Yes,No,
KD-169-R5,IPV,Yes,45,0,18,27,KDHSMA,Yes,Yes,Scheduled routine immunization session
KD-169-R5,MR,No,11,0,0,11,KDHSMA,No,Yes,Scheduled routine immunization session
KD-169-R5,MEN A,Yes,9,0,1,8,LGA,Yes,No,
KD-169-R5,MCV,Yes,43,24,50,17,LGA,Yes,Yes,Outreach session held this week
KD-169-R5,OPV,No,10,0,0,10,LGA,No,Yes,Scheduled routine immunization session
KD-169-R5,YF,No,11,0,0,11,LGA,No,No,
KD-169-R5,PENTA,Yes,175,0,132,43,LGA,Yes,Yes,Scheduled routine immunization session
KD-169-R5,ROTA,Yes,22,46,40,28,KDHSMA,Yes,Yes,Scheduled routine immunization session
KD-169-R5,PCV,Yes,77,0,32,45,Zipline,Yes,Yes,Catch-up campaign
KD-169-R6,BCG,Yes,68,35,79,24,LGA,Yes,Yes,Catch-up campaign
KD-169-R6,HPV,Yes,13,20,25,8,LGA,Yes,No,
KD-169-R6,IPV,No,18,0,0,18,LGA,No,Yes,Outreach session held this week
KD-169-R6,MR,Yes,0,22,9,13,KDHSMA,No,No,
KD-169-R6,MEN A,Yes,1,19,6,14,LGA,Yes,Yes,School-based session (HPV)
KD-169-R6,MCV,Yes,50,30,64,16,LGA,Yes,Yes,Scheduled routine immunization session
KD-169-R6,OPV,Yes,0,78,19,59,KDHSMA,Yes,Yes,Scheduled routine immunization session
KD-169-R6,YF,No,0,0,0,0,LGA,No,Yes,Outreach session held this week
KD-169-R6,PENTA,Yes,132,79,166,45,LGA,Yes,Yes,Outreach session held this week
KD-169-R6,ROTA,Yes,40,40,56,24,LGA,Yes,No,
KD-169-R6,PCV,Yes,32,64,39,57,LGA,Yes,Yes,Outreach session held this week
KD-170-R1,BCG,Yes,16,0,2,14,KDHSMA,Yes,Yes,Outreach session held this week
KD-170-R1,HPV,Yes,12,0,4,8,Zipline,Yes,Yes,School-based session (HPV)
KD-170-R1,IPV,Yes,23,0,10,13,LGA,Yes,Yes,Scheduled routine immunization session
KD-170-R1,MR,Yes,24,0,15,9,Zipline,Yes,Yes,Outreach session held this week
KD-170-R1,MEN A,Yes,0,16,10,6,LGA,Yes,No,
KD-170-R1,MCV,Yes,16,0,7,9,LGA,Yes,Yes,Scheduled routine immunization session
KD-170-R1,OPV,Yes,27,0,3,24,LGA,Yes,No,
KD-170-R1,YF,Yes,23,0,14,9,LGA,Yes,Yes,Catch-up campaign
KD-170-R1,PENTA,No,25,0,0,25,LGA,No,Yes,Scheduled routine immunization session
KD-170-R1,ROTA,No,3,0,0,3,LGA,No,Yes,Scheduled routine immunization session
KD-170-R1,PCV,Yes,49,0,29,20,LGA,Yes,No,
KD-170-R2,BCG,Yes,2,14,1,15,Zipline,Yes,Yes,High birth cohort this week
KD-170-R2,HPV,No,4,0,0,4,LGA,No,Yes,High birth cohort this week
KD-170-R2,IPV,Yes,10,30,29,11,LGA,Yes,No,
KD-170-R2,MR,Yes,15,0,5,10,KDHSMA,Yes,Yes,Outreach session held this week
KD-170-R2,MEN A,Yes,10,7,6,11,Zipline,Yes,Yes,Scheduled routine immunization session
KD-170-R2,MCV,Yes,7,8,10,5,Zipline,Yes,No,
KD-170-R2,OPV,Yes,3,53,36,20,LGA,Yes,No,
KD-170-R2,YF,Yes,14,15,15,14,LGA,Yes,Yes,Scheduled routine immunization session
KD-170-R2,PENTA,No,0,0,0,0,Zipline,No,No,
KD-170-R2,ROTA,No,0,0,0,0,LGA,No,No,
KD-170-R2,PCV,No,29,0,0,29,Zipline,No,Yes,Outreach session held this week
KD-170-R3,BCG,Yes,1,19,14,6,Zipline,Yes,No,
KD-170-R3,HPV,No,0,0,0,0,LGA,No,Yes,Outreach session held this week
KD-170-R3,IPV,Yes,29,0,16,13,LGA,Yes,Yes,Catch-up campaign
KD-170-R3,MR,No,5,0,0,5,LGA,No,No,
KD-170-R3,MEN A,Yes,6,0,2,4,KDHSMA,Yes,No,
KD-170-R3,MCV,No,10,0,0,10,LGA,No,Yes,Scheduled routine immunization session
KD-170-R3,OPV,Yes,36,0,14,22,Zipline,Yes,No,
KD-170-R3,YF,Yes,15,12,21,6,LGA,Yes,No,
KD-170-R3,PENTA,Yes,0,43,22,21,LGA,No,No,
KD-170-R3,ROTA,No,0,0,0,0,LGA,No,No,
KD-170-R3,PCV,No,0,0,0,0,KDHSMA,No,Yes,Scheduled routine immunization session
KD-170-R4,BCG,No,14,0,0,14,KDHSMA,No,Yes,Scheduled routine immunization session
KD-170-R4,HPV,No,0,0,0,0,LGA,No,Yes,School-based session (HPV)
KD-170-R4,IPV,No,16,0,0,16,LGA,No,Yes,Scheduled routine immunization session
KD-170-R4,MR,No,0,0,0,0,KDHSMA,No,No,
KD-170-R4,MEN A,No,2,0,0,2,LGA,No,Yes,Scheduled routine immunization session
KD-170-R4,MCV,No,0,11,0,11,LGA,No,Yes,Scheduled routine immunization session
KD-170-R4,OPV,No,14,0,0,14,KDHSMA,No,Yes,Outreach session held this week
KD-170-R4,YF,Yes,21,10,21,10,LGA,Yes,Yes,Scheduled routine immunization session
KD-170-R4,PENTA,No,22,0,0,22,LGA,No,No,
KD-170-R4,ROTA,Yes,0,32,20,12,LGA,Yes,No,
KD-170-R4,PCV,No,0,0,0,0,Zipline,No,No,
KD-170-R5,BCG,No,0,17,0,17,LGA,No,Yes,High birth cohort this week
KD-170-R5,HPV,Yes,0,15,12,3,LGA,Yes,No,
KD-170-R5,IPV,Yes,0,15,4,11,LGA,Yes,No,
KD-170-R5,MR,Yes,0,17,8,9,LGA,No,Yes,Outreach session held this week
KD-170-R5,MEN A,Yes,0,12,3,9,Zipline,Yes,Yes,Scheduled routine immunization session
KD-170-R5,MCV,Yes,0,16,6,10,KDHSMA,Yes,Yes,Catch-up campaign
KD-170-R5,OPV,No,0,0,0,0,LGA,No,Yes,Scheduled routine immunization session
KD-170-R5,YF,Yes,21,21,31,11,LGA,Yes,Yes,Scheduled routine immunization session
KD-170-R5,PENTA,No,0,0,0,0,LGA,No,Yes,Outreach session held this week
KD-170-R5,ROTA,Yes,20,0,4,16,LGA,Yes,No,
KD-170-R5,PCV,No,0,0,0,0,KDHSMA,No,No,
KD-170-R6,BCG,No,0,0,0,0,LGA,No,No,
KD-170-R6,HPV,Yes,12,13,19,6,LGA,No,No,
KD-170-R6,IPV,Yes,4,21,10,15,LGA,Yes,Yes,Scheduled routine immunization session
KD-170-R6,MR,Yes,8,15,19,4,LGA,Yes,No,
KD-170-R6,MEN A,No,3,0,0,3,KDHSMA,No,Yes,Scheduled routine immunization session
KD-170-R6,MCV,No,6,0,0,6,LGA,No,No,
KD-170-R6,OPV,Yes,0,38,13,25,KDHSMA,No,Yes,Scheduled routine immunization session
KD-170-R6,YF,Yes,31,16,40,7,LGA,Yes,No,
KD-170-R6,PENTA,Yes,0,49,26,23,LGA,Yes,No,
KD-170-R6,ROTA,Yes,4,31,13,22,KDHSMA,Yes,Yes,Outreach session held this week
KD-170-R6,PCV,No,0,0,0,0,Zipline,No,No,
KD-171-R1,BCG,Yes,7,21,11,17,LGA,Yes,Yes,Scheduled routine immunization session
KD-171-R1,HPV,Yes,13,0,5,8,KDHSMA,Yes,Yes,Catch-up campaign
KD-171-R1,IPV,Yes,23,0,1,22,KDHSMA,Yes,Yes,School-based session (HPV)
KD-171-R1,MR,Yes,13,0,8,5,LGA,Yes,No,
KD-171-R1,MEN A,Yes,13,10,14,9,KDHSMA,Yes,Yes,Outreach session held this week
KD-171-R1,MCV,Yes,14,0,11,3,LGA,Yes,No,
KD-171-R1,OPV,Yes,69,33,76,26,KDHSMA,Yes,Yes,Catch-up campaign
KD-171-R1,YF,Yes,10,0,3,7,LGA,Yes,No,
KD-171-R1,PENTA,Yes,50,0,28,22,LGA,Yes,No,
KD-171-R1,ROTA,Yes,0,24,13,11,KDHSMA,Yes,No,
KD-171-R1,PCV,Yes,24,43,39,28,LGA,Yes,Yes,Scheduled routine immunization session
KD-171-R2,BCG,Yes,11,0,2,9,LGA,Yes,No,
KD-171-R2,HPV,No,5,0,0,5,Zipline,No,Yes,Catch-up campaign
KD-171-R2,IPV,Yes,1,27,19,9,LGA,Yes,No,
KD-171-R2,MR,No,8,7,0,15,KDHSMA,No,Yes,Scheduled routine immunization session
KD-171-R2,MEN A,Yes,14,0,4,10,LGA,Yes,Yes,High birth cohort this week
KD-171-R2,MCV,No,11,0,0,11,KDHSMA,No,Yes,Scheduled routine immunization session
KD-171-R2,OPV,Yes,76,0,43,33,LGA,Yes,Yes,Scheduled routine immunization session
KD-171-R2,YF,No,3,0,0,3,LGA,No,Yes,Catch-up campaign
KD-171-R2,PENTA,Yes,28,35,41,22,LGA,Yes,No,
KD-171-R2,ROTA,Yes,13,29,27,15,LGA,Yes,No,
KD-171-R2,PCV,Yes,39,0,11,28,LGA,Yes,Yes,School-based session (HPV)
KD-171-R3,BCG,No,2,0,0,2,LGA,No,Yes,Scheduled routine immunization session
KD-171-R3,HPV,No,0,9,0,9,LGA,No,Yes,Scheduled routine immunization session
KD-171-R3,IPV,Yes,19,0,3,16,LGA,Yes,Yes,Outreach session held this week
KD-171-R3,MR,No,0,0,0,0,LGA,No,Yes,Scheduled routine immunization session
KD-171-R3,MEN A,No,4,0,0,4,LGA,No,No,
KD-171-R3,MCV,No,0,0,0,0,LGA,No,Yes,Scheduled routine immunization session
KD-171-R3,OPV,Yes,43,0,19,24,Zipline,No,No,
KD-171-R3,YF,No,0,0,0,0,LGA,No,Yes,Scheduled routine immunization session
KD-171-R3,PENTA,Yes,41,0,15,26,LGA,Yes,Yes,Scheduled routine immunization session
KD-171-R3,ROTA,Yes,27,28,38,17,LGA,Yes,Yes,Outreach session held this week
KD-171-R3,PCV,No,11,0,0,11,LGA,No,Yes,Catch-up campaign
KD-171-R4,BCG,No,0,0,0,0,LGA,No,Yes,Scheduled routine immunization session
KD-171-R4,HPV,No,0,0,0,0,LGA,No,Yes,High birth cohort this week
KD-171-R4,IPV,No,3,0,0,3,KDHSMA,No,Yes,Scheduled routine immunization session
KD-171-R4,MR,No,0,0,0,0,LGA,No,Yes,High birth cohort this week
KD-171-R4,MEN A,No,0,0,0,0,LGA,No,Yes,School-based session (HPV)
KD-171-R4,MCV,No,0,0,0,0,LGA,No,No,
KD-171-R4,OPV,No,19,0,0,19,Zipline,No,No,
KD-171-R4,YF,No,0,0,0,0,LGA,No,No,
KD-171-R4,PENTA,No,15,0,0,15,KDHSMA,No,No,
KD-171-R4,ROTA,Yes,38,0,21,17,LGA,Yes,Yes,Scheduled routine immunization session
KD-171-R4,PCV,No,0,0,0,0,Zipline,No,No,
KD-171-R5,BCG,Yes,0,20,10,10,KDHSMA,Yes,No,
KD-171-R5,HPV,No,0,0,0,0,Zipline,No,Yes,Scheduled routine immunization session
KD-171-R5,IPV,No,0,0,0,0,LGA,No,Yes,Scheduled routine immunization session
KD-171-R5,MR,No,0,0,0,0,Zipline,No,No,
KD-171-R5,MEN A,No,0,0,0,0,Zipline,No,No,
KD-171-R5,MCV,No,0,0,0,0,LGA,No,Yes,Scheduled routine immunization session
KD-171-R5,OPV,Yes,0,46,19,27,LGA,Yes,Yes,Scheduled routine immunization session
KD-171-R5,YF,No,0,0,0,0,LGA,No,No,
KD-171-R5,PENTA,No,0,0,0,0,LGA,No,Yes,Scheduled routine immunization session
KD-171-R5,ROTA,Yes,21,0,2,19,Zipline,Yes,Yes,Scheduled routine immunization session
KD-171-R5,PCV,No,0,0,0,0,LGA,No,Yes,Scheduled routine immunization session
KD-171-R6,BCG,No,10,0,0,10,LGA,No,Yes,School-based session (HPV)
KD-171-R6,HPV,No,0,0,0,0,KDHSMA,No,No,
KD-171-R6,IPV,No,0,0,0,0,LGA,No,Yes,High birth cohort this week
KD-171-R6,MR,No,0,0,0,0,LGA,No,No,
KD-171-R6,MEN A,No,0,0,0,0,LGA,No,Yes,Scheduled routine immunization session
KD-171-R6,MCV,No,0,0,0,0,LGA,No,Yes,School-based session (HPV)
KD-171-R6,OPV,No,19,0,0,19,Zipline,No,Yes,Scheduled routine immunization session
KD-171-R6,YF,Yes,0,19,11,8,LGA,Yes,No,
KD-171-R6,PENTA,No,0,0,0,0,LGA,No,Yes,Scheduled routine immunization session
KD-171-R6,ROTA,No,2,0,0,2,Zipline,No,Yes,Scheduled routine immunization session
KD-171-R6,PCV,No,0,0,0,0,LGA,No,No,
KD-174-R1,BCG,Yes,7,0,4,3,LGA,Yes,No,
KD-174-R1,HPV,No,4,0,0,4,LGA,No,Yes,School-based session (HPV)
KD-174-R1,IPV,No,5,0,0,5,Zipline,No,Yes,Scheduled routine immunization session
KD-174-R1,MR,Yes,16,0,10,6,Zipline,Yes,Yes,Scheduled routine immunization session
KD-174-R1,MEN A,No,3,0,0,3,LGA,No,Yes,Scheduled routine immunization session
KD-174-R1,MCV,Yes,8,0,2,6,LGA,Yes,Yes,Scheduled routine immunization session
KD-174-R1,OPV,Yes,35,0,17,18,LGA,Yes,Yes,Catch-up campaign
KD-174-R1,YF,No,1,0,0,1,KDHSMA,No,No,
KD-174-R1,PENTA,Yes,44,30,61,13,KDHSMA,Yes,No,
KD-174-R1,ROTA,Yes,16,0,4,12,KDHSMA,Yes,Yes,Outreach session held this week
KD-174-R1,PCV,No,19,0,0,19,LGA,No,Yes,Scheduled routine immunization session
KD-174-R2,BCG,No,4,0,0,4,LGA,No,Yes,Scheduled routine immunization session
KD-174-R2,HPV,No,0,0,0,0,LGA,No,No,
KD-174-R2,IPV,No,0,0,0,0,LGA,No,No,
KD-174-R2,MR,Yes,10,0,7,3,LGA,Yes,No,
KD-174-R2,MEN A,No,0,0,0,0,LGA,No,Yes,Outreach session held this week
KD-174-R2,MCV,No,2,0,0,2,KDHSMA,No,Yes,Scheduled routine immunization session
KD-174-R2,OPV,Yes,17,17,21,13,Zipline,Yes,No,
KD-174-R2,YF,No,0,0,0,0,KDHSMA,No,Yes,Catch-up campaign
KD-174-R2,PENTA,Yes,61,0,40,21,LGA,Yes,Yes,Scheduled routine immunization session
KD-174-R2,ROTA,No,4,0,0,4,LGA,No,Yes,Outreach session held this week
KD-174-R2,PCV,No,0,0,0,0,Zipline,No,No,
KD-174-R3,BCG,No,0,0,0,0,Zipline,No,Yes,Scheduled routine immunization session
KD-174-R3,HPV,No,0,0,0,0,Zipline,No,No,
KD-174-R3,IPV,Yes,0,13,6,7,LGA,Yes,No,
KD-174-R3,MR,Yes,7,0,2,5,LGA,Yes,Yes,Catch-up campaign
KD-174-R3,MEN A,Yes,0,7,5,2,Zipline,Yes,No,
KD-174-R3,MCV,No,0,0,0,0,LGA,No,Yes,Scheduled routine immunization session
KD-174-R3,OPV,Yes,21,32,41,12,Zipline,Yes,No,
KD-174-R3,YF,No,0,0,0,0,KDHSMA,No,No,
KD-174-R3,PENTA,Yes,40,0,27,13,LGA,No,No,
KD-174-R3,ROTA,No,0,0,0,0,LGA,No,Yes,Scheduled routine immunization session
KD-174-R3,PCV,No,0,0,0,0,LGA,No,No,
KD-174-R4,BCG,No,0,11,0,11,LGA,No,Yes,Scheduled routine immunization session
KD-174-R4,HPV,No,0,0,0,0,Zipline,No,No,
KD-174-R4,IPV,No,6,0,0,6,LGA,No,Yes,Scheduled routine immunization session
KD-174-R4,MR,No,2,0,0,2,Zipline,No,Yes,Scheduled routine immunization session
KD-174-R4,MEN A,Yes,5,5,8,2,LGA,Yes,No,
KD-174-R4,MCV,Yes,0,7,4,3,LGA,Yes,No,
KD-174-R4,OPV,Yes,41,17,40,18,KDHSMA,Yes,Yes,Scheduled routine immunization session
KD-174-R4,YF,No,0,0,0,0,LGA,No,Yes,Scheduled routine immunization session
KD-174-R4,PENTA,Yes,27,0,9,18,Zipline,Yes,Yes,High birth cohort this week
KD-174-R4,ROTA,No,0,0,0,0,KDHSMA,No,No,
KD-174-R4,PCV,No,0,0,0,0,LGA,No,Yes,Catch-up campaign
KD-174-R5,BCG,No,0,0,0,0,LGA,No,No,
KD-174-R5,HPV,Yes,0,9,4,5,LGA,Yes,Yes,Catch-up campaign
KD-174-R5,IPV,No,0,0,0,0,LGA,No,Yes,Scheduled routine immunization session
KD-174-R5,MR,Yes,0,13,9,4,LGA,Yes,No,
KD-174-R5,MEN A,Yes,8,0,3,5,LGA,Yes,Yes,Scheduled routine immunization session
KD-174-R5,MCV,Yes,4,5,4,5,LGA,Yes,Yes,Outreach session held this week
KD-174-R5,OPV,Yes,40,18,38,20,LGA,Yes,Yes,Catch-up campaign
KD-174-R5,YF,No,0,0,0,0,LGA,No,No,
KD-174-R5,PENTA,Yes,9,28,21,16,LGA,Yes,Yes,High birth cohort this week
KD-174-R5,ROTA,No,0,0,0,0,KDHSMA,No,No,
KD-174-R5,PCV,No,0,0,0,0,LGA,No,Yes,Outreach session held this week
KD-174-R6,BCG,Yes,0,12,8,4,Zipline,No,No,
KD-174-R6,HPV,Yes,4,0,2,2,KDHSMA,Yes,No,
KD-174-R6,IPV,No,0,0,0,0,LGA,No,No,
KD-174-R6,MR,Yes,9,0,3,6,Zipline,Yes,Yes,Catch-up campaign
KD-174-R6,MEN A,No,3,0,0,3,LGA,No,Yes,Scheduled routine immunization session
KD-174-R6,MCV,No,4,0,0,4,KDHSMA,No,Yes,Scheduled routine immunization session
KD-174-R6,OPV,Yes,38,0,22,16,LGA,Yes,Yes,Catch-up campaign
KD-174-R6,YF,No,0,0,0,0,LGA,No,No,
KD-174-R6,PENTA,Yes,21,0,4,17,Zipline,Yes,Yes,Outreach session held this week
KD-174-R6,ROTA,No,0,0,0,0,LGA,No,No,
KD-174-R6,PCV,No,0,0,0,0,LGA,No,No,
KD-176-R1,BCG,Yes,57,29,68,18,LGA,No,No,
KD-176-R1,HPV,Yes,26,0,9,17,KDHSMA,Yes,Yes,Scheduled routine immunization session
KD-176-R1,IPV,Yes,27,40,42,25,KDHSMA,Yes,Yes,School-based session (HPV)
KD-176-R1,MR,Yes,9,21,13,17,LGA,Yes,Yes,Scheduled routine immunization session
KD-176-R1,MEN A,Yes,26,23,40,9,LGA,Yes,No,
KD-176-R1,MCV,Yes,32,0,11,21,LGA,Yes,Yes,Scheduled routine immunization session
KD-176-R1,OPV,Yes,47,72,60,59,KDHSMA,Yes,Yes,Scheduled routine immunization session
KD-176-R1,YF,Yes,13,22,16,19,LGA,Yes,Yes,Outreach session held this week
KD-176-R1,PENTA,Yes,82,72,117,37,LGA,Yes,No,
KD-176-R1,ROTA,Yes,106,0,68,38,LGA,Yes,Yes,Scheduled routine immunization session
KD-176-R1,PCV,Yes,60,0,14,46,LGA,Yes,Yes,Scheduled routine immunization session
KD-176-R2,BCG,Yes,68,35,90,13,LGA,Yes,No,
KD-176-R2,HPV,Yes,9,12,6,15,KDHSMA,Yes,Yes,School-based session (HPV)
KD-176-R2,IPV,Yes,42,42,62,22,LGA,Yes,Yes,Outreach session held this week
KD-176-R2,MR,No,13,0,0,13,LGA,No,Yes,Outreach session held this week
KD-176-R2,MEN A,Yes,40,0,28,12,LGA,Yes,Yes,Outreach session held this week
KD-176-R2,MCV,Yes,11,27,22,16,LGA,Yes,Yes,Scheduled routine immunization session
KD-176-R2,OPV,Yes,60,56,72,44,KDHSMA,No,Yes,Scheduled routine immunization session
KD-176-R2,YF,Yes,16,0,3,13,Zipline,Yes,No,
KD-176-R2,PENTA,Yes,117,65,140,42,LGA,Yes,Yes,Scheduled routine immunization session
KD-176-R2,ROTA,Yes,68,0,30,38,Zipline,Yes,Yes,Scheduled routine immunization session
KD-176-R2,PCV,No,14,0,0,14,KDHSMA,No,Yes,Scheduled routine immunization session
KD-176-R3,BCG,Yes,90,0,69,21,KDHSMA,Yes,Yes,Scheduled routine immunization session
KD-176-R3,HPV,No,6,0,0,6,Zipline,No,No,
KD-176-R3,IPV,Yes,62,32,71,23,LGA,No,Yes,Scheduled routine immunization session
KD-176-R3,MR,No,0,0,0,0,KDHSMA,No,No,
KD-176-R3,MEN A,Yes,28,0,13,15,LGA,Yes,Yes,Scheduled routine immunization session
KD-176-R3,MCV,Yes,22,23,26,19,LGA,Yes,Yes,Scheduled routine immunization session
KD-176-R3,OPV,Yes,72,0,24,48,Zipline,Yes,Yes,Scheduled routine immunization session
KD-176-R3,YF,No,3,0,0,3,LGA,No,Yes,Scheduled routine immunization session
KD-176-R3,PENTA,Yes,140,84,173,51,LGA,Yes,Yes,Scheduled routine immunization session
KD-176-R3,ROTA,Yes,30,45,44,31,LGA,Yes,Yes,School-based session (HPV)
KD-176-R3,PCV,Yes,0,84,39,45,LGA,Yes,Yes,Scheduled routine immunization session
KD-176-R4,BCG,Yes,69,40,92,17,LGA,Yes,No,
KD-176-R4,HPV,No,0,0,0,0,LGA,No,Yes,High birth cohort this week
KD-176-R4,IPV,Yes,71,0,38,33,LGA,No,Yes,Scheduled routine immunization session
KD-176-R4,MR,Yes,0,29,21,8,LGA,Yes,No,
KD-176-R4,MEN A,No,13,0,0,13,LGA,No,Yes,Outreach session held this week
KD-176-R4,MCV,Yes,26,0,6,20,LGA,Yes,Yes,Scheduled routine immunization session
KD-176-R4,OPV,Yes,24,85,57,52,LGA,No,Yes,Outreach session held this week
KD-176-R4,YF,No,0,0,0,0,LGA,No,Yes,High birth cohort this week
KD-176-R4,PENTA,Yes,173,0,125,48,Zipline,Yes,Yes,Outreach session held this week
KD-176-R4,ROTA,Yes,44,56,73,27,LGA,Yes,No,
KD-176-R4,PCV,Yes,39,73,73,39,LGA,Yes,No,
KD-176-R5,BCG,Yes,92,0,75,17,LGA,Yes,No,
KD-176-R5,HPV,No,0,0,0,0,LGA,No,No,
KD-176-R5,IPV,Yes,38,0,13,25,LGA,Yes,Yes,Scheduled routine immunization session
KD-176-R5,MR,Yes,21,19,24,16,LGA,Yes,Yes,Scheduled routine immunization session
KD-176-R5,MEN A,Yes,0,28,18,10,LGA,Yes,No,
KD-176-R5,MCV,No,6,0,0,6,LGA,No,Yes,High birth cohort this week
KD-176-R5,OPV,Yes,57,64,86,35,KDHSMA,Yes,No,
KD-176-R5,YF,Yes,0,22,10,12,LGA,No,No,
KD-176-R5,PENTA,Yes,125,79,156,48,LGA,Yes,Yes,Scheduled routine immunization session
KD-176-R5,ROTA,Yes,73,51,103,21,LGA,No,No,
KD-176-R5,PCV,Yes,73,81,119,35,LGA,Yes,No,
KD-176-R6,BCG,Yes,75,0,56,19,LGA,Yes,Yes,Scheduled routine immunization session
KD-176-R6,HPV,No,0,18,0,18,LGA,No,Yes,School-based session (HPV)
KD-176-R6,IPV,No,13,0,0,13,Zipline,No,Yes,Scheduled routine immunization session
KD-176-R6,MR,Yes,24,29,33,20,KDHSMA,Yes,Yes,School-based session (HPV)
KD-176-R6,MEN A,Yes,18,23,26,15,Zipline,Yes,Yes,Catch-up campaign
KD-176-R6,MCV,Yes,0,21,3,18,Zipline,Yes,Yes,Scheduled routine immunization session
KD-176-R6,OPV,Yes,86,0,39,47,LGA,Yes,Yes,Scheduled routine immunization session
KD-176-R6,YF,Yes,10,22,18,14,Zipline,Yes,Yes,Scheduled routine immunization session
KD-176-R6,PENTA,Yes,156,81,182,55,LGA,No,Yes,Scheduled routine immunization session
KD-176-R6,ROTA,Yes,103,46,119,30,KDHSMA,Yes,Yes,Scheduled routine immunization session
KD-176-R6,PCV,Yes,119,69,147,41,KDHSMA,Yes,Yes,High birth cohort this week
KD-178-R1,BCG,Yes,23,0,2,21,Zipline,Yes,Yes,Outreach session held this week
KD-178-R1,HPV,Yes,30,0,25,5,LGA,Yes,No,
KD-178-R1,IPV,Yes,55,0,37,18,LGA,Yes,No,
KD-178-R1,MR,No,9,0,0,9,Zipline,No,No,
KD-178-R1,MEN A,Yes,21,0,2,19,KDHSMA,Yes,Yes,Outreach session held this week
KD-178-R1,MCV,Yes,19,28,23,24,LGA,Yes,Yes,Catch-up campaign
KD-178-R1,OPV,No,0,0,0,0,LGA,No,Yes,Scheduled routine immunization session
KD-178-R1,YF,Yes,31,0,19,12,KDHSMA,Yes,No,
KD-178-R1,PENTA,Yes,52,0,3,49,LGA,Yes,Yes,Scheduled routine immunization session
KD-178-R1,ROTA,Yes,31,58,63,26,LGA,Yes,No,
KD-178-R1,PCV,No,27,0,0,27,KDHSMA,No,No,
KD-178-R2,BCG,Yes,2,33,14,21,LGA,Yes,Yes,Catch-up campaign
KD-178-R2,HPV,Yes,25,16,29,12,KDHSMA,Yes,Yes,Catch-up campaign
KD-178-R2,IPV,Yes,37,0,19,18,LGA,Yes,No,
KD-178-R2,MR,No,0,0,0,0,Zipline,No,Yes,Scheduled routine immunization session
KD-178-R2,MEN A,No,2,0,0,2,LGA,No,No,
KD-178-R2,MCV,Yes,23,0,6,17,KDHSMA,Yes,Yes,Scheduled routine immunization session
KD-178-R2,OPV,No,0,0,0,0,KDHSMA,No,Yes,Outreach session held this week
KD-178-R2,YF,No,19,0,0,19,Zipline,No,Yes,Scheduled routine immunization session
KD-178-R2,PENTA,Yes,3,85,56,32,LGA,Yes,No,
KD-178-R2,ROTA,Yes,63,47,87,23,LGA,Yes,No,
KD-178-R2,PCV,No,0,0,0,0,LGA,No,No,
KD-178-R3,BCG,Yes,14,24,17,21,KDHSMA,Yes,Yes,Scheduled routine immunization session
KD-178-R3,HPV,Yes,29,0,17,12,KDHSMA,Yes,Yes,Outreach session held this week
KD-178-R3,IPV,No,19,0,0,19,LGA,No,Yes,School-based session (HPV)
KD-178-R3,MR,No,0,0,0,0,Zipline,No,No,
KD-178-R3,MEN A,No,0,0,0,0,LGA,No,Yes,School-based session (HPV)
KD-178-R3,MCV,No,6,0,0,6,LGA,No,No,
KD-178-R3,OPV,No,0,0,0,0,LGA,No,Yes,Scheduled routine immunization session
KD-178-R3,YF,Yes,0,31,19,12,LGA,Yes,No,
KD-178-R3,PENTA,Yes,56,0,9,47,LGA,Yes,Yes,Scheduled routine immunization session
KD-178-R3,ROTA,Yes,87,53,108,32,LGA,Yes,Yes,Scheduled routine immunization session
KD-178-R3,PCV,Yes,0,66,17,49,Zipline,Yes,Yes,Scheduled routine immunization session
KD-178-R4,BCG,No,17,0,0,17,LGA,No,Yes,Outreach session held this week
KD-178-R4,HPV,Yes,17,0,2,15,LGA,Yes,Yes,Catch-up campaign
KD-178-R4,IPV,Yes,0,34,18,16,LGA,Yes,No,
KD-178-R4,MR,No,0,0,0,0,LGA,No,Yes,Scheduled routine immunization session
KD-178-R4,MEN A,Yes,0,18,10,8,LGA,Yes,No,
KD-178-R4,MCV,No,0,0,0,0,LGA,No,Yes,Scheduled routine immunization session
KD-178-R4,OPV,Yes,0,77,39,38,LGA,Yes,No,
KD-178-R4,YF,Yes,19,22,21,20,LGA,Yes,Yes,Scheduled routine immunization session
KD-178-R4,PENTA,Yes,9,67,42,34,LGA,No,No,
KD-178-R4,ROTA,Yes,108,0,79,29,LGA,Yes,Yes,Outreach session held this week
KD-178-R4,PCV,Yes,17,71,43,45,Zipline,Yes,Yes,Scheduled routine immunization session
KD-178-R5,BCG,No,0,0,0,0,LGA,No,Yes,High birth cohort this week
KD-178-R5,HPV,Yes,2,18,12,8,Zipline,Yes,No,
KD-178-R5,IPV,No,18,0,0,18,KDHSMA,No,Yes,Scheduled routine immunization session
KD-178-R5,MR,No,0,0,0,0,LGA,No,No,
KD-178-R5,MEN A,No,10,0,0,10,LGA,No,No,
KD-178-R5,MCV,Yes,0,25,10,15,LGA,Yes,Yes,Scheduled routine immunization session
KD-178-R5,OPV,No,39,0,0,39,LGA,No,Yes,Scheduled routine immunization session
KD-178-R5,YF,Yes,21,23,23,21,LGA,Yes,Yes,Scheduled routine immunization session
KD-178-R5,PENTA,Yes,42,78,75,45,KDHSMA,Yes,Yes,Outreach session held this week
KD-178-R5,ROTA,Yes,79,0,52,27,LGA,Yes,No,
KD-178-R5,PCV,Yes,43,0,1,42,LGA,Yes,Yes,Outreach session held this week
KD-178-R6,BCG,No,0,0,0,0,KDHSMA,No,Yes,High birth cohort this week
KD-178-R6,HPV,Yes,12,0,4,8,LGA,Yes,No,
KD-178-R6,IPV,No,0,0,0,0,KDHSMA,No,Yes,Outreach session held this week
KD-178-R6,MR,Yes,0,26,3,23,LGA,Yes,Yes,Scheduled routine immunization session
KD-178-R6,MEN A,No,0,0,0,0,KDHSMA,No,No,
KD-178-R6,MCV,Yes,10,24,18,16,KDHSMA,Yes,Yes,Scheduled routine immunization session
KD-178-R6,OPV,Yes,0,76,28,48,LGA,Yes,Yes,Scheduled routine immunization session
KD-178-R6,YF,Yes,23,22,24,21,KDHSMA,Yes,Yes,Scheduled routine immunization session
KD-178-R6,PENTA,Yes,75,0,27,48,LGA,Yes,Yes,Outreach session held this week
KD-178-R6,ROTA,Yes,52,57,81,28,LGA,Yes,Yes,Scheduled routine immunization session
KD-178-R6,PCV,Yes,1,72,31,42,LGA,Yes,Yes,Scheduled routine immunization session
KD-181-R1,BCG,Yes,0,37,19,18,LGA,Yes,No,
KD-181-R1,HPV,Yes,15,0,2,13,LGA,Yes,Yes,School-based session (HPV)
KD-181-R1,IPV,Yes,81,0,71,10,LGA,Yes,No,
KD-181-R1,MR,No,7,0,0,7,LGA,No,Yes,Outreach session held this week
KD-181-R1,MEN A,No,11,0,0,11,LGA,No,No,
KD-181-R1,MCV,Yes,29,22,40,11,KDHSMA,Yes,No,
KD-181-R1,OPV,Yes,31,74,61,44,KDHSMA,No,Yes,Outreach session held this week
KD-181-R1,YF,Yes,9,32,26,15,LGA,Yes,Yes,Outreach session held this week
KD-181-R1,PENTA,Yes,67,72,84,55,LGA,Yes,Yes,Catch-up campaign
KD-181-R1,ROTA,No,19,0,0,19,LGA,No,Yes,High birth cohort this week
KD-181-R1,PCV,Yes,81,0,30,51,LGA,Yes,Yes,Outreach session held this week
KD-181-R2,BCG,No,19,0,0,19,KDHSMA,No,Yes,Outreach session held this week
KD-181-R2,HPV,Yes,2,23,10,15,Zipline,Yes,Yes,School-based session (HPV)
KD-181-R2,IPV,Yes,71,36,83,24,KDHSMA,No,Yes,Outreach session held this week
KD-181-R2,MR,No,0,0,0,0,LGA,No,Yes,School-based session (HPV)
KD-181-R2,MEN A,No,0,0,0,0,KDHSMA,No,Yes,Outreach session held this week
KD-181-R2,MCV,Yes,40,0,28,12,LGA,Yes,No,
KD-181-R2,OPV,Yes,61,0,16,45,LGA,Yes,Yes,Scheduled routine immunization session
KD-181-R2,YF,Yes,26,0,13,13,LGA,Yes,No,
KD-181-R2,PENTA,Yes,84,0,39,45,KDHSMA,Yes,Yes,Outreach session held this week
KD-181-R2,ROTA,Yes,0,52,27,25,LGA,Yes,No,
KD-181-R2,PCV,No,30,0,0,30,LGA,No,No,
KD-181-R3,BCG,Yes,0,26,14,12,KDHSMA,Yes,No,
KD-181-R3,HPV,No,10,0,0,10,LGA,No,Yes,Outreach session held this week
KD-181-R3,IPV,Yes,83,37,101,19,LGA,Yes,No,
KD-181-R3,MR,No,0,0,0,0,LGA,No,No,
KD-181-R3,MEN A,Yes,0,19,13,6,LGA,Yes,No,
KD-181-R3,MCV,Yes,28,38,53,13,LGA,Yes,No,
KD-181-R3,OPV,Yes,16,76,41,51,LGA,Yes,Yes,Scheduled routine immunization session
KD-181-R3,YF,Yes,13,18,13,18,Zipline,Yes,Yes,Outreach session held this week
KD-181-R3,PENTA,Yes,39,55,46,48,LGA,Yes,Yes,Outreach session held this week
KD-181-R3,ROTA,No,27,0,0,27,LGA,No,Yes,Scheduled routine immunization session
KD-181-R3,PCV,Yes,0,91,46,45,LGA,Yes,Yes,Scheduled routine immunization session
KD-181-R4,BCG,No,14,0,0,14,LGA,No,No,
KD-181-R4,HPV,No,0,0,0,0,LGA,No,Yes,Outreach session held this week
KD-181-R4,IPV,Yes,101,0,71,30,LGA,Yes,Yes,Scheduled routine immunization session
KD-181-R4,MR,Yes,0,25,8,17,LGA,Yes,Yes,Outreach session held this week
KD-181-R4,MEN A,No,13,0,0,13,Zipline,No,Yes,Scheduled routine immunization session
KD-181-R4,MCV,Yes,53,0,41,12,LGA,Yes,No,
KD-181-R4,OPV,No,41,0,0,41,LGA,No,Yes,Scheduled routine immunization session
KD-181-R4,YF,No,13,0,0,13,LGA,No,No,
KD-181-R4,PENTA,No,46,0,0,46,Zipline,No,Yes,Scheduled routine immunization session
KD-181-R4,ROTA,No,0,0,0,0,LGA,No,Yes,Scheduled routine immunization session
KD-181-R4,PCV,Yes,46,67,65,48,KDHSMA,Yes,Yes,High birth cohort this week
KD-181-R5,BCG,No,0,0,0,0,Zipline,No,Yes,High birth cohort this week
KD-181-R5,HPV,No,0,0,0,0,LGA,No,No,
KD-181-R5,IPV,Yes,71,0,47,24,Zipline,Yes,Yes,Scheduled routine immunization session
KD-181-R5,MR,Yes,8,0,1,7,LGA,Yes,No,
KD-181-R5,MEN A,No,0,0,0,0,KDHSMA,No,Yes,Scheduled routine immunization session
KD-181-R5,MCV,Yes,41,24,46,19,LGA,Yes,Yes,Catch-up campaign
KD-181-R5,OPV,Yes,0,64,10,54,Zipline,Yes,Yes,Outreach session held this week
KD-181-R5,YF,No,0,0,0,0,LGA,No,Yes,Scheduled routine immunization session
KD-181-R5,PENTA,No,0,0,0,0,Zipline,No,Yes,Catch-up campaign
KD-181-R5,ROTA,No,0,0,0,0,Zipline,No,No,
KD-181-R5,PCV,Yes,65,61,96,30,LGA,Yes,No,
KD-181-R6,BCG,No,0,0,0,0,LGA,No,No,
KD-181-R6,HPV,No,0,0,0,0,LGA,No,No,
KD-181-R6,IPV,Yes,47,37,59,25,LGA,Yes,Yes,Scheduled routine immunization session
KD-181-R6,MR,No,1,0,0,1,LGA,No,Yes,Outreach session held this week
KD-181-R6,MEN A,Yes,0,20,5,15,LGA,No,Yes,School-based session (HPV)
KD-181-R6,MCV,Yes,46,21,55,12,LGA,Yes,No,
KD-181-R6,OPV,Yes,10,66,24,52,LGA,Yes,Yes,Scheduled routine immunization session
KD-181-R6,YF,Yes,0,23,4,19,LGA,Yes,Yes,School-based session (HPV)
KD-181-R6,PENTA,No,0,0,0,0,LGA,No,No,
KD-181-R6,ROTA,Yes,0,43,15,28,Zipline,No,Yes,Catch-up campaign
KD-181-R6,PCV,Yes,96,72,130,38,LGA,Yes,No,
KD-183-R1,BCG,No,17,0,0,17,LGA,No,Yes,Scheduled routine immunization session
KD-183-R1,HPV,Yes,20,0,7,13,LGA,Yes,Yes,Outreach session held this week
KD-183-R1,IPV,Yes,39,0,18,21,Zipline,Yes,Yes,Scheduled routine immunization session
KD-183-R1,MR,Yes,16,0,7,9,KDHSMA,Yes,No,
KD-183-R1,MEN A,Yes,13,0,6,7,LGA,Yes,No,
KD-183-R1,MCV,Yes,3,21,8,16,LGA,Yes,Yes,Scheduled routine immunization session
KD-183-R1,OPV,Yes,72,0,32,40,LGA,Yes,No,
KD-183-R1,YF,Yes,33,0,22,11,LGA,No,No,
KD-183-R1,PENTA,No,15,0,0,15,LGA,No,Yes,Scheduled routine immunization session
KD-183-R1,ROTA,Yes,40,0,2,38,KDHSMA,Yes,Yes,Scheduled routine immunization session
KD-183-R1,PCV,No,37,0,0,37,LGA,No,Yes,High birth cohort this week
KD-183-R2,BCG,No,0,27,0,27,KDHSMA,No,Yes,High birth cohort this week
KD-183-R2,HPV,No,7,0,0,7,LGA,No,No,
KD-183-R2,IPV,No,18,0,0,18,KDHSMA,No,Yes,Scheduled routine immunization session
KD-183-R2,MR,No,7,0,0,7,Zipline,No,Yes,Scheduled routine immunization session
KD-183-R2,MEN A,Yes,6,19,11,14,LGA,Yes,Yes,Scheduled routine immunization session
KD-183-R2,MCV,No,8,0,0,8,Zipline,No,Yes,Scheduled routine immunization session
KD-183-R2,OPV,No,32,0,0,32,KDHSMA,No,Yes,Outreach session held this week
KD-183-R2,YF,No,22,0,0,22,Zipline,No,Yes,Outreach session held this week
KD-183-R2,PENTA,No,0,0,0,0,LGA,No,Yes,Scheduled routine immunization session
KD-183-R2,ROTA,No,2,0,0,2,Zipline,No,No,
KD-183-R2,PCV,No,0,0,0,0,LGA,No,Yes,High birth cohort this week
KD-183-R3,BCG,No,0,0,0,0,LGA,No,No,
KD-183-R3,HPV,No,0,0,0,0,LGA,No,No,
KD-183-R3,IPV,No,0,0,0,0,LGA,No,No,
KD-183-R3,MR,No,0,0,0,0,LGA,No,No,
KD-183-R3,MEN A,No,11,0,0,11,KDHSMA,No,Yes,Scheduled routine immunization session
KD-183-R3,MCV,Yes,0,25,8,17,LGA,No,Yes,High birth cohort this week
KD-183-R3,OPV,Yes,0,62,20,42,KDHSMA,Yes,Yes,Outreach session held this week
KD-183-R3,YF,No,0,0,0,0,LGA,No,Yes,High birth cohort this week
KD-183-R3,PENTA,No,0,0,0,0,LGA,No,Yes,Outreach session held this week
KD-183-R3,ROTA,No,0,0,0,0,LGA,No,No,
KD-183-R3,PCV,No,0,0,0,0,Zipline,No,Yes,Outreach session held this week
KD-183-R4,BCG,No,0,0,0,0,Zipline,No,Yes,High birth cohort this week
KD-183-R4,HPV,No,0,0,0,0,LGA,No,No,
KD-183-R4,IPV,Yes,0,36,13,23,KDHSMA,No,Yes,Outreach session held this week
KD-183-R4,MR,No,0,0,0,0,Zipline,No,Yes,Scheduled routine immunization session
KD-183-R4,MEN A,No,0,0,0,0,Zipline,No,Yes,Scheduled routine immunization session
KD-183-R4,MCV,Yes,8,21,16,13,LGA,Yes,No,
KD-183-R4,OPV,No,20,0,0,20,KDHSMA,No,Yes,Catch-up campaign
KD-183-R4,YF,No,0,0,0,0,KDHSMA,No,Yes,School-based session (HPV)
KD-183-R4,PENTA,Yes,0,75,19,56,Zipline,Yes,Yes,High birth cohort this week
KD-183-R4,ROTA,No,0,0,0,0,LGA,No,Yes,Scheduled routine immunization session
KD-183-R4,PCV,No,0,0,0,0,LGA,No,Yes,Scheduled routine immunization session
KD-183-R5,BCG,No,0,0,0,0,LGA,No,No,
KD-183-R5,HPV,No,0,0,0,0,KDHSMA,No,Yes,School-based session (HPV)
KD-183-R5,IPV,No,13,0,0,13,KDHSMA,No,Yes,High birth cohort this week
KD-183-R5,MR,No,0,0,0,0,Zipline,No,Yes,Scheduled routine immunization session
KD-183-R5,MEN A,No,0,0,0,0,LGA,No,Yes,Scheduled routine immunization session
KD-183-R5,MCV,No,16,0,0,16,LGA,No,Yes,Scheduled routine immunization session
KD-183-R5,OPV,No,0,0,0,0,LGA,No,No,
KD-183-R5,YF,No,0,0,0,0,LGA,No,Yes,Scheduled routine immunization session
KD-183-R5,PENTA,No,19,0,0,19,LGA,No,Yes,School-based session (HPV)
KD-183-R5,ROTA,No,0,0,0,0,LGA,No,No,
KD-183-R5,PCV,No,0,0,0,0,Zipline,No,Yes,Scheduled routine immunization session
KD-183-R6,BCG,Yes,0,33,9,24,LGA,Yes,Yes,Outreach session held this week
KD-183-R6,HPV,Yes,0,26,12,14,LGA,Yes,Yes,Scheduled routine immunization session
KD-183-R6,IPV,No,0,0,0,0,KDHSMA,No,No,
KD-183-R6,MR,No,0,0,0,0,LGA,No,No,
KD-183-R6,MEN A,No,0,0,0,0,Zipline,No,Yes,Outreach session held this week
KD-183-R6,MCV,No,0,0,0,0,LGA,No,No,
KD-183-R6,OPV,No,0,0,0,0,LGA,No,Yes,Outreach session held this week
KD-183-R6,YF,Yes,0,21,9,12,LGA,Yes,No,
KD-183-R6,PENTA,Yes,0,74,39,35,Zipline,Yes,No,
KD-183-R6,ROTA,Yes,0,51,25,26,LGA,No,No,
KD-183-R6,PCV,Yes,0,61,10,51,LGA,Yes,Yes,Catch-up campaign
