facility_id,lga,facility_type,commodity,category,stock_balance,minimum_stock_level,supplier,stockout_flag,stockout_risk
KD-066,Kaduna North,Basic Health Centre,Calibrated Blood Collection Drape,Maternal,0.0,,KDHSMA,1.0,0.8393155562906004
KD-172,Zangon Kataf,Health Post,Calibrated Blood Collection Drape,Maternal,0.0,,KDHSMA,1.0,0.8323003042387362
KD-064,Kachia,Health Post,Ibuprofen Suspension,Child,0.0,18.0,KDHSMA,1.0,0.8259178794898675
KD-064,Kachia,Health Post,Ferrous Sulphate,Maternal,0.0,448.0,KDHSMA,1.0,0.8255857748530331
KD-064,Kachia,Health Post,Zinc,Child,0.0,139.0,KDHSMA,1.0,0.8229167781748055
KD-064,Kachia,Health Post,Misoprostol,Maternal,0.0,51.0,KDHSMA,1.0,0.8149824333917306
KD-064,Kachia,Health Post,Magnesium Sulphate Injection,Maternal,0.0,9.0,Free MNCH,1.0,0.8121646847508842
KD-053,Jema'a,Basic Health Centre,Calibrated Blood Collection Drape,Maternal,0.0,,KDHSMA,1.0,0.808993717900219
KD-026,Igabi,Basic Health Centre,Magnesium Sulphate Injection,Maternal,0.0,,Free MNCH,1.0,0.8087287918877457
KD-086,Kagarko,Basic Health Centre,Calibrated Blood Collection Drape,Maternal,0.0,,KDHSMA,1.0,0.806614386374248
KD-032,Igabi,Health Post,Artemether Injection,General,0.0,15.0,LGA,1.0,0.805495920427202
KD-016,Chikun,General Hospital,Calibrated Blood Collection Drape,Maternal,0.0,129.0,KDHSMA,1.0,0.8031459463667968
KD-133,Lere,Health Post,Calibrated Blood Collection Drape,Maternal,0.0,10.0,LGA,1.0,0.802032408802506
KD-126,Kudan,General Hospital,Calibrated Blood Collection Drape,Maternal,0.0,,KDHSMA,1.0,0.8017241527237933
KD-064,Kachia,Health Post,IV Fluids,Maternal,0.0,24.0,KDHSMA,1.0,0.7990570926455992
KD-064,Kachia,Health Post,Giving Sets,Maternal,0.0,25.0,KDHSMA,1.0,0.7983947232275138
KD-032,Igabi,Health Post,Giving Sets,Maternal,0.0,23.0,KDHSMA,1.0,0.7983633304603542
KD-172,Zangon Kataf,Health Post,Magnesium Sulphate Injection,Maternal,0.0,,Free MNCH,1.0,0.7978279136173592
KD-066,Kaduna North,Basic Health Centre,Magnesium Sulphate Injection,Maternal,0.0,,KDHSMA,1.0,0.7977201262668983
KD-064,Kachia,Health Post,Injectable Contraceptives,Family Planning,0.0,28.0,KDHSMA,1.0,0.797344223392709
KD-064,Kachia,Health Post,Artemether Injection,General,0.0,16.0,LGA,1.0,0.7952371017443576
KD-096,Kajuru,Health Post,Chlorhexidine Gel,Child,0.0,13.0,KDHSMA,1.0,0.7948847740433288
KD-096,Kajuru,Health Post,Zinc,Child,0.0,158.0,KDHSMA,1.0,0.7947444837189359
KD-096,Kajuru,Health Post,Ibuprofen Suspension,Child,0.0,15.0,KDHSMA,1.0,0.79266685510638
KD-031,Igabi,Basic Health Centre,Calibrated Blood Collection Drape,Maternal,0.0,19.0,KDHSMA,1.0,0.7925000532233135
KD-172,Zangon Kataf,Health Post,Folic Acid,Maternal,0.0,,LGA,1.0,0.7921474421436316
KD-032,Igabi,Health Post,Ferrous Sulphate,Maternal,0.0,461.0,Donations,1.0,0.7885136637256507
KD-179,Zaria,Primary Health Centre,Tranexamic Acid Injection,Maternal,0.0,24.0,Zipline,1.0,0.7881340538543448
KD-032,Igabi,Health Post,Injectable Contraceptives,Family Planning,0.0,32.0,Donations,1.0,0.7864902830478563
KD-024,Giwa,Primary Health Centre,Magnesium Sulphate Injection,Maternal,0.0,29.0,KDHSMA,1.0,0.7863904543301645
KD-179,Zaria,Primary Health Centre,Calibrated Blood Collection Drape,Maternal,0.0,24.0,Zipline,1.0,0.78599133348884
KD-153,Sanga,General Hospital,Tranexamic Acid Injection,Maternal,0.0,79.0,KDHSMA,1.0,0.7859413157061624
KD-064,Kachia,Health Post,Paracetamol Syrup,Child,0.0,39.0,KDHSMA,1.0,0.7850259554436374
KD-064,Kachia,Health Post,Tranexamic Acid Injection,Maternal,0.0,6.0,KDHSMA,1.0,0.7847851955876004
KD-153,Sanga,General Hospital,Calibrated Blood Collection Drape,Maternal,0.0,121.0,KDHSMA,1.0,0.7836188257666964
KD-012,Chikun,Primary Health Centre,Tranexamic Acid Injection,Maternal,0.0,26.0,NGO,1.0,0.7827268584974315
KD-032,Igabi,Health Post,Artemether + Lumefantrine,General,0.0,97.0,Donations,1.0,0.7819610280286129
KD-172,Zangon Kataf,Health Post,Ibuprofen Suspension,Child,0.0,,Zipline,1.0,0.7810672312522129
KD-064,Kachia,Health Post,Oxytocin,Maternal,0.0,19.0,KDHSMA,1.0,0.7810548824776524
KD-172,Zangon Kataf,Health Post,Injectable Contraceptives,Family Planning,0.0,,Federal Government,1.0,0.7804877711253992
KD-172,Zangon Kataf,Health Post,ORS,Child,0.0,128.0,Donations,1.0,0.7793241978902592
KD-172,Zangon Kataf,Health Post,Zinc,Child,0.0,,Zipline,1.0,0.7788130049561549
KD-133,Lere,Health Post,Ibuprofen Suspension,Child,0.0,21.0,LGA,1.0,0.7786665881490334
KD-111,Kauru,Basic Health Centre,Calibrated Blood Collection Drape,Maternal,0.0,16.0,KDHSMA,1.0,0.7785389922540686
KD-151,Sabon Gari,Health Post,Ibuprofen Tablet,General,0.0,233.0,NGO,1.0,0.7785067560175405
KD-096,Kajuru,Health Post,Amoxicillin Capsule,General,0.0,425.0,KDHSMA,1.0,0.7780029978650823
KD-158,Sanga,Basic Health Centre,Tranexamic Acid Injection,Maternal,0.0,13.0,KDHSMA,1.0,0.7778520576496892
KD-032,Igabi,Health Post,IV Fluids,Maternal,0.0,32.0,Donations,1.0,0.7769867191263706
KD-075,Kaduna South,Primary Health Centre,Calibrated Blood Collection Drape,Maternal,0.0,32.0,Zipline,1.0,0.7767806495166342
KD-073,Kaduna South,Primary Health Centre,Tranexamic Acid Injection,Maternal,0.0,25.0,KDHSMA,1.0,0.7766934289987346
KD-143,Makarfi,Basic Health Centre,Calibrated Blood Collection Drape,Maternal,0.0,19.0,KDHSMA,1.0,0.776528740713315
KD-055,Jema'a,Primary Health Centre,Tranexamic Acid Injection,Maternal,0.0,25.0,KDHSMA,1.0,0.7763951125145035
KD-103,Kaura,Basic Health Centre,Calibrated Blood Collection Drape,Maternal,0.0,16.0,KDHSMA,1.0,0.7754748646280447
KD-096,Kajuru,Health Post,Giving Sets,Maternal,0.0,28.0,KDHSMA,1.0,0.7752434769922084
KD-075,Kaduna South,Primary Health Centre,Tranexamic Acid Injection,Maternal,0.0,21.0,KDHSMA,1.0,0.7744087100020484
KD-116,Kubau,Basic Health Centre,Calibrated Blood Collection Drape,Maternal,0.0,15.0,KDHSMA,1.0,0.7740194824718184
KD-024,Giwa,Primary Health Centre,Calibrated Blood Collection Drape,Maternal,0.0,33.0,NGO,1.0,0.7739235089513997
KD-005,Birnin Gwari,Primary Health Centre,Calibrated Blood Collection Drape,Maternal,0.0,27.0,Free MNCH,1.0,0.7738474613386269
KD-096,Kajuru,Health Post,Sulphadoxine + Pyrimethamine,Maternal,0.0,115.0,KDHSMA,1.0,0.7737238018041822
KD-087,Kagarko,Basic Health Centre,Calibrated Blood Collection Drape,Maternal,0.0,16.0,KDHSMA,1.0,0.7736273250817436
KD-039,Ikara,Primary Health Centre,Ibuprofen Suspension,Child,0.0,72.0,KDHSMA,1.0,0.7736083534670284
KD-024,Giwa,Primary Health Centre,Ferrous Sulphate,Maternal,0.0,1495.0,KDHSMA,1.0,0.7734968307691319
KD-133,Lere,Health Post,Magnesium Sulphate Injection,Maternal,0.0,10.0,LGA,1.0,0.7732565776826125
KD-151,Sabon Gari,Health Post,Chlorhexidine Gel,Child,0.0,13.0,Zipline,1.0,0.7722490341425261
KD-066,Kaduna North,Basic Health Centre,Tranexamic Acid Injection,Maternal,0.0,,KDHSMA,1.0,0.7722353096616966
KD-032,Igabi,Health Post,Implants,Family Planning,0.0,7.0,Donations,1.0,0.7721634836007878
KD-096,Kajuru,Health Post,Artemether + Lumefantrine,General,0.0,92.0,KDHSMA,1.0,0.7720171331973706
KD-032,Igabi,Health Post,ORS,Child,0.0,97.0,Donations,1.0,0.7718977188155471
KD-012,Chikun,Primary Health Centre,Calibrated Blood Collection Drape,Maternal,0.0,28.0,Free MNCH,1.0,0.7716595334130335
KD-066,Kaduna North,Basic Health Centre,Ferrous Sulphate,Maternal,0.0,,KDHSMA,1.0,0.7715972376130885
KD-096,Kajuru,Health Post,Amoxicillin Dispersible,Child,0.0,22.0,LGA,1.0,0.7713893966265247
KD-151,Sabon Gari,Health Post,Implants,Family Planning,0.0,6.0,Zipline,1.0,0.7712425874962743
KD-096,Kajuru,Health Post,Ibuprofen Tablet,General,0.0,242.0,KDHSMA,1.0,0.7710635711111449
KD-073,Kaduna South,Primary Health Centre,Calibrated Blood Collection Drape,Maternal,0.0,25.0,Federal Government,1.0,0.770653733952545
KD-109,Kauru,Primary Health Centre,Tranexamic Acid Injection,Maternal,0.0,20.0,KDHSMA,1.0,0.7695256914106166
KD-158,Sanga,Basic Health Centre,Calibrated Blood Collection Drape,Maternal,0.0,15.0,KDHSMA,1.0,0.7686721774335742
KD-112,Kauru,Basic Health Centre,Calibrated Blood Collection Drape,Maternal,0.0,19.0,Federal Government,1.0,0.7673951876299026
KD-172,Zangon Kataf,Health Post,Chlorhexidine Gel,Child,0.0,,Zipline,1.0,0.7670926923286129
KD-026,Igabi,Basic Health Centre,Calibrated Blood Collection Drape,Maternal,0.0,,Open Market,1.0,0.7670120189463963
KD-054,Jema'a,Basic Health Centre,Calibrated Blood Collection Drape,Maternal,0.0,17.0,NGO,1.0,0.7669507472113396
KD-016,Chikun,General Hospital,Tranexamic Acid Injection,Maternal,0.0,103.0,KDHSMA,1.0,0.7667348604045658
KD-133,Lere,Health Post,Zinc,Child,0.0,157.0,LGA,1.0,0.7664064234768264
KD-026,Igabi,Basic Health Centre,Implants,Family Planning,0.0,,Federal Government,1.0,0.7663088248666264
KD-161,Soba,Primary Health Centre,Tranexamic Acid Injection,Maternal,0.0,19.0,KDHSMA,1.0,0.766306923490555
KD-151,Sabon Gari,Health Post,Amoxicillin Dispersible,Child,0.0,23.0,Zipline,1.0,0.765975154263074
KD-032,Igabi,Health Post,Ibuprofen Suspension,Child,0.0,17.0,Zipline,1.0,0.7658161868956229
KD-172,Zangon Kataf,Health Post,Ibuprofen Tablet,General,0.0,,LGA,1.0,0.7653287691914084
KD-175,Zangon Kataf,Basic Health Centre,Calibrated Blood Collection Drape,Maternal,0.0,19.0,Free MNCH,1.0,0.7650629717881973
KD-148,Sabon Gari,Primary Health Centre,Calibrated Blood Collection Drape,Maternal,0.0,,LGA,1.0,0.764834718454629
KD-115,Kubau,General Hospital,Calibrated Blood Collection Drape,Maternal,0.0,139.0,NGO,1.0,0.7647677304711649
KD-087,Kagarko,Basic Health Centre,Tranexamic Acid Injection,Maternal,0.0,10.0,KDHSMA,1.0,0.764382140799627
KD-024,Giwa,Primary Health Centre,Artemether Injection,General,0.0,64.0,KDHSMA,1.0,0.764124371364198
KD-133,Lere,Health Post,Paracetamol Syrup,Child,0.0,33.0,LGA,1.0,0.7638973997282568
KD-016,Chikun,General Hospital,Implants,Family Planning,0.0,72.0,KDHSMA,1.0,0.7636826272731767
KD-130,Lere,Primary Health Centre,Calibrated Blood Collection Drape,Maternal,0.0,27.0,KDHSMA,1.0,0.7633317186107925
KD-024,Giwa,Primary Health Centre,IV Fluids,Maternal,0.0,104.0,KDHSMA,1.0,0.7632788385135743
KD-162,Soba,Basic Health Centre,Calibrated Blood Collection Drape,Maternal,0.0,19.0,KDHSMA,1.0,0.7632727068203258
KD-096,Kajuru,Health Post,Artemether Injection,General,0.0,20.0,Donations,1.0,0.7631310543253064
KD-032,Igabi,Health Post,Amoxicillin Capsule,General,0.0,338.0,Zipline,1.0,0.7630732566392995
KD-064,Kachia,Health Post,Paracetamol Tablet,General,0.0,692.0,Federal Government,1.0,0.7628834268082555
KD-016,Chikun,General Hospital,Ibuprofen Suspension,Child,0.0,223.0,KDHSMA,1.0,0.7627252399344943
KD-155,Sanga,Primary Health Centre,Calibrated Blood Collection Drape,Maternal,0.0,36.0,Open Market,1.0,0.7624362548552192
KD-169,Zangon Kataf,Primary Health Centre,Calibrated Blood Collection Drape,Maternal,0.0,29.0,KDHSMA,1.0,0.7623521160911448
KD-133,Lere,Health Post,Artemether Injection,General,0.0,20.0,LGA,1.0,0.7616921994054074
KD-039,Ikara,Primary Health Centre,Ferrous Sulphate,Maternal,0.0,1107.0,KDHSMA,1.0,0.7614502555449344
KD-143,Makarfi,Basic Health Centre,Tranexamic Acid Injection,Maternal,0.0,11.0,KDHSMA,1.0,0.7614348265315237
KD-073,Kaduna South,Primary Health Centre,Misoprostol,Maternal,0.0,208.0,Federal Government,1.0,0.7601807976600603
KD-092,Kajuru,Health Post,Calibrated Blood Collection Drape,Maternal,0.0,11.0,Donations,1.0,0.7596984200172264
KD-088,Kagarko,Primary Health Centre,Calibrated Blood Collection Drape,Maternal,0.0,36.0,KDHSMA,1.0,0.7596055094749891
KD-012,Chikun,Primary Health Centre,Magnesium Sulphate Injection,Maternal,0.0,34.0,NGO,1.0,0.7592789318883659
KD-064,Kachia,Health Post,Calibrated Blood Collection Drape,Maternal,0.0,8.0,KDHSMA,0.0,0.7590190689941331
KD-133,Lere,Health Post,Artemether + Lumefantrine,General,0.0,76.0,LGA,1.0,0.7583520036870367
KD-096,Kajuru,Health Post,Injectable Contraceptives,Family Planning,0.0,23.0,Open Market,1.0,0.7578555427332122
KD-133,Lere,Health Post,Amoxicillin Dispersible,Child,0.0,29.0,LGA,1.0,0.7577583884547958
KD-064,Kachia,Health Post,Implants,Family Planning,0.0,7.0,Federal Government,1.0,0.7573387533169104
KD-106,Kauru,Primary Health Centre,Calibrated Blood Collection Drape,Maternal,0.0,,Free MNCH,1.0,0.7572582303457263
KD-096,Kajuru,Health Post,ORS,Child,0.0,132.0,KDHSMA,1.0,0.7571221203988782
KD-118,Kubau,Basic Health Centre,Calibrated Blood Collection Drape,Maternal,0.0,,KDHSMA,1.0,0.7566849788452206
KD-085,Kagarko,Primary Health Centre,Calibrated Blood Collection Drape,Maternal,0.0,,KDHSMA,1.0,0.756661571390968
KD-026,Igabi,Basic Health Centre,Injectable Contraceptives,Family Planning,0.0,,Federal Government,1.0,0.7564394536828303
KD-129,Lere,Basic Health Centre,Calibrated Blood Collection Drape,Maternal,0.0,16.0,KDHSMA,1.0,0.7563243057103635
KD-171,Zangon Kataf,Basic Health Centre,Calibrated Blood Collection Drape,Maternal,0.0,17.0,Federal Government,1.0,0.7561718338918095
KD-179,Zaria,Primary Health Centre,Magnesium Sulphate Injection,Maternal,0.0,26.0,Zipline,1.0,0.7556743253055042
KD-175,Zangon Kataf,Basic Health Centre,Ibuprofen Suspension,Child,0.0,29.0,KDHSMA,1.0,0.7547676907888915
KD-116,Kubau,Basic Health Centre,Ibuprofen Suspension,Child,0.0,28.0,KDHSMA,1.0,0.7547244261037092
KD-132,Lere,Primary Health Centre,Calibrated Blood Collection Drape,Maternal,0.0,32.0,KDHSMA,1.0,0.7544212783396925
KD-024,Giwa,Primary Health Centre,Implants,Family Planning,0.0,24.0,KDHSMA,1.0,0.7534377498335784
KD-073,Kaduna South,Primary Health Centre,Magnesium Sulphate Injection,Maternal,0.0,34.0,Federal Government,1.0,0.7529174431854087
KD-016,Chikun,General Hospital,Artemether Injection,General,0.0,278.0,KDHSMA,1.0,0.7527709358616813
KD-082,Kagarko,General Hospital,Calibrated Blood Collection Drape,Maternal,0.0,100.0,NGO,1.0,0.752755950472489
KD-010,Chikun,General Hospital,Tranexamic Acid Injection,Maternal,0.0,97.0,Free MNCH,1.0,0.7523732639034134
KD-016,Chikun,General Hospital,Zinc,Child,0.0,1598.0,KDHSMA,1.0,0.752317592610622
KD-016,Chikun,General Hospital,Injectable Contraceptives,Family Planning,0.0,420.0,KDHSMA,1.0,0.7522376301630416
KD-075,Kaduna South,Primary Health Centre,Artemether Injection,General,0.0,72.0,LGA,1.0,0.7522098030319713
KD-012,Chikun,Primary Health Centre,Oxytocin,Maternal,0.0,64.0,Free MNCH,1.0,0.7519944218179083
KD-173,Zangon Kataf,Primary Health Centre,Calibrated Blood Collection Drape,Maternal,0.0,,KDHSMA,1.0,0.7517944899108379
KD-133,Lere,Health Post,Ibuprofen Tablet,General,0.0,261.0,LGA,1.0,0.7516216443269274
KD-064,Kachia,Health Post,Ibuprofen Tablet,General,0.0,264.0,NGO,1.0,0.7513631596887416
KD-168,Soba,Primary Health Centre,Tranexamic Acid Injection,Maternal,0.0,27.0,KDHSMA,1.0,0.7511888158994497
KD-090,Kajuru,Primary Health Centre,Calibrated Blood Collection Drape,Maternal,0.0,28.0,KDHSMA,1.0,0.7509606271970942
KD-130,Lere,Primary Health Centre,Tranexamic Acid Injection,Maternal,0.0,25.0,KDHSMA,1.0,0.7508251189655911
KD-016,Chikun,General Hospital,Misoprostol,Maternal,0.0,680.0,KDHSMA,1.0,0.7507507532469754
KD-026,Igabi,Basic Health Centre,Tranexamic Acid Injection,Maternal,0.0,13.0,Zipline,1.0,0.75054951865054
KD-133,Lere,Health Post,IV Fluids,Maternal,0.0,30.0,LGA,1.0,0.7504392163219222
KD-016,Chikun,General Hospital,Folic Acid,Maternal,0.0,5980.0,KDHSMA,1.0,0.7501871716720807
KD-116,Kubau,Basic Health Centre,Paracetamol Syrup,Child,0.0,78.0,KDHSMA,1.0,0.7498180409529712
KD-119,Kubau,Primary Health Centre,Tranexamic Acid Injection,Maternal,0.0,24.0,KDHSMA,1.0,0.749729867399641
KD-177,Zaria,Basic Health Centre,Ibuprofen Suspension,Child,0.0,35.0,KDHSMA,1.0,0.7495139660564076
KD-096,Kajuru,Health Post,IV Fluids,Maternal,0.0,25.0,KDHSMA,1.0,0.7493531171767629
KD-024,Giwa,Primary Health Centre,Chlorhexidine Gel,Child,0.0,54.0,KDHSMA,1.0,0.7488747966332282
KD-144,Makarfi,Primary Health Centre,Tranexamic Acid Injection,Maternal,0.0,26.0,Free MNCH,1.0,0.7488259096647762
KD-108,Kauru,Primary Health Centre,Implants,Family Planning,0.0,22.0,KDHSMA,1.0,0.748692060307267
KD-096,Kajuru,Health Post,Ferrous Sulphate,Maternal,0.0,471.0,Zipline,1.0,0.7486745690239159
KD-007,Birnin Gwari,General Hospital,Calibrated Blood Collection Drape,Maternal,0.0,121.0,KDHSMA,1.0,0.7484197204586174
KD-166,Soba,Primary Health Centre,Tranexamic Acid Injection,Maternal,0.0,18.0,KDHSMA,1.0,0.7479882107110849
KD-053,Jema'a,Basic Health Centre,Ibuprofen Suspension,Child,0.0,,Donations,1.0,0.7479045915685316
KD-151,Sabon Gari,Health Post,ORS,Child,0.0,110.0,NGO,1.0,0.7478971971853112
KD-083,Kagarko,Primary Health Centre,Calibrated Blood Collection Drape,Maternal,0.0,27.0,Zipline,1.0,0.7475872992119434
KD-116,Kubau,Basic Health Centre,Implants,Family Planning,0.0,13.0,KDHSMA,1.0,0.7473512023353102
KD-075,Kaduna South,Primary Health Centre,Misoprostol,Maternal,0.0,173.0,Free MNCH,1.0,0.747192332086013
KD-117,Kubau,Primary Health Centre,Tranexamic Acid Injection,Maternal,0.0,21.0,KDHSMA,1.0,0.7471212510530174
KD-073,Kaduna South,Primary Health Centre,Artemether Injection,General,0.0,59.0,Free MNCH,1.0,0.7471026210925128
KD-066,Kaduna North,Basic Health Centre,Ibuprofen Suspension,Child,0.0,,Free MNCH,1.0,0.7470819789804548
KD-073,Kaduna South,Primary Health Centre,Chlorhexidine Gel,Child,0.0,52.0,NGO,1.0,0.7468395145294991
KD-016,Chikun,General Hospital,Amoxicillin Dispersible,Child,0.0,383.0,KDHSMA,1.0,0.7467970800795115
KD-125,Kudan,Health Post,Calibrated Blood Collection Drape,Maternal,0.0,8.0,NGO,1.0,0.7466854021982939
KD-082,Kagarko,General Hospital,Tranexamic Acid Injection,Maternal,0.0,90.0,NGO,1.0,0.7464990272927267
KD-178,Zaria,Primary Health Centre,Calibrated Blood Collection Drape,Maternal,0.0,34.0,Free MNCH,1.0,0.7463800562427287
KD-016,Chikun,General Hospital,Oxytocin,Maternal,0.0,208.0,KDHSMA,1.0,0.7460575773193159
KD-123,Kudan,Primary Health Centre,Chlorhexidine Gel,Child,0.0,42.0,KDHSMA,1.0,0.7459855980175116
KD-133,Lere,Health Post,Misoprostol,Maternal,0.0,47.0,Federal Government,1.0,0.7459424406750926
KD-116,Kubau,Basic Health Centre,Zinc,Child,0.0,223.0,NGO,1.0,0.7455335998381623
KD-047,Jaba,Basic Health Centre,Ferrous Sulphate,Maternal,0.0,801.0,KDHSMA,1.0,0.7454666187048968
KD-053,Jema'a,Basic Health Centre,Tranexamic Acid Injection,Maternal,0.0,12.0,KDHSMA,1.0,0.7454445706042563
KD-179,Zaria,Primary Health Centre,Folic Acid,Maternal,0.0,1526.0,Zipline,1.0,0.7453630523621293
KD-133,Lere,Health Post,ORS,Child,0.0,126.0,Free MNCH,1.0,0.7451818207532719
KD-053,Jema'a,Basic Health Centre,Folic Acid,Maternal,0.0,,KDHSMA,1.0,0.7449218264309182
KD-054,Jema'a,Basic Health Centre,Paracetamol Syrup,Child,0.0,73.0,NGO,1.0,0.7447005885851015
KD-083,Kagarko,Primary Health Centre,Tranexamic Acid Injection,Maternal,0.0,26.0,Zipline,1.0,0.7446814078155043
KD-053,Jema'a,Basic Health Centre,Magnesium Sulphate Injection,Maternal,0.0,,Free MNCH,1.0,0.7445491991383092
KD-179,Zaria,Primary Health Centre,Ferrous Sulphate,Maternal,0.0,1501.0,Zipline,1.0,0.7443286043494806
KD-134,Lere,Primary Health Centre,Calibrated Blood Collection Drape,Maternal,0.0,,KDHSMA,1.0,0.7442975871295239
KD-016,Chikun,General Hospital,Ferrous Sulphate,Maternal,0.0,6141.0,LGA,1.0,0.7442363625929214
KD-022,Giwa,Basic Health Centre,Zinc,Child,0.0,215.0,NGO,1.0,0.7441939433873841
KD-022,Giwa,Basic Health Centre,Chlorhexidine Gel,Child,0.0,,NGO,1.0,0.7441088483558267
KD-047,Jaba,Basic Health Centre,Implants,Family Planning,0.0,13.0,KDHSMA,1.0,0.7439757940994438
KD-170,Zangon Kataf,Basic Health Centre,Calibrated Blood Collection Drape,Maternal,0.0,17.0,NGO,1.0,0.7439618425590802
KD-096,Kajuru,Health Post,Paracetamol Syrup,Child,0.0,41.0,Zipline,1.0,0.7437516359150859
KD-006,Birnin Gwari,Basic Health Centre,Calibrated Blood Collection Drape,Maternal,0.0,,KDHSMA,1.0,0.7437395755229467
KD-161,Soba,Primary Health Centre,Calibrated Blood Collection Drape,Maternal,0.0,32.0,Free MNCH,1.0,0.7434913297446467
KD-179,Zaria,Primary Health Centre,Paracetamol Syrup,Child,0.0,134.0,Zipline,1.0,0.7433875912657567
KD-047,Jaba,Basic Health Centre,Ibuprofen Suspension,Child,0.0,32.0,KDHSMA,1.0,0.7429942785101613
KD-046,Jaba,Primary Health Centre,Tranexamic Acid Injection,Maternal,0.0,,KDHSMA,1.0,0.7428413315761431
KD-179,Zaria,Primary Health Centre,Zinc,Child,0.0,413.0,LGA,1.0,0.7426684636662629
KD-022,Giwa,Basic Health Centre,Ibuprofen Suspension,Child,0.0,,NGO,1.0,0.7426651229670785
KD-157,Sanga,Primary Health Centre,Tranexamic Acid Injection,Maternal,0.0,21.0,KDHSMA,1.0,0.7425502340491869
KD-030,Igabi,Primary Health Centre,Magnesium Sulphate Injection,Maternal,0.0,34.0,KDHSMA,1.0,0.7421865662060846
KD-047,Jaba,Basic Health Centre,Amoxicillin Dispersible,Child,0.0,46.0,KDHSMA,1.0,0.7420824104482587
KD-053,Jema'a,Basic Health Centre,Paracetamol Syrup,Child,0.0,,KDHSMA,1.0,0.7417542498190539
KD-047,Jaba,Basic Health Centre,Chlorhexidine Gel,Child,0.0,25.0,KDHSMA,1.0,0.7417315295433459
KD-073,Kaduna South,Primary Health Centre,Ibuprofen Tablet,General,0.0,837.0,Federal Government,1.0,0.7416519525340847
KD-113,Kubau,Basic Health Centre,Calibrated Blood Collection Drape,Maternal,0.0,,KDHSMA,1.0,0.7410500961373411
KD-005,Birnin Gwari,Primary Health Centre,Tranexamic Acid Injection,Maternal,0.0,22.0,Free MNCH,1.0,0.7404754357883191
KD-092,Kajuru,Health Post,Ibuprofen Suspension,Child,0.0,16.0,Donations,1.0,0.7401950456000407
KD-156,Sanga,General Hospital,Calibrated Blood Collection Drape,Maternal,0.0,123.0,NGO,1.0,0.7401949667053184
KD-053,Jema'a,Basic Health Centre,Amoxicillin Dispersible,Child,0.0,,KDHSMA,1.0,0.740169486991463
KD-022,Giwa,Basic Health Centre,Misoprostol,Maternal,0.0,,Free MNCH,1.0,0.7400630548583464
KD-054,Jema'a,Basic Health Centre,Chlorhexidine Gel,Child,0.0,22.0,NGO,1.0,0.7391923224572016
KD-039,Ikara,Primary Health Centre,Paracetamol Syrup,Child,0.0,130.0,KDHSMA,1.0,0.7391897954609209
KD-004,Birnin Gwari,General Hospital,Calibrated Blood Collection Drape,Maternal,0.0,140.0,LGA,1.0,0.7389585440829423
KD-075,Kaduna South,Primary Health Centre,Ibuprofen Suspension,Child,0.0,54.0,Donations,1.0,0.7388650877387594
KD-022,Giwa,Basic Health Centre,Amoxicillin Dispersible,Child,0.0,,NGO,1.0,0.7387781934978195
KD-126,Kudan,General Hospital,Tranexamic Acid Injection,Maternal,0.0,,KDHSMA,1.0,0.7387664389118607
KD-047,Jaba,Basic Health Centre,Artemether + Lumefantrine,General,0.0,132.0,KDHSMA,1.0,0.7386373964640376
KD-046,Jaba,Primary Health Centre,Magnesium Sulphate Injection,Maternal,0.0,,KDHSMA,1.0,0.7382843119426119
KD-053,Jema'a,Basic Health Centre,Misoprostol,Maternal,0.0,,KDHSMA,1.0,0.7380737068940314
KD-054,Jema'a,Basic Health Centre,Artemether Injection,General,0.0,32.0,NGO,1.0,0.7380579242901115
KD-020,Giwa,Primary Health Centre,Calibrated Blood Collection Drape,Maternal,0.0,33.0,Federal Government,1.0,0.7378121789375329
KD-073,Kaduna South,Primary Health Centre,Zinc,Child,0.0,480.0,Federal Government,1.0,0.7376906493231579
KD-012,Chikun,Primary Health Centre,Ferrous Sulphate,Maternal,0.0,1388.0,NGO,1.0,0.7376531805120607
KD-016,Chikun,General Hospital,Giving Sets,Maternal,0.0,429.0,KDHSMA,1.0,0.7375413473981639
KD-092,Kajuru,Health Post,Implants,Family Planning,0.0,6.0,Donations,1.0,0.7375339516903593
KD-066,Kaduna North,Basic Health Centre,Paracetamol Tablet,General,0.0,,KDHSMA,1.0,0.7375031300551914
KD-053,Jema'a,Basic Health Centre,Implants,Family Planning,0.0,,Donations,1.0,0.7374243337769824
KD-075,Kaduna South,Primary Health Centre,Magnesium Sulphate Injection,Maternal,0.0,27.0,KDHSMA,1.0,0.7373690031770568
KD-012,Chikun,Primary Health Centre,Amoxicillin Capsule,General,0.0,1373.0,NGO,1.0,0.7371816322931017
KD-159,Sanga,General Hospital,Calibrated Blood Collection Drape,Maternal,0.0,,KDHSMA,1.0,0.737136912789297
KD-148,Sabon Gari,Primary Health Centre,Tranexamic Acid Injection,Maternal,0.0,,Open Market,1.0,0.736987415274883
KD-010,Chikun,General Hospital,Calibrated Blood Collection Drape,Maternal,0.0,104.0,Open Market,1.0,0.7369014891584708
KD-111,Kauru,Basic Health Centre,Chlorhexidine Gel,Child,0.0,24.0,Donations,1.0,0.736896688227668
KD-092,Kajuru,Health Post,Magnesium Sulphate Injection,Maternal,0.0,10.0,Free MNCH,1.0,0.7366738391475619
KD-102,Kaura,Primary Health Centre,Calibrated Blood Collection Drape,Maternal,0.0,29.0,LGA,1.0,0.7365850294449183
KD-117,Kubau,Primary Health Centre,Calibrated Blood Collection Drape,Maternal,0.0,24.0,KDHSMA,1.0,0.7364226078249829
KD-126,Kudan,General Hospital,Folic Acid,Maternal,0.0,5628.0,KDHSMA,1.0,0.7362902434478023
KD-151,Sabon Gari,Health Post,Injectable Contraceptives,Family Planning,0.0,30.0,Zipline,1.0,0.7362048398740155
KD-012,Chikun,Primary Health Centre,Artemether Injection,General,0.0,67.0,NGO,1.0,0.7360668767593398
KD-061,Kachia,Primary Health Centre,Calibrated Blood Collection Drape,Maternal,0.0,27.0,KDHSMA,1.0,0.7358265250809473
KD-075,Kaduna South,Primary Health Centre,Implants,Family Planning,0.0,23.0,Federal Government,1.0,0.7357834515470187
KD-086,Kagarko,Basic Health Centre,Oxytocin,Maternal,0.0,,Free MNCH,1.0,0.7357335022879212
KD-116,Kubau,Basic Health Centre,Amoxicillin Dispersible,Child,0.0,43.0,KDHSMA,1.0,0.7354738850314945
KD-046,Jaba,Primary Health Centre,Implants,Family Planning,0.0,26.0,Federal Government,1.0,0.7354685372448664
KD-066,Kaduna North,Basic Health Centre,ORS,Child,0.0,,KDHSMA,1.0,0.7354237944771519
KD-111,Kauru,Basic Health Centre,Ibuprofen Suspension,Child,0.0,33.0,KDHSMA,1.0,0.7354013943550325
KD-091,Kajuru,General Hospital,Tranexamic Acid Injection,Maternal,0.0,107.0,NGO,1.0,0.7353603583014945
KD-135,Lere,Primary Health Centre,Calibrated Blood Collection Drape,Maternal,0.0,30.0,KDHSMA,1.0,0.7353006849759075
KD-126,Kudan,General Hospital,Magnesium Sulphate Injection,Maternal,0.0,,KDHSMA,1.0,0.7348442792640103
KD-111,Kauru,Basic Health Centre,Implants,Family Planning,0.0,10.0,KDHSMA,1.0,0.7347884761179823
KD-075,Kaduna South,Primary Health Centre,Paracetamol Tablet,General,0.0,2057.0,KDHSMA,1.0,0.7345620389315095
KD-169,Zangon Kataf,Primary Health Centre,Misoprostol,Maternal,0.0,,Free MNCH,1.0,0.7345301010049393
KD-014,Chikun,Primary Health Centre,Calibrated Blood Collection Drape,Maternal,0.0,,KDHSMA,1.0,0.7344143003691412
KD-112,Kauru,Basic Health Centre,Implants,Family Planning,0.0,11.0,Federal Government,1.0,0.7343062732913924
KD-046,Jaba,Primary Health Centre,Folic Acid,Maternal,0.0,,KDHSMA,1.0,0.734063386047785
KD-025,Igabi,General Hospital,Calibrated Blood Collection Drape,Maternal,0.0,134.0,Zipline,1.0,0.7339505264883748
KD-078,Kaduna South,General Hospital,Calibrated Blood Collection Drape,Maternal,0.0,137.0,KDHSMA,1.0,0.733882020732688
KD-086,Kagarko,Basic Health Centre,Folic Acid,Maternal,0.0,,KDHSMA,1.0,0.733837344126038
KD-029,Igabi,Primary Health Centre,Tranexamic Acid Injection,Maternal,0.0,21.0,NGO,1.0,0.7336933143897543
KD-169,Zangon Kataf,Primary Health Centre,Tranexamic Acid Injection,Maternal,0.0,23.0,KDHSMA,1.0,0.7335822605900811
KD-090,Kajuru,Primary Health Centre,Tranexamic Acid Injection,Maternal,0.0,20.0,KDHSMA,1.0,0.7334475031284725
KD-039,Ikara,Primary Health Centre,Amoxicillin Capsule,General,0.0,1298.0,Federal Government,1.0,0.7334004063542576
KD-086,Kagarko,Basic Health Centre,Ferrous Sulphate,Maternal,0.0,,KDHSMA,1.0,0.7333995320795199
KD-083,Kagarko,Primary Health Centre,Ibuprofen Suspension,Child,0.0,51.0,Zipline,1.0,0.7333019157522722
KD-126,Kudan,General Hospital,Misoprostol,Maternal,0.0,,KDHSMA,1.0,0.7331531783665638
KD-083,Kagarko,Primary Health Centre,Amoxicillin Capsule,General,0.0,1284.0,LGA,1.0,0.7331118231852253
KD-061,Kachia,Primary Health Centre,Tranexamic Acid Injection,Maternal,0.0,21.0,KDHSMA,1.0,0.7330038923225095
KD-123,Kudan,Primary Health Centre,Magnesium Sulphate Injection,Maternal,0.0,30.0,Free MNCH,1.0,0.7328800588066035
KD-073,Kaduna South,Primary Health Centre,Artemether + Lumefantrine,General,0.0,295.0,Federal Government,1.0,0.7324815121906895
KD-039,Ikara,Primary Health Centre,Folic Acid,Maternal,0.0,1211.0,KDHSMA,1.0,0.7323325274087321
KD-083,Kagarko,Primary Health Centre,Chlorhexidine Gel,Child,0.0,40.0,Zipline,1.0,0.7320846315729962
KD-077,Kaduna South,Basic Health Centre,Calibrated Blood Collection Drape,Maternal,0.0,14.0,KDHSMA,1.0,0.7320315956664659
KD-133,Lere,Health Post,Chlorhexidine Gel,Child,0.0,12.0,LGA,0.0,0.7320041493812051
KD-054,Jema'a,Basic Health Centre,Tranexamic Acid Injection,Maternal,0.0,12.0,LGA,1.0,0.7318966862733298
KD-133,Lere,Health Post,Sulphadoxine + Pyrimethamine,Maternal,0.0,152.0,LGA,1.0,0.7317753579778165
KD-071,Kaduna North,Primary Health Centre,Calibrated Blood Collection Drape,Maternal,0.0,31.0,KDHSMA,1.0,0.7316155694876965
KD-059,Kachia,Primary Health Centre,Calibrated Blood Collection Drape,Maternal,0.0,29.0,Free MNCH,1.0,0.7314800032776324
KD-075,Kaduna South,Primary Health Centre,Chlorhexidine Gel,Child,0.0,40.0,KDHSMA,1.0,0.7313356113005203
KD-012,Chikun,Primary Health Centre,Paracetamol Syrup,Child,0.0,105.0,NGO,1.0,0.7313314354825593
KD-046,Jaba,Primary Health Centre,Ibuprofen Suspension,Child,0.0,,KDHSMA,1.0,0.7312103448393588
KD-053,Jema'a,Basic Health Centre,Artemether Injection,General,0.0,27.0,KDHSMA,1.0,0.7311385042088024
KD-046,Jaba,Primary Health Centre,Zinc,Child,0.0,,KDHSMA,1.0,0.7310722827311779
KD-012,Chikun,Primary Health Centre,Ibuprofen Tablet,General,0.0,678.0,NGO,1.0,0.7308617066660245
KD-024,Giwa,Primary Health Centre,Sulphadoxine + Pyrimethamine,Maternal,0.0,507.0,LGA,1.0,0.7306111716717328
KD-055,Jema'a,Primary Health Centre,Calibrated Blood Collection Drape,Maternal,0.0,36.0,LGA,1.0,0.7305084689859938
KD-175,Zangon Kataf,Basic Health Centre,Magnesium Sulphate Injection,Maternal,0.0,16.0,Free MNCH,1.0,0.7304855750240826
KD-046,Jaba,Primary Health Centre,Misoprostol,Maternal,0.0,,KDHSMA,1.0,0.7304207910111985
KD-063,Kachia,Primary Health Centre,Calibrated Blood Collection Drape,Maternal,0.0,25.0,Donations,1.0,0.7303967477206108
KD-023,Giwa,Primary Health Centre,Magnesium Sulphate Injection,Maternal,0.0,25.0,Free MNCH,1.0,0.7302727691583131
KD-144,Makarfi,Primary Health Centre,Calibrated Blood Collection Drape,Maternal,0.0,30.0,Free MNCH,1.0,0.7302387499212508
KD-177,Zaria,Basic Health Centre,Folic Acid,Maternal,0.0,830.0,KDHSMA,1.0,0.7302373450733438
KD-046,Jaba,Primary Health Centre,Paracetamol Syrup,Child,0.0,,KDHSMA,1.0,0.73011572145566
KD-177,Zaria,Basic Health Centre,Amoxicillin Capsule,General,0.0,679.0,KDHSMA,1.0,0.7300395249631076
KD-039,Ikara,Primary Health Centre,Paracetamol Tablet,General,0.0,2629.0,KDHSMA,1.0,0.7296320165933312
KD-013,Chikun,Primary Health Centre,Folic Acid,Maternal,0.0,1183.0,LGA,1.0,0.7296193760594366
KD-016,Chikun,General Hospital,Ibuprofen Tablet,General,0.0,3335.0,KDHSMA,1.0,0.7295418683532001
KD-116,Kubau,Basic Health Centre,Magnesium Sulphate Injection,Maternal,0.0,19.0,Free MNCH,1.0,0.7293684466623293
KD-022,Giwa,Basic Health Centre,ORS,Child,0.0,205.0,NGO,1.0,0.7292624661295695
KD-116,Kubau,Basic Health Centre,Oxytocin,Maternal,0.0,35.0,KDHSMA,1.0,0.7287748012412709
KD-012,Chikun,Primary Health Centre,Implants,Family Planning,0.0,20.0,Federal Government,1.0,0.7286927955472946
KD-034,Ikara,Primary Health Centre,Calibrated Blood Collection Drape,Maternal,0.0,32.0,LGA,1.0,0.7285748246167749
KD-116,Kubau,Basic Health Centre,Giving Sets,Maternal,0.0,42.0,KDHSMA,1.0,0.7284731989902032
KD-177,Zaria,Basic Health Centre,Giving Sets,Maternal,0.0,49.0,KDHSMA,1.0,0.7284284561881239
KD-133,Lere,Health Post,Giving Sets,Maternal,0.0,26.0,LGA,1.0,0.7283164421017632
KD-021,Giwa,Primary Health Centre,Chlorhexidine Gel,Child,0.0,48.0,LGA,1.0,0.7279494320688706
KD-015,Chikun,Primary Health Centre,Calibrated Blood Collection Drape,Maternal,0.0,32.0,KDHSMA,1.0,0.7278994212735291
KD-126,Kudan,General Hospital,Zinc,Child,0.0,,KDHSMA,1.0,0.7274622800339741
KD-073,Kaduna South,Primary Health Centre,Sulphadoxine + Pyrimethamine,Maternal,0.0,461.0,Federal Government,1.0,0.7272535754622328
KD-012,Chikun,Primary Health Centre,Sulphadoxine + Pyrimethamine,Maternal,0.0,500.0,NGO,1.0,0.7271885840050534
KD-114,Kubau,Primary Health Centre,Implants,Family Planning,0.0,20.0,KDHSMA,1.0,0.7268343446193665
KD-022,Giwa,Basic Health Centre,Magnesium Sulphate Injection,Maternal,0.0,15.0,NGO,1.0,0.7266917648453614
KD-126,Kudan,General Hospital,Paracetamol Syrup,Child,0.0,481.0,KDHSMA,1.0,0.7266914902009041
KD-095,Kajuru,Health Post,Tranexamic Acid Injection,Maternal,0.0,8.0,Free MNCH,1.0,0.7266404953834973
KD-123,Kudan,Primary Health Centre,Misoprostol,Maternal,0.0,213.0,KDHSMA,1.0,0.7265102162630744
KD-053,Jema'a,Basic Health Centre,Giving Sets,Maternal,0.0,49.0,KDHSMA,1.0,0.7263908583007036
KD-086,Kagarko,Basic Health Centre,Giving Sets,Maternal,0.0,,Donations,1.0,0.7263077954924525
KD-053,Jema'a,Basic Health Centre,Oxytocin,Maternal,0.0,,Free MNCH,1.0,0.726082743207376
KD-054,Jema'a,Basic Health Centre,Folic Acid,Maternal,0.0,603.0,NGO,1.0,0.7260532939444265
KD-061,Kachia,Primary Health Centre,Implants,Family Planning,0.0,19.0,Federal Government,1.0,0.7259812267824222
KD-022,Giwa,Basic Health Centre,Ferrous Sulphate,Maternal,0.0,,NGO,1.0,0.7257726955986468
KD-047,Jaba,Basic Health Centre,Zinc,Child,0.0,205.0,Zipline,1.0,0.7255176717566816
KD-082,Kagarko,General Hospital,Paracetamol Syrup,Child,2.0,452.0,NGO,0.0,0.7253640826454401
KD-022,Giwa,Basic Health Centre,Folic Acid,Maternal,0.0,,Free MNCH,1.0,0.7252718086279825
KD-108,Kauru,Primary Health Centre,Ibuprofen Suspension,Child,0.0,,KDHSMA,1.0,0.725146456679124
KD-111,Kauru,Basic Health Centre,Magnesium Sulphate Injection,Maternal,0.0,15.0,KDHSMA,1.0,0.7251303075530445
KD-172,Zangon Kataf,Health Post,Tranexamic Acid Injection,Maternal,0.0,,Zipline,1.0,0.7250122013999356
KD-036,Ikara,Health Post,Calibrated Blood Collection Drape,Maternal,0.0,10.0,KDHSMA,1.0,0.7248816994896521
KD-172,Zangon Kataf,Health Post,Artemether Injection,General,0.0,19.0,Zipline,1.0,0.7246258210178901
KD-166,Soba,Primary Health Centre,Calibrated Blood Collection Drape,Maternal,0.0,36.0,KDHSMA,1.0,0.7246249862816906
KD-021,Giwa,Primary Health Centre,Artemether + Lumefantrine,General,0.0,323.0,LGA,1.0,0.7244686085754242
KD-002,Birnin Gwari,Primary Health Centre,Calibrated Blood Collection Drape,Maternal,0.0,,KDHSMA,1.0,0.7244574981842204
KD-039,Ikara,Primary Health Centre,Amoxicillin Dispersible,Child,0.0,86.0,KDHSMA,1.0,0.7243918360376712
KD-061,Kachia,Primary Health Centre,Chlorhexidine Gel,Child,0.0,49.0,KDHSMA,1.0,0.724382387966851
KD-012,Chikun,Primary Health Centre,Chlorhexidine Gel,Child,0.0,36.0,Federal Government,1.0,0.724374149394802
KD-075,Kaduna South,Primary Health Centre,Giving Sets,Maternal,0.0,90.0,KDHSMA,1.0,0.7239105756115082
KD-116,Kubau,Basic Health Centre,Ferrous Sulphate,Maternal,0.0,891.0,KDHSMA,1.0,0.7238667769975496
KD-151,Sabon Gari,Health Post,Folic Acid,Maternal,0.0,383.0,Zipline,1.0,0.7238049229836271
KD-054,Jema'a,Basic Health Centre,Misoprostol,Maternal,0.0,97.0,Free MNCH,1.0,0.7233186669711416
KD-126,Kudan,General Hospital,Chlorhexidine Gel,Child,0.0,,KDHSMA,1.0,0.7232341559322824
KD-061,Kachia,Primary Health Centre,Folic Acid,Maternal,0.0,1428.0,LGA,1.0,0.7231909653913934
KD-054,Jema'a,Basic Health Centre,Amoxicillin Capsule,General,0.0,643.0,NGO,1.0,0.7229778359900045
KD-054,Jema'a,Basic Health Centre,Oxytocin,Maternal,0.0,34.0,NGO,1.0,0.7228797442448408
KD-056,Jema'a,Health Post,Folic Acid,Maternal,0.0,367.0,LGA,1.0,0.7228557688617017
KD-126,Kudan,General Hospital,Giving Sets,Maternal,0.0,344.0,LGA,1.0,0.722404880478263
KD-030,Igabi,Primary Health Centre,Implants,Family Planning,0.0,,KDHSMA,1.0,0.7223790066607093
KD-017,Giwa,Primary Health Centre,Misoprostol,Maternal,0.0,146.0,Free MNCH,1.0,0.7222256763479864
KD-013,Chikun,Primary Health Centre,Implants,Family Planning,0.0,21.0,Federal Government,1.0,0.7218765681093126
KD-054,Jema'a,Basic Health Centre,Giving Sets,Maternal,0.0,57.0,NGO,1.0,0.7218538819228232
KD-076,Kaduna South,Basic Health Centre,Tranexamic Acid Injection,Maternal,0.0,15.0,KDHSMA,1.0,0.7217756673732574
KD-126,Kudan,General Hospital,Amoxicillin Dispersible,Child,0.0,,KDHSMA,1.0,0.7217254094737059
KD-126,Kudan,General Hospital,Ibuprofen Suspension,Child,0.0,,KDHSMA,1.0,0.7216373949717184
KD-086,Kagarko,Basic Health Centre,Implants,Family Planning,0.0,,Federal Government,1.0,0.7214604354510322
KD-088,Kagarko,Primary Health Centre,Tranexamic Acid Injection,Maternal,0.0,24.0,Free MNCH,1.0,0.7213236580218897
KD-024,Giwa,Primary Health Centre,Giving Sets,Maternal,0.0,86.0,LGA,1.0,0.7212710164001039
KD-047,Jaba,Basic Health Centre,Amoxicillin Capsule,General,0.0,765.0,KDHSMA,1.0,0.7211565334685396
KD-086,Kagarko,Basic Health Centre,Magnesium Sulphate Injection,Maternal,0.0,20.0,KDHSMA,1.0,0.7209268929322029
KD-151,Sabon Gari,Health Post,IV Fluids,Maternal,0.0,29.0,Zipline,1.0,0.7209038794604148
KD-172,Zangon Kataf,Health Post,Ferrous Sulphate,Maternal,0.0,,Zipline,1.0,0.7208612264320406
KD-116,Kubau,Basic Health Centre,Misoprostol,Maternal,0.0,93.0,Free MNCH,1.0,0.7206524529186558
KD-169,Zangon Kataf,Primary Health Centre,Artemether Injection,General,0.0,,KDHSMA,1.0,0.7205252775010791
KD-056,Jema'a,Health Post,Ibuprofen Suspension,Child,0.0,20.0,KDHSMA,1.0,0.7202824687046894
KD-101,Kaura,Primary Health Centre,Calibrated Blood Collection Drape,Maternal,0.0,33.0,KDHSMA,1.0,0.7201461251234277
KD-016,Chikun,General Hospital,Sulphadoxine + Pyrimethamine,Maternal,0.0,1460.0,KDHSMA,1.0,0.7200840947848006
KD-021,Giwa,Primary Health Centre,Ibuprofen Suspension,Child,0.0,56.0,LGA,1.0,0.7200572326185538
KD-054,Jema'a,Basic Health Centre,Amoxicillin Dispersible,Child,0.0,43.0,NGO,1.0,0.7199961651425609
KD-022,Giwa,Basic Health Centre,Paracetamol Syrup,Child,0.0,,Donations,1.0,0.719959305667682
KD-092,Kajuru,Health Post,Amoxicillin Capsule,General,0.0,354.0,Donations,1.0,0.7196736826461863
KD-115,Kubau,General Hospital,Tranexamic Acid Injection,Maternal,0.0,88.0,NGO,1.0,0.7195923159640337
KD-120,Kubau,Health Post,Artemether Injection,General,0.0,15.0,Free MNCH,1.0,0.71957600374107
KD-072,Kaduna North,General Hospital,Ferrous Sulphate,Maternal,0.0,5798.0,KDHSMA,1.0,0.7195114724775995
KD-024,Giwa,Primary Health Centre,Oxytocin,Maternal,0.0,57.0,Free MNCH,1.0,0.7193702961053127
KD-061,Kachia,Primary Health Centre,Misoprostol,Maternal,0.0,204.0,Free MNCH,1.0,0.71918928581355
KD-177,Zaria,Basic Health Centre,Amoxicillin Dispersible,Child,0.0,41.0,KDHSMA,1.0,0.7188992619157859
KD-056,Jema'a,Health Post,Injectable Contraceptives,Family Planning,0.0,22.0,KDHSMA,1.0,0.718879601612901
KD-021,Giwa,Primary Health Centre,Folic Acid,Maternal,0.0,1152.0,LGA,1.0,0.7187588371356433
KD-092,Kajuru,Health Post,Artemether + Lumefantrine,General,0.0,93.0,Donations,1.0,0.7187303522009397
KD-129,Lere,Basic Health Centre,Magnesium Sulphate Injection,Maternal,0.0,18.0,NGO,1.0,0.7187060986350495
KD-112,Kauru,Basic Health Centre,Chlorhexidine Gel,Child,0.0,26.0,KDHSMA,1.0,0.7185212339200665
KD-024,Giwa,Primary Health Centre,Folic Acid,Maternal,0.0,1427.0,KDHSMA,1.0,0.7184457880483961
KD-028,Igabi,Primary Health Centre,Calibrated Blood Collection Drape,Maternal,0.0,27.0,Free MNCH,1.0,0.7183854230635599
KD-177,Zaria,Basic Health Centre,Ferrous Sulphate,Maternal,0.0,622.0,Free MNCH,1.0,0.7183761200177485
KD-054,Jema'a,Basic Health Centre,Artemether + Lumefantrine,General,0.0,187.0,NGO,1.0,0.7183458069206327
KD-086,Kagarko,Basic Health Centre,Zinc,Child,0.0,202.0,KDHSMA,1.0,0.7181319141156144
KD-023,Giwa,Primary Health Centre,Implants,Family Planning,0.0,19.0,Federal Government,1.0,0.7180162191839294
KD-092,Kajuru,Health Post,Amoxicillin Dispersible,Child,0.0,25.0,Donations,1.0,0.7179499273794318
KD-119,Kubau,Primary Health Centre,Calibrated Blood Collection Drape,Maternal,0.0,30.0,KDHSMA,1.0,0.7179043759641394
KD-126,Kudan,General Hospital,Artemether Injection,General,0.0,,KDHSMA,1.0,0.7177028012990924
KD-016,Chikun,General Hospital,Chlorhexidine Gel,Child,0.0,147.0,KDHSMA,1.0,0.7171383250710504
KD-086,Kagarko,Basic Health Centre,Tranexamic Acid Injection,Maternal,0.0,,KDHSMA,1.0,0.7169712992633666
KD-017,Giwa,Primary Health Centre,Chlorhexidine Gel,Child,0.0,37.0,KDHSMA,1.0,0.7169533162256514
KD-108,Kauru,Primary Health Centre,Zinc,Child,0.0,,KDHSMA,1.0,0.7169458275322771
KD-030,Igabi,Primary Health Centre,Ferrous Sulphate,Maternal,0.0,1348.0,KDHSMA,1.0,0.7165308586305198
KD-083,Kagarko,Primary Health Centre,Oxytocin,Maternal,0.0,57.0,Free MNCH,1.0,0.7163229579330972
KD-172,Zangon Kataf,Health Post,Amoxicillin Capsule,General,0.0,391.0,Zipline,1.0,0.716155438638831
KD-054,Jema'a,Basic Health Centre,Zinc,Child,0.0,264.0,NGO,1.0,0.7161517693315873
KD-030,Igabi,Primary Health Centre,Misoprostol,Maternal,0.0,,KDHSMA,1.0,0.7160577182328387
KD-172,Zangon Kataf,Health Post,Giving Sets,Maternal,0.0,,NGO,1.0,0.7157587084773003
KD-065,Kaduna North,Basic Health Centre,Tranexamic Acid Injection,Maternal,0.0,,KDHSMA,1.0,0.7157475604764764
KD-025,Igabi,General Hospital,Tranexamic Acid Injection,Maternal,0.0,87.0,Zipline,1.0,0.7154460046802723
KD-103,Kaura,Basic Health Centre,Magnesium Sulphate Injection,Maternal,0.0,16.0,Free MNCH,1.0,0.7153389772623457
KD-077,Kaduna South,Basic Health Centre,Tranexamic Acid Injection,Maternal,0.0,13.0,KDHSMA,1.0,0.7151946405684201
KD-022,Giwa,Basic Health Centre,Amoxicillin Capsule,General,0.0,,Donations,1.0,0.715048365888539
KD-065,Kaduna North,Basic Health Centre,Calibrated Blood Collection Drape,Maternal,0.0,,KDHSMA,1.0,0.7149186916629756
KD-107,Kauru,Primary Health Centre,Tranexamic Acid Injection,Maternal,0.0,,KDHSMA,1.0,0.7148385289357164
KD-129,Lere,Basic Health Centre,Ibuprofen Suspension,Child,0.0,39.0,KDHSMA,1.0,0.7147815057338189
KD-054,Jema'a,Basic Health Centre,Ibuprofen Suspension,Child,3.0,37.0,NGO,0.0,0.7145467512768764
KD-101,Kaura,Primary Health Centre,Tranexamic Acid Injection,Maternal,0.0,22.0,KDHSMA,1.0,0.7145363102695186
KD-148,Sabon Gari,Primary Health Centre,Implants,Family Planning,0.0,,Federal Government,1.0,0.714395277589503
KD-168,Soba,Primary Health Centre,Artemether Injection,General,0.0,61.0,KDHSMA,1.0,0.7143930332443955
KD-056,Jema'a,Health Post,Implants,Family Planning,0.0,6.0,Federal Government,1.0,0.7142709689113356
KD-139,Makarfi,Health Post,Calibrated Blood Collection Drape,Maternal,0.0,9.0,KDHSMA,1.0,0.7142145197224241
KD-083,Kagarko,Primary Health Centre,Misoprostol,Maternal,0.0,203.0,Zipline,1.0,0.7140490415911406
KD-092,Kajuru,Health Post,Misoprostol,Maternal,0.0,57.0,Donations,1.0,0.7137717838989238
KD-030,Igabi,Primary Health Centre,Paracetamol Syrup,Child,0.0,114.0,KDHSMA,1.0,0.7137207846825467
KD-066,Kaduna North,Basic Health Centre,IV Fluids,Maternal,0.0,,KDHSMA,1.0,0.7136941260798413
KD-169,Zangon Kataf,Primary Health Centre,Ibuprofen Suspension,Child,0.0,,KDHSMA,1.0,0.7133938865635989
KD-082,Kagarko,General Hospital,Magnesium Sulphate Injection,Maternal,0.0,118.0,Free MNCH,1.0,0.713089784914429
KD-021,Giwa,Primary Health Centre,Injectable Contraceptives,Family Planning,0.0,93.0,LGA,1.0,0.7130771620597481
KD-116,Kubau,Basic Health Centre,Ibuprofen Tablet,General,0.0,380.0,KDHSMA,1.0,0.713024112720733
KD-095,Kajuru,Health Post,Calibrated Blood Collection Drape,Maternal,0.0,10.0,Free MNCH,1.0,0.7129346737307201
KD-129,Lere,Basic Health Centre,Artemether Injection,General,0.0,32.0,LGA,1.0,0.7125840705533716
KD-022,Giwa,Basic Health Centre,Injectable Contraceptives,Family Planning,0.0,,Federal Government,1.0,0.7125521551177094
KD-114,Kubau,Primary Health Centre,Artemether Injection,General,0.0,72.0,KDHSMA,1.0,0.7125489130328398
KD-072,Kaduna North,General Hospital,Implants,Family Planning,0.0,73.0,KDHSMA,1.0,0.712469192495989
KD-053,Jema'a,Basic Health Centre,Ferrous Sulphate,Maternal,0.0,,Federal Government,1.0,0.7124122838288842
KD-021,Giwa,Primary Health Centre,Implants,Family Planning,0.0,20.0,Federal Government,1.0,0.7122814118170693
KD-046,Jaba,Primary Health Centre,Artemether + Lumefantrine,General,0.0,,KDHSMA,1.0,0.7122804395312008
KD-112,Kauru,Basic Health Centre,Magnesium Sulphate Injection,Maternal,0.0,13.0,Donations,1.0,0.7122735456240495
KD-168,Soba,Primary Health Centre,Paracetamol Syrup,Child,0.0,141.0,NGO,1.0,0.7122582242137722
KD-109,Kauru,Primary Health Centre,Magnesium Sulphate Injection,Maternal,0.0,29.0,KDHSMA,1.0,0.7120508521509338
KD-151,Sabon Gari,Health Post,Paracetamol Tablet,General,0.0,727.0,Zipline,1.0,0.711957627309813
KD-116,Kubau,Basic Health Centre,Paracetamol Tablet,General,0.0,1131.0,KDHSMA,1.0,0.7118711841980522
KD-030,Igabi,Primary Health Centre,Ibuprofen Suspension,Child,0.0,,KDHSMA,1.0,0.7117751338946292
KD-032,Igabi,Health Post,Chlorhexidine Gel,Child,0.0,15.0,Donations,0.0,0.7116810798436449
KD-075,Kaduna South,Primary Health Centre,Amoxicillin Dispersible,Child,0.0,72.0,KDHSMA,1.0,0.7114822054598744
KD-116,Kubau,Basic Health Centre,Amoxicillin Capsule,General,0.0,556.0,Free MNCH,1.0,0.7108135413711661
KD-183,Zaria,Primary Health Centre,Implants,Family Planning,0.0,,Zipline,1.0,0.7107599881783045
KD-017,Giwa,Primary Health Centre,Magnesium Sulphate Injection,Maternal,0.0,,KDHSMA,1.0,0.710530253497806
KD-173,Zangon Kataf,Primary Health Centre,Tranexamic Acid Injection,Maternal,0.0,,Donations,1.0,0.71044074142137
KD-047,Jaba,Basic Health Centre,Folic Acid,Maternal,0.0,830.0,LGA,1.0,0.7104285053316964
KD-047,Jaba,Basic Health Centre,Paracetamol Tablet,General,0.0,1125.0,KDHSMA,1.0,0.7102172919645474
KD-056,Jema'a,Health Post,Chlorhexidine Gel,Child,0.0,14.0,KDHSMA,1.0,0.7100101058207359
KD-140,Makarfi,Basic Health Centre,Oxytocin,Maternal,0.0,,Free MNCH,1.0,0.7099293889384433
KD-112,Kauru,Basic Health Centre,Zinc,Child,0.0,205.0,KDHSMA,1.0,0.7097241399583615
KD-011,Chikun,Basic Health Centre,Artemether Injection,General,0.0,37.0,Donations,1.0,0.7093802860285575
KD-152,Sabon Gari,Primary Health Centre,Calibrated Blood Collection Drape,Maternal,0.0,29.0,Federal Government,1.0,0.7092609925038619
KD-111,Kauru,Basic Health Centre,Folic Acid,Maternal,0.0,602.0,KDHSMA,1.0,0.7090504384050884
KD-102,Kaura,Primary Health Centre,Artemether Injection,General,0.0,49.0,LGA,1.0,0.7089848723648171
KD-054,Jema'a,Basic Health Centre,Injectable Contraceptives,Family Planning,0.0,53.0,Federal Government,1.0,0.70896823764779
KD-032,Igabi,Health Post,Paracetamol Tablet,General,0.0,678.0,Donations,0.0,0.7087851885167755
KD-112,Kauru,Basic Health Centre,Paracetamol Syrup,Child,0.0,62.0,KDHSMA,1.0,0.7086237687178856
KD-099,Kaura,Primary Health Centre,Tranexamic Acid Injection,Maternal,0.0,26.0,Zipline,1.0,0.7085647046260058
KD-073,Kaduna South,Primary Health Centre,Ferrous Sulphate,Maternal,0.0,1336.0,Federal Government,1.0,0.7084953693572953
KD-049,Jema'a,General Hospital,Calibrated Blood Collection Drape,Maternal,0.0,,KDHSMA,1.0,0.7084888138981686
KD-108,Kauru,Primary Health Centre,Amoxicillin Capsule,General,0.0,,KDHSMA,1.0,0.7080365722354456
KD-026,Igabi,Basic Health Centre,Chlorhexidine Gel,Child,0.0,,Open Market,1.0,0.7078457476902882
KD-051,Jema'a,Basic Health Centre,Calibrated Blood Collection Drape,Maternal,0.0,15.0,Free MNCH,1.0,0.707844284765039
KD-053,Jema'a,Basic Health Centre,Amoxicillin Capsule,General,0.0,,KDHSMA,1.0,0.7077207295399388
KD-169,Zangon Kataf,Primary Health Centre,Artemether + Lumefantrine,General,0.0,271.0,KDHSMA,1.0,0.707662147003398
KD-111,Kauru,Basic Health Centre,Zinc,Child,0.0,282.0,KDHSMA,1.0,0.7075483239597111
KD-072,Kaduna North,General Hospital,Tranexamic Acid Injection,Maternal,0.0,73.0,KDHSMA,1.0,0.7075460357890251
KD-047,Jaba,Basic Health Centre,Giving Sets,Maternal,0.0,48.0,NGO,1.0,0.7073584963920757
KD-126,Kudan,General Hospital,Injectable Contraceptives,Family Planning,0.0,362.0,Federal Government,1.0,0.7070838533990559
KD-169,Zangon Kataf,Primary Health Centre,Ferrous Sulphate,Maternal,0.0,,NGO,1.0,0.7070074229880926
KD-054,Jema'a,Basic Health Centre,Ferrous Sulphate,Maternal,0.0,699.0,NGO,1.0,0.7069913525380537
KD-109,Kauru,Primary Health Centre,Chlorhexidine Gel,Child,0.0,47.0,KDHSMA,1.0,0.7069799515687852
KD-111,Kauru,Basic Health Centre,Amoxicillin Dispersible,Child,0.0,58.0,KDHSMA,1.0,0.7068715492057749
KD-073,Kaduna South,Primary Health Centre,Ibuprofen Suspension,Child,0.0,52.0,Federal Government,1.0,0.7067293034443034
KD-111,Kauru,Basic Health Centre,Ferrous Sulphate,Maternal,0.0,809.0,KDHSMA,1.0,0.7066185407873249
KD-092,Kajuru,Health Post,Paracetamol Syrup,Child,0.0,32.0,Donations,1.0,0.7064620674894063
KD-035,Ikara,Basic Health Centre,Calibrated Blood Collection Drape,Maternal,0.0,15.0,NGO,1.0,0.7064082478235695
KD-169,Zangon Kataf,Primary Health Centre,Implants,Family Planning,0.0,,Donations,1.0,0.7063323314967512
KD-056,Jema'a,Health Post,Artemether Injection,General,0.0,19.0,KDHSMA,1.0,0.706092502324675
KD-116,Kubau,Basic Health Centre,Artemether + Lumefantrine,General,0.0,176.0,KDHSMA,1.0,0.7058451634789797
KD-178,Zaria,Primary Health Centre,Tranexamic Acid Injection,Maternal,0.0,21.0,Open Market,1.0,0.7057892640555282
KD-112,Kauru,Basic Health Centre,Artemether Injection,General,0.0,36.0,KDHSMA,1.0,0.7056595647979406
KD-086,Kagarko,Basic Health Centre,IV Fluids,Maternal,0.0,,KDHSMA,1.0,0.7056462896649676
KD-111,Kauru,Basic Health Centre,Oxytocin,Maternal,0.0,28.0,KDHSMA,1.0,0.7055425187121487
KD-129,Lere,Basic Health Centre,Tranexamic Acid Injection,Maternal,0.0,12.0,KDHSMA,1.0,0.7054743214379697
KD-129,Lere,Basic Health Centre,Chlorhexidine Gel,Child,2.0,27.0,KDHSMA,0.0,0.7054374505015751
KD-120,Kubau,Health Post,Artemether + Lumefantrine,General,0.0,98.0,Free MNCH,1.0,0.7054356824686863
KD-056,Jema'a,Health Post,Zinc,Child,0.0,145.0,KDHSMA,1.0,0.705040497331666
KD-046,Jaba,Primary Health Centre,Giving Sets,Maternal,0.0,89.0,LGA,1.0,0.7049823473874762
KD-061,Kachia,Primary Health Centre,Paracetamol Syrup,Child,0.0,106.0,KDHSMA,1.0,0.7049176268214654
KD-094,Kajuru,Primary Health Centre,Calibrated Blood Collection Drape,Maternal,0.0,28.0,Open Market,1.0,0.7048771794063811
KD-082,Kagarko,General Hospital,Folic Acid,Maternal,0.0,4337.0,NGO,1.0,0.7048517453515104
KD-030,Igabi,Primary Health Centre,ORS,Child,0.0,338.0,KDHSMA,1.0,0.704832678949588
KD-021,Giwa,Primary Health Centre,Paracetamol Tablet,General,0.0,2187.0,LGA,1.0,0.7046729284701719
KD-136,Lere,Basic Health Centre,Calibrated Blood Collection Drape,Maternal,0.0,13.0,KDHSMA,1.0,0.7046099041447137
KD-111,Kauru,Basic Health Centre,Misoprostol,Maternal,0.0,114.0,Free MNCH,1.0,0.7043976327176733
KD-073,Kaduna South,Primary Health Centre,IV Fluids,Maternal,0.0,81.0,Federal Government,1.0,0.7042182449601426
KD-086,Kagarko,Basic Health Centre,Ibuprofen Suspension,Child,0.0,30.0,KDHSMA,1.0,0.704126046714102
KD-111,Kauru,Basic Health Centre,Paracetamol Syrup,Child,0.0,71.0,Zipline,1.0,0.7041098582832661
KD-021,Giwa,Primary Health Centre,ORS,Child,0.0,357.0,LGA,1.0,0.703999961574223
KD-008,Birnin Gwari,Primary Health Centre,Calibrated Blood Collection Drape,Maternal,0.0,,Open Market,1.0,0.7037534468781985
KD-054,Jema'a,Basic Health Centre,ORS,Child,0.0,208.0,NGO,1.0,0.7035633706102723
KD-039,Ikara,Primary Health Centre,Sulphadoxine + Pyrimethamine,Maternal,0.0,433.0,Free MNCH,1.0,0.7033456688761274
KD-092,Kajuru,Health Post,Oxytocin,Maternal,0.0,21.0,Donations,1.0,0.7032096975096883
KD-021,Giwa,Primary Health Centre,Giving Sets,Maternal,0.0,107.0,LGA,1.0,0.70300019269566
KD-029,Igabi,Primary Health Centre,Calibrated Blood Collection Drape,Maternal,0.0,29.0,NGO,1.0,0.7029239125133893
KD-083,Kagarko,Primary Health Centre,ORS,Child,0.0,421.0,Zipline,1.0,0.7028617209075385
KD-072,Kaduna North,General Hospital,Paracetamol Syrup,Child,0.0,458.0,KDHSMA,1.0,0.7025342026863807
KD-169,Zangon Kataf,Primary Health Centre,Ibuprofen Tablet,General,0.0,,KDHSMA,1.0,0.702495117133889
KD-112,Kauru,Basic Health Centre,Tranexamic Acid Injection,Maternal,0.0,14.0,KDHSMA,1.0,0.7024341089916263
KD-021,Giwa,Primary Health Centre,Zinc,Child,0.0,525.0,LGA,1.0,0.7019765572774486
KD-081,Kagarko,Primary Health Centre,Implants,Family Planning,0.0,,Federal Government,1.0,0.7019236178135729
KD-046,Jaba,Primary Health Centre,Oxytocin,Maternal,0.0,,KDHSMA,1.0,0.7018536493133652
KD-020,Giwa,Primary Health Centre,Ibuprofen Suspension,Child,0.0,63.0,Federal Government,1.0,0.7016635011344893
KD-183,Zaria,Primary Health Centre,Tranexamic Acid Injection,Maternal,0.0,19.0,Federal Government,1.0,0.7015988121172573
KD-013,Chikun,Primary Health Centre,Giving Sets,Maternal,0.0,78.0,Federal Government,1.0,0.701419692814229
KD-082,Kagarko,General Hospital,Amoxicillin Capsule,General,0.0,5568.0,NGO,1.0,0.7013882183283431
KD-111,Kauru,Basic Health Centre,ORS,Child,0.0,177.0,KDHSMA,1.0,0.7012571673368987
KD-109,Kauru,Primary Health Centre,Calibrated Blood Collection Drape,Maternal,0.0,35.0,Open Market,1.0,0.7010833464752727
KD-168,Soba,Primary Health Centre,Misoprostol,Maternal,0.0,190.0,Free MNCH,1.0,0.7004009713130834
KD-065,Kaduna North,Basic Health Centre,Zinc,Child,0.0,,KDHSMA,1.0,0.7003078277093507
KD-016,Chikun,General Hospital,Amoxicillin Capsule,General,0.0,5366.0,KDHSMA,1.0,0.7001623158729295
KD-131,Lere,Primary Health Centre,Tranexamic Acid Injection,Maternal,0.0,20.0,KDHSMA,1.0,0.6999086064644817
KD-013,Chikun,Primary Health Centre,Ibuprofen Tablet,General,0.0,775.0,Federal Government,1.0,0.699740356973972
KD-092,Kajuru,Health Post,Artemether Injection,General,0.0,18.0,Donations,1.0,0.6996800731748817
KD-024,Giwa,Primary Health Centre,Injectable Contraceptives,Family Planning,0.0,91.0,Federal Government,1.0,0.6995658452343442
KD-125,Kudan,Health Post,Tranexamic Acid Injection,Maternal,0.0,7.0,NGO,1.0,0.6994225099283056
KD-148,Sabon Gari,Primary Health Centre,Amoxicillin Dispersible,Child,0.0,94.0,LGA,1.0,0.6993393635986783
KD-108,Kauru,Primary Health Centre,Injectable Contraceptives,Family Planning,0.0,,Federal Government,1.0,0.6992650236422939
KD-021,Giwa,Primary Health Centre,Amoxicillin Dispersible,Child,0.0,85.0,LGA,1.0,0.6992462069855557
KD-116,Kubau,Basic Health Centre,Sulphadoxine + Pyrimethamine,Maternal,0.0,241.0,KDHSMA,1.0,0.6990761036606168
KD-108,Kauru,Primary Health Centre,Amoxicillin Dispersible,Child,0.0,107.0,KDHSMA,1.0,0.6989638072916939
KD-129,Lere,Basic Health Centre,Folic Acid,Maternal,0.0,890.0,KDHSMA,1.0,0.6986193619740717
KD-011,Chikun,Basic Health Centre,Giving Sets,Maternal,0.0,40.0,Donations,1.0,0.6986063426460162
KD-013,Chikun,Primary Health Centre,Sulphadoxine + Pyrimethamine,Maternal,0.0,438.0,Federal Government,1.0,0.6985863857368042
KD-065,Kaduna North,Basic Health Centre,Chlorhexidine Gel,Child,0.0,,KDHSMA,1.0,0.6981091572764165
KD-111,Kauru,Basic Health Centre,Paracetamol Tablet,General,0.0,1174.0,KDHSMA,1.0,0.6980791622852794
KD-083,Kagarko,Primary Health Centre,Ibuprofen Tablet,General,0.0,784.0,Zipline,1.0,0.6980108458752343
KD-013,Chikun,Primary Health Centre,ORS,Child,0.0,357.0,Donations,1.0,0.697922225492783
KD-026,Igabi,Basic Health Centre,Misoprostol,Maternal,0.0,,Open Market,1.0,0.6978881676491246
KD-082,Kagarko,General Hospital,Chlorhexidine Gel,Child,0.0,155.0,NGO,1.0,0.6978656188347299
KD-061,Kachia,Primary Health Centre,Ferrous Sulphate,Maternal,0.0,1591.0,NGO,1.0,0.6978409225930795
KD-121,Kudan,Primary Health Centre,Tranexamic Acid Injection,Maternal,0.0,26.0,Open Market,1.0,0.6978182639897047
KD-065,Kaduna North,Basic Health Centre,Artemether Injection,General,0.0,,KDHSMA,1.0,0.6977633381947816
KD-046,Jaba,Primary Health Centre,IV Fluids,Maternal,0.0,,LGA,1.0,0.6975150911166341
KD-120,Kubau,Health Post,Amoxicillin Capsule,General,0.0,419.0,Free MNCH,1.0,0.6969315763305575
KD-169,Zangon Kataf,Primary Health Centre,Amoxicillin Dispersible,Child,0.0,,KDHSMA,1.0,0.6965898773271196
KD-026,Igabi,Basic Health Centre,Ibuprofen Suspension,Child,0.0,,Open Market,1.0,0.6965430209919786
KD-061,Kachia,Primary Health Centre,Ibuprofen Tablet,General,0.0,872.0,KDHSMA,1.0,0.6965007134535738
KD-010,Chikun,General Hospital,Misoprostol,Maternal,0.0,816.0,Free MNCH,1.0,0.696348054073352
KD-020,Giwa,Primary Health Centre,Artemether + Lumefantrine,General,0.0,295.0,Federal Government,1.0,0.6962556867190439
KD-065,Kaduna North,Basic Health Centre,Paracetamol Syrup,Child,0.0,,KDHSMA,1.0,0.6962104288426562
KD-056,Jema'a,Health Post,Artemether + Lumefantrine,General,0.0,76.0,KDHSMA,1.0,0.6960061048150766
KD-120,Kubau,Health Post,Folic Acid,Maternal,0.0,443.0,Free MNCH,1.0,0.6959336062667295
KD-102,Kaura,Primary Health Centre,Implants,Family Planning,0.0,22.0,LGA,1.0,0.6955321594152395
KD-109,Kauru,Primary Health Centre,Ibuprofen Suspension,Child,0.0,69.0,KDHSMA,1.0,0.6953317340599984
KD-046,Jaba,Primary Health Centre,Sulphadoxine + Pyrimethamine,Maternal,0.0,,KDHSMA,1.0,0.6953060624901657
KD-082,Kagarko,General Hospital,Ferrous Sulphate,Maternal,0.0,5678.0,NGO,1.0,0.6952522590650798
KD-122,Kudan,Primary Health Centre,Calibrated Blood Collection Drape,Maternal,0.0,31.0,Federal Government,1.0,0.695040232313111
KD-065,Kaduna North,Basic Health Centre,Amoxicillin Dispersible,Child,0.0,,KDHSMA,1.0,0.6949171981856134
KD-101,Kaura,Primary Health Centre,Implants,Family Planning,0.0,21.0,KDHSMA,1.0,0.6948870604944851
KD-117,Kubau,Primary Health Centre,Magnesium Sulphate Injection,Maternal,0.0,27.0,KDHSMA,1.0,0.6945058248275514
KD-078,Kaduna South,General Hospital,Tranexamic Acid Injection,Maternal,0.0,81.0,Open Market,1.0,0.6944664540861685
KD-022,Giwa,Basic Health Centre,Sulphadoxine + Pyrimethamine,Maternal,0.0,,NGO,1.0,0.6943275326420902
KD-013,Chikun,Primary Health Centre,Chlorhexidine Gel,Child,0.0,42.0,Federal Government,1.0,0.6942505604273709
KD-133,Lere,Health Post,Tranexamic Acid Injection,Maternal,0.0,6.0,LGA,0.0,0.6942410440669983
KD-026,Igabi,Basic Health Centre,Oxytocin,Maternal,0.0,,Open Market,1.0,0.6942175985949927
KD-112,Kauru,Basic Health Centre,ORS,Child,0.0,225.0,KDHSMA,1.0,0.6941598304708277
KD-109,Kauru,Primary Health Centre,Artemether + Lumefantrine,General,0.0,249.0,KDHSMA,1.0,0.6941314019127732
KD-012,Chikun,Primary Health Centre,Zinc,Child,0.0,528.0,Federal Government,1.0,0.6938474496218978
KD-103,Kaura,Basic Health Centre,Ferrous Sulphate,Maternal,0.0,878.0,NGO,1.0,0.6938303584332446
KD-061,Kachia,Primary Health Centre,Injectable Contraceptives,Family Planning,0.0,81.0,Federal Government,1.0,0.6937503933750324
KD-050,Jema'a,Primary Health Centre,Calibrated Blood Collection Drape,Maternal,0.0,,Zipline,1.0,0.6936616600227441
KD-017,Giwa,Primary Health Centre,Artemether Injection,General,0.0,,KDHSMA,1.0,0.6935926620627915
KD-103,Kaura,Basic Health Centre,Tranexamic Acid Injection,Maternal,0.0,11.0,Open Market,1.0,0.6935441202108114
KD-020,Giwa,Primary Health Centre,Zinc,Child,0.0,538.0,Federal Government,1.0,0.6935059609452005
KD-065,Kaduna North,Basic Health Centre,Misoprostol,Maternal,0.0,,Free MNCH,1.0,0.6934514664013857
KD-024,Giwa,Primary Health Centre,Ibuprofen Suspension,Child,0.0,66.0,KDHSMA,1.0,0.6934305924187033
KD-109,Kauru,Primary Health Centre,Amoxicillin Dispersible,Child,0.0,108.0,KDHSMA,1.0,0.6933782148046952
KD-129,Lere,Basic Health Centre,Implants,Family Planning,0.0,11.0,Federal Government,1.0,0.6931180631281403
KD-017,Giwa,Primary Health Centre,Oxytocin,Maternal,0.0,53.0,KDHSMA,1.0,0.6930257790821018
KD-013,Chikun,Primary Health Centre,Paracetamol Tablet,General,0.0,2360.0,Federal Government,1.0,0.6929791913619259
KD-056,Jema'a,Health Post,ORS,Child,0.0,98.0,KDHSMA,1.0,0.6929008282169613
KD-039,Ikara,Primary Health Centre,IV Fluids,Maternal,0.0,107.0,KDHSMA,1.0,0.69278556540377
KD-169,Zangon Kataf,Primary Health Centre,Folic Acid,Maternal,0.0,,KDHSMA,1.0,0.6927676354988906
KD-012,Chikun,Primary Health Centre,ORS,Child,0.0,409.0,NGO,1.0,0.6926098329967988
KD-122,Kudan,Primary Health Centre,Tranexamic Acid Injection,Maternal,0.0,27.0,Federal Government,1.0,0.69252821876585
KD-018,Giwa,Primary Health Centre,Calibrated Blood Collection Drape,Maternal,0.0,,Open Market,1.0,0.6925201664537102
KD-102,Kaura,Primary Health Centre,Oxytocin,Maternal,0.0,51.0,LGA,1.0,0.6924571111990501
KD-177,Zaria,Basic Health Centre,Sulphadoxine + Pyrimethamine,Maternal,0.0,209.0,KDHSMA,1.0,0.6924106723195803
KD-111,Kauru,Basic Health Centre,Artemether Injection,General,0.0,27.0,KDHSMA,1.0,0.6924059601193002
KD-053,Jema'a,Basic Health Centre,Ibuprofen Tablet,General,0.0,371.0,Federal Government,1.0,0.6920710798674056
KD-014,Chikun,Primary Health Centre,Magnesium Sulphate Injection,Maternal,0.0,34.0,Free MNCH,1.0,0.6920212033923689
KD-073,Kaduna South,Primary Health Centre,Implants,Family Planning,0.0,19.0,Federal Government,1.0,0.6919054770051342
KD-020,Giwa,Primary Health Centre,Ferrous Sulphate,Maternal,0.0,1468.0,Federal Government,1.0,0.6918968106645638
KD-112,Kauru,Basic Health Centre,Folic Acid,Maternal,0.0,799.0,KDHSMA,1.0,0.691811767935655
KD-013,Chikun,Primary Health Centre,Paracetamol Syrup,Child,0.0,132.0,Federal Government,1.0,0.691714503618903
KD-103,Kaura,Basic Health Centre,Misoprostol,Maternal,0.0,93.0,Zipline,1.0,0.691602131641512
KD-109,Kauru,Primary Health Centre,Zinc,Child,0.0,419.0,KDHSMA,1.0,0.6915774902230265
KD-108,Kauru,Primary Health Centre,Paracetamol Syrup,Child,0.0,,Federal Government,1.0,0.6915762914883445
KD-072,Kaduna North,General Hospital,Injectable Contraceptives,Family Planning,0.0,409.0,KDHSMA,1.0,0.6913618376153674
KD-083,Kagarko,Primary Health Centre,Paracetamol Tablet,General,0.0,2609.0,Zipline,1.0,0.6910489369854992
KD-120,Kubau,Health Post,Implants,Family Planning,0.0,6.0,Free MNCH,1.0,0.6910006099565555
KD-015,Chikun,Primary Health Centre,Implants,Family Planning,0.0,19.0,KDHSMA,1.0,0.6905634242872978
KD-090,Kajuru,Primary Health Centre,Magnesium Sulphate Injection,Maternal,0.0,26.0,Free MNCH,1.0,0.6899709662061413
KD-062,Kachia,Basic Health Centre,Artemether Injection,General,0.0,,KDHSMA,1.0,0.6898471333797562
KD-102,Kaura,Primary Health Centre,Artemether + Lumefantrine,General,0.0,303.0,LGA,1.0,0.6898010812545415
KD-073,Kaduna South,Primary Health Centre,ORS,Child,0.0,349.0,Federal Government,1.0,0.6897435156533076
KD-146,Sabon Gari,Basic Health Centre,Paracetamol Syrup,Child,0.0,53.0,KDHSMA,1.0,0.6896518058348176
KD-072,Kaduna North,General Hospital,Magnesium Sulphate Injection,Maternal,0.0,128.0,KDHSMA,1.0,0.6896167819907901
KD-020,Giwa,Primary Health Centre,Folic Acid,Maternal,0.0,1099.0,Federal Government,1.0,0.6895910912900193
KD-072,Kaduna North,General Hospital,Artemether Injection,General,0.0,263.0,KDHSMA,1.0,0.689534146777531
KD-112,Kauru,Basic Health Centre,Giving Sets,Maternal,0.0,41.0,KDHSMA,1.0,0.6893929457878972
KD-075,Kaduna South,Primary Health Centre,Sulphadoxine + Pyrimethamine,Maternal,0.0,400.0,KDHSMA,1.0,0.6893705295496191
KD-080,Kaduna South,Basic Health Centre,Calibrated Blood Collection Drape,Maternal,0.0,19.0,Open Market,1.0,0.6892494733398826
KD-030,Igabi,Primary Health Centre,Giving Sets,Maternal,0.0,,KDHSMA,1.0,0.6891664075868843
KD-002,Birnin Gwari,Primary Health Centre,Tranexamic Acid Injection,Maternal,0.0,23.0,KDHSMA,1.0,0.6890861856943186
KD-006,Birnin Gwari,Basic Health Centre,Tranexamic Acid Injection,Maternal,0.0,13.0,KDHSMA,1.0,0.6888146158466553
KD-123,Kudan,Primary Health Centre,Tranexamic Acid Injection,Maternal,2.0,24.0,KDHSMA,0.0,0.6886994062443093
KD-029,Igabi,Primary Health Centre,Misoprostol,Maternal,0.0,155.0,NGO,1.0,0.6886188597356191
KD-054,Jema'a,Basic Health Centre,IV Fluids,Maternal,0.0,45.0,LGA,1.0,0.6884452419604439
KD-136,Lere,Basic Health Centre,Tranexamic Acid Injection,Maternal,0.0,13.0,KDHSMA,1.0,0.6882746527651541
KD-010,Chikun,General Hospital,Sulphadoxine + Pyrimethamine,Maternal,0.0,1527.0,Free MNCH,1.0,0.6880231890380127
KD-054,Jema'a,Basic Health Centre,Ibuprofen Tablet,General,0.0,351.0,Zipline,1.0,0.6879130779744075
KD-024,Giwa,Primary Health Centre,Paracetamol Tablet,General,0.0,2181.0,Free MNCH,1.0,0.6878812940568798
KD-036,Ikara,Health Post,Tranexamic Acid Injection,Maternal,0.0,7.0,KDHSMA,1.0,0.6877663430923227
KD-174,Zangon Kataf,Health Post,Artemether Injection,General,0.0,18.0,Donations,1.0,0.6877019314312183
KD-006,Birnin Gwari,Basic Health Centre,Magnesium Sulphate Injection,Maternal,0.0,16.0,KDHSMA,1.0,0.6875194740318773
KD-114,Kubau,Primary Health Centre,Injectable Contraceptives,Family Planning,0.0,92.0,Federal Government,1.0,0.6873212667235583
KD-169,Zangon Kataf,Primary Health Centre,Sulphadoxine + Pyrimethamine,Maternal,0.0,,KDHSMA,1.0,0.6871939287123239
KD-075,Kaduna South,Primary Health Centre,ORS,Child,0.0,340.0,KDHSMA,1.0,0.6871776606132576
KD-126,Kudan,General Hospital,ORS,Child,0.0,,Free MNCH,1.0,0.6870362407266591
KD-056,Jema'a,Health Post,Paracetamol Tablet,General,0.0,576.0,KDHSMA,1.0,0.6869104697962705
KD-022,Giwa,Basic Health Centre,Artemether + Lumefantrine,General,0.0,174.0,KDHSMA,1.0,0.6868369925770385
KD-118,Kubau,Basic Health Centre,Tranexamic Acid Injection,Maternal,0.0,,KDHSMA,1.0,0.6868312719484371
KD-026,Igabi,Basic Health Centre,Amoxicillin Dispersible,Child,0.0,52.0,Open Market,1.0,0.6868235785469247
KD-061,Kachia,Primary Health Centre,Magnesium Sulphate Injection,Maternal,0.0,36.0,KDHSMA,0.0,0.6868053544590369
KD-072,Kaduna North,General Hospital,IV Fluids,Maternal,0.0,334.0,KDHSMA,1.0,0.6866641087255322
KD-007,Birnin Gwari,General Hospital,Tranexamic Acid Injection,Maternal,0.0,103.0,Donations,1.0,0.6865425683640131
KD-017,Giwa,Primary Health Centre,Calibrated Blood Collection Drape,Maternal,0.0,,KDHSMA,1.0,0.6863730837027286
KD-020,Giwa,Primary Health Centre,Giving Sets,Maternal,0.0,75.0,Federal Government,1.0,0.686340173241828
KD-020,Giwa,Primary Health Centre,Amoxicillin Dispersible,Child,0.0,99.0,Federal Government,1.0,0.6862765689771735
KD-065,Kaduna North,Basic Health Centre,Injectable Contraceptives,Family Planning,0.0,49.0,KDHSMA,1.0,0.6862701939708211
KD-072,Kaduna North,General Hospital,Ibuprofen Suspension,Child,0.0,284.0,KDHSMA,1.0,0.6862503457450599
KD-004,Birnin Gwari,General Hospital,Artemether Injection,General,0.0,250.0,NGO,1.0,0.6862420059994581
KD-056,Jema'a,Health Post,Amoxicillin Dispersible,Child,0.0,22.0,KDHSMA,1.0,0.6859856903471235
KD-104,Kaura,Basic Health Centre,Calibrated Blood Collection Drape,Maternal,0.0,,Donations,1.0,0.6859451660405358
KD-010,Chikun,General Hospital,Folic Acid,Maternal,0.0,5332.0,Free MNCH,1.0,0.6859255634185598
KD-120,Kubau,Health Post,Chlorhexidine Gel,Child,0.0,15.0,KDHSMA,1.0,0.6859246212785781
KD-181,Zaria,Primary Health Centre,Magnesium Sulphate Injection,Maternal,0.0,,LGA,1.0,0.6855680266997907
KD-029,Igabi,Primary Health Centre,Sulphadoxine + Pyrimethamine,Maternal,0.0,402.0,NGO,1.0,0.6855222342296146
KD-114,Kubau,Primary Health Centre,Ibuprofen Tablet,General,0.0,660.0,KDHSMA,1.0,0.6855217074225587
KD-106,Kauru,Primary Health Centre,Tranexamic Acid Injection,Maternal,0.0,25.0,LGA,1.0,0.6854833431681925
KD-126,Kudan,General Hospital,Sulphadoxine + Pyrimethamine,Maternal,0.0,,KDHSMA,1.0,0.6854831791205784
KD-072,Kaduna North,General Hospital,Oxytocin,Maternal,0.0,279.0,KDHSMA,1.0,0.685478709759672
KD-146,Sabon Gari,Basic Health Centre,Implants,Family Planning,0.0,11.0,Federal Government,1.0,0.6851860715390956
KD-098,Kaura,Basic Health Centre,Injectable Contraceptives,Family Planning,0.0,47.0,Federal Government,1.0,0.6850743923011662
KD-053,Jema'a,Basic Health Centre,Sulphadoxine + Pyrimethamine,Maternal,0.0,288.0,Free MNCH,1.0,0.6848816307965545
KD-072,Kaduna North,General Hospital,Amoxicillin Capsule,General,0.0,4680.0,Federal Government,1.0,0.6848467152840989
KD-123,Kudan,Primary Health Centre,Amoxicillin Capsule,General,0.0,1276.0,KDHSMA,1.0,0.6847059657300555
KD-092,Kajuru,Health Post,Chlorhexidine Gel,Child,0.0,14.0,Donations,0.0,0.6846413366052572
KD-062,Kachia,Basic Health Centre,Implants,Family Planning,0.0,11.0,Federal Government,1.0,0.6845604299007013
KD-067,Kaduna North,Primary Health Centre,Implants,Family Planning,0.0,21.0,Federal Government,1.0,0.684465552331166
KD-112,Kauru,Basic Health Centre,Artemether + Lumefantrine,General,0.0,193.0,KDHSMA,1.0,0.6844644906685541
KD-157,Sanga,Primary Health Centre,Calibrated Blood Collection Drape,Maternal,1.0,29.0,KDHSMA,0.0,0.6844644189353178
KD-182,Zaria,Health Post,Injectable Contraceptives,Family Planning,0.0,26.0,NGO,1.0,0.6844419725454565
KD-120,Kubau,Health Post,Ibuprofen Suspension,Child,2.0,18.0,Free MNCH,0.0,0.6835915567125681
KD-062,Kachia,Basic Health Centre,IV Fluids,Maternal,0.0,,KDHSMA,1.0,0.6834721304414001
KD-126,Kudan,General Hospital,Amoxicillin Capsule,General,0.0,4782.0,KDHSMA,1.0,0.6830739613686307
KD-062,Kachia,Basic Health Centre,Magnesium Sulphate Injection,Maternal,0.0,,Free MNCH,1.0,0.6829169068028983
KD-023,Giwa,Primary Health Centre,Calibrated Blood Collection Drape,Maternal,0.0,29.0,Donations,0.0,0.6825429636505408
KD-111,Kauru,Basic Health Centre,Giving Sets,Maternal,0.0,44.0,KDHSMA,1.0,0.6825131242301835
KD-146,Sabon Gari,Basic Health Centre,Artemether Injection,General,0.0,34.0,NGO,1.0,0.682332134223952
KD-029,Igabi,Primary Health Centre,Amoxicillin Capsule,General,0.0,1348.0,NGO,1.0,0.682175181383894
KD-037,Ikara,Primary Health Centre,Calibrated Blood Collection Drape,Maternal,0.0,27.0,Zipline,1.0,0.6821177818917282
KD-108,Kauru,Primary Health Centre,Sulphadoxine + Pyrimethamine,Maternal,0.0,,LGA,1.0,0.6820194606325749
KD-112,Kauru,Basic Health Centre,Injectable Contraceptives,Family Planning,0.0,56.0,Federal Government,1.0,0.6819948134792168
KD-109,Kauru,Primary Health Centre,IV Fluids,Maternal,0.0,86.0,KDHSMA,1.0,0.6818824070939355
KD-098,Kaura,Basic Health Centre,Calibrated Blood Collection Drape,Maternal,0.0,20.0,Open Market,1.0,0.6818741124989225
KD-083,Kagarko,Primary Health Centre,Amoxicillin Dispersible,Child,0.0,85.0,Zipline,1.0,0.6814475152542165
KD-026,Igabi,Basic Health Centre,Paracetamol Syrup,Child,0.0,,Open Market,1.0,0.6813552124251292
KD-114,Kubau,Primary Health Centre,Zinc,Child,0.0,491.0,KDHSMA,1.0,0.6813520979210361
KD-072,Kaduna North,General Hospital,Ibuprofen Tablet,General,0.0,2521.0,KDHSMA,1.0,0.6812552034572434
KD-112,Kauru,Basic Health Centre,Amoxicillin Capsule,General,0.0,698.0,KDHSMA,1.0,0.6811484106159647
KD-171,Zangon Kataf,Basic Health Centre,Magnesium Sulphate Injection,Maternal,0.0,16.0,LGA,1.0,0.68085407012962
KD-123,Kudan,Primary Health Centre,Paracetamol Syrup,Child,0.0,137.0,KDHSMA,1.0,0.6808401855355968
KD-036,Ikara,Health Post,Artemether Injection,General,0.0,21.0,KDHSMA,1.0,0.6807618096508544
KD-015,Chikun,Primary Health Centre,Artemether Injection,General,0.0,65.0,KDHSMA,1.0,0.6805244608134519
KD-048,Jaba,Primary Health Centre,Amoxicillin Capsule,General,0.0,1040.0,NGO,1.0,0.6803856079122785
KD-023,Giwa,Primary Health Centre,Tranexamic Acid Injection,Maternal,0.0,22.0,Zipline,1.0,0.6803369528212219
KD-126,Kudan,General Hospital,Ibuprofen Tablet,General,0.0,2779.0,Zipline,1.0,0.6802679466303772
KD-148,Sabon Gari,Primary Health Centre,Oxytocin,Maternal,0.0,59.0,Free MNCH,1.0,0.6800875407062648
KD-109,Kauru,Primary Health Centre,Misoprostol,Maternal,0.0,202.0,Free MNCH,1.0,0.679993864284858
KD-102,Kaura,Primary Health Centre,Chlorhexidine Gel,Child,0.0,43.0,Free MNCH,1.0,0.6798261241512468
KD-101,Kaura,Primary Health Centre,Ibuprofen Suspension,Child,0.0,52.0,KDHSMA,1.0,0.6797848623102013
KD-010,Chikun,General Hospital,Injectable Contraceptives,Family Planning,0.0,358.0,Free MNCH,1.0,0.6796584619064631
KD-054,Jema'a,Basic Health Centre,Sulphadoxine + Pyrimethamine,Maternal,0.0,266.0,NGO,1.0,0.6794883283018419
KD-104,Kaura,Basic Health Centre,Tranexamic Acid Injection,Maternal,0.0,,LGA,1.0,0.6794052789054902
KD-001,Birnin Gwari,Primary Health Centre,Calibrated Blood Collection Drape,Maternal,0.0,31.0,Donations,1.0,0.6793301539725368
KD-036,Ikara,Health Post,Chlorhexidine Gel,Child,0.0,12.0,KDHSMA,1.0,0.6792803741162474
KD-053,Jema'a,Basic Health Centre,IV Fluids,Maternal,0.0,46.0,KDHSMA,1.0,0.6791451842794174
KD-036,Ikara,Health Post,Injectable Contraceptives,Family Planning,0.0,25.0,KDHSMA,1.0,0.6790769966779044
KD-009,Chikun,Basic Health Centre,Magnesium Sulphate Injection,Maternal,0.0,19.0,Free MNCH,1.0,0.6788321886672734
KD-004,Birnin Gwari,General Hospital,Chlorhexidine Gel,Child,0.0,174.0,NGO,1.0,0.678660967186408
KD-046,Jaba,Primary Health Centre,Injectable Contraceptives,Family Planning,0.0,79.0,Federal Government,1.0,0.6786571667114984
KD-007,Birnin Gwari,General Hospital,Injectable Contraceptives,Family Planning,0.0,345.0,Federal Government,1.0,0.6786565868932714
KD-066,Kaduna North,Basic Health Centre,Artemether + Lumefantrine,General,0.0,198.0,Zipline,1.0,0.6785999292474995
KD-022,Giwa,Basic Health Centre,Paracetamol Tablet,General,0.0,,NGO,1.0,0.6785766942742163
KD-114,Kubau,Primary Health Centre,Paracetamol Tablet,General,0.0,2495.0,KDHSMA,1.0,0.6784473767928815
KD-117,Kubau,Primary Health Centre,Implants,Family Planning,0.0,19.0,Federal Government,1.0,0.6783527105676695
KD-083,Kagarko,Primary Health Centre,Magnesium Sulphate Injection,Maternal,2.0,35.0,Zipline,0.0,0.6783033533780818
KD-172,Zangon Kataf,Health Post,Artemether + Lumefantrine,General,0.0,,Open Market,1.0,0.6782111805127635
KD-030,Igabi,Primary Health Centre,Artemether + Lumefantrine,General,0.0,344.0,Federal Government,1.0,0.678181776823548
KD-112,Kauru,Basic Health Centre,Paracetamol Tablet,General,0.0,1076.0,KDHSMA,1.0,0.6780631071166313
KD-110,Kauru,Primary Health Centre,Oxytocin,Maternal,0.0,54.0,Free MNCH,1.0,0.6779648847514068
KD-053,Jema'a,Basic Health Centre,Paracetamol Tablet,General,0.0,,KDHSMA,1.0,0.6778224783244197
KD-016,Chikun,General Hospital,IV Fluids,Maternal,0.0,367.0,Donations,1.0,0.6777667557149936
KD-160,Sanga,Primary Health Centre,Calibrated Blood Collection Drape,Maternal,0.0,34.0,KDHSMA,1.0,0.6776294243457217
KD-177,Zaria,Basic Health Centre,IV Fluids,Maternal,0.0,40.0,KDHSMA,1.0,0.6775714337741957
KD-146,Sabon Gari,Basic Health Centre,Misoprostol,Maternal,0.0,97.0,Free MNCH,1.0,0.6775629900185249
KD-101,Kaura,Primary Health Centre,Magnesium Sulphate Injection,Maternal,0.0,25.0,Free MNCH,1.0,0.6775577404047171
KD-115,Kubau,General Hospital,Magnesium Sulphate Injection,Maternal,0.0,137.0,NGO,1.0,0.6773045620078747
KD-027,Igabi,Health Post,Chlorhexidine Gel,Child,0.0,13.0,KDHSMA,1.0,0.6771459086262329
KD-121,Kudan,Primary Health Centre,Calibrated Blood Collection Drape,Maternal,0.0,27.0,Open Market,1.0,0.6771369038861776
KD-096,Kajuru,Health Post,Implants,Family Planning,1.0,7.0,Federal Government,0.0,0.6770614723405436
KD-110,Kauru,Primary Health Centre,Misoprostol,Maternal,0.0,176.0,Free MNCH,1.0,0.6770387069764354
KD-005,Birnin Gwari,Primary Health Centre,Folic Acid,Maternal,0.0,1249.0,Free MNCH,1.0,0.6769005429492653
KD-154,Sanga,Basic Health Centre,Tranexamic Acid Injection,Maternal,0.0,12.0,LGA,1.0,0.676880846285614
KD-029,Igabi,Primary Health Centre,Ferrous Sulphate,Maternal,0.0,1590.0,NGO,1.0,0.6768416894207457
KD-022,Giwa,Basic Health Centre,Ibuprofen Tablet,General,0.0,361.0,NGO,1.0,0.6768140736736338
KD-169,Zangon Kataf,Primary Health Centre,Injectable Contraceptives,Family Planning,0.0,,KDHSMA,1.0,0.6768135930561933
KD-165,Soba,Primary Health Centre,Misoprostol,Maternal,0.0,178.0,KDHSMA,1.0,0.676800030554854
KD-146,Sabon Gari,Basic Health Centre,Chlorhexidine Gel,Child,0.0,27.0,KDHSMA,1.0,0.6767929820701529
KD-040,Ikara,Health Post,Ferrous Sulphate,Maternal,0.0,474.0,Free MNCH,1.0,0.6767910436135515
KD-082,Kagarko,General Hospital,Injectable Contraceptives,Family Planning,0.0,318.0,Federal Government,1.0,0.6767623774272837
KD-123,Kudan,Primary Health Centre,Giving Sets,Maternal,0.0,92.0,KDHSMA,1.0,0.6767388133920801
KD-109,Kauru,Primary Health Centre,Artemether Injection,General,0.0,48.0,KDHSMA,1.0,0.6765013759439549
KD-038,Ikara,Health Post,Tranexamic Acid Injection,Maternal,0.0,8.0,Zipline,1.0,0.6761060326942706
KD-109,Kauru,Primary Health Centre,Amoxicillin Capsule,General,0.0,1432.0,KDHSMA,1.0,0.6760666145852658
KD-061,Kachia,Primary Health Centre,ORS,Child,0.0,429.0,KDHSMA,1.0,0.6758185507790148
KD-015,Chikun,Primary Health Centre,Misoprostol,Maternal,0.0,210.0,KDHSMA,1.0,0.675547773055599
KD-066,Kaduna North,Basic Health Centre,Amoxicillin Dispersible,Child,1.0,48.0,KDHSMA,0.0,0.6753845266904474
KD-164,Soba,Health Post,Ibuprofen Suspension,Child,0.0,21.0,KDHSMA,1.0,0.6753742690186093
KD-182,Zaria,Health Post,Artemether Injection,General,0.0,,NGO,1.0,0.6750098523566418
KD-114,Kubau,Primary Health Centre,Artemether + Lumefantrine,General,0.0,319.0,KDHSMA,1.0,0.6747876288320246
KD-111,Kauru,Basic Health Centre,Ibuprofen Tablet,General,0.0,413.0,KDHSMA,1.0,0.6746044535618734
KD-146,Sabon Gari,Basic Health Centre,Amoxicillin Capsule,General,0.0,731.0,KDHSMA,1.0,0.674466570117886
KD-010,Chikun,General Hospital,Amoxicillin Dispersible,Child,0.0,361.0,Free MNCH,1.0,0.67418763604945
KD-015,Chikun,Primary Health Centre,Magnesium Sulphate Injection,Maternal,0.0,35.0,KDHSMA,1.0,0.6741799420628883
KD-029,Igabi,Primary Health Centre,Chlorhexidine Gel,Child,0.0,46.0,NGO,1.0,0.6741695762307436
KD-148,Sabon Gari,Primary Health Centre,IV Fluids,Maternal,0.0,83.0,Open Market,1.0,0.6740048405199129
KD-120,Kubau,Health Post,IV Fluids,Maternal,0.0,32.0,Free MNCH,1.0,0.6737652853312369
KD-103,Kaura,Basic Health Centre,Ibuprofen Suspension,Child,0.0,37.0,Open Market,1.0,0.6737481673206004
KD-157,Sanga,Primary Health Centre,Magnesium Sulphate Injection,Maternal,3.0,26.0,KDHSMA,0.0,0.6737438952984384
KD-123,Kudan,Primary Health Centre,Zinc,Child,0.0,515.0,KDHSMA,1.0,0.67374301639443
KD-138,Makarfi,Primary Health Centre,Ferrous Sulphate,Maternal,0.0,,KDHSMA,1.0,0.6737279811510389
KD-089,Kajuru,Basic Health Centre,Tranexamic Acid Injection,Maternal,0.0,,KDHSMA,1.0,0.6737108745242927
KD-074,Kaduna South,Health Post,Folic Acid,Maternal,0.0,465.0,Zipline,1.0,0.6733289593421813
KD-006,Birnin Gwari,Basic Health Centre,Implants,Family Planning,0.0,14.0,Federal Government,1.0,0.673319467624126
KD-103,Kaura,Basic Health Centre,Sulphadoxine + Pyrimethamine,Maternal,0.0,280.0,KDHSMA,1.0,0.6729222395321082
KD-072,Kaduna North,General Hospital,Chlorhexidine Gel,Child,0.0,196.0,Federal Government,1.0,0.6728779557431593
KD-176,Zangon Kataf,Primary Health Centre,Magnesium Sulphate Injection,Maternal,1.0,35.0,Free MNCH,0.0,0.6726709386064407
KD-140,Makarfi,Basic Health Centre,Calibrated Blood Collection Drape,Maternal,1.0,14.0,Open Market,0.0,0.6726273786111008
KD-074,Kaduna South,Health Post,Giving Sets,Maternal,0.0,24.0,Free MNCH,1.0,0.6723497715220121
KD-038,Ikara,Health Post,Calibrated Blood Collection Drape,Maternal,0.0,8.0,Zipline,1.0,0.6723370050586587
KD-120,Kubau,Health Post,Zinc,Child,0.0,160.0,Zipline,1.0,0.6717179895122873
KD-060,Kachia,Basic Health Centre,Calibrated Blood Collection Drape,Maternal,0.0,17.0,KDHSMA,0.0,0.6717047670697321
KD-175,Zangon Kataf,Basic Health Centre,Ferrous Sulphate,Maternal,0.0,708.0,Open Market,1.0,0.6716661560657764
KD-098,Kaura,Basic Health Centre,Chlorhexidine Gel,Child,0.0,21.0,KDHSMA,1.0,0.671540427659309
KD-083,Kagarko,Primary Health Centre,Giving Sets,Maternal,0.0,105.0,Zipline,1.0,0.6711901588939133
KD-029,Igabi,Primary Health Centre,Giving Sets,Maternal,0.0,85.0,NGO,1.0,0.6711406919411186
KD-112,Kauru,Basic Health Centre,Amoxicillin Dispersible,Child,0.0,48.0,KDHSMA,1.0,0.6710846573236531
KD-172,Zangon Kataf,Health Post,Implants,Family Planning,0.0,,Zipline,0.0,0.6710258678195986
KD-173,Zangon Kataf,Primary Health Centre,Magnesium Sulphate Injection,Maternal,0.0,26.0,Free MNCH,1.0,0.6709870623992074
KD-006,Birnin Gwari,Basic Health Centre,Chlorhexidine Gel,Child,0.0,,KDHSMA,1.0,0.6707522004517918
KD-021,Giwa,Primary Health Centre,Sulphadoxine + Pyrimethamine,Maternal,0.0,470.0,Zipline,1.0,0.6706889522458743
KD-102,Kaura,Primary Health Centre,Ibuprofen Tablet,General,0.0,713.0,LGA,1.0,0.6706771040342109
KD-029,Igabi,Primary Health Centre,Artemether Injection,General,0.0,56.0,NGO,1.0,0.6706335623947765
KD-022,Giwa,Basic Health Centre,Giving Sets,Maternal,0.0,,NGO,1.0,0.6702766140589149
KD-065,Kaduna North,Basic Health Centre,Ibuprofen Tablet,General,0.0,385.0,KDHSMA,1.0,0.6701560544753171
KD-016,Chikun,General Hospital,ORS,Child,0.0,1291.0,Donations,1.0,0.6700922705827216
KD-015,Chikun,Primary Health Centre,Folic Acid,Maternal,0.0,1445.0,KDHSMA,1.0,0.6699103494565875
KD-010,Chikun,General Hospital,IV Fluids,Maternal,0.0,349.0,Free MNCH,1.0,0.6698677682265235
KD-062,Kachia,Basic Health Centre,Giving Sets,Maternal,0.0,,KDHSMA,1.0,0.6698561327596813
KD-061,Kachia,Primary Health Centre,Paracetamol Tablet,General,0.0,2667.0,KDHSMA,1.0,0.6697748510514459
KD-092,Kajuru,Health Post,Tranexamic Acid Injection,Maternal,0.0,8.0,Donations,0.0,0.6695549991480005
KD-112,Kauru,Basic Health Centre,Ibuprofen Tablet,General,0.0,469.0,KDHSMA,1.0,0.6693796591546365
KD-046,Jaba,Primary Health Centre,Chlorhexidine Gel,Child,0.0,,LGA,1.0,0.669373501238011
KD-030,Igabi,Primary Health Centre,Folic Acid,Maternal,0.0,1179.0,Free MNCH,1.0,0.6691699147162383
KD-146,Sabon Gari,Basic Health Centre,Paracetamol Tablet,General,0.0,1475.0,KDHSMA,1.0,0.6691525287550221
KD-014,Chikun,Primary Health Centre,Tranexamic Acid Injection,Maternal,0.0,22.0,Zipline,1.0,0.6691171707288375
KD-146,Sabon Gari,Basic Health Centre,Folic Acid,Maternal,0.0,780.0,KDHSMA,1.0,0.6689817614708201
KD-083,Kagarko,Primary Health Centre,Injectable Contraceptives,Family Planning,1.0,102.0,Zipline,0.0,0.6686052499328791
KD-020,Giwa,Primary Health Centre,IV Fluids,Maternal,0.0,86.0,Federal Government,1.0,0.6685978460254539
KD-086,Kagarko,Basic Health Centre,ORS,Child,0.0,244.0,KDHSMA,1.0,0.66856251462529
KD-040,Ikara,Health Post,Artemether Injection,General,0.0,21.0,Free MNCH,1.0,0.66831780117379
KD-072,Kaduna North,General Hospital,Artemether + Lumefantrine,General,0.0,1398.0,KDHSMA,1.0,0.6680454144277648
KD-058,Kachia,Basic Health Centre,Calibrated Blood Collection Drape,Maternal,0.0,,Open Market,1.0,0.6680361400054109
KD-010,Chikun,General Hospital,Oxytocin,Maternal,0.0,253.0,Free MNCH,1.0,0.667963902192893
KD-046,Jaba,Primary Health Centre,Amoxicillin Dispersible,Child,0.0,,KDHSMA,1.0,0.6678951217858039
KD-050,Jema'a,Primary Health Centre,Tranexamic Acid Injection,Maternal,0.0,,Zipline,1.0,0.6677782674901372
KD-182,Zaria,Health Post,Paracetamol Syrup,Child,0.0,,NGO,1.0,0.667687059957801
KD-029,Igabi,Primary Health Centre,Magnesium Sulphate Injection,Maternal,4.0,31.0,NGO,0.0,0.6675938571487928
KD-065,Kaduna North,Basic Health Centre,Amoxicillin Capsule,General,0.0,,KDHSMA,1.0,0.6675610180695937
KD-143,Makarfi,Basic Health Centre,Misoprostol,Maternal,0.0,105.0,Free MNCH,1.0,0.6673857961014895
KD-023,Giwa,Primary Health Centre,Misoprostol,Maternal,0.0,147.0,Zipline,1.0,0.6670420590938454
KD-182,Zaria,Health Post,Ferrous Sulphate,Maternal,0.0,,NGO,1.0,0.6670282686882719
KD-011,Chikun,Basic Health Centre,Ferrous Sulphate,Maternal,0.0,620.0,Zipline,1.0,0.6669135171177608
KD-050,Jema'a,Primary Health Centre,Implants,Family Planning,0.0,,Federal Government,1.0,0.6666251284294554
KD-056,Jema'a,Health Post,IV Fluids,Maternal,0.0,22.0,KDHSMA,1.0,0.6665966616665002
KD-179,Zaria,Primary Health Centre,Giving Sets,Maternal,0.0,93.0,Zipline,1.0,0.6664778805046878
KD-075,Kaduna South,Primary Health Centre,IV Fluids,Maternal,0.0,82.0,KDHSMA,1.0,0.666189232850737
KD-086,Kagarko,Basic Health Centre,Amoxicillin Capsule,General,0.0,752.0,KDHSMA,1.0,0.6661551052109632
KD-175,Zangon Kataf,Basic Health Centre,IV Fluids,Maternal,0.0,53.0,Federal Government,1.0,0.6661254087471319
KD-038,Ikara,Health Post,Misoprostol,Maternal,0.0,55.0,Free MNCH,1.0,0.6660011447168773
KD-181,Zaria,Primary Health Centre,Chlorhexidine Gel,Child,0.0,49.0,KDHSMA,1.0,0.6659792640122394
KD-177,Zaria,Basic Health Centre,Zinc,Child,0.0,209.0,Donations,1.0,0.6658688694745841
KD-115,Kubau,General Hospital,Ferrous Sulphate,Maternal,0.0,6471.0,NGO,1.0,0.6658268177601743
KD-071,Kaduna North,Primary Health Centre,Ferrous Sulphate,Maternal,0.0,1388.0,KDHSMA,1.0,0.6658179351026331
KD-174,Zangon Kataf,Health Post,Chlorhexidine Gel,Child,0.0,15.0,Federal Government,1.0,0.6657992942810205
KD-093,Kajuru,Health Post,Chlorhexidine Gel,Child,0.0,,KDHSMA,1.0,0.6657778121438622
KD-023,Giwa,Primary Health Centre,Ferrous Sulphate,Maternal,0.0,1433.0,Zipline,1.0,0.6657593855006119
KD-108,Kauru,Primary Health Centre,Ibuprofen Tablet,General,0.0,,NGO,1.0,0.6656448014533467
KD-177,Zaria,Basic Health Centre,ORS,Child,0.0,193.0,NGO,1.0,0.6656205625990151
KD-148,Sabon Gari,Primary Health Centre,Artemether Injection,General,0.0,54.0,Open Market,1.0,0.6655092023880202
KD-075,Kaduna South,Primary Health Centre,Zinc,Child,0.0,471.0,Open Market,1.0,0.6653083633734176
KD-181,Zaria,Primary Health Centre,Ibuprofen Suspension,Child,0.0,,KDHSMA,1.0,0.6651407555309765
KD-047,Jaba,Basic Health Centre,IV Fluids,Maternal,0.0,48.0,Federal Government,1.0,0.665101399468818
KD-114,Kubau,Primary Health Centre,ORS,Child,0.0,370.0,KDHSMA,1.0,0.6650878010660866
KD-146,Sabon Gari,Basic Health Centre,Ibuprofen Tablet,General,0.0,410.0,KDHSMA,1.0,0.664890024637648
KD-140,Makarfi,Basic Health Centre,Ibuprofen Suspension,Child,0.0,,Open Market,1.0,0.664728216041823
KD-077,Kaduna South,Basic Health Centre,Magnesium Sulphate Injection,Maternal,0.0,,Free MNCH,1.0,0.6646824210818453
KD-022,Giwa,Basic Health Centre,Artemether Injection,General,1.0,29.0,NGO,0.0,0.6644931139241512
KD-101,Kaura,Primary Health Centre,Amoxicillin Capsule,General,0.0,1349.0,KDHSMA,1.0,0.6643329549740948
KD-067,Kaduna North,Primary Health Centre,Amoxicillin Dispersible,Child,0.0,98.0,KDHSMA,1.0,0.6642212537860182
KD-109,Kauru,Primary Health Centre,Oxytocin,Maternal,6.0,71.0,Free MNCH,0.0,0.6640724379754852
KD-083,Kagarko,Primary Health Centre,Sulphadoxine + Pyrimethamine,Maternal,0.0,401.0,Zipline,1.0,0.6639625127114052
KD-102,Kaura,Primary Health Centre,Zinc,Child,0.0,529.0,LGA,1.0,0.6639382692568386
KD-072,Kaduna North,General Hospital,Amoxicillin Dispersible,Child,0.0,320.0,KDHSMA,1.0,0.6638953224193811
KD-031,Igabi,Basic Health Centre,Magnesium Sulphate Injection,Maternal,0.0,18.0,Free MNCH,1.0,0.6638844587017121
KD-106,Kauru,Primary Health Centre,Magnesium Sulphate Injection,Maternal,0.0,35.0,Free MNCH,1.0,0.663866704715482
KD-083,Kagarko,Primary Health Centre,IV Fluids,Maternal,0.0,103.0,Zipline,1.0,0.6634887740298053
KD-081,Kagarko,Primary Health Centre,Magnesium Sulphate Injection,Maternal,0.0,31.0,LGA,1.0,0.6633466446511688
KD-090,Kajuru,Primary Health Centre,Chlorhexidine Gel,Child,0.0,42.0,Free MNCH,1.0,0.6632844951886406
KD-148,Sabon Gari,Primary Health Centre,Chlorhexidine Gel,Child,0.0,,Open Market,1.0,0.6627933285037589
KD-023,Giwa,Primary Health Centre,Artemether + Lumefantrine,General,0.0,261.0,Zipline,1.0,0.6626910960254121
KD-060,Kachia,Basic Health Centre,Magnesium Sulphate Injection,Maternal,0.0,16.0,Donations,1.0,0.6624375182037856
KD-044,Jaba,Primary Health Centre,Calibrated Blood Collection Drape,Maternal,0.0,,Zipline,1.0,0.6624086956792306
KD-022,Giwa,Basic Health Centre,Tranexamic Acid Injection,Maternal,0.0,,NGO,0.0,0.6623721602869744
KD-048,Jaba,Primary Health Centre,Artemether + Lumefantrine,General,0.0,330.0,KDHSMA,1.0,0.6621912768821043
KD-092,Kajuru,Health Post,IV Fluids,Maternal,1.0,29.0,Donations,0.0,0.6621087901181376
KD-148,Sabon Gari,Primary Health Centre,Ibuprofen Suspension,Child,0.0,,Open Market,1.0,0.6620351024697853
KD-071,Kaduna North,Primary Health Centre,Sulphadoxine + Pyrimethamine,Maternal,0.0,390.0,KDHSMA,1.0,0.6617247176183443
KD-124,Kudan,Health Post,Artemether Injection,General,0.0,17.0,Free MNCH,1.0,0.6616668678623389
KD-021,Giwa,Primary Health Centre,IV Fluids,Maternal,0.0,83.0,LGA,1.0,0.6616013434943665
KD-143,Makarfi,Basic Health Centre,Artemether + Lumefantrine,General,0.0,186.0,KDHSMA,1.0,0.6615660801018644
KD-056,Jema'a,Health Post,Ibuprofen Tablet,General,1.0,268.0,KDHSMA,0.0,0.661549975164197
KD-129,Lere,Basic Health Centre,Amoxicillin Capsule,General,0.0,777.0,KDHSMA,1.0,0.6615279451590074
KD-182,Zaria,Health Post,Implants,Family Planning,0.0,,Federal Government,1.0,0.661474510820832
KD-153,Sanga,General Hospital,Artemether Injection,General,0.0,269.0,KDHSMA,1.0,0.6614368781390556
KD-116,Kubau,Basic Health Centre,IV Fluids,Maternal,0.0,57.0,KDHSMA,1.0,0.6612619534361704
KD-169,Zangon Kataf,Primary Health Centre,Giving Sets,Maternal,0.0,89.0,KDHSMA,1.0,0.6611902105300479
KD-153,Sanga,General Hospital,Chlorhexidine Gel,Child,0.0,182.0,KDHSMA,1.0,0.6611608316270136
KD-088,Kagarko,Primary Health Centre,Ibuprofen Suspension,Child,0.0,57.0,KDHSMA,1.0,0.6607220915968436
KD-029,Igabi,Primary Health Centre,Zinc,Child,0.0,434.0,NGO,1.0,0.6605455467378302
KD-169,Zangon Kataf,Primary Health Centre,Amoxicillin Capsule,General,0.0,,Zipline,1.0,0.6605218043504786
KD-140,Makarfi,Basic Health Centre,Magnesium Sulphate Injection,Maternal,0.0,,Open Market,1.0,0.6598751155961693
KD-109,Kauru,Primary Health Centre,Giving Sets,Maternal,0.0,105.0,KDHSMA,1.0,0.659854949476605
KD-079,Kaduna South,Health Post,Magnesium Sulphate Injection,Maternal,0.0,9.0,Donations,1.0,0.6597269375283339
KD-015,Chikun,Primary Health Centre,Chlorhexidine Gel,Child,0.0,44.0,KDHSMA,1.0,0.6595642677017911
KD-040,Ikara,Health Post,Chlorhexidine Gel,Child,0.0,13.0,KDHSMA,1.0,0.6595092592776836
KD-146,Sabon Gari,Basic Health Centre,ORS,Child,0.0,172.0,KDHSMA,1.0,0.6594465428407227
KD-102,Kaura,Primary Health Centre,Giving Sets,Maternal,0.0,75.0,LGA,1.0,0.6594464556746249
KD-120,Kubau,Health Post,ORS,Child,0.0,121.0,Free MNCH,1.0,0.6593898082761281
KD-026,Igabi,Basic Health Centre,Folic Acid,Maternal,0.0,,Open Market,1.0,0.6593049991356453
KD-085,Kagarko,Primary Health Centre,Magnesium Sulphate Injection,Maternal,0.0,,Free MNCH,1.0,0.6590671537635431
KD-107,Kauru,Primary Health Centre,Magnesium Sulphate Injection,Maternal,0.0,,KDHSMA,1.0,0.6588990375847164
KD-006,Birnin Gwari,Basic Health Centre,IV Fluids,Maternal,0.0,,KDHSMA,1.0,0.6588750534634117
KD-130,Lere,Primary Health Centre,Ferrous Sulphate,Maternal,0.0,1532.0,KDHSMA,1.0,0.658774277326437
KD-011,Chikun,Basic Health Centre,Ibuprofen Tablet,General,0.0,419.0,Free MNCH,1.0,0.6587447217124391
KD-165,Soba,Primary Health Centre,Magnesium Sulphate Injection,Maternal,2.0,27.0,Free MNCH,0.0,0.6584288128568183
KD-109,Kauru,Primary Health Centre,Implants,Family Planning,0.0,26.0,Federal Government,1.0,0.6583900698746765
KD-067,Kaduna North,Primary Health Centre,Paracetamol Syrup,Child,0.0,142.0,KDHSMA,1.0,0.6583336632814148
KD-033,Ikara,Basic Health Centre,Sulphadoxine + Pyrimethamine,Maternal,0.0,273.0,LGA,1.0,0.6583307049095416
KD-175,Zangon Kataf,Basic Health Centre,Amoxicillin Capsule,General,0.0,683.0,Open Market,1.0,0.6582633655211798
KD-129,Lere,Basic Health Centre,Amoxicillin Dispersible,Child,0.0,56.0,Zipline,1.0,0.6582351438838121
KD-005,Birnin Gwari,Primary Health Centre,Implants,Family Planning,0.0,19.0,Free MNCH,1.0,0.6582149151576374
KD-006,Birnin Gwari,Basic Health Centre,Artemether + Lumefantrine,General,0.0,147.0,Federal Government,1.0,0.6579580400752362
KD-148,Sabon Gari,Primary Health Centre,Injectable Contraceptives,Family Planning,0.0,,Open Market,1.0,0.6579263494262361
KD-111,Kauru,Basic Health Centre,Injectable Contraceptives,Family Planning,4.0,48.0,Federal Government,0.0,0.6578559616786169
KD-062,Kachia,Basic Health Centre,Paracetamol Tablet,General,0.0,1122.0,KDHSMA,1.0,0.6577967768221523
KD-013,Chikun,Primary Health Centre,Artemether + Lumefantrine,General,0.0,301.0,Federal Government,1.0,0.6577781165382964
KD-095,Kajuru,Health Post,Magnesium Sulphate Injection,Maternal,0.0,8.0,Free MNCH,1.0,0.6577481014275363
KD-071,Kaduna North,Primary Health Centre,Artemether Injection,General,0.0,58.0,KDHSMA,1.0,0.6576842840736344
KD-129,Lere,Basic Health Centre,Paracetamol Tablet,General,0.0,1000.0,KDHSMA,1.0,0.6574073994994047
KD-110,Kauru,Primary Health Centre,Tranexamic Acid Injection,Maternal,2.0,25.0,Federal Government,0.0,0.6573814162628949
KD-102,Kaura,Primary Health Centre,Magnesium Sulphate Injection,Maternal,0.0,26.0,Free MNCH,1.0,0.6573109061867499
KD-088,Kagarko,Primary Health Centre,Sulphadoxine + Pyrimethamine,Maternal,0.0,471.0,KDHSMA,1.0,0.6572095785913435
KD-125,Kudan,Health Post,Misoprostol,Maternal,0.0,65.0,NGO,1.0,0.657096133600769
KD-024,Giwa,Primary Health Centre,Ibuprofen Tablet,General,4.0,635.0,KDHSMA,0.0,0.6569925437751478
KD-098,Kaura,Basic Health Centre,Tranexamic Acid Injection,Maternal,0.0,12.0,Open Market,1.0,0.6569755006472168
KD-074,Kaduna South,Health Post,Amoxicillin Dispersible,Child,0.0,30.0,Zipline,1.0,0.6569608212175007
KD-062,Kachia,Basic Health Centre,Amoxicillin Capsule,General,0.0,783.0,KDHSMA,1.0,0.6565587187112358
KD-130,Lere,Primary Health Centre,Chlorhexidine Gel,Child,0.0,43.0,KDHSMA,1.0,0.6565453367073768
KD-078,Kaduna South,General Hospital,Misoprostol,Maternal,0.0,617.0,Free MNCH,1.0,0.6564172783513817
KD-015,Chikun,Primary Health Centre,Tranexamic Acid Injection,Maternal,0.0,18.0,KDHSMA,0.0,0.6564134493322108
KD-040,Ikara,Health Post,Ibuprofen Suspension,Child,0.0,17.0,Free MNCH,1.0,0.656346043439001
KD-142,Makarfi,Primary Health Centre,IV Fluids,Maternal,0.0,81.0,Free MNCH,1.0,0.6561600009288806
KD-023,Giwa,Primary Health Centre,Artemether Injection,General,0.0,59.0,Zipline,1.0,0.6560826040931198
KD-132,Lere,Primary Health Centre,Magnesium Sulphate Injection,Maternal,2.0,30.0,Free MNCH,0.0,0.6560807009027673
KD-102,Kaura,Primary Health Centre,Misoprostol,Maternal,0.0,191.0,Free MNCH,1.0,0.6560534754264823
KD-144,Makarfi,Primary Health Centre,Magnesium Sulphate Injection,Maternal,0.0,26.0,Free MNCH,1.0,0.6557864967530914
KD-064,Kachia,Health Post,Amoxicillin Dispersible,Child,4.0,26.0,KDHSMA,0.0,0.6557113227922813
KD-170,Zangon Kataf,Basic Health Centre,Folic Acid,Maternal,0.0,773.0,Free MNCH,1.0,0.6556536407489346
KD-061,Kachia,Primary Health Centre,Ibuprofen Suspension,Child,0.0,51.0,Open Market,1.0,0.6555539734441714
KD-062,Kachia,Basic Health Centre,Ibuprofen Suspension,Child,0.0,,Donations,1.0,0.6555368704463203
KD-030,Igabi,Primary Health Centre,Oxytocin,Maternal,0.0,,Free MNCH,1.0,0.6554309370141145
KD-182,Zaria,Health Post,Artemether + Lumefantrine,General,0.0,99.0,NGO,1.0,0.6551050103602057
KD-048,Jaba,Primary Health Centre,Amoxicillin Dispersible,Child,0.0,98.0,KDHSMA,1.0,0.6549808218863871
KD-007,Birnin Gwari,General Hospital,Ferrous Sulphate,Maternal,0.0,4960.0,NGO,1.0,0.6549521072195341
KD-023,Giwa,Primary Health Centre,ORS,Child,0.0,441.0,Zipline,1.0,0.6548334598254112
KD-164,Soba,Health Post,Amoxicillin Capsule,General,0.0,325.0,KDHSMA,1.0,0.6547606320333199
KD-140,Makarfi,Basic Health Centre,Artemether Injection,General,0.0,,Open Market,1.0,0.6547286077712832
KD-061,Kachia,Primary Health Centre,Oxytocin,Maternal,0.0,58.0,KDHSMA,1.0,0.6547230146676027
KD-071,Kaduna North,Primary Health Centre,Artemether + Lumefantrine,General,0.0,280.0,KDHSMA,1.0,0.6545541963627156
KD-088,Kagarko,Primary Health Centre,Folic Acid,Maternal,0.0,1584.0,KDHSMA,1.0,0.6545232812475775
KD-064,Kachia,Health Post,Chlorhexidine Gel,Child,3.0,14.0,Free MNCH,0.0,0.6539471288172581
KD-115,Kubau,General Hospital,Implants,Family Planning,0.0,80.0,Federal Government,1.0,0.6538640144030586
KD-023,Giwa,Primary Health Centre,Amoxicillin Dispersible,Child,0.0,88.0,Zipline,1.0,0.6536094867823953
KD-040,Ikara,Health Post,Amoxicillin Dispersible,Child,0.0,24.0,Free MNCH,1.0,0.6533859869125986
KD-029,Igabi,Primary Health Centre,Amoxicillin Dispersible,Child,0.0,88.0,NGO,1.0,0.653378512414442
KD-078,Kaduna South,General Hospital,Folic Acid,Maternal,0.0,6381.0,KDHSMA,1.0,0.653373090830736
KD-023,Giwa,Primary Health Centre,Sulphadoxine + Pyrimethamine,Maternal,0.0,438.0,Zipline,1.0,0.6532540104435272
KD-090,Kajuru,Primary Health Centre,Artemether Injection,General,0.0,60.0,KDHSMA,1.0,0.65308029222791
KD-103,Kaura,Basic Health Centre,Oxytocin,Maternal,1.0,31.0,Free MNCH,0.0,0.6530721725633386
KD-040,Ikara,Health Post,Injectable Contraceptives,Family Planning,0.0,30.0,Free MNCH,1.0,0.6530008573309277
KD-030,Igabi,Primary Health Centre,Sulphadoxine + Pyrimethamine,Maternal,0.0,,NGO,1.0,0.6527329212586523
KD-062,Kachia,Basic Health Centre,Misoprostol,Maternal,0.0,,Free MNCH,1.0,0.652690300478509
KD-116,Kubau,Basic Health Centre,Folic Acid,Maternal,0.0,799.0,Open Market,1.0,0.6525581919372659
KD-044,Jaba,Primary Health Centre,Tranexamic Acid Injection,Maternal,0.0,24.0,Zipline,1.0,0.6525108090966592
KD-031,Igabi,Basic Health Centre,Amoxicillin Dispersible,Child,0.0,56.0,KDHSMA,1.0,0.652138518294414
KD-143,Makarfi,Basic Health Centre,Sulphadoxine + Pyrimethamine,Maternal,0.0,288.0,KDHSMA,1.0,0.6520045062476199
KD-055,Jema'a,Primary Health Centre,Magnesium Sulphate Injection,Maternal,0.0,36.0,Donations,1.0,0.6518501984788152
KD-090,Kajuru,Primary Health Centre,Artemether + Lumefantrine,General,0.0,256.0,KDHSMA,1.0,0.6517617135530562
KD-146,Sabon Gari,Basic Health Centre,Magnesium Sulphate Injection,Maternal,2.0,19.0,Free MNCH,0.0,0.6517049987120396
KD-131,Lere,Primary Health Centre,Magnesium Sulphate Injection,Maternal,0.0,32.0,Federal Government,1.0,0.6516641565529423
KD-065,Kaduna North,Basic Health Centre,Implants,Family Planning,0.0,10.0,Federal Government,0.0,0.6516476466939203
KD-164,Soba,Health Post,Ferrous Sulphate,Maternal,0.0,375.0,KDHSMA,1.0,0.651575842357191
KD-168,Soba,Primary Health Centre,Artemether + Lumefantrine,General,0.0,248.0,KDHSMA,1.0,0.6513520347354746
KD-134,Lere,Primary Health Centre,IV Fluids,Maternal,0.0,,KDHSMA,1.0,0.6512734094114859
KD-142,Makarfi,Primary Health Centre,ORS,Child,0.0,301.0,Free MNCH,1.0,0.6512650949703336
KD-011,Chikun,Basic Health Centre,Zinc,Child,0.0,228.0,Donations,1.0,0.651129546881876
KD-091,Kajuru,General Hospital,Magnesium Sulphate Injection,Maternal,0.0,109.0,Donations,1.0,0.6510663575474832
KD-015,Chikun,Primary Health Centre,Ibuprofen Tablet,General,0.0,613.0,KDHSMA,1.0,0.6510407850888669
KD-093,Kajuru,Health Post,Ibuprofen Suspension,Child,0.0,,KDHSMA,1.0,0.6510170497103251
KD-101,Kaura,Primary Health Centre,Oxytocin,Maternal,0.0,62.0,KDHSMA,1.0,0.6509234867331584
KD-088,Kagarko,Primary Health Centre,IV Fluids,Maternal,0.0,81.0,KDHSMA,1.0,0.6508572696065222
KD-090,Kajuru,Primary Health Centre,Ferrous Sulphate,Maternal,0.0,1445.0,KDHSMA,1.0,0.6508339392314637
KD-031,Igabi,Basic Health Centre,Injectable Contraceptives,Family Planning,0.0,41.0,KDHSMA,1.0,0.6507880204294265
KD-081,Kagarko,Primary Health Centre,Misoprostol,Maternal,0.0,,Free MNCH,1.0,0.6506154235961975
KD-142,Makarfi,Primary Health Centre,Chlorhexidine Gel,Child,0.0,42.0,Free MNCH,1.0,0.6503702878693614
KD-007,Birnin Gwari,General Hospital,Paracetamol Syrup,Child,0.0,510.0,Federal Government,1.0,0.6502440114855381
KD-063,Kachia,Primary Health Centre,ORS,Child,0.0,356.0,Zipline,1.0,0.6501972753762153
KD-048,Jaba,Primary Health Centre,Ibuprofen Suspension,Child,0.0,62.0,KDHSMA,1.0,0.6500588834547005
KD-055,Jema'a,Primary Health Centre,Chlorhexidine Gel,Child,4.0,43.0,KDHSMA,0.0,0.6500301067447887
KD-182,Zaria,Health Post,ORS,Child,0.0,,NGO,1.0,0.6498396565909158
KD-072,Kaduna North,General Hospital,ORS,Child,0.0,1539.0,KDHSMA,1.0,0.6498048837021533
KD-148,Sabon Gari,Primary Health Centre,Paracetamol Syrup,Child,0.0,,Open Market,1.0,0.6496386396626983
KD-029,Igabi,Primary Health Centre,Artemether + Lumefantrine,General,0.0,333.0,NGO,1.0,0.6496222909335968
KD-103,Kaura,Basic Health Centre,Artemether Injection,General,0.0,36.0,Open Market,1.0,0.6494967016839452
KD-071,Kaduna North,Primary Health Centre,Folic Acid,Maternal,0.0,1094.0,KDHSMA,1.0,0.6493246024602607
KD-015,Chikun,Primary Health Centre,Zinc,Child,0.0,423.0,KDHSMA,1.0,0.6492498220783832
KD-048,Jaba,Primary Health Centre,Injectable Contraceptives,Family Planning,0.0,85.0,Federal Government,1.0,0.6492481248035066
KD-065,Kaduna North,Basic Health Centre,IV Fluids,Maternal,0.0,42.0,KDHSMA,1.0,0.6492454561367154
KD-123,Kudan,Primary Health Centre,Implants,Family Planning,2.0,22.0,Federal Government,0.0,0.6492158801651539
KD-170,Zangon Kataf,Basic Health Centre,Magnesium Sulphate Injection,Maternal,1.0,14.0,Free MNCH,0.0,0.6492116185299663
KD-086,Kagarko,Basic Health Centre,Ibuprofen Tablet,General,0.0,,KDHSMA,1.0,0.6491503867347619
KD-101,Kaura,Primary Health Centre,Sulphadoxine + Pyrimethamine,Maternal,0.0,405.0,LGA,1.0,0.6490445972065004
KD-121,Kudan,Primary Health Centre,Ferrous Sulphate,Maternal,0.0,1367.0,KDHSMA,1.0,0.6488395555128347
KD-026,Igabi,Basic Health Centre,ORS,Child,0.0,,Open Market,1.0,0.6488121974047714
KD-032,Igabi,Health Post,Amoxicillin Dispersible,Child,4.0,24.0,Donations,0.0,0.648788737144208
KD-095,Kajuru,Health Post,Misoprostol,Maternal,0.0,49.0,Free MNCH,1.0,0.6485553826765057
KD-117,Kubau,Primary Health Centre,Chlorhexidine Gel,Child,3.0,54.0,Free MNCH,0.0,0.6484335686253446
KD-119,Kubau,Primary Health Centre,Misoprostol,Maternal,0.0,155.0,Free MNCH,1.0,0.6483273213968076
KD-106,Kauru,Primary Health Centre,Misoprostol,Maternal,0.0,193.0,Free MNCH,1.0,0.6481704696026164
KD-182,Zaria,Health Post,IV Fluids,Maternal,0.0,,NGO,1.0,0.6481243235488641
KD-110,Kauru,Primary Health Centre,Sulphadoxine + Pyrimethamine,Maternal,0.0,425.0,NGO,1.0,0.6477083794760926
KD-165,Soba,Primary Health Centre,Chlorhexidine Gel,Child,0.0,47.0,KDHSMA,1.0,0.6476158933146392
KD-035,Ikara,Basic Health Centre,Magnesium Sulphate Injection,Maternal,0.0,17.0,KDHSMA,1.0,0.6475957818847032
KD-031,Igabi,Basic Health Centre,Ferrous Sulphate,Maternal,0.0,771.0,KDHSMA,1.0,0.6475315188513769
KD-015,Chikun,Primary Health Centre,Oxytocin,Maternal,0.0,58.0,Federal Government,1.0,0.6474922502470665
KD-009,Chikun,Basic Health Centre,Artemether Injection,General,0.0,38.0,KDHSMA,1.0,0.6473663272664083
KD-165,Soba,Primary Health Centre,Artemether + Lumefantrine,General,0.0,339.0,KDHSMA,1.0,0.6472935742569765
KD-158,Sanga,Basic Health Centre,Artemether + Lumefantrine,General,0.0,149.0,KDHSMA,1.0,0.6470255747819799
KD-127,Kudan,Primary Health Centre,Tranexamic Acid Injection,Maternal,3.0,25.0,KDHSMA,0.0,0.6470247341120446
KD-085,Kagarko,Primary Health Centre,Artemether Injection,General,0.0,,KDHSMA,1.0,0.6469736843062346
KD-031,Igabi,Basic Health Centre,Chlorhexidine Gel,Child,0.0,24.0,KDHSMA,1.0,0.6468092363579698
KD-090,Kajuru,Primary Health Centre,Injectable Contraceptives,Family Planning,0.0,92.0,KDHSMA,1.0,0.6466701094000459
KD-071,Kaduna North,Primary Health Centre,Amoxicillin Dispersible,Child,0.0,88.0,Free MNCH,1.0,0.6466675689099319
KD-107,Kauru,Primary Health Centre,Calibrated Blood Collection Drape,Maternal,0.0,25.0,KDHSMA,0.0,0.6464157245655967
KD-004,Birnin Gwari,General Hospital,Misoprostol,Maternal,0.0,633.0,Free MNCH,1.0,0.6463766812981312
KD-146,Sabon Gari,Basic Health Centre,Injectable Contraceptives,Family Planning,0.0,40.0,KDHSMA,0.0,0.6462916559375088
KD-158,Sanga,Basic Health Centre,Ferrous Sulphate,Maternal,0.0,622.0,KDHSMA,1.0,0.6462438356022463
KD-174,Zangon Kataf,Health Post,Artemether + Lumefantrine,General,0.0,99.0,NGO,1.0,0.6462363734061537
KD-028,Igabi,Primary Health Centre,Sulphadoxine + Pyrimethamine,Maternal,0.0,434.0,KDHSMA,1.0,0.6462117026527028
KD-024,Giwa,Primary Health Centre,Paracetamol Syrup,Child,0.0,107.0,Free MNCH,1.0,0.6461861968951296
KD-027,Igabi,Health Post,Folic Acid,Maternal,0.0,357.0,KDHSMA,1.0,0.6461752196114968
KD-110,Kauru,Primary Health Centre,Ibuprofen Tablet,General,0.0,837.0,Federal Government,1.0,0.6461154402127991
KD-164,Soba,Health Post,Paracetamol Tablet,General,0.0,663.0,KDHSMA,1.0,0.6460654756074407
KD-123,Kudan,Primary Health Centre,Ferrous Sulphate,Maternal,0.0,1434.0,Zipline,1.0,0.6459900458766089
KD-036,Ikara,Health Post,IV Fluids,Maternal,0.0,32.0,KDHSMA,1.0,0.645958589669104
KD-071,Kaduna North,Primary Health Centre,Misoprostol,Maternal,0.0,173.0,Donations,1.0,0.645915651952363
KD-125,Kudan,Health Post,Ibuprofen Suspension,Child,0.0,21.0,NGO,1.0,0.6458843024953641
KD-142,Makarfi,Primary Health Centre,Implants,Family Planning,0.0,24.0,Federal Government,1.0,0.6458439922458612
KD-135,Lere,Primary Health Centre,Tranexamic Acid Injection,Maternal,0.0,27.0,KDHSMA,0.0,0.6457197123696419
KD-140,Makarfi,Basic Health Centre,Paracetamol Syrup,Child,0.0,,Open Market,1.0,0.6457156734955198
KD-177,Zaria,Basic Health Centre,Artemether Injection,General,3.0,33.0,KDHSMA,0.0,0.6454978645534055
KD-042,Jaba,Health Post,Chlorhexidine Gel,Child,0.0,13.0,NGO,1.0,0.6454228718515941
KD-144,Makarfi,Primary Health Centre,Sulphadoxine + Pyrimethamine,Maternal,0.0,463.0,Free MNCH,1.0,0.6453927287102822
KD-182,Zaria,Health Post,Chlorhexidine Gel,Child,0.0,13.0,NGO,1.0,0.6451040213755003
KD-102,Kaura,Primary Health Centre,Ibuprofen Suspension,Child,0.0,63.0,Federal Government,1.0,0.645069648330945
KD-102,Kaura,Primary Health Centre,Injectable Contraceptives,Family Planning,0.0,102.0,Federal Government,1.0,0.6449972529685688
KD-107,Kauru,Primary Health Centre,Misoprostol,Maternal,0.0,,Free MNCH,1.0,0.6448280816206301
KD-062,Kachia,Basic Health Centre,Tranexamic Acid Injection,Maternal,0.0,,Open Market,1.0,0.6447847483470526
KD-026,Igabi,Basic Health Centre,Artemether Injection,General,5.0,29.0,NGO,0.0,0.6447491687198276
KD-167,Soba,Basic Health Centre,Ferrous Sulphate,Maternal,0.0,,KDHSMA,1.0,0.6444230002539365
KD-061,Kachia,Primary Health Centre,IV Fluids,Maternal,0.0,72.0,KDHSMA,1.0,0.6443642704618759
KD-164,Soba,Health Post,Giving Sets,Maternal,0.0,31.0,KDHSMA,1.0,0.6443637652133886
KD-182,Zaria,Health Post,Amoxicillin Dispersible,Child,0.0,,NGO,1.0,0.6443297224440806
KD-177,Zaria,Basic Health Centre,Paracetamol Syrup,Child,0.0,76.0,Open Market,1.0,0.644320461998584
KD-126,Kudan,General Hospital,Paracetamol Tablet,General,0.0,,KDHSMA,1.0,0.6443102648266443
KD-182,Zaria,Health Post,Paracetamol Tablet,General,0.0,,NGO,1.0,0.6441981205330223
KD-139,Makarfi,Health Post,Tranexamic Acid Injection,Maternal,0.0,5.0,Open Market,1.0,0.643985702389097
KD-042,Jaba,Health Post,Ibuprofen Tablet,General,0.0,247.0,NGO,1.0,0.6437028100320074
KD-162,Soba,Basic Health Centre,Misoprostol,Maternal,0.0,87.0,Free MNCH,1.0,0.6436779908359305
KD-102,Kaura,Primary Health Centre,ORS,Child,0.0,322.0,LGA,1.0,0.6434941709830521
KD-073,Kaduna South,Primary Health Centre,Oxytocin,Maternal,0.0,55.0,Open Market,1.0,0.6434401167848359
KD-027,Igabi,Health Post,Paracetamol Syrup,Child,0.0,32.0,KDHSMA,1.0,0.6434197321787174
KD-124,Kudan,Health Post,Folic Acid,Maternal,0.0,420.0,Free MNCH,1.0,0.6433665383490775
KD-178,Zaria,Primary Health Centre,IV Fluids,Maternal,0.0,89.0,Free MNCH,1.0,0.6432905644166661
KD-102,Kaura,Primary Health Centre,Paracetamol Tablet,General,0.0,2499.0,Free MNCH,1.0,0.6432342222062478
KD-006,Birnin Gwari,Basic Health Centre,Sulphadoxine + Pyrimethamine,Maternal,0.0,269.0,KDHSMA,1.0,0.6431043043609419
KD-162,Soba,Basic Health Centre,Folic Acid,Maternal,0.0,767.0,KDHSMA,1.0,0.6429769597447464
KD-132,Lere,Primary Health Centre,IV Fluids,Maternal,0.0,105.0,LGA,1.0,0.6426422754092457
KD-115,Kubau,General Hospital,Chlorhexidine Gel,Child,0.0,170.0,NGO,1.0,0.6426185077310914
KD-162,Soba,Basic Health Centre,Tranexamic Acid Injection,Maternal,2.0,12.0,KDHSMA,0.0,0.6424195094709754
KD-026,Igabi,Basic Health Centre,Artemether + Lumefantrine,General,0.0,193.0,Open Market,1.0,0.6422819842635014
KD-093,Kajuru,Health Post,Paracetamol Syrup,Child,0.0,40.0,KDHSMA,1.0,0.6420437358977097
KD-162,Soba,Basic Health Centre,Magnesium Sulphate Injection,Maternal,1.0,14.0,KDHSMA,0.0,0.6420222753710034
KD-132,Lere,Primary Health Centre,Sulphadoxine + Pyrimethamine,Maternal,0.0,379.0,Donations,1.0,0.642000097183655
KD-142,Makarfi,Primary Health Centre,Sulphadoxine + Pyrimethamine,Maternal,0.0,413.0,Free MNCH,1.0,0.6419349851890281
KD-130,Lere,Primary Health Centre,Ibuprofen Suspension,Child,0.0,63.0,KDHSMA,1.0,0.6419160921323918
KD-169,Zangon Kataf,Primary Health Centre,Paracetamol Tablet,General,0.0,,KDHSMA,1.0,0.6418443854477787
KD-127,Kudan,Primary Health Centre,Chlorhexidine Gel,Child,1.0,37.0,KDHSMA,0.0,0.6417742536177689
KD-017,Giwa,Primary Health Centre,Artemether + Lumefantrine,General,0.0,262.0,KDHSMA,1.0,0.6417539561844329
KD-048,Jaba,Primary Health Centre,Giving Sets,Maternal,0.0,85.0,KDHSMA,1.0,0.6417300610870904
KD-125,Kudan,Health Post,Sulphadoxine + Pyrimethamine,Maternal,0.0,161.0,NGO,1.0,0.6416666594312326
KD-171,Zangon Kataf,Basic Health Centre,Chlorhexidine Gel,Child,0.0,20.0,KDHSMA,1.0,0.641639527078707
KD-011,Chikun,Basic Health Centre,Paracetamol Tablet,General,0.0,1343.0,Donations,1.0,0.641609955684694
KD-015,Chikun,Primary Health Centre,Giving Sets,Maternal,0.0,89.0,KDHSMA,1.0,0.6415068005065615
KD-158,Sanga,Basic Health Centre,IV Fluids,Maternal,0.0,46.0,KDHSMA,1.0,0.6412251741904328
KD-048,Jaba,Primary Health Centre,IV Fluids,Maternal,0.0,87.0,Federal Government,1.0,0.6411997443407234
KD-164,Soba,Health Post,Artemether Injection,General,0.0,17.0,KDHSMA,1.0,0.6411820989414059
KD-087,Kagarko,Basic Health Centre,Folic Acid,Maternal,0.0,632.0,Free MNCH,1.0,0.6411515398335748
KD-148,Sabon Gari,Primary Health Centre,Giving Sets,Maternal,0.0,,Open Market,1.0,0.641062868715599
KD-164,Soba,Health Post,Chlorhexidine Gel,Child,0.0,15.0,Donations,1.0,0.6409773605524045
KD-149,Sabon Gari,Basic Health Centre,Chlorhexidine Gel,Child,0.0,28.0,KDHSMA,1.0,0.6409551113662474
KD-063,Kachia,Primary Health Centre,Artemether Injection,General,0.0,69.0,Free MNCH,1.0,0.6409335068608408
KD-098,Kaura,Basic Health Centre,Artemether Injection,General,0.0,30.0,Open Market,1.0,0.6409248835254799
KD-072,Kaduna North,General Hospital,Sulphadoxine + Pyrimethamine,Maternal,0.0,2006.0,KDHSMA,1.0,0.6408667158823804
KD-040,Ikara,Health Post,Implants,Family Planning,0.0,8.0,Federal Government,1.0,0.6408443457004257
KD-129,Lere,Basic Health Centre,IV Fluids,Maternal,0.0,59.0,KDHSMA,1.0,0.640687786668884
KD-085,Kagarko,Primary Health Centre,Implants,Family Planning,0.0,25.0,KDHSMA,1.0,0.6405538227735649
KD-138,Makarfi,Primary Health Centre,Sulphadoxine + Pyrimethamine,Maternal,0.0,,KDHSMA,1.0,0.640541652786501
KD-181,Zaria,Primary Health Centre,Calibrated Blood Collection Drape,Maternal,1.0,27.0,KDHSMA,0.0,0.6403992895717932
KD-136,Lere,Basic Health Centre,Magnesium Sulphate Injection,Maternal,0.0,16.0,KDHSMA,1.0,0.6400854723390844
KD-095,Kajuru,Health Post,Sulphadoxine + Pyrimethamine,Maternal,0.0,154.0,Free MNCH,1.0,0.6398947075802803
KD-077,Kaduna South,Basic Health Centre,Chlorhexidine Gel,Child,0.0,28.0,KDHSMA,1.0,0.6398873490465606
KD-162,Soba,Basic Health Centre,Chlorhexidine Gel,Child,0.0,23.0,KDHSMA,1.0,0.6397354025234125
KD-166,Soba,Primary Health Centre,Magnesium Sulphate Injection,Maternal,6.0,32.0,Free MNCH,0.0,0.6396771434043435
KD-065,Kaduna North,Basic Health Centre,Ibuprofen Suspension,Child,0.0,,Open Market,1.0,0.6393899460109792
KD-169,Zangon Kataf,Primary Health Centre,Chlorhexidine Gel,Child,4.0,42.0,KDHSMA,0.0,0.6391035946726461
KD-005,Birnin Gwari,Primary Health Centre,Amoxicillin Dispersible,Child,0.0,104.0,LGA,1.0,0.6390002289163723
KD-136,Lere,Basic Health Centre,Misoprostol,Maternal,0.0,105.0,Free MNCH,1.0,0.6388919829361251
KD-164,Soba,Health Post,IV Fluids,Maternal,0.0,24.0,KDHSMA,1.0,0.6387371502267434
KD-052,Jema'a,General Hospital,Artemether Injection,General,0.0,230.0,KDHSMA,1.0,0.6386676945537263
KD-130,Lere,Primary Health Centre,Artemether + Lumefantrine,General,0.0,281.0,KDHSMA,1.0,0.6385902152712642
KD-130,Lere,Primary Health Centre,Artemether Injection,General,0.0,53.0,KDHSMA,1.0,0.638566535290204
KD-164,Soba,Health Post,Sulphadoxine + Pyrimethamine,Maternal,0.0,125.0,KDHSMA,1.0,0.6383936665714532
KD-171,Zangon Kataf,Basic Health Centre,Misoprostol,Maternal,0.0,107.0,Donations,1.0,0.6382723378379958
KD-023,Giwa,Primary Health Centre,Zinc,Child,0.0,374.0,Open Market,1.0,0.6382290060935026
KD-159,Sanga,General Hospital,Magnesium Sulphate Injection,Maternal,0.0,107.0,KDHSMA,1.0,0.6381390565673152
KD-085,Kagarko,Primary Health Centre,Artemether + Lumefantrine,General,0.0,246.0,KDHSMA,1.0,0.6380434396792907
KD-111,Kauru,Basic Health Centre,IV Fluids,Maternal,0.0,47.0,KDHSMA,1.0,0.6379907851152231
KD-117,Kubau,Primary Health Centre,Ibuprofen Tablet,General,0.0,812.0,KDHSMA,1.0,0.6375856288324696
KD-132,Lere,Primary Health Centre,Oxytocin,Maternal,0.0,51.0,Federal Government,1.0,0.637495912827193
KD-017,Giwa,Primary Health Centre,Folic Acid,Maternal,0.0,1405.0,KDHSMA,1.0,0.6373598495632489
KD-117,Kubau,Primary Health Centre,Artemether Injection,General,0.0,69.0,LGA,1.0,0.6371178247166654
KD-001,Birnin Gwari,Primary Health Centre,Magnesium Sulphate Injection,Maternal,0.0,29.0,Free MNCH,1.0,0.6370406381185185
KD-013,Chikun,Primary Health Centre,IV Fluids,Maternal,0.0,100.0,Federal Government,1.0,0.636922513618779
KD-080,Kaduna South,Basic Health Centre,Tranexamic Acid Injection,Maternal,0.0,10.0,Open Market,1.0,0.6365054695217374
KD-153,Sanga,General Hospital,Folic Acid,Maternal,0.0,5739.0,Free MNCH,1.0,0.6364901603908274
KD-138,Makarfi,Primary Health Centre,Implants,Family Planning,0.0,,KDHSMA,1.0,0.6364210581299217
KD-138,Makarfi,Primary Health Centre,Chlorhexidine Gel,Child,0.0,,KDHSMA,1.0,0.6363517595976612
KD-103,Kaura,Basic Health Centre,Zinc,Child,0.0,255.0,Open Market,1.0,0.6363364892007247
KD-027,Igabi,Health Post,Ibuprofen Tablet,General,0.0,216.0,KDHSMA,1.0,0.6362383855879774
KD-125,Kudan,Health Post,Chlorhexidine Gel,Child,0.0,15.0,NGO,1.0,0.6361789173295044
KD-124,Kudan,Health Post,Ibuprofen Suspension,Child,0.0,15.0,Free MNCH,1.0,0.6359979394281805
KD-034,Ikara,Primary Health Centre,Ferrous Sulphate,Maternal,0.0,1469.0,Free MNCH,1.0,0.6359326863809743
KD-051,Jema'a,Basic Health Centre,Folic Acid,Maternal,0.0,840.0,KDHSMA,1.0,0.6357813143961744
KD-141,Makarfi,Basic Health Centre,Implants,Family Planning,0.0,,Federal Government,1.0,0.6357503388893027
KD-025,Igabi,General Hospital,Artemether Injection,General,0.0,259.0,Donations,1.0,0.6357092202539646
KD-048,Jaba,Primary Health Centre,Paracetamol Syrup,Child,0.0,115.0,Zipline,1.0,0.6356697115428865
KD-115,Kubau,General Hospital,Injectable Contraceptives,Family Planning,0.0,303.0,NGO,1.0,0.6356082063989824
KD-014,Chikun,Primary Health Centre,Giving Sets,Maternal,0.0,98.0,Free MNCH,1.0,0.6354619639617737
KD-140,Makarfi,Basic Health Centre,Ferrous Sulphate,Maternal,0.0,697.0,Open Market,1.0,0.6352043386229761
KD-164,Soba,Health Post,Injectable Contraceptives,Family Planning,0.0,30.0,KDHSMA,1.0,0.6351589895268102
KD-040,Ikara,Health Post,Paracetamol Syrup,Child,2.0,36.0,NGO,0.0,0.635142316051896
KD-143,Makarfi,Basic Health Centre,Artemether Injection,General,0.0,35.0,KDHSMA,1.0,0.6350991397691192
KD-142,Makarfi,Primary Health Centre,Ibuprofen Suspension,Child,0.0,70.0,Free MNCH,1.0,0.6349984480185108
KD-090,Kajuru,Primary Health Centre,Amoxicillin Capsule,General,0.0,973.0,KDHSMA,1.0,0.6349950242400428
KD-112,Kauru,Basic Health Centre,Sulphadoxine + Pyrimethamine,Maternal,0.0,259.0,KDHSMA,1.0,0.6349698922276583
KD-037,Ikara,Primary Health Centre,Folic Acid,Maternal,0.0,1179.0,Federal Government,1.0,0.6347304706247673
KD-087,Kagarko,Basic Health Centre,Artemether Injection,General,0.0,35.0,KDHSMA,1.0,0.6345140042789108
KD-164,Soba,Health Post,Artemether + Lumefantrine,General,0.0,100.0,LGA,1.0,0.6344670418975934
KD-028,Igabi,Primary Health Centre,Implants,Family Planning,0.0,,Free MNCH,1.0,0.6343755188027504
KD-008,Birnin Gwari,Primary Health Centre,Tranexamic Acid Injection,Maternal,0.0,,Open Market,1.0,0.6343065162276554
KD-023,Giwa,Primary Health Centre,IV Fluids,Maternal,0.0,101.0,Zipline,1.0,0.6342734860696403
KD-108,Kauru,Primary Health Centre,Artemether Injection,General,2.0,,KDHSMA,0.0,0.6342521959410715
KD-050,Jema'a,Primary Health Centre,Artemether Injection,General,0.0,67.0,KDHSMA,1.0,0.6341781255020554
KD-158,Sanga,Basic Health Centre,Zinc,Child,0.0,204.0,KDHSMA,1.0,0.6341053657111609
KD-067,Kaduna North,Primary Health Centre,ORS,Child,0.0,396.0,KDHSMA,1.0,0.6340673455004747
KD-077,Kaduna South,Basic Health Centre,Folic Acid,Maternal,0.0,737.0,KDHSMA,1.0,0.6339707389980727
KD-052,Jema'a,General Hospital,Paracetamol Syrup,Child,0.0,524.0,KDHSMA,1.0,0.6339507540504582
KD-105,Kauru,Health Post,Artemether Injection,General,0.0,,NGO,1.0,0.6338178617790008
KD-031,Igabi,Basic Health Centre,IV Fluids,Maternal,0.0,47.0,KDHSMA,1.0,0.6337226862780914
KD-031,Igabi,Basic Health Centre,Artemether Injection,General,0.0,27.0,Federal Government,1.0,0.6335995710774371
KD-023,Giwa,Primary Health Centre,Ibuprofen Suspension,Child,0.0,65.0,Zipline,1.0,0.63343952791757
KD-031,Igabi,Basic Health Centre,Paracetamol Syrup,Child,0.0,63.0,KDHSMA,1.0,0.6333854431534098
KD-135,Lere,Primary Health Centre,Implants,Family Planning,0.0,26.0,Federal Government,1.0,0.6333359878283148
KD-033,Ikara,Basic Health Centre,Chlorhexidine Gel,Child,0.0,28.0,Federal Government,1.0,0.6333174828604007
KD-108,Kauru,Primary Health Centre,Chlorhexidine Gel,Child,5.0,40.0,KDHSMA,0.0,0.6332830009673935
KD-052,Jema'a,General Hospital,Ibuprofen Suspension,Child,0.0,212.0,KDHSMA,1.0,0.6331938069006315
KD-009,Chikun,Basic Health Centre,Folic Acid,Maternal,0.0,596.0,KDHSMA,1.0,0.633015808717793
KD-101,Kaura,Primary Health Centre,Artemether Injection,General,0.0,63.0,KDHSMA,0.0,0.632936612924571
KD-125,Kudan,Health Post,Artemether + Lumefantrine,General,0.0,74.0,NGO,1.0,0.6328033950406143
KD-077,Kaduna South,Basic Health Centre,Misoprostol,Maternal,0.0,,KDHSMA,1.0,0.6327675598209662
KD-029,Igabi,Primary Health Centre,Oxytocin,Maternal,5.0,58.0,Free MNCH,0.0,0.6327212735479814
KD-138,Makarfi,Primary Health Centre,Folic Acid,Maternal,0.0,,KDHSMA,1.0,0.6326597986467756
KD-103,Kaura,Basic Health Centre,ORS,Child,0.0,225.0,Open Market,1.0,0.6326209133145377
KD-125,Kudan,Health Post,Giving Sets,Maternal,0.0,25.0,NGO,1.0,0.6324867292386405
KD-178,Zaria,Primary Health Centre,Artemether + Lumefantrine,General,0.0,339.0,Free MNCH,1.0,0.6324820973503842
KD-014,Chikun,Primary Health Centre,Ibuprofen Suspension,Child,0.0,,KDHSMA,1.0,0.6324447939785413
KD-171,Zangon Kataf,Basic Health Centre,Implants,Family Planning,0.0,13.0,Federal Government,1.0,0.6323515781360473
KD-090,Kajuru,Primary Health Centre,Giving Sets,Maternal,0.0,80.0,KDHSMA,1.0,0.6321771734529246
KD-034,Ikara,Primary Health Centre,Folic Acid,Maternal,0.0,1603.0,LGA,1.0,0.6321157495883039
KD-011,Chikun,Basic Health Centre,Injectable Contraceptives,Family Planning,0.0,57.0,Donations,0.0,0.6320630299517688
KD-064,Kachia,Health Post,Folic Acid,Maternal,5.0,451.0,KDHSMA,0.0,0.6318652052128811
KD-050,Jema'a,Primary Health Centre,Misoprostol,Maternal,0.0,,Free MNCH,1.0,0.6317283880497895
KD-099,Kaura,Primary Health Centre,Calibrated Blood Collection Drape,Maternal,1.0,31.0,Zipline,0.0,0.631621350391671
KD-153,Sanga,General Hospital,Implants,Family Planning,0.0,105.0,KDHSMA,1.0,0.6314204110143034
KD-018,Giwa,Primary Health Centre,Magnesium Sulphate Injection,Maternal,0.0,,Federal Government,1.0,0.6313745111462189
KD-098,Kaura,Basic Health Centre,Ibuprofen Tablet,General,0.0,365.0,Free MNCH,1.0,0.6313248748328598
KD-152,Sabon Gari,Primary Health Centre,Ferrous Sulphate,Maternal,0.0,1464.0,Free MNCH,1.0,0.6311482687161027
KD-110,Kauru,Primary Health Centre,Ibuprofen Suspension,Child,4.0,68.0,Federal Government,0.0,0.6308245330398599
KD-017,Giwa,Primary Health Centre,Sulphadoxine + Pyrimethamine,Maternal,0.0,,KDHSMA,1.0,0.6306894456561978
KD-091,Kajuru,General Hospital,Misoprostol,Maternal,0.0,655.0,Free MNCH,1.0,0.6306434231373959
KD-115,Kubau,General Hospital,Giving Sets,Maternal,0.0,429.0,NGO,1.0,0.6305486664009208
KD-162,Soba,Basic Health Centre,Amoxicillin Dispersible,Child,0.0,55.0,KDHSMA,1.0,0.630520703341617
KD-042,Jaba,Health Post,Ferrous Sulphate,Maternal,0.0,339.0,NGO,1.0,0.6303537581863176
KD-090,Kajuru,Primary Health Centre,Paracetamol Tablet,General,0.0,1900.0,KDHSMA,1.0,0.6303321950921803
KD-015,Chikun,Primary Health Centre,IV Fluids,Maternal,0.0,105.0,KDHSMA,0.0,0.6302829481591572
KD-125,Kudan,Health Post,Ferrous Sulphate,Maternal,0.0,376.0,NGO,1.0,0.6302340053313793
KD-076,Kaduna South,Basic Health Centre,Ferrous Sulphate,Maternal,0.0,607.0,KDHSMA,1.0,0.6302267704014427
KD-161,Soba,Primary Health Centre,Implants,Family Planning,2.0,20.0,KDHSMA,0.0,0.6301934515444994
KD-010,Chikun,General Hospital,ORS,Child,0.0,1749.0,Free MNCH,1.0,0.6301917340175516
KD-112,Kauru,Basic Health Centre,IV Fluids,Maternal,0.0,40.0,KDHSMA,1.0,0.6301786655643534
KD-176,Zangon Kataf,Primary Health Centre,Ferrous Sulphate,Maternal,0.0,1326.0,Free MNCH,1.0,0.6299527577229115
KD-077,Kaduna South,Basic Health Centre,Ferrous Sulphate,Maternal,0.0,881.0,KDHSMA,1.0,0.629862320483566
KD-140,Makarfi,Basic Health Centre,Folic Acid,Maternal,0.0,,Open Market,1.0,0.6296839663223023
KD-019,Giwa,Primary Health Centre,Magnesium Sulphate Injection,Maternal,5.0,28.0,KDHSMA,0.0,0.6296819110868789
KD-085,Kagarko,Primary Health Centre,IV Fluids,Maternal,0.0,,KDHSMA,1.0,0.6295843088465919
KD-090,Kajuru,Primary Health Centre,IV Fluids,Maternal,0.0,83.0,KDHSMA,1.0,0.6295455482079046
KD-040,Ikara,Health Post,Ibuprofen Tablet,General,0.0,216.0,Free MNCH,1.0,0.6294028854829742
KD-002,Birnin Gwari,Primary Health Centre,Sulphadoxine + Pyrimethamine,Maternal,0.0,492.0,KDHSMA,1.0,0.6293065044682307
KD-102,Kaura,Primary Health Centre,IV Fluids,Maternal,0.0,78.0,LGA,1.0,0.6292103399788814
KD-093,Kajuru,Health Post,Sulphadoxine + Pyrimethamine,Maternal,0.0,,KDHSMA,1.0,0.6291509395629216
KD-099,Kaura,Primary Health Centre,Magnesium Sulphate Injection,Maternal,0.0,29.0,Zipline,1.0,0.6291463113894263
KD-183,Zaria,Primary Health Centre,Misoprostol,Maternal,0.0,146.0,Open Market,1.0,0.62908882548011
KD-098,Kaura,Basic Health Centre,Implants,Family Planning,2.0,12.0,Federal Government,0.0,0.6290689709321564
KD-009,Chikun,Basic Health Centre,Chlorhexidine Gel,Child,0.0,24.0,KDHSMA,1.0,0.6287761528961836
KD-046,Jaba,Primary Health Centre,Ibuprofen Tablet,General,0.0,,Zipline,1.0,0.6287556038542838
KD-171,Zangon Kataf,Basic Health Centre,Sulphadoxine + Pyrimethamine,Maternal,0.0,263.0,Federal Government,1.0,0.6285317400303876
KD-138,Makarfi,Primary Health Centre,Ibuprofen Suspension,Child,0.0,68.0,KDHSMA,1.0,0.6285074122251614
KD-098,Kaura,Basic Health Centre,Oxytocin,Maternal,0.0,31.0,Open Market,1.0,0.6284642221218752
KD-090,Kajuru,Primary Health Centre,Implants,Family Planning,0.0,25.0,KDHSMA,1.0,0.6284568173661075
KD-077,Kaduna South,Basic Health Centre,Ibuprofen Tablet,General,0.0,,KDHSMA,1.0,0.6284285973615374
KD-120,Kubau,Health Post,Ibuprofen Tablet,General,4.0,205.0,Free MNCH,0.0,0.6283014563924532
KD-011,Chikun,Basic Health Centre,ORS,Child,0.0,181.0,Donations,1.0,0.6282986441150744
KD-170,Zangon Kataf,Basic Health Centre,Chlorhexidine Gel,Child,0.0,20.0,Free MNCH,1.0,0.6282918482435469
KD-077,Kaduna South,Basic Health Centre,Implants,Family Planning,0.0,,KDHSMA,1.0,0.6280543449537731
KD-125,Kudan,Health Post,Amoxicillin Dispersible,Child,1.0,28.0,NGO,0.0,0.6280174371595093
KD-090,Kajuru,Primary Health Centre,ORS,Child,0.0,429.0,KDHSMA,1.0,0.6279672438111663
KD-125,Kudan,Health Post,Artemether Injection,General,0.0,18.0,NGO,1.0,0.6279569577915516
KD-125,Kudan,Health Post,Oxytocin,Maternal,0.0,19.0,KDHSMA,1.0,0.6278614042685001
KD-078,Kaduna South,General Hospital,Ibuprofen Suspension,Child,0.0,281.0,KDHSMA,1.0,0.627791378798316
KD-178,Zaria,Primary Health Centre,Chlorhexidine Gel,Child,5.0,37.0,Free MNCH,0.0,0.627649418873774
KD-048,Jaba,Primary Health Centre,Sulphadoxine + Pyrimethamine,Maternal,0.0,450.0,KDHSMA,1.0,0.6274366899843716
KD-164,Soba,Health Post,ORS,Child,0.0,132.0,KDHSMA,1.0,0.6273138821591681
KD-138,Makarfi,Primary Health Centre,Injectable Contraceptives,Family Planning,0.0,101.0,KDHSMA,1.0,0.6272904154970385
KD-006,Birnin Gwari,Basic Health Centre,ORS,Child,0.0,168.0,KDHSMA,1.0,0.6271274459492704
KD-164,Soba,Health Post,Folic Acid,Maternal,0.0,448.0,KDHSMA,1.0,0.6270693691844326
KD-116,Kubau,Basic Health Centre,Chlorhexidine Gel,Child,4.0,22.0,Federal Government,0.0,0.6270617949690922
KD-130,Lere,Primary Health Centre,Amoxicillin Dispersible,Child,0.0,81.0,KDHSMA,1.0,0.6270322181594867
KD-124,Kudan,Health Post,Sulphadoxine + Pyrimethamine,Maternal,0.0,151.0,Free MNCH,1.0,0.626783867639897
KD-171,Zangon Kataf,Basic Health Centre,Artemether Injection,General,0.0,29.0,Federal Government,1.0,0.6266693850947402
KD-076,Kaduna South,Basic Health Centre,Calibrated Blood Collection Drape,Maternal,1.0,14.0,Federal Government,0.0,0.6263462061279417
KD-058,Kachia,Basic Health Centre,Tranexamic Acid Injection,Maternal,0.0,10.0,Open Market,1.0,0.6261964516382672
KD-117,Kubau,Primary Health Centre,Amoxicillin Capsule,General,0.0,1179.0,KDHSMA,1.0,0.626152795283245
KD-086,Kagarko,Basic Health Centre,Chlorhexidine Gel,Child,0.0,,LGA,0.0,0.6259063435048354
KD-031,Igabi,Basic Health Centre,Implants,Family Planning,0.0,10.0,Free MNCH,1.0,0.6259047564385039
KD-144,Makarfi,Primary Health Centre,Amoxicillin Dispersible,Child,0.0,107.0,Free MNCH,1.0,0.6255985647950633
KD-002,Birnin Gwari,Primary Health Centre,Ibuprofen Tablet,General,0.0,,KDHSMA,1.0,0.6253662512085415
KD-119,Kubau,Primary Health Centre,Ferrous Sulphate,Maternal,0.0,1085.0,KDHSMA,1.0,0.6249424478138976
KD-078,Kaduna South,General Hospital,Amoxicillin Dispersible,Child,0.0,301.0,KDHSMA,1.0,0.6248117720122492
KD-162,Soba,Basic Health Centre,Oxytocin,Maternal,0.0,38.0,KDHSMA,1.0,0.6247708401981948
KD-110,Kauru,Primary Health Centre,Ferrous Sulphate,Maternal,0.0,1413.0,Federal Government,1.0,0.6246794609378293
KD-164,Soba,Health Post,Amoxicillin Dispersible,Child,0.0,25.0,KDHSMA,1.0,0.6245378222155983
KD-162,Soba,Basic Health Centre,Paracetamol Syrup,Child,0.0,74.0,KDHSMA,1.0,0.6243333342826503
KD-098,Kaura,Basic Health Centre,Zinc,Child,0.0,250.0,Open Market,1.0,0.6241556528384753
KD-103,Kaura,Basic Health Centre,Injectable Contraceptives,Family Planning,0.0,45.0,Open Market,1.0,0.6240791796157591
KD-002,Birnin Gwari,Primary Health Centre,Misoprostol,Maternal,0.0,,Free MNCH,1.0,0.6238461874189482
KD-051,Jema'a,Basic Health Centre,Magnesium Sulphate Injection,Maternal,2.0,17.0,Free MNCH,0.0,0.6237678378306063
KD-164,Soba,Health Post,Paracetamol Syrup,Child,0.0,42.0,KDHSMA,1.0,0.6230044798170233
KD-131,Lere,Primary Health Centre,Misoprostol,Maternal,0.0,147.0,Free MNCH,1.0,0.6229330203137073
KD-081,Kagarko,Primary Health Centre,Calibrated Blood Collection Drape,Maternal,0.0,,Open Market,1.0,0.6228058593415522
KD-167,Soba,Basic Health Centre,Misoprostol,Maternal,0.0,,KDHSMA,1.0,0.6227930399620528
KD-025,Igabi,General Hospital,Chlorhexidine Gel,Child,0.0,202.0,Zipline,1.0,0.6227717004349551
KD-178,Zaria,Primary Health Centre,Magnesium Sulphate Injection,Maternal,3.0,28.0,Free MNCH,0.0,0.622570233813205
KD-026,Igabi,Basic Health Centre,Giving Sets,Maternal,0.0,,Open Market,1.0,0.6223447937095226
KD-042,Jaba,Health Post,Injectable Contraceptives,Family Planning,0.0,22.0,NGO,1.0,0.6220293450275137
KD-046,Jaba,Primary Health Centre,Calibrated Blood Collection Drape,Maternal,4.0,,KDHSMA,0.0,0.6220028853033053
KD-021,Giwa,Primary Health Centre,Ferrous Sulphate,Maternal,0.0,1392.0,Open Market,1.0,0.6219728464533011
KD-077,Kaduna South,Basic Health Centre,Ibuprofen Suspension,Child,0.0,,KDHSMA,1.0,0.6217539988034584
KD-071,Kaduna North,Primary Health Centre,Amoxicillin Capsule,General,0.0,981.0,KDHSMA,1.0,0.6216363259588599
KD-178,Zaria,Primary Health Centre,ORS,Child,0.0,322.0,Free MNCH,1.0,0.6216327971128238
KD-181,Zaria,Primary Health Centre,Artemether Injection,General,0.0,,KDHSMA,1.0,0.6216147051202826
KD-090,Kajuru,Primary Health Centre,Oxytocin,Maternal,0.0,69.0,KDHSMA,1.0,0.621470379698475
KD-026,Igabi,Basic Health Centre,Amoxicillin Capsule,General,0.0,611.0,Open Market,1.0,0.621257316040423
KD-167,Soba,Basic Health Centre,Chlorhexidine Gel,Child,0.0,,KDHSMA,1.0,0.6212485713917419
KD-076,Kaduna South,Basic Health Centre,Paracetamol Syrup,Child,0.0,67.0,KDHSMA,1.0,0.6212372983373315
KD-153,Sanga,General Hospital,Giving Sets,Maternal,0.0,379.0,KDHSMA,1.0,0.6211354987717842
KD-110,Kauru,Primary Health Centre,Calibrated Blood Collection Drape,Maternal,5.0,32.0,Federal Government,0.0,0.6206426766040996
KD-055,Jema'a,Primary Health Centre,Artemether + Lumefantrine,General,0.0,317.0,KDHSMA,1.0,0.6202213766423769
KD-074,Kaduna South,Health Post,Ferrous Sulphate,Maternal,0.0,382.0,Zipline,1.0,0.6201511912996387
KD-125,Kudan,Health Post,Zinc,Child,0.0,157.0,NGO,1.0,0.6201091725662891
KD-110,Kauru,Primary Health Centre,Implants,Family Planning,2.0,23.0,Federal Government,0.0,0.6199782749765658
KD-038,Ikara,Health Post,ORS,Child,0.0,97.0,Free MNCH,1.0,0.6195879112762388
KD-077,Kaduna South,Basic Health Centre,Sulphadoxine + Pyrimethamine,Maternal,0.0,,KDHSMA,1.0,0.6193707649324245
KD-090,Kajuru,Primary Health Centre,Zinc,Child,0.0,506.0,LGA,1.0,0.61930155870266
KD-093,Kajuru,Health Post,Injectable Contraceptives,Family Planning,0.0,25.0,Federal Government,1.0,0.6192369723239076
KD-144,Makarfi,Primary Health Centre,Oxytocin,Maternal,0.0,69.0,Free MNCH,0.0,0.6192305823856085
KD-098,Kaura,Basic Health Centre,Artemether + Lumefantrine,General,0.0,156.0,Open Market,1.0,0.6192072058024555
KD-005,Birnin Gwari,Primary Health Centre,Amoxicillin Capsule,General,0.0,1194.0,Free MNCH,1.0,0.6191886977838188
KD-060,Kachia,Basic Health Centre,Misoprostol,Maternal,0.0,109.0,KDHSMA,0.0,0.6191839877179302
KD-060,Kachia,Basic Health Centre,Zinc,Child,0.0,243.0,KDHSMA,1.0,0.6190772312377765
KD-127,Kudan,Primary Health Centre,Sulphadoxine + Pyrimethamine,Maternal,0.0,384.0,KDHSMA,1.0,0.6190502032331452
KD-059,Kachia,Primary Health Centre,IV Fluids,Maternal,0.0,98.0,Free MNCH,1.0,0.6189995941522812
KD-170,Zangon Kataf,Basic Health Centre,Artemether Injection,General,0.0,28.0,KDHSMA,1.0,0.6189937857217739
KD-060,Kachia,Basic Health Centre,Giving Sets,Maternal,0.0,58.0,KDHSMA,1.0,0.6189900463620779
KD-076,Kaduna South,Basic Health Centre,Artemether Injection,General,0.0,28.0,KDHSMA,1.0,0.6189276322170191
KD-023,Giwa,Primary Health Centre,Chlorhexidine Gel,Child,0.0,37.0,Open Market,1.0,0.6189110478795857
KD-178,Zaria,Primary Health Centre,Giving Sets,Maternal,0.0,87.0,Free MNCH,1.0,0.6184970462577575
KD-121,Kudan,Primary Health Centre,Sulphadoxine + Pyrimethamine,Maternal,1.0,469.0,Donations,0.0,0.6184634559391348
KD-182,Zaria,Health Post,Ibuprofen Suspension,Child,4.0,,NGO,0.0,0.6183828214567773
KD-135,Lere,Primary Health Centre,Folic Acid,Maternal,0.0,1493.0,KDHSMA,1.0,0.6180806733513277
KD-009,Chikun,Basic Health Centre,Calibrated Blood Collection Drape,Maternal,1.0,14.0,KDHSMA,0.0,0.6180663645238988
KD-138,Makarfi,Primary Health Centre,IV Fluids,Maternal,0.0,83.0,KDHSMA,1.0,0.6179261181629773
KD-091,Kajuru,General Hospital,Artemether + Lumefantrine,General,0.0,996.0,NGO,1.0,0.6177328872133141
KD-082,Kagarko,General Hospital,IV Fluids,Maternal,17.0,376.0,NGO,0.0,0.6175419097304643
KD-031,Igabi,Basic Health Centre,Giving Sets,Maternal,0.0,40.0,KDHSMA,1.0,0.6174959623956584
KD-136,Lere,Basic Health Centre,Sulphadoxine + Pyrimethamine,Maternal,0.0,207.0,NGO,1.0,0.6173260596082926
KD-146,Sabon Gari,Basic Health Centre,Calibrated Blood Collection Drape,Maternal,3.0,15.0,KDHSMA,0.0,0.6171398672049473
KD-127,Kudan,Primary Health Centre,Ferrous Sulphate,Maternal,0.0,1518.0,LGA,1.0,0.6169641810639828
KD-089,Kajuru,Basic Health Centre,Implants,Family Planning,0.0,,KDHSMA,1.0,0.6169502312854449
KD-140,Makarfi,Basic Health Centre,Artemether + Lumefantrine,General,0.0,,Open Market,1.0,0.6168728361977394
KD-170,Zangon Kataf,Basic Health Centre,Implants,Family Planning,0.0,13.0,Free MNCH,1.0,0.6167703440271556
KD-055,Jema'a,Primary Health Centre,Paracetamol Syrup,Child,0.0,123.0,KDHSMA,1.0,0.616733883765751
KD-125,Kudan,Health Post,Magnesium Sulphate Injection,Maternal,0.0,8.0,Donations,0.0,0.6164947681922179
KD-085,Kagarko,Primary Health Centre,Paracetamol Syrup,Child,0.0,,KDHSMA,1.0,0.6164889746289113
KD-141,Makarfi,Basic Health Centre,Calibrated Blood Collection Drape,Maternal,3.0,16.0,Donations,0.0,0.6162960391210554
KD-084,Kagarko,General Hospital,Chlorhexidine Gel,Child,3.0,161.0,KDHSMA,0.0,0.6162892002772375
KD-164,Soba,Health Post,Zinc,Child,0.0,131.0,KDHSMA,1.0,0.6161933356106868
KD-078,Kaduna South,General Hospital,Zinc,Child,0.0,1502.0,KDHSMA,1.0,0.6161282355395097
KD-141,Makarfi,Basic Health Centre,Magnesium Sulphate Injection,Maternal,0.0,13.0,Zipline,1.0,0.6159579370019369
KD-162,Soba,Basic Health Centre,Amoxicillin Capsule,General,0.0,746.0,KDHSMA,1.0,0.6156463419010375
KD-051,Jema'a,Basic Health Centre,Chlorhexidine Gel,Child,0.0,28.0,Free MNCH,1.0,0.615588767297644
KD-001,Birnin Gwari,Primary Health Centre,Misoprostol,Maternal,0.0,159.0,Free MNCH,1.0,0.6155496053938022
KD-029,Igabi,Primary Health Centre,ORS,Child,0.0,308.0,Zipline,1.0,0.615542489010423
KD-107,Kauru,Primary Health Centre,Amoxicillin Dispersible,Child,0.0,95.0,KDHSMA,1.0,0.6153929373740782
KD-042,Jaba,Health Post,IV Fluids,Maternal,0.0,26.0,NGO,1.0,0.615250975678585
KD-085,Kagarko,Primary Health Centre,Ibuprofen Tablet,General,0.0,,KDHSMA,1.0,0.6150949659785108
KD-042,Jaba,Health Post,Zinc,Child,0.0,158.0,NGO,1.0,0.6150687623418007
KD-029,Igabi,Primary Health Centre,IV Fluids,Maternal,0.0,108.0,Donations,1.0,0.614950677392491
KD-175,Zangon Kataf,Basic Health Centre,Tranexamic Acid Injection,Maternal,2.0,10.0,KDHSMA,0.0,0.6149468538487113
KD-071,Kaduna North,Primary Health Centre,Paracetamol Syrup,Child,0.0,136.0,KDHSMA,1.0,0.6147085782886045
KD-002,Birnin Gwari,Primary Health Centre,Amoxicillin Dispersible,Child,0.0,,KDHSMA,1.0,0.6146930404937808
KD-158,Sanga,Basic Health Centre,Artemether Injection,General,0.0,37.0,Zipline,1.0,0.6146098815643929
KD-081,Kagarko,Primary Health Centre,Tranexamic Acid Injection,Maternal,0.0,26.0,Open Market,1.0,0.6144901826149656
KD-154,Sanga,Basic Health Centre,Calibrated Blood Collection Drape,Maternal,2.0,17.0,Open Market,0.0,0.6144152851739494
KD-018,Giwa,Primary Health Centre,Tranexamic Acid Injection,Maternal,0.0,,Zipline,1.0,0.6142602299709187
KD-084,Kagarko,General Hospital,Calibrated Blood Collection Drape,Maternal,4.0,102.0,Federal Government,0.0,0.6142454606044168
KD-019,Giwa,Primary Health Centre,Implants,Family Planning,0.0,23.0,KDHSMA,1.0,0.6140450304193777
KD-144,Makarfi,Primary Health Centre,Ibuprofen Suspension,Child,0.0,53.0,Free MNCH,1.0,0.613935363965274
KD-161,Soba,Primary Health Centre,Chlorhexidine Gel,Child,1.0,48.0,KDHSMA,0.0,0.6139043026551559
KD-164,Soba,Health Post,Ibuprofen Tablet,General,0.0,246.0,Donations,1.0,0.6136342158800241
KD-076,Kaduna South,Basic Health Centre,Sulphadoxine + Pyrimethamine,Maternal,0.0,240.0,KDHSMA,1.0,0.6134603451570005
KD-170,Zangon Kataf,Basic Health Centre,Oxytocin,Maternal,0.0,39.0,Free MNCH,1.0,0.6134409662344388
KD-089,Kajuru,Basic Health Centre,Ferrous Sulphate,Maternal,0.0,728.0,KDHSMA,1.0,0.6134298490884916
KD-014,Chikun,Primary Health Centre,Artemether + Lumefantrine,General,0.0,,KDHSMA,1.0,0.6133103981284838
KD-167,Soba,Basic Health Centre,Artemether Injection,General,0.0,,KDHSMA,1.0,0.6131756647728555
KD-060,Kachia,Basic Health Centre,Amoxicillin Dispersible,Child,0.0,47.0,NGO,1.0,0.6129496699519981
KD-089,Kajuru,Basic Health Centre,Ibuprofen Tablet,General,0.0,,KDHSMA,1.0,0.6129473631267808
KD-092,Kajuru,Health Post,Zinc,Child,6.0,112.0,Donations,0.0,0.6129090205458559
KD-048,Jaba,Primary Health Centre,Implants,Family Planning,0.0,22.0,Federal Government,0.0,0.6126781520207372
KD-149,Sabon Gari,Basic Health Centre,Zinc,Child,0.0,232.0,KDHSMA,1.0,0.6126511912756054
KD-119,Kubau,Primary Health Centre,Ibuprofen Suspension,Child,0.0,50.0,Free MNCH,1.0,0.6124382102123755
KD-077,Kaduna South,Basic Health Centre,IV Fluids,Maternal,0.0,46.0,KDHSMA,1.0,0.6123359246026321
KD-117,Kubau,Primary Health Centre,Ibuprofen Suspension,Child,0.0,60.0,Federal Government,1.0,0.6120520755637392
KD-103,Kaura,Basic Health Centre,Chlorhexidine Gel,Child,0.0,29.0,Open Market,1.0,0.6118998015650737
KD-051,Jema'a,Basic Health Centre,Ibuprofen Suspension,Child,0.0,33.0,Free MNCH,1.0,0.6116492359441223
KD-115,Kubau,General Hospital,Ibuprofen Suspension,Child,0.0,192.0,NGO,1.0,0.6116408895685654
KD-091,Kajuru,General Hospital,Implants,Family Planning,0.0,79.0,NGO,1.0,0.6115749310908352
KD-089,Kajuru,Basic Health Centre,Injectable Contraceptives,Family Planning,0.0,,KDHSMA,1.0,0.6112006986303289
KD-130,Lere,Primary Health Centre,Ibuprofen Tablet,General,0.0,657.0,KDHSMA,1.0,0.6111332348103391
KD-025,Igabi,General Hospital,Implants,Family Planning,0.0,105.0,Donations,1.0,0.6110875750744946
KD-050,Jema'a,Primary Health Centre,Magnesium Sulphate Injection,Maternal,0.0,,Zipline,1.0,0.611046350084573
KD-164,Soba,Health Post,Implants,Family Planning,0.0,6.0,Federal Government,1.0,0.6109786383695388
KD-085,Kagarko,Primary Health Centre,Folic Acid,Maternal,0.0,,KDHSMA,1.0,0.6108984599522449
KD-077,Kaduna South,Basic Health Centre,Paracetamol Tablet,General,0.0,1262.0,KDHSMA,1.0,0.6108078694138923
KD-106,Kauru,Primary Health Centre,Zinc,Child,0.0,523.0,Free MNCH,1.0,0.6107155423788636
KD-050,Jema'a,Primary Health Centre,Ibuprofen Tablet,General,0.0,,Zipline,1.0,0.6107118988972391
KD-178,Zaria,Primary Health Centre,Ibuprofen Suspension,Child,0.0,51.0,LGA,1.0,0.6106562210527532
KD-162,Soba,Basic Health Centre,Sulphadoxine + Pyrimethamine,Maternal,0.0,208.0,LGA,1.0,0.6101776695160381
KD-134,Lere,Primary Health Centre,Misoprostol,Maternal,0.0,158.0,Federal Government,1.0,0.6101437596701337
KD-051,Jema'a,Basic Health Centre,Artemether + Lumefantrine,General,0.0,152.0,Free MNCH,1.0,0.6097767531193917
KD-062,Kachia,Basic Health Centre,Calibrated Blood Collection Drape,Maternal,4.0,16.0,KDHSMA,0.0,0.6095558906781767
KD-055,Jema'a,Primary Health Centre,Oxytocin,Maternal,0.0,61.0,Free MNCH,1.0,0.6092716937460636
KD-036,Ikara,Health Post,Amoxicillin Capsule,General,2.0,303.0,KDHSMA,0.0,0.6090870517974759
KD-146,Sabon Gari,Basic Health Centre,Giving Sets,Maternal,2.0,41.0,KDHSMA,0.0,0.6090773570296109
KD-071,Kaduna North,Primary Health Centre,Implants,Family Planning,0.0,21.0,Federal Government,1.0,0.6090003910148895
KD-027,Igabi,Health Post,Amoxicillin Dispersible,Child,0.0,28.0,KDHSMA,1.0,0.6088741228705156
KD-085,Kagarko,Primary Health Centre,Misoprostol,Maternal,0.0,,Free MNCH,1.0,0.6088379420655938
KD-130,Lere,Primary Health Centre,Implants,Family Planning,5.0,27.0,KDHSMA,0.0,0.6087198536546349
KD-105,Kauru,Health Post,Ibuprofen Suspension,Child,0.0,,Free MNCH,1.0,0.6087012890291083
KD-139,Makarfi,Health Post,Ibuprofen Suspension,Child,0.0,15.0,Donations,1.0,0.6086731412643249
KD-155,Sanga,Primary Health Centre,Giving Sets,Maternal,0.0,105.0,Open Market,1.0,0.6086034738143248
KD-127,Kudan,Primary Health Centre,Implants,Family Planning,0.0,21.0,Federal Government,1.0,0.6085863574574738
KD-042,Jaba,Health Post,Amoxicillin Dispersible,Child,0.0,32.0,Donations,1.0,0.6084409062528582
KD-184,Zaria,Basic Health Centre,Ferrous Sulphate,Maternal,0.0,,Federal Government,1.0,0.6082558378209483
KD-045,Jaba,Health Post,Implants,Family Planning,0.0,,Federal Government,1.0,0.6081840878920097
KD-138,Makarfi,Primary Health Centre,Artemether Injection,General,0.0,,KDHSMA,1.0,0.6080975613719014
KD-095,Kajuru,Health Post,Zinc,Child,0.0,145.0,Free MNCH,1.0,0.6080009829488422
KD-146,Sabon Gari,Basic Health Centre,Tranexamic Acid Injection,Maternal,2.0,10.0,KDHSMA,0.0,0.6079343303787321
KD-095,Kajuru,Health Post,Oxytocin,Maternal,0.0,21.0,Free MNCH,1.0,0.6078437096418413
KD-002,Birnin Gwari,Primary Health Centre,Zinc,Child,0.0,,KDHSMA,1.0,0.6078163755279576
KD-068,Kaduna North,Health Post,Giving Sets,Maternal,0.0,22.0,Donations,1.0,0.6077895452005914
KD-125,Kudan,Health Post,Ibuprofen Tablet,General,0.0,209.0,Open Market,1.0,0.6077392736037812
KD-139,Makarfi,Health Post,Oxytocin,Maternal,0.0,22.0,KDHSMA,1.0,0.6077110485790603
KD-158,Sanga,Basic Health Centre,Paracetamol Syrup,Child,0.0,55.0,Zipline,1.0,0.6075904573274323
KD-105,Kauru,Health Post,Injectable Contraceptives,Family Planning,0.0,23.0,LGA,1.0,0.6072090094961103
KD-171,Zangon Kataf,Basic Health Centre,Oxytocin,Maternal,0.0,32.0,Federal Government,1.0,0.6071465746699445
KD-037,Ikara,Primary Health Centre,Ibuprofen Suspension,Child,0.0,55.0,Zipline,1.0,0.6071206548246911
KD-184,Zaria,Basic Health Centre,Chlorhexidine Gel,Child,0.0,,Federal Government,1.0,0.6071022498500216
KD-076,Kaduna South,Basic Health Centre,Zinc,Child,0.0,223.0,KDHSMA,1.0,0.607015155133752
KD-089,Kajuru,Basic Health Centre,Misoprostol,Maternal,0.0,,Free MNCH,1.0,0.6069995294244381
KD-001,Birnin Gwari,Primary Health Centre,Ibuprofen Suspension,Child,1.0,55.0,Free MNCH,0.0,0.6069005557005756
KD-107,Kauru,Primary Health Centre,Folic Acid,Maternal,0.0,1527.0,KDHSMA,1.0,0.6068781673082377
KD-077,Kaduna South,Basic Health Centre,Artemether + Lumefantrine,General,0.0,,KDHSMA,1.0,0.606808927901223
KD-089,Kajuru,Basic Health Centre,Sulphadoxine + Pyrimethamine,Maternal,0.0,,KDHSMA,1.0,0.6064731022092278
KD-178,Zaria,Primary Health Centre,Ibuprofen Tablet,General,0.0,755.0,KDHSMA,1.0,0.606383881476491
KD-107,Kauru,Primary Health Centre,Giving Sets,Maternal,0.0,,KDHSMA,1.0,0.6061727474452028
KD-093,Kajuru,Health Post,Folic Acid,Maternal,0.0,,KDHSMA,1.0,0.6060845943834041
KD-095,Kajuru,Health Post,Chlorhexidine Gel,Child,0.0,14.0,Free MNCH,1.0,0.6060447794110314
KD-127,Kudan,Primary Health Centre,Giving Sets,Maternal,0.0,74.0,KDHSMA,1.0,0.605842607067126
KD-050,Jema'a,Primary Health Centre,Injectable Contraceptives,Family Planning,0.0,80.0,Federal Government,1.0,0.6058024254595602
KD-028,Igabi,Primary Health Centre,Artemether Injection,General,0.0,,Free MNCH,1.0,0.6057668564022716
KD-106,Kauru,Primary Health Centre,Oxytocin,Maternal,0.0,,Free MNCH,1.0,0.6056655882850511
KD-124,Kudan,Health Post,Giving Sets,Maternal,0.0,22.0,NGO,1.0,0.6055717464644572
KD-107,Kauru,Primary Health Centre,Ferrous Sulphate,Maternal,0.0,,KDHSMA,1.0,0.6055572817903041
KD-065,Kaduna North,Basic Health Centre,Magnesium Sulphate Injection,Maternal,2.0,,KDHSMA,0.0,0.6054912839857609
KD-094,Kajuru,Primary Health Centre,Implants,Family Planning,0.0,23.0,Federal Government,1.0,0.6053925848933231
KD-074,Kaduna South,Health Post,Amoxicillin Capsule,General,0.0,423.0,Zipline,1.0,0.6053240608757036
KD-107,Kauru,Primary Health Centre,Implants,Family Planning,0.0,18.0,KDHSMA,1.0,0.6053194352186584
KD-080,Kaduna South,Basic Health Centre,Artemether + Lumefantrine,General,0.0,155.0,Free MNCH,1.0,0.6052473625800381
KD-129,Lere,Basic Health Centre,Giving Sets,Maternal,7.0,50.0,KDHSMA,0.0,0.6050904685820931
KD-178,Zaria,Primary Health Centre,Zinc,Child,0.0,431.0,Donations,1.0,0.6050602540239945
KD-127,Kudan,Primary Health Centre,Oxytocin,Maternal,0.0,51.0,Free MNCH,1.0,0.6047411796953519
KD-106,Kauru,Primary Health Centre,Ibuprofen Suspension,Child,0.0,,Free MNCH,1.0,0.6046424865815844
KD-150,Sabon Gari,Primary Health Centre,Magnesium Sulphate Injection,Maternal,0.0,33.0,LGA,1.0,0.6045849798676223
KD-110,Kauru,Primary Health Centre,ORS,Child,0.0,424.0,Federal Government,1.0,0.6044145489946713
KD-019,Giwa,Primary Health Centre,Chlorhexidine Gel,Child,0.0,41.0,LGA,1.0,0.6043193924538477
KD-080,Kaduna South,Basic Health Centre,Magnesium Sulphate Injection,Maternal,0.0,16.0,Open Market,1.0,0.6040289938722162
KD-162,Soba,Basic Health Centre,Giving Sets,Maternal,0.0,55.0,Free MNCH,1.0,0.6038525370344275
KD-042,Jaba,Health Post,Sulphadoxine + Pyrimethamine,Maternal,0.0,134.0,Free MNCH,0.0,0.603375589658133
KD-135,Lere,Primary Health Centre,Chlorhexidine Gel,Child,0.0,37.0,LGA,1.0,0.6033169135669282
KD-162,Soba,Basic Health Centre,Ibuprofen Suspension,Child,5.0,30.0,KDHSMA,0.0,0.6032976223497052
KD-155,Sanga,Primary Health Centre,Implants,Family Planning,0.0,24.0,Open Market,1.0,0.6032673076270826
KD-171,Zangon Kataf,Basic Health Centre,IV Fluids,Maternal,0.0,51.0,Federal Government,1.0,0.6031899236350895
KD-171,Zangon Kataf,Basic Health Centre,Giving Sets,Maternal,0.0,43.0,Federal Government,1.0,0.6030670550606417
KD-165,Soba,Primary Health Centre,Implants,Family Planning,1.0,21.0,NGO,0.0,0.6029313934888072
KD-135,Lere,Primary Health Centre,Ibuprofen Suspension,Child,0.0,72.0,KDHSMA,1.0,0.6027407716825582
KD-001,Birnin Gwari,Primary Health Centre,Sulphadoxine + Pyrimethamine,Maternal,0.0,395.0,Free MNCH,1.0,0.6023852955289803
KD-093,Kajuru,Health Post,Giving Sets,Maternal,0.0,,KDHSMA,1.0,0.6023821819689787
KD-149,Sabon Gari,Basic Health Centre,Implants,Family Planning,0.0,13.0,KDHSMA,1.0,0.6023597721069676
KD-162,Soba,Basic Health Centre,Ibuprofen Tablet,General,0.0,446.0,LGA,1.0,0.6021793125867306
KD-009,Chikun,Basic Health Centre,IV Fluids,Maternal,0.0,47.0,KDHSMA,1.0,0.602142987248812
KD-180,Zaria,Health Post,Implants,Family Planning,0.0,6.0,Federal Government,1.0,0.6019874126366949
KD-051,Jema'a,Basic Health Centre,Amoxicillin Dispersible,Child,0.0,56.0,Free MNCH,1.0,0.6019259309142391
KD-122,Kudan,Primary Health Centre,IV Fluids,Maternal,0.0,90.0,Federal Government,1.0,0.6016066229199434
KD-054,Jema'a,Basic Health Centre,Magnesium Sulphate Injection,Maternal,4.0,18.0,NGO,0.0,0.6015964497242486
KD-084,Kagarko,General Hospital,Implants,Family Planning,0.0,84.0,Federal Government,1.0,0.6005976887466374
KD-144,Makarfi,Primary Health Centre,Implants,Family Planning,0.0,20.0,Free MNCH,1.0,0.6004819025341464
KD-139,Makarfi,Health Post,Chlorhexidine Gel,Child,0.0,16.0,Free MNCH,1.0,0.6004566036272291
KD-139,Makarfi,Health Post,Artemether Injection,General,0.0,16.0,NGO,1.0,0.600374717097549
KD-184,Zaria,Basic Health Centre,Ibuprofen Suspension,Child,0.0,,Federal Government,1.0,0.6003435969290473
KD-089,Kajuru,Basic Health Centre,Amoxicillin Capsule,General,0.0,,KDHSMA,1.0,0.6003124698697421
KD-109,Kauru,Primary Health Centre,Folic Acid,Maternal,163.0,1545.0,KDHSMA,0.0,0.6001110849330054
KD-172,Zangon Kataf,Health Post,IV Fluids,Maternal,3.0,23.0,Zipline,0.0,0.6000304318741828
KD-103,Kaura,Basic Health Centre,Paracetamol Syrup,Child,0.0,61.0,Open Market,1.0,0.599969841702358
KD-119,Kubau,Primary Health Centre,IV Fluids,Maternal,0.0,100.0,KDHSMA,1.0,0.5997907915526549
KD-167,Soba,Basic Health Centre,Implants,Family Planning,0.0,11.0,Federal Government,1.0,0.5996832810909101
KD-122,Kudan,Primary Health Centre,Ferrous Sulphate,Maternal,0.0,1310.0,Federal Government,1.0,0.5996072109956105
KD-136,Lere,Basic Health Centre,Ferrous Sulphate,Maternal,0.0,629.0,KDHSMA,1.0,0.5994948090597417
KD-031,Igabi,Basic Health Centre,Oxytocin,Maternal,0.0,35.0,KDHSMA,1.0,0.5991926585380353
KD-178,Zaria,Primary Health Centre,Paracetamol Tablet,General,0.0,2472.0,Free MNCH,1.0,0.5987971023328907
KD-020,Giwa,Primary Health Centre,Artemether Injection,General,13.0,68.0,LGA,0.0,0.5987793370463796
KD-105,Kauru,Health Post,Chlorhexidine Gel,Child,0.0,,Free MNCH,1.0,0.5984856798679397
KD-167,Soba,Basic Health Centre,Ibuprofen Suspension,Child,0.0,,KDHSMA,1.0,0.5984646433385324
KD-176,Zangon Kataf,Primary Health Centre,Tranexamic Acid Injection,Maternal,3.0,20.0,Free MNCH,0.0,0.5982986575612752
KD-122,Kudan,Primary Health Centre,Artemether + Lumefantrine,General,0.0,250.0,Open Market,1.0,0.5981406165669264
KD-071,Kaduna North,Primary Health Centre,Injectable Contraceptives,Family Planning,0.0,87.0,Federal Government,1.0,0.5980094057656317
KD-076,Kaduna South,Basic Health Centre,Artemether + Lumefantrine,General,0.0,135.0,LGA,1.0,0.5979522396713925
KD-080,Kaduna South,Basic Health Centre,Implants,Family Planning,0.0,12.0,Federal Government,1.0,0.5978278221134142
KD-088,Kagarko,Primary Health Centre,Artemether Injection,General,0.0,67.0,Open Market,1.0,0.5976906475282828
KD-042,Jaba,Health Post,Paracetamol Tablet,General,0.0,668.0,NGO,1.0,0.5976016665509687
KD-131,Lere,Primary Health Centre,Ibuprofen Suspension,Child,0.0,69.0,KDHSMA,1.0,0.5975943070303248
KD-134,Lere,Primary Health Centre,Chlorhexidine Gel,Child,1.0,47.0,KDHSMA,0.0,0.5975564848053802
KD-018,Giwa,Primary Health Centre,Artemether Injection,General,0.0,,Federal Government,1.0,0.5975397306703427
KD-025,Igabi,General Hospital,Oxytocin,Maternal,0.0,238.0,Zipline,1.0,0.5974677514076584
KD-136,Lere,Basic Health Centre,Implants,Family Planning,0.0,11.0,Federal Government,1.0,0.5973137302821242
KD-028,Igabi,Primary Health Centre,IV Fluids,Maternal,0.0,,Free MNCH,1.0,0.5972000393051914
KD-122,Kudan,Primary Health Centre,Artemether Injection,General,5.0,61.0,Federal Government,0.0,0.5971353003901894
KD-085,Kagarko,Primary Health Centre,Ferrous Sulphate,Maternal,0.0,,Federal Government,1.0,0.5970741519968448
KD-133,Lere,Health Post,Ferrous Sulphate,Maternal,27.0,335.0,LGA,0.0,0.5970726528199147
KD-167,Soba,Basic Health Centre,Folic Acid,Maternal,0.0,648.0,KDHSMA,1.0,0.5969187355154667
KD-028,Igabi,Primary Health Centre,Misoprostol,Maternal,0.0,166.0,Free MNCH,1.0,0.5967243350426693
KD-152,Sabon Gari,Primary Health Centre,Ibuprofen Suspension,Child,0.0,68.0,Free MNCH,1.0,0.5967027752623973
KD-146,Sabon Gari,Basic Health Centre,Zinc,Child,5.0,274.0,KDHSMA,0.0,0.5965841569640069
KD-022,Giwa,Basic Health Centre,Implants,Family Planning,3.0,,Federal Government,0.0,0.5965821411033356
KD-032,Igabi,Health Post,Sulphadoxine + Pyrimethamine,Maternal,27.0,146.0,Donations,0.0,0.5965574962515086
KD-155,Sanga,Primary Health Centre,Chlorhexidine Gel,Child,0.0,41.0,Open Market,1.0,0.5963142038276618
KD-071,Kaduna North,Primary Health Centre,Tranexamic Acid Injection,Maternal,2.0,21.0,KDHSMA,0.0,0.5962712802881458
KD-154,Sanga,Basic Health Centre,Misoprostol,Maternal,0.0,114.0,LGA,1.0,0.5961902134719207
KD-033,Ikara,Basic Health Centre,Implants,Family Planning,0.0,13.0,Federal Government,1.0,0.5960660595658912
KD-162,Soba,Basic Health Centre,IV Fluids,Maternal,5.0,51.0,KDHSMA,0.0,0.5959800797481876
KD-178,Zaria,Primary Health Centre,Oxytocin,Maternal,5.0,57.0,KDHSMA,0.0,0.5958563529851035
KD-070,Kaduna North,Health Post,Giving Sets,Maternal,0.0,32.0,LGA,1.0,0.5958106066898912
KD-087,Kagarko,Basic Health Centre,Paracetamol Syrup,Child,0.0,72.0,KDHSMA,1.0,0.5956679282669634
KD-051,Jema'a,Basic Health Centre,Ibuprofen Tablet,General,0.0,439.0,Free MNCH,1.0,0.5954972082472021
KD-041,Jaba,Basic Health Centre,Folic Acid,Maternal,0.0,675.0,Open Market,1.0,0.595088343398056
KD-095,Kajuru,Health Post,Implants,Family Planning,0.0,7.0,Federal Government,1.0,0.594974330191486
KD-142,Makarfi,Primary Health Centre,Paracetamol Tablet,General,0.0,1936.0,Free MNCH,1.0,0.5946622892649825
KD-009,Chikun,Basic Health Centre,Amoxicillin Dispersible,Child,0.0,40.0,KDHSMA,0.0,0.5944698978612859
KD-081,Kagarko,Primary Health Centre,Oxytocin,Maternal,0.0,,Open Market,1.0,0.5940770265816205
KD-138,Makarfi,Primary Health Centre,Paracetamol Syrup,Child,0.0,,KDHSMA,1.0,0.5939515142370884
KD-133,Lere,Health Post,Amoxicillin Capsule,General,19.0,309.0,LGA,0.0,0.5939427516454282
KD-178,Zaria,Primary Health Centre,Folic Acid,Maternal,0.0,1570.0,Federal Government,1.0,0.5935670626353453
KD-119,Kubau,Primary Health Centre,Chlorhexidine Gel,Child,0.0,50.0,Zipline,1.0,0.5932561398110316
KD-078,Kaduna South,General Hospital,Implants,Family Planning,0.0,73.0,Donations,1.0,0.5932245119368413
KD-167,Soba,Basic Health Centre,Ibuprofen Tablet,General,0.0,,NGO,1.0,0.5930283515188547
KD-080,Kaduna South,Basic Health Centre,Ibuprofen Suspension,Child,0.0,34.0,Donations,1.0,0.5928977403423848
KD-167,Soba,Basic Health Centre,Amoxicillin Dispersible,Child,0.0,,LGA,1.0,0.5928141727469057
KD-134,Lere,Primary Health Centre,Amoxicillin Dispersible,Child,0.0,,KDHSMA,1.0,0.5927548183284657
KD-028,Igabi,Primary Health Centre,Ferrous Sulphate,Maternal,0.0,,Free MNCH,1.0,0.5927008156568134
KD-109,Kauru,Primary Health Centre,Ferrous Sulphate,Maternal,175.0,1438.0,KDHSMA,0.0,0.5926733894687702
KD-113,Kubau,Basic Health Centre,Artemether Injection,General,0.0,,Zipline,1.0,0.5925155422808499
KD-093,Kajuru,Health Post,Zinc,Child,0.0,,KDHSMA,1.0,0.592248985659921
KD-076,Kaduna South,Basic Health Centre,Injectable Contraceptives,Family Planning,0.0,55.0,KDHSMA,1.0,0.5919053225581278
KD-151,Sabon Gari,Health Post,Zinc,Child,8.0,126.0,Donations,0.0,0.5918713138933256
KD-020,Giwa,Primary Health Centre,ORS,Child,7.0,332.0,Federal Government,0.0,0.5918382365274275
KD-138,Makarfi,Primary Health Centre,Zinc,Child,0.0,370.0,NGO,1.0,0.5918246834623163
KD-165,Soba,Primary Health Centre,Calibrated Blood Collection Drape,Maternal,5.0,25.0,KDHSMA,0.0,0.5917621579855366
KD-011,Chikun,Basic Health Centre,IV Fluids,Maternal,3.0,49.0,Donations,0.0,0.5913291303978133
KD-119,Kubau,Primary Health Centre,Amoxicillin Capsule,General,0.0,984.0,NGO,1.0,0.5910849993376165
KD-050,Jema'a,Primary Health Centre,IV Fluids,Maternal,0.0,104.0,Zipline,1.0,0.5910238888678326
KD-030,Igabi,Primary Health Centre,Zinc,Child,0.0,481.0,Open Market,1.0,0.5908213276151391
KD-166,Soba,Primary Health Centre,Implants,Family Planning,3.0,22.0,KDHSMA,0.0,0.5897305396247003
KD-064,Kachia,Health Post,Amoxicillin Capsule,General,63.0,315.0,KDHSMA,0.0,0.5897229037243363
KD-062,Kachia,Basic Health Centre,Chlorhexidine Gel,Child,1.0,,KDHSMA,0.0,0.5896084803359185
KD-097,Kaura,Health Post,Amoxicillin Dispersible,Child,0.0,,Free MNCH,1.0,0.5895819499578381
KD-037,Ikara,Primary Health Centre,Chlorhexidine Gel,Child,0.0,36.0,Zipline,1.0,0.5893996652372663
KD-088,Kagarko,Primary Health Centre,Implants,Family Planning,2.0,22.0,Federal Government,0.0,0.5893949948093278
KD-080,Kaduna South,Basic Health Centre,Chlorhexidine Gel,Child,0.0,21.0,Open Market,1.0,0.5892586051558635
KD-178,Zaria,Primary Health Centre,Sulphadoxine + Pyrimethamine,Maternal,0.0,454.0,Open Market,1.0,0.5891980833856609
KD-043,Jaba,Health Post,Chlorhexidine Gel,Child,0.0,15.0,LGA,1.0,0.5885339513795288
KD-068,Kaduna North,Health Post,Artemether Injection,General,0.0,15.0,Donations,1.0,0.5884462096204247
KD-113,Kubau,Basic Health Centre,Implants,Family Planning,0.0,,Federal Government,1.0,0.5884017358607897
KD-107,Kauru,Primary Health Centre,Oxytocin,Maternal,0.0,63.0,KDHSMA,1.0,0.5883695193372833
KD-138,Makarfi,Primary Health Centre,ORS,Child,0.0,323.0,KDHSMA,1.0,0.5882511054367705
KD-166,Soba,Primary Health Centre,Artemether + Lumefantrine,General,0.0,293.0,KDHSMA,1.0,0.5881380775676021
KD-035,Ikara,Basic Health Centre,Implants,Family Planning,0.0,13.0,KDHSMA,0.0,0.5880710634202826
KD-139,Makarfi,Health Post,Magnesium Sulphate Injection,Maternal,0.0,8.0,Open Market,1.0,0.5880556136348256
KD-139,Makarfi,Health Post,Implants,Family Planning,0.0,7.0,Federal Government,1.0,0.5880539933799751
KD-151,Sabon Gari,Health Post,Artemether + Lumefantrine,General,14.0,95.0,Federal Government,0.0,0.5878880411647395
KD-175,Zangon Kataf,Basic Health Centre,Oxytocin,Maternal,5.0,39.0,KDHSMA,0.0,0.5878314084421583
KD-183,Zaria,Primary Health Centre,IV Fluids,Maternal,0.0,,Open Market,1.0,0.5878268671371082
KD-069,Kaduna North,Health Post,Chlorhexidine Gel,Child,0.0,,Open Market,1.0,0.5877918605545779
KD-119,Kubau,Primary Health Centre,Giving Sets,Maternal,0.0,98.0,KDHSMA,1.0,0.5877804820268704
KD-184,Zaria,Basic Health Centre,Artemether + Lumefantrine,General,0.0,,Federal Government,1.0,0.5871244322823767
KD-178,Zaria,Primary Health Centre,Misoprostol,Maternal,30.0,193.0,Free MNCH,0.0,0.5869450614978642
KD-163,Soba,Primary Health Centre,Implants,Family Planning,0.0,26.0,Federal Government,1.0,0.586858668270866
KD-027,Igabi,Health Post,Paracetamol Tablet,General,0.0,595.0,KDHSMA,1.0,0.5867339002287865
KD-080,Kaduna South,Basic Health Centre,Oxytocin,Maternal,0.0,26.0,Free MNCH,1.0,0.5866292000895507
KD-167,Soba,Basic Health Centre,Calibrated Blood Collection Drape,Maternal,3.0,,Donations,0.0,0.5865545724385482
KD-028,Igabi,Primary Health Centre,Folic Acid,Maternal,0.0,1167.0,Free MNCH,1.0,0.586531546621999
KD-140,Makarfi,Basic Health Centre,Tranexamic Acid Injection,Maternal,1.0,,Open Market,0.0,0.5864385778194282
KD-123,Kudan,Primary Health Centre,Ibuprofen Tablet,General,8.0,632.0,KDHSMA,0.0,0.5860686208309245
KD-086,Kagarko,Basic Health Centre,Misoprostol,Maternal,12.0,107.0,KDHSMA,0.0,0.585805377983651
KD-123,Kudan,Primary Health Centre,Ibuprofen Suspension,Child,5.0,70.0,Open Market,0.0,0.5857596246285001
KD-003,Birnin Gwari,Primary Health Centre,Tranexamic Acid Injection,Maternal,2.0,21.0,Zipline,0.0,0.5855409568639447
KD-173,Zangon Kataf,Primary Health Centre,Chlorhexidine Gel,Child,0.0,,KDHSMA,1.0,0.5853915060328483
KD-178,Zaria,Primary Health Centre,Paracetamol Syrup,Child,3.0,137.0,Donations,0.0,0.5853607096123296
KD-174,Zangon Kataf,Health Post,Implants,Family Planning,0.0,7.0,Open Market,1.0,0.5853423580988634
KD-139,Makarfi,Health Post,Amoxicillin Dispersible,Child,0.0,28.0,Open Market,1.0,0.5852330581001601
KD-027,Igabi,Health Post,Zinc,Child,4.0,151.0,KDHSMA,0.0,0.583995874580758
KD-096,Kajuru,Health Post,Folic Acid,Maternal,52.0,441.0,KDHSMA,0.0,0.5839100359147608
KD-184,Zaria,Basic Health Centre,Amoxicillin Capsule,General,0.0,661.0,Federal Government,1.0,0.5838636960867359
KD-163,Soba,Primary Health Centre,Folic Acid,Maternal,0.0,1191.0,KDHSMA,1.0,0.583594499999731
KD-038,Ikara,Health Post,Injectable Contraceptives,Family Planning,0.0,31.0,Zipline,1.0,0.5833000315133979
KD-174,Zangon Kataf,Health Post,Amoxicillin Dispersible,Child,4.0,29.0,KDHSMA,0.0,0.5832236155891075
KD-080,Kaduna South,Basic Health Centre,Artemether Injection,General,0.0,38.0,Open Market,1.0,0.5832103599980004
KD-120,Kubau,Health Post,Sulphadoxine + Pyrimethamine,Maternal,19.0,159.0,Free MNCH,0.0,0.5831414273409031
KD-136,Lere,Basic Health Centre,Giving Sets,Maternal,0.0,41.0,KDHSMA,1.0,0.5830769714516516
KD-063,Kachia,Primary Health Centre,Injectable Contraceptives,Family Planning,5.0,96.0,Federal Government,0.0,0.5829805207724619
KD-119,Kubau,Primary Health Centre,ORS,Child,0.0,312.0,KDHSMA,1.0,0.5828200816232812
KD-098,Kaura,Basic Health Centre,Ibuprofen Suspension,Child,4.0,30.0,Open Market,0.0,0.5826210813669739
KD-130,Lere,Primary Health Centre,ORS,Child,0.0,398.0,Free MNCH,1.0,0.5825565421147146
KD-041,Jaba,Basic Health Centre,ORS,Child,0.0,170.0,Open Market,1.0,0.5823493471620048
KD-088,Kagarko,Primary Health Centre,Chlorhexidine Gel,Child,3.0,39.0,Open Market,0.0,0.5823468640150661
KD-051,Jema'a,Basic Health Centre,Amoxicillin Capsule,General,0.0,615.0,Free MNCH,1.0,0.5817666298887102
KD-121,Kudan,Primary Health Centre,IV Fluids,Maternal,0.0,77.0,Open Market,1.0,0.5817607015202853
KD-002,Birnin Gwari,Primary Health Centre,Injectable Contraceptives,Family Planning,0.0,101.0,Federal Government,1.0,0.5815525826267149
KD-117,Kubau,Primary Health Centre,Misoprostol,Maternal,16.0,169.0,KDHSMA,0.0,0.5815272851384075
KD-043,Jaba,Health Post,Sulphadoxine + Pyrimethamine,Maternal,0.0,161.0,LGA,1.0,0.5814537427562027
KD-001,Birnin Gwari,Primary Health Centre,Implants,Family Planning,2.0,22.0,Federal Government,0.0,0.5813690014272415
KD-173,Zangon Kataf,Primary Health Centre,Injectable Contraceptives,Family Planning,0.0,,NGO,1.0,0.5811206407375993
KD-003,Birnin Gwari,Primary Health Centre,Misoprostol,Maternal,0.0,197.0,Zipline,1.0,0.5809768485802378
KD-176,Zangon Kataf,Primary Health Centre,Calibrated Blood Collection Drape,Maternal,6.0,31.0,Free MNCH,0.0,0.5808753350744077
KD-174,Zangon Kataf,Health Post,Paracetamol Tablet,General,0.0,681.0,Open Market,1.0,0.580829016607696
KD-113,Kubau,Basic Health Centre,Chlorhexidine Gel,Child,0.0,25.0,Zipline,1.0,0.5807361449298294
KD-056,Jema'a,Health Post,Paracetamol Syrup,Child,6.0,30.0,Donations,0.0,0.5805890602872859
KD-178,Zaria,Primary Health Centre,Implants,Family Planning,3.0,25.0,Federal Government,0.0,0.5804291839291054
KD-134,Lere,Primary Health Centre,Paracetamol Syrup,Child,0.0,,KDHSMA,1.0,0.5803162732279524
KD-122,Kudan,Primary Health Centre,Paracetamol Tablet,General,0.0,2041.0,Federal Government,1.0,0.5800466456526945
KD-076,Kaduna South,Basic Health Centre,ORS,Child,4.0,234.0,KDHSMA,0.0,0.5799769510055335
KD-166,Soba,Primary Health Centre,Amoxicillin Dispersible,Child,0.0,75.0,KDHSMA,1.0,0.5796800417076992
KD-141,Makarfi,Basic Health Centre,Ibuprofen Suspension,Child,0.0,,NGO,1.0,0.5795821608311598
KD-020,Giwa,Primary Health Centre,Implants,Family Planning,4.0,19.0,Federal Government,0.0,0.5795528993152286
KD-014,Chikun,Primary Health Centre,Chlorhexidine Gel,Child,1.0,38.0,KDHSMA,0.0,0.5794276723580111
KD-173,Zangon Kataf,Primary Health Centre,Implants,Family Planning,0.0,,Federal Government,1.0,0.5789755460835524
KD-184,Zaria,Basic Health Centre,IV Fluids,Maternal,0.0,,LGA,1.0,0.5787916581239599
KD-134,Lere,Primary Health Centre,Injectable Contraceptives,Family Planning,0.0,77.0,KDHSMA,1.0,0.578721477400806
KD-095,Kajuru,Health Post,Paracetamol Tablet,General,0.0,557.0,Donations,1.0,0.5786130336294544
KD-138,Makarfi,Primary Health Centre,Paracetamol Tablet,General,0.0,,KDHSMA,1.0,0.5784921516330845
KD-128,Kudan,Health Post,IV Fluids,Maternal,0.0,,KDHSMA,1.0,0.5781360159243324
KD-143,Makarfi,Basic Health Centre,Ibuprofen Suspension,Child,7.0,34.0,KDHSMA,0.0,0.5780726668513944
KD-059,Kachia,Primary Health Centre,Chlorhexidine Gel,Child,3.0,39.0,Free MNCH,0.0,0.5779755300193428
KD-082,Kagarko,General Hospital,Implants,Family Planning,13.0,75.0,LGA,0.0,0.5776593582110007
KD-077,Kaduna South,Basic Health Centre,ORS,Child,0.0,,LGA,1.0,0.5776432981742744
KD-118,Kubau,Basic Health Centre,Paracetamol Syrup,Child,0.0,,KDHSMA,1.0,0.5774256570528936
KD-109,Kauru,Primary Health Centre,Ibuprofen Tablet,General,116.0,892.0,KDHSMA,0.0,0.5772641009811608
KD-022,Giwa,Basic Health Centre,Calibrated Blood Collection Drape,Maternal,5.0,,NGO,0.0,0.5771156500462062
KD-151,Sabon Gari,Health Post,Paracetamol Syrup,Child,7.0,37.0,Zipline,0.0,0.5768431340749391
KD-169,Zangon Kataf,Primary Health Centre,Magnesium Sulphate Injection,Maternal,2.0,,Open Market,0.0,0.576730326977264
KD-171,Zangon Kataf,Basic Health Centre,Amoxicillin Capsule,General,0.0,733.0,Open Market,1.0,0.5759909770776911
KD-119,Kubau,Primary Health Centre,Paracetamol Syrup,Child,0.0,135.0,KDHSMA,1.0,0.5755611714944774
KD-133,Lere,Health Post,Paracetamol Tablet,General,66.0,610.0,LGA,0.0,0.5752372364713767
KD-173,Zangon Kataf,Primary Health Centre,Giving Sets,Maternal,0.0,,Federal Government,1.0,0.5748941795416035
KD-158,Sanga,Basic Health Centre,Paracetamol Tablet,General,0.0,1443.0,KDHSMA,1.0,0.5748620537960791
KD-041,Jaba,Basic Health Centre,Misoprostol,Maternal,5.0,85.0,Donations,0.0,0.5747643019557882
KD-060,Kachia,Basic Health Centre,Ibuprofen Suspension,Child,5.0,30.0,KDHSMA,0.0,0.5747429905092608
KD-038,Ikara,Health Post,Amoxicillin Dispersible,Child,0.0,27.0,Zipline,1.0,0.5746809899383567
KD-163,Soba,Primary Health Centre,Chlorhexidine Gel,Child,0.0,52.0,Free MNCH,1.0,0.5746208947119891
KD-051,Jema'a,Basic Health Centre,ORS,Child,0.0,232.0,Free MNCH,1.0,0.5741278148168962
KD-081,Kagarko,Primary Health Centre,Folic Acid,Maternal,0.0,1162.0,Open Market,1.0,0.5736850216272715
KD-178,Zaria,Primary Health Centre,Injectable Contraceptives,Family Planning,0.0,74.0,Federal Government,1.0,0.5731523095774963
KD-120,Kubau,Health Post,Injectable Contraceptives,Family Planning,5.0,26.0,Federal Government,0.0,0.5730808996007838
KD-162,Soba,Basic Health Centre,ORS,Child,2.0,196.0,KDHSMA,0.0,0.5729978470364263
KD-004,Birnin Gwari,General Hospital,Magnesium Sulphate Injection,Maternal,27.0,131.0,KDHSMA,0.0,0.5728705516496455
KD-136,Lere,Basic Health Centre,IV Fluids,Maternal,0.0,56.0,KDHSMA,1.0,0.572839696582817
KD-051,Jema'a,Basic Health Centre,Injectable Contraceptives,Family Planning,0.0,55.0,Federal Government,1.0,0.5724489094315393
KD-181,Zaria,Primary Health Centre,Tranexamic Acid Injection,Maternal,3.0,,KDHSMA,0.0,0.5723028882734771
KD-184,Zaria,Basic Health Centre,Paracetamol Tablet,General,0.0,1103.0,Federal Government,1.0,0.5722838545811044
KD-163,Soba,Primary Health Centre,IV Fluids,Maternal,0.0,87.0,KDHSMA,1.0,0.5721455001051663
KD-158,Sanga,Basic Health Centre,Amoxicillin Dispersible,Child,0.0,50.0,Open Market,1.0,0.5720093786625513
KD-184,Zaria,Basic Health Centre,Injectable Contraceptives,Family Planning,0.0,48.0,Federal Government,1.0,0.5719964264772501
KD-184,Zaria,Basic Health Centre,ORS,Child,0.0,,NGO,1.0,0.5717697851019019
KD-038,Ikara,Health Post,Implants,Family Planning,0.0,8.0,Zipline,1.0,0.5716323562434072
KD-144,Makarfi,Primary Health Centre,Injectable Contraceptives,Family Planning,0.0,75.0,Federal Government,1.0,0.5715859201727209
KD-055,Jema'a,Primary Health Centre,Folic Acid,Maternal,0.0,1122.0,Open Market,1.0,0.5715126716695405
KD-080,Kaduna South,Basic Health Centre,Misoprostol,Maternal,0.0,109.0,Open Market,1.0,0.5714606378733376
KD-065,Kaduna North,Basic Health Centre,Giving Sets,Maternal,4.0,40.0,KDHSMA,0.0,0.5710771361688771
KD-176,Zangon Kataf,Primary Health Centre,Injectable Contraceptives,Family Planning,0.0,73.0,Federal Government,0.0,0.5709534802017893
KD-031,Igabi,Basic Health Centre,Folic Acid,Maternal,76.0,643.0,KDHSMA,0.0,0.5706531111438261
KD-092,Kajuru,Health Post,Ferrous Sulphate,Maternal,31.0,365.0,Donations,0.0,0.5705855725225639
KD-119,Kubau,Primary Health Centre,Zinc,Child,0.0,502.0,Open Market,1.0,0.5703956044693388
KD-167,Soba,Basic Health Centre,ORS,Child,0.0,,KDHSMA,1.0,0.5702809184873397
KD-003,Birnin Gwari,Primary Health Centre,Ferrous Sulphate,Maternal,0.0,1604.0,Zipline,1.0,0.5699530829484767
KD-170,Zangon Kataf,Basic Health Centre,Paracetamol Syrup,Child,0.0,72.0,Zipline,1.0,0.5697431776693248
KD-104,Kaura,Basic Health Centre,Magnesium Sulphate Injection,Maternal,0.0,,Zipline,1.0,0.5697317550162821
KD-119,Kubau,Primary Health Centre,Paracetamol Tablet,General,0.0,1864.0,KDHSMA,1.0,0.5697112847341796
KD-107,Kauru,Primary Health Centre,Artemether Injection,General,1.0,63.0,KDHSMA,0.0,0.5696960903208335
KD-143,Makarfi,Basic Health Centre,Injectable Contraceptives,Family Planning,4.0,58.0,Federal Government,0.0,0.56941205727163
KD-136,Lere,Basic Health Centre,Paracetamol Syrup,Child,0.0,76.0,Free MNCH,1.0,0.5693967233314337
KD-042,Jaba,Health Post,Implants,Family Planning,0.0,7.0,Federal Government,0.0,0.5693748367282708
KD-124,Kudan,Health Post,IV Fluids,Maternal,3.0,32.0,Free MNCH,0.0,0.569239973607949
KD-080,Kaduna South,Basic Health Centre,Folic Acid,Maternal,0.0,693.0,Open Market,1.0,0.5691537615885182
KD-099,Kaura,Primary Health Centre,Chlorhexidine Gel,Child,1.0,52.0,Zipline,0.0,0.569106776296591
KD-055,Jema'a,Primary Health Centre,Amoxicillin Dispersible,Child,8.0,100.0,KDHSMA,0.0,0.569085123403882
KD-133,Lere,Health Post,Folic Acid,Maternal,49.0,452.0,Federal Government,0.0,0.5689968703620316
KD-136,Lere,Basic Health Centre,Ibuprofen Tablet,General,0.0,432.0,Open Market,1.0,0.5688617457339413
KD-070,Kaduna North,Health Post,Amoxicillin Capsule,General,0.0,383.0,LGA,1.0,0.5688287410007987
KD-125,Kudan,Health Post,IV Fluids,Maternal,1.0,29.0,NGO,0.0,0.5687589796439766
KD-066,Kaduna North,Basic Health Centre,Giving Sets,Maternal,3.0,,LGA,0.0,0.5684534940271747
KD-134,Lere,Primary Health Centre,Artemether + Lumefantrine,General,0.0,,KDHSMA,1.0,0.5683284892082635
KD-080,Kaduna South,Basic Health Centre,Sulphadoxine + Pyrimethamine,Maternal,0.0,268.0,Open Market,1.0,0.568230384570393
KD-121,Kudan,Primary Health Centre,Oxytocin,Maternal,1.0,49.0,Open Market,0.0,0.5681610176409781
KD-084,Kagarko,General Hospital,Paracetamol Tablet,General,0.0,10612.0,Federal Government,1.0,0.5681596470091053
KD-121,Kudan,Primary Health Centre,Folic Acid,Maternal,0.0,1254.0,Open Market,1.0,0.5680570781784415
KD-173,Zangon Kataf,Primary Health Centre,ORS,Child,0.0,,KDHSMA,1.0,0.5678599598124312
KD-015,Chikun,Primary Health Centre,Injectable Contraceptives,Family Planning,12.0,74.0,Federal Government,0.0,0.5675292540113809
KD-031,Igabi,Basic Health Centre,Tranexamic Acid Injection,Maternal,2.0,12.0,KDHSMA,0.0,0.567464489926355
KD-037,Ikara,Primary Health Centre,Tranexamic Acid Injection,Maternal,3.0,21.0,Zipline,0.0,0.5673852328756136
KD-028,Igabi,Primary Health Centre,Tranexamic Acid Injection,Maternal,0.0,,Open Market,1.0,0.5673256974377034
KD-147,Sabon Gari,General Hospital,Artemether + Lumefantrine,General,0.0,1196.0,KDHSMA,1.0,0.5672880665395297
KD-082,Kagarko,General Hospital,Ibuprofen Tablet,General,360.0,3410.0,NGO,0.0,0.5672502638667405
KD-130,Lere,Primary Health Centre,Zinc,Child,0.0,421.0,Open Market,1.0,0.5672095331653173
KD-121,Kudan,Primary Health Centre,Artemether Injection,General,0.0,55.0,Open Market,1.0,0.5670880546295107
KD-157,Sanga,Primary Health Centre,Artemether Injection,General,0.0,63.0,KDHSMA,1.0,0.5669525978642296
KD-107,Kauru,Primary Health Centre,Ibuprofen Suspension,Child,0.0,61.0,KDHSMA,1.0,0.5667788049876288
KD-105,Kauru,Health Post,Amoxicillin Dispersible,Child,1.0,29.0,Free MNCH,0.0,0.5665748805962352
KD-102,Kaura,Primary Health Centre,Sulphadoxine + Pyrimethamine,Maternal,11.0,532.0,LGA,0.0,0.5662797828202935
KD-139,Makarfi,Health Post,ORS,Child,0.0,105.0,Open Market,1.0,0.5661117117046846
KD-094,Kajuru,Primary Health Centre,Oxytocin,Maternal,4.0,49.0,Open Market,0.0,0.5659433138177719
KD-014,Chikun,Primary Health Centre,Misoprostol,Maternal,5.0,,KDHSMA,0.0,0.5658756128915889
KD-017,Giwa,Primary Health Centre,Giving Sets,Maternal,0.0,,Open Market,1.0,0.5657178821235713
KD-099,Kaura,Primary Health Centre,Paracetamol Syrup,Child,0.0,115.0,Zipline,1.0,0.5656674847599266
KD-130,Lere,Primary Health Centre,Giving Sets,Maternal,7.0,107.0,KDHSMA,0.0,0.5656461129871865
KD-081,Kagarko,Primary Health Centre,Injectable Contraceptives,Family Planning,0.0,,Open Market,1.0,0.5654273009005492
KD-066,Kaduna North,Basic Health Centre,Oxytocin,Maternal,4.0,,Free MNCH,0.0,0.5654237897999403
KD-112,Kauru,Basic Health Centre,Ibuprofen Suspension,Child,6.0,38.0,Open Market,0.0,0.5653413341449838
KD-050,Jema'a,Primary Health Centre,ORS,Child,0.0,364.0,Donations,1.0,0.5652532747197399
KD-045,Jaba,Health Post,Chlorhexidine Gel,Child,0.0,15.0,Free MNCH,1.0,0.5651461087368096
KD-131,Lere,Primary Health Centre,Amoxicillin Capsule,General,0.0,984.0,KDHSMA,1.0,0.5649516102104218
KD-056,Jema'a,Health Post,Ferrous Sulphate,Maternal,39.0,376.0,KDHSMA,0.0,0.5647523431154692
KD-113,Kubau,Basic Health Centre,Zinc,Child,0.0,262.0,Federal Government,1.0,0.5646859472526022
KD-149,Sabon Gari,Basic Health Centre,Artemether Injection,General,5.0,32.0,Free MNCH,0.0,0.5645899897781377
KD-042,Jaba,Health Post,Ibuprofen Suspension,Child,5.0,18.0,KDHSMA,0.0,0.5644085350264896
KD-003,Birnin Gwari,Primary Health Centre,Chlorhexidine Gel,Child,0.0,52.0,Zipline,1.0,0.5643456937539504
KD-109,Kauru,Primary Health Centre,ORS,Child,68.0,445.0,KDHSMA,0.0,0.5639542792474609
KD-107,Kauru,Primary Health Centre,Zinc,Child,0.0,,KDHSMA,1.0,0.5638376114006358
KD-050,Jema'a,Primary Health Centre,Giving Sets,Maternal,0.0,,Open Market,1.0,0.5635117264213944
KD-146,Sabon Gari,Basic Health Centre,IV Fluids,Maternal,5.0,47.0,KDHSMA,0.0,0.56341019530749
KD-022,Giwa,Basic Health Centre,IV Fluids,Maternal,2.0,58.0,Open Market,0.0,0.5633040431089898
KD-136,Lere,Basic Health Centre,Amoxicillin Dispersible,Child,0.0,42.0,KDHSMA,1.0,0.563186374230046
KD-141,Makarfi,Basic Health Centre,Chlorhexidine Gel,Child,0.0,,Open Market,1.0,0.5631822044007285
KD-057,Kachia,Primary Health Centre,Calibrated Blood Collection Drape,Maternal,4.0,,Open Market,0.0,0.5631001616875524
KD-080,Kaduna South,Basic Health Centre,ORS,Child,0.0,246.0,Open Market,1.0,0.5630581072270084
KD-129,Lere,Basic Health Centre,Ibuprofen Tablet,General,8.0,433.0,KDHSMA,0.0,0.5629785272999182
KD-107,Kauru,Primary Health Centre,Chlorhexidine Gel,Child,0.0,,Federal Government,1.0,0.5629590929407337
KD-132,Lere,Primary Health Centre,Amoxicillin Dispersible,Child,7.0,87.0,KDHSMA,0.0,0.562784726974491
KD-145,Sabon Gari,Primary Health Centre,Artemether Injection,General,3.0,57.0,Open Market,0.0,0.5627062351894954
KD-107,Kauru,Primary Health Centre,Injectable Contraceptives,Family Planning,0.0,,Federal Government,1.0,0.5625495089747506
KD-136,Lere,Basic Health Centre,ORS,Child,0.0,244.0,NGO,1.0,0.5624806221913269
KD-117,Kubau,Primary Health Centre,Ferrous Sulphate,Maternal,112.0,1119.0,KDHSMA,0.0,0.5623303203002527
KD-109,Kauru,Primary Health Centre,Paracetamol Tablet,General,256.0,2144.0,KDHSMA,0.0,0.5622050163653031
KD-139,Makarfi,Health Post,Giving Sets,Maternal,0.0,30.0,Open Market,1.0,0.5621356891993726
KD-089,Kajuru,Basic Health Centre,Giving Sets,Maternal,2.0,,KDHSMA,0.0,0.5620339385212254
KD-138,Makarfi,Primary Health Centre,Ibuprofen Tablet,General,0.0,806.0,Zipline,1.0,0.561970734924551
KD-136,Lere,Basic Health Centre,Oxytocin,Maternal,0.0,37.0,KDHSMA,1.0,0.5619612844826376
KD-176,Zangon Kataf,Primary Health Centre,Artemether Injection,General,6.0,52.0,Free MNCH,0.0,0.5616419855157357
KD-138,Makarfi,Primary Health Centre,Amoxicillin Capsule,General,0.0,,Federal Government,1.0,0.5613931857248646
KD-081,Kagarko,Primary Health Centre,Giving Sets,Maternal,3.0,,LGA,0.0,0.5613502788274051
KD-162,Soba,Basic Health Centre,Implants,Family Planning,2.0,12.0,Federal Government,0.0,0.5607172644238212
KD-061,Kachia,Primary Health Centre,Artemether + Lumefantrine,General,32.0,278.0,KDHSMA,0.0,0.5604659280827311
KD-149,Sabon Gari,Basic Health Centre,Calibrated Blood Collection Drape,Maternal,3.0,19.0,KDHSMA,0.0,0.5604336017782204
KD-011,Chikun,Basic Health Centre,Amoxicillin Dispersible,Child,9.0,42.0,Donations,0.0,0.5604328164352359
KD-121,Kudan,Primary Health Centre,Chlorhexidine Gel,Child,0.0,43.0,Open Market,1.0,0.5602346573542342
KD-045,Jaba,Health Post,Ibuprofen Suspension,Child,0.0,,Free MNCH,1.0,0.5600106266120121
KD-167,Soba,Basic Health Centre,Paracetamol Syrup,Child,0.0,53.0,KDHSMA,1.0,0.5598636929622771
KD-045,Jaba,Health Post,Injectable Contraceptives,Family Planning,0.0,,Free MNCH,1.0,0.559330796607781
KD-095,Kajuru,Health Post,Ibuprofen Suspension,Child,3.0,21.0,Donations,0.0,0.5591249950575852
KD-089,Kajuru,Basic Health Centre,Artemether Injection,General,4.0,,LGA,0.0,0.5588859159452235
KD-130,Lere,Primary Health Centre,Amoxicillin Capsule,General,0.0,1241.0,Open Market,1.0,0.5587848576901947
KD-086,Kagarko,Basic Health Centre,Paracetamol Syrup,Child,4.0,,KDHSMA,0.0,0.5584878181758817
KD-006,Birnin Gwari,Basic Health Centre,Misoprostol,Maternal,1.0,,Free MNCH,0.0,0.5584464281078914
KD-011,Chikun,Basic Health Centre,Artemether + Lumefantrine,General,27.0,179.0,Donations,0.0,0.5581910991982818
KD-119,Kubau,Primary Health Centre,Oxytocin,Maternal,0.0,56.0,Federal Government,1.0,0.5576573823934751
KD-001,Birnin Gwari,Primary Health Centre,Ibuprofen Tablet,General,0.0,885.0,NGO,1.0,0.5574038382922066
KD-128,Kudan,Health Post,Artemether Injection,General,0.0,,Federal Government,1.0,0.5570486941077947
KD-018,Giwa,Primary Health Centre,Chlorhexidine Gel,Child,6.0,,Federal Government,0.0,0.5568841498081956
KD-076,Kaduna South,Basic Health Centre,IV Fluids,Maternal,7.0,55.0,KDHSMA,0.0,0.5565875806397721
KD-120,Kubau,Health Post,Paracetamol Syrup,Child,9.0,36.0,Free MNCH,0.0,0.5565728549527988
KD-107,Kauru,Primary Health Centre,Ibuprofen Tablet,General,0.0,,KDHSMA,1.0,0.5564665079279116
KD-089,Kajuru,Basic Health Centre,Paracetamol Tablet,General,0.0,,KDHSMA,1.0,0.5561215916731246
KD-139,Makarfi,Health Post,Injectable Contraceptives,Family Planning,0.0,28.0,Open Market,1.0,0.5558488693489485
KD-121,Kudan,Primary Health Centre,Paracetamol Tablet,General,0.0,1981.0,Open Market,1.0,0.5555512824624196
KD-001,Birnin Gwari,Primary Health Centre,Amoxicillin Dispersible,Child,0.0,103.0,Free MNCH,1.0,0.5552704649552821
KD-168,Soba,Primary Health Centre,IV Fluids,Maternal,9.0,91.0,KDHSMA,0.0,0.5551507697096699
KD-095,Kajuru,Health Post,IV Fluids,Maternal,4.0,22.0,Free MNCH,0.0,0.5549887242349834
KD-050,Jema'a,Primary Health Centre,Paracetamol Tablet,General,0.0,,Zipline,1.0,0.5545063987046791
KD-113,Kubau,Basic Health Centre,Tranexamic Acid Injection,Maternal,0.0,,Donations,0.0,0.5543531053904286
KD-093,Kajuru,Health Post,Artemether Injection,General,2.0,19.0,KDHSMA,0.0,0.5539811247184475
KD-180,Zaria,Health Post,Chlorhexidine Gel,Child,0.0,14.0,Open Market,1.0,0.5537566840488569
KD-082,Kagarko,General Hospital,Zinc,Child,317.0,1626.0,NGO,0.0,0.5536758945215106
KD-122,Kudan,Primary Health Centre,Oxytocin,Maternal,5.0,52.0,Federal Government,0.0,0.5535864424035352
KD-031,Igabi,Basic Health Centre,Sulphadoxine + Pyrimethamine,Maternal,18.0,248.0,KDHSMA,0.0,0.5535663157468809
KD-128,Kudan,Health Post,Giving Sets,Maternal,0.0,,Federal Government,1.0,0.5529628438712374
KD-002,Birnin Gwari,Primary Health Centre,Ibuprofen Suspension,Child,2.0,54.0,LGA,0.0,0.552748161628243
KD-074,Kaduna South,Health Post,Ibuprofen Suspension,Child,2.0,15.0,Zipline,0.0,0.5526306713168487
KD-150,Sabon Gari,Primary Health Centre,Amoxicillin Dispersible,Child,0.0,,Open Market,1.0,0.5525222512552981
KD-129,Lere,Basic Health Centre,Paracetamol Syrup,Child,11.0,69.0,KDHSMA,0.0,0.5525217658220594
KD-002,Birnin Gwari,Primary Health Centre,Oxytocin,Maternal,0.0,,Free MNCH,0.0,0.5522055049771657
KD-118,Kubau,Basic Health Centre,Magnesium Sulphate Injection,Maternal,1.0,,NGO,0.0,0.5519962053425599
KD-163,Soba,Primary Health Centre,Calibrated Blood Collection Drape,Maternal,4.0,31.0,Open Market,0.0,0.5514584294646129
KD-013,Chikun,Primary Health Centre,Ferrous Sulphate,Maternal,25.0,1513.0,Federal Government,0.0,0.5511661707012733
KD-169,Zangon Kataf,Primary Health Centre,IV Fluids,Maternal,21.0,101.0,Free MNCH,0.0,0.5509337189067831
KD-174,Zangon Kataf,Health Post,Paracetamol Syrup,Child,0.0,41.0,Open Market,1.0,0.5508858842829951
KD-019,Giwa,Primary Health Centre,Artemether Injection,General,6.0,55.0,Donations,0.0,0.550846501586273
KD-147,Sabon Gari,General Hospital,Chlorhexidine Gel,Child,0.0,201.0,Zipline,1.0,0.5508137793482782
KD-002,Birnin Gwari,Primary Health Centre,Chlorhexidine Gel,Child,0.0,43.0,LGA,0.0,0.5507278093534529
KD-058,Kachia,Basic Health Centre,Implants,Family Planning,0.0,,Open Market,1.0,0.5506889645097255
KD-126,Kudan,General Hospital,Oxytocin,Maternal,62.0,279.0,Free MNCH,0.0,0.5506588056707117
KD-121,Kudan,Primary Health Centre,Ibuprofen Suspension,Child,0.0,63.0,Open Market,1.0,0.5502920015607805
KD-088,Kagarko,Primary Health Centre,ORS,Child,40.0,367.0,KDHSMA,0.0,0.5494402777623957
KD-080,Kaduna South,Basic Health Centre,IV Fluids,Maternal,0.0,56.0,Open Market,1.0,0.5493377320154077
KD-167,Soba,Basic Health Centre,Tranexamic Acid Injection,Maternal,0.0,12.0,Zipline,0.0,0.548973840545007
KD-168,Soba,Primary Health Centre,Calibrated Blood Collection Drape,Maternal,7.0,30.0,KDHSMA,0.0,0.5485200679054546
KD-042,Jaba,Health Post,Giving Sets,Maternal,0.0,24.0,NGO,0.0,0.5481771847956776
KD-129,Lere,Basic Health Centre,Injectable Contraceptives,Family Planning,9.0,45.0,KDHSMA,0.0,0.5477426209606922
KD-028,Igabi,Primary Health Centre,Chlorhexidine Gel,Child,0.0,52.0,Open Market,1.0,0.5476407797129615
KD-015,Chikun,Primary Health Centre,Paracetamol Syrup,Child,31.0,133.0,KDHSMA,0.0,0.5464638998180004
KD-118,Kubau,Basic Health Centre,Chlorhexidine Gel,Child,1.0,,KDHSMA,0.0,0.5457228844282812
KD-092,Kajuru,Health Post,Paracetamol Tablet,General,60.0,623.0,Donations,0.0,0.5456921930653187
KD-137,Makarfi,Primary Health Centre,Implants,Family Planning,1.0,,Federal Government,0.0,0.5455493884033394
KD-020,Giwa,Primary Health Centre,Oxytocin,Maternal,9.0,69.0,Free MNCH,0.0,0.545540954176293
KD-045,Jaba,Health Post,Giving Sets,Maternal,0.0,24.0,Free MNCH,1.0,0.5453311841866345
KD-123,Kudan,Primary Health Centre,Amoxicillin Dispersible,Child,18.0,108.0,LGA,0.0,0.5452363188651694
KD-031,Igabi,Basic Health Centre,Amoxicillin Capsule,General,139.0,682.0,KDHSMA,0.0,0.5448197518342163
KD-128,Kudan,Health Post,Ibuprofen Suspension,Child,0.0,21.0,Donations,1.0,0.5446042422817565
KD-098,Kaura,Basic Health Centre,Giving Sets,Maternal,2.0,44.0,Open Market,0.0,0.5444707188404556
KD-168,Soba,Primary Health Centre,Implants,Family Planning,3.0,19.0,Open Market,0.0,0.5443759380775822
KD-167,Soba,Basic Health Centre,Oxytocin,Maternal,0.0,,KDHSMA,0.0,0.5437422915541895
KD-015,Chikun,Primary Health Centre,ORS,Child,34.0,329.0,KDHSMA,0.0,0.5432235159100475
KD-128,Kudan,Health Post,Ibuprofen Tablet,General,0.0,,Federal Government,1.0,0.5432118150282109
KD-162,Soba,Basic Health Centre,Ferrous Sulphate,Maternal,70.0,717.0,KDHSMA,0.0,0.5428959253572043
KD-003,Birnin Gwari,Primary Health Centre,Paracetamol Syrup,Child,0.0,117.0,Zipline,1.0,0.542739187160279
KD-152,Sabon Gari,Primary Health Centre,Tranexamic Acid Injection,Maternal,3.0,20.0,Free MNCH,0.0,0.542349011098334
KD-111,Kauru,Basic Health Centre,Sulphadoxine + Pyrimethamine,Maternal,18.0,228.0,KDHSMA,0.0,0.5423016909739141
KD-121,Kudan,Primary Health Centre,Implants,Family Planning,4.0,18.0,Federal Government,0.0,0.5420867108433491
KD-173,Zangon Kataf,Primary Health Centre,Amoxicillin Dispersible,Child,0.0,,Zipline,1.0,0.5416936640092558
KD-012,Chikun,Primary Health Centre,Folic Acid,Maternal,156.0,1089.0,NGO,0.0,0.5408770275925097
KD-015,Chikun,Primary Health Centre,Artemether + Lumefantrine,General,84.0,346.0,KDHSMA,0.0,0.5406370094796454
KD-150,Sabon Gari,Primary Health Centre,Artemether + Lumefantrine,General,0.0,,Open Market,1.0,0.5404394575225157
KD-095,Kajuru,Health Post,Artemether Injection,General,4.0,15.0,KDHSMA,0.0,0.5401419798995326
KD-007,Birnin Gwari,General Hospital,Amoxicillin Capsule,General,0.0,4971.0,Zipline,1.0,0.54005021228893
KD-118,Kubau,Basic Health Centre,Implants,Family Planning,2.0,,KDHSMA,0.0,0.5400062826465318
KD-128,Kudan,Health Post,Folic Acid,Maternal,0.0,,Federal Government,1.0,0.5399363874772386
KD-045,Jaba,Health Post,Ferrous Sulphate,Maternal,0.0,464.0,Free MNCH,0.0,0.5398042000352937
KD-174,Zangon Kataf,Health Post,Sulphadoxine + Pyrimethamine,Maternal,0.0,125.0,Open Market,0.0,0.5392491047526824
KD-114,Kubau,Primary Health Centre,Amoxicillin Capsule,General,74.0,980.0,KDHSMA,0.0,0.5391929942883891
KD-001,Birnin Gwari,Primary Health Centre,ORS,Child,0.0,374.0,Free MNCH,1.0,0.5388095782660566
KD-170,Zangon Kataf,Basic Health Centre,Tranexamic Acid Injection,Maternal,4.0,15.0,Free MNCH,0.0,0.5387454989427133
KD-003,Birnin Gwari,Primary Health Centre,Zinc,Child,0.0,383.0,Zipline,1.0,0.5380501660757875
KD-135,Lere,Primary Health Centre,Zinc,Child,0.0,521.0,Zipline,1.0,0.5379484274755392
KD-065,Kaduna North,Basic Health Centre,Sulphadoxine + Pyrimethamine,Maternal,9.0,,KDHSMA,0.0,0.5376712849030167
KD-086,Kagarko,Basic Health Centre,Sulphadoxine + Pyrimethamine,Maternal,13.0,,KDHSMA,0.0,0.5373872151849045
KD-021,Giwa,Primary Health Centre,Paracetamol Syrup,Child,27.0,97.0,LGA,0.0,0.5370403136592481
KD-058,Kachia,Basic Health Centre,Ferrous Sulphate,Maternal,0.0,,Open Market,1.0,0.5363726801304837
KD-100,Kaura,Health Post,Giving Sets,Maternal,0.0,,Donations,1.0,0.53604592423729
KD-100,Kaura,Health Post,Chlorhexidine Gel,Child,0.0,16.0,Open Market,1.0,0.5360081310147347
KD-147,Sabon Gari,General Hospital,Implants,Family Planning,0.0,92.0,Zipline,1.0,0.535609540892143
KD-102,Kaura,Primary Health Centre,Ferrous Sulphate,Maternal,52.0,1228.0,LGA,0.0,0.5354153404007057
KD-165,Soba,Primary Health Centre,Ibuprofen Suspension,Child,10.0,59.0,KDHSMA,0.0,0.5352401509861179
KD-026,Igabi,Basic Health Centre,Ferrous Sulphate,Maternal,41.0,603.0,Free MNCH,0.0,0.5350605988844134
KD-041,Jaba,Basic Health Centre,Chlorhexidine Gel,Child,3.0,24.0,Open Market,0.0,0.534817877617374
KD-012,Chikun,Primary Health Centre,Injectable Contraceptives,Family Planning,22.0,108.0,Federal Government,0.0,0.5347309671773653
KD-121,Kudan,Primary Health Centre,Magnesium Sulphate Injection,Maternal,3.0,28.0,Open Market,0.0,0.5345454476000495
KD-150,Sabon Gari,Primary Health Centre,Artemether Injection,General,0.0,,Open Market,1.0,0.534390360157421
KD-033,Ikara,Basic Health Centre,Giving Sets,Maternal,6.0,40.0,Federal Government,0.0,0.5340055070614405
KD-128,Kudan,Health Post,Paracetamol Tablet,General,0.0,,Federal Government,1.0,0.5337295781612841
KD-128,Kudan,Health Post,Zinc,Child,0.0,112.0,NGO,1.0,0.5334500253567203
KD-030,Igabi,Primary Health Centre,Calibrated Blood Collection Drape,Maternal,9.0,,KDHSMA,0.0,0.5333888121904041
KD-141,Makarfi,Basic Health Centre,Tranexamic Acid Injection,Maternal,4.0,,KDHSMA,0.0,0.5332134162666289
KD-051,Jema'a,Basic Health Centre,Implants,Family Planning,3.0,12.0,Federal Government,0.0,0.5325849192913192
KD-109,Kauru,Primary Health Centre,Paracetamol Syrup,Child,21.0,122.0,KDHSMA,0.0,0.5322858963658355
KD-128,Kudan,Health Post,Sulphadoxine + Pyrimethamine,Maternal,0.0,142.0,Federal Government,1.0,0.531768142124206
KD-029,Igabi,Primary Health Centre,Ibuprofen Tablet,General,71.0,715.0,NGO,0.0,0.5317231867793385
KD-025,Igabi,General Hospital,Ibuprofen Tablet,General,0.0,2420.0,Open Market,1.0,0.5315752370825507
KD-152,Sabon Gari,Primary Health Centre,IV Fluids,Maternal,11.0,75.0,Free MNCH,0.0,0.5312053824940902
KD-139,Makarfi,Health Post,IV Fluids,Maternal,1.0,30.0,Open Market,0.0,0.5306745173337886
KD-084,Kagarko,General Hospital,Tranexamic Acid Injection,Maternal,8.0,95.0,Federal Government,0.0,0.5306336655472574
KD-088,Kagarko,Primary Health Centre,Ferrous Sulphate,Maternal,200.0,1600.0,KDHSMA,0.0,0.5296190310490229
KD-171,Zangon Kataf,Basic Health Centre,Ibuprofen Suspension,Child,8.0,34.0,Federal Government,0.0,0.5289252655294244
KD-154,Sanga,Basic Health Centre,Oxytocin,Maternal,5.0,27.0,LGA,0.0,0.5286931469231885
KD-100,Kaura,Health Post,Paracetamol Syrup,Child,0.0,,Open Market,1.0,0.5283906897362954
KD-092,Kajuru,Health Post,Sulphadoxine + Pyrimethamine,Maternal,6.0,117.0,Donations,0.0,0.5281201556533953
KD-128,Kudan,Health Post,Paracetamol Syrup,Child,0.0,,Federal Government,1.0,0.5281099882236611
KD-092,Kajuru,Health Post,Giving Sets,Maternal,6.0,25.0,LGA,0.0,0.5274795128257909
KD-174,Zangon Kataf,Health Post,Ibuprofen Tablet,General,0.0,212.0,Open Market,1.0,0.5265885698113483
KD-146,Sabon Gari,Basic Health Centre,Sulphadoxine + Pyrimethamine,Maternal,34.0,249.0,NGO,0.0,0.5265334778511993
KD-180,Zaria,Health Post,Giving Sets,Maternal,4.0,26.0,Donations,0.0,0.5264373383248925
KD-015,Chikun,Primary Health Centre,Sulphadoxine + Pyrimethamine,Maternal,71.0,451.0,KDHSMA,0.0,0.5263188639140116
KD-113,Kubau,Basic Health Centre,ORS,Child,0.0,192.0,Zipline,1.0,0.5260184499685936
KD-151,Sabon Gari,Health Post,Amoxicillin Capsule,General,53.0,416.0,Zipline,0.0,0.5259973596507143
KD-030,Igabi,Primary Health Centre,Tranexamic Acid Injection,Maternal,4.0,,Federal Government,0.0,0.5256873280003574
KD-092,Kajuru,Health Post,Injectable Contraceptives,Family Planning,8.0,28.0,Federal Government,0.0,0.5256211635251398
KD-100,Kaura,Health Post,Zinc,Child,0.0,,Open Market,1.0,0.5255133163061252
KD-176,Zangon Kataf,Primary Health Centre,Amoxicillin Capsule,General,0.0,1325.0,Free MNCH,1.0,0.5253053412968045
KD-024,Giwa,Primary Health Centre,Zinc,Child,10.0,473.0,KDHSMA,0.0,0.5251441142202303
KD-069,Kaduna North,Health Post,Implants,Family Planning,0.0,6.0,Federal Government,0.0,0.5250187197676113
KD-138,Makarfi,Primary Health Centre,Amoxicillin Dispersible,Child,6.0,95.0,KDHSMA,0.0,0.5249783633618851
KD-016,Chikun,General Hospital,Magnesium Sulphate Injection,Maternal,27.0,110.0,KDHSMA,0.0,0.5248391791975788
KD-095,Kajuru,Health Post,Amoxicillin Dispersible,Child,0.0,25.0,Free MNCH,0.0,0.5246409454677329
KD-128,Kudan,Health Post,ORS,Child,0.0,,Federal Government,1.0,0.5245606469416687
KD-041,Jaba,Basic Health Centre,Tranexamic Acid Injection,Maternal,3.0,11.0,LGA,0.0,0.5242130655518544
KD-010,Chikun,General Hospital,Paracetamol Tablet,General,2367.0,10338.0,Free MNCH,0.0,0.5240678646171992
KD-045,Jaba,Health Post,Zinc,Child,0.0,,Free MNCH,1.0,0.52383859328918
KD-031,Igabi,Basic Health Centre,Ibuprofen Tablet,General,68.0,427.0,Donations,0.0,0.5235757646215766
KD-172,Zangon Kataf,Health Post,Oxytocin,Maternal,10.0,,LGA,0.0,0.523524006897609
KD-114,Kubau,Primary Health Centre,Folic Acid,Maternal,259.0,1299.0,LGA,0.0,0.5232426468081518
KD-104,Kaura,Basic Health Centre,Zinc,Child,0.0,224.0,Zipline,1.0,0.5231729584837995
KD-146,Sabon Gari,Basic Health Centre,Ibuprofen Suspension,Child,8.0,30.0,LGA,0.0,0.5225955223813191
KD-100,Kaura,Health Post,Amoxicillin Dispersible,Child,2.0,24.0,Open Market,0.0,0.5219333485419169
KD-117,Kubau,Primary Health Centre,ORS,Child,69.0,338.0,KDHSMA,0.0,0.5217094702144223
KD-113,Kubau,Basic Health Centre,Magnesium Sulphate Injection,Maternal,2.0,,Free MNCH,0.0,0.5213702614689789
KD-100,Kaura,Health Post,Amoxicillin Capsule,General,0.0,,Open Market,1.0,0.5204840619398845
KD-097,Kaura,Health Post,Paracetamol Tablet,General,0.0,780.0,Open Market,1.0,0.5203879067204717
KD-178,Zaria,Primary Health Centre,Artemether Injection,General,13.0,57.0,Free MNCH,0.0,0.5202810333742893
KD-028,Igabi,Primary Health Centre,Magnesium Sulphate Injection,Maternal,7.0,,Free MNCH,0.0,0.5202563184464024
KD-106,Kauru,Primary Health Centre,Implants,Family Planning,6.0,,Free MNCH,0.0,0.5200686312714867
KD-117,Kubau,Primary Health Centre,Paracetamol Syrup,Child,24.0,126.0,KDHSMA,0.0,0.5200619008310876
KD-090,Kajuru,Primary Health Centre,Amoxicillin Dispersible,Child,9.0,85.0,KDHSMA,0.0,0.5197398030689546
KD-058,Kachia,Basic Health Centre,Artemether Injection,General,0.0,,Open Market,1.0,0.5196517170499854
KD-110,Kauru,Primary Health Centre,Magnesium Sulphate Injection,Maternal,9.0,34.0,Federal Government,0.0,0.5191243751087851
KD-030,Igabi,Primary Health Centre,Artemether Injection,General,12.0,71.0,KDHSMA,0.0,0.5187605575748211
KD-162,Soba,Basic Health Centre,Injectable Contraceptives,Family Planning,1.0,53.0,Federal Government,0.0,0.5182339654934754
KD-105,Kauru,Health Post,Implants,Family Planning,3.0,,Free MNCH,0.0,0.517427065534839
KD-161,Soba,Primary Health Centre,IV Fluids,Maternal,7.0,82.0,KDHSMA,0.0,0.517096653840189
KD-031,Igabi,Basic Health Centre,Misoprostol,Maternal,9.0,90.0,LGA,0.0,0.5170818159414261
KD-085,Kagarko,Primary Health Centre,Oxytocin,Maternal,6.0,,Free MNCH,0.0,0.5170289119162319
KD-013,Chikun,Primary Health Centre,Amoxicillin Capsule,General,262.0,1231.0,Federal Government,0.0,0.5170098242841699
KD-057,Kachia,Primary Health Centre,Tranexamic Acid Injection,Maternal,5.0,21.0,Free MNCH,0.0,0.5165550402897425
KD-027,Igabi,Health Post,Ferrous Sulphate,Maternal,100.0,391.0,KDHSMA,0.0,0.5152746551597392
KD-156,Sanga,General Hospital,Ibuprofen Suspension,Child,0.0,262.0,Open Market,1.0,0.5142953854692096
KD-097,Kaura,Health Post,Zinc,Child,0.0,,Open Market,1.0,0.5139137032587883
KD-035,Ikara,Basic Health Centre,IV Fluids,Maternal,8.0,42.0,KDHSMA,0.0,0.5137385442522209
KD-034,Ikara,Primary Health Centre,Tranexamic Acid Injection,Maternal,0.0,23.0,Free MNCH,0.0,0.5135206839866426
KD-112,Kauru,Basic Health Centre,Ferrous Sulphate,Maternal,153.0,722.0,Donations,0.0,0.5134512222340614
KD-100,Kaura,Health Post,Sulphadoxine + Pyrimethamine,Maternal,0.0,,Open Market,1.0,0.5134204945109009
KD-020,Giwa,Primary Health Centre,Injectable Contraceptives,Family Planning,20.0,97.0,Federal Government,0.0,0.5131263319548116
KD-109,Kauru,Primary Health Centre,Injectable Contraceptives,Family Planning,18.0,87.0,Federal Government,0.0,0.5116150390387549
KD-128,Kudan,Health Post,Amoxicillin Capsule,General,0.0,416.0,Federal Government,1.0,0.511515873988216
KD-103,Kaura,Basic Health Centre,Folic Acid,Maternal,169.0,846.0,Free MNCH,0.0,0.5114382302822731
KD-053,Jema'a,Basic Health Centre,Injectable Contraceptives,Family Planning,16.0,,Federal Government,0.0,0.5113059894603414
KD-100,Kaura,Health Post,Ferrous Sulphate,Maternal,0.0,337.0,Open Market,1.0,0.5110998044111631
KD-151,Sabon Gari,Health Post,Ferrous Sulphate,Maternal,58.0,438.0,Zipline,0.0,0.5110122233180313
KD-026,Igabi,Basic Health Centre,Zinc,Child,10.0,,Open Market,0.0,0.5108588399388002
KD-076,Kaduna South,Basic Health Centre,Chlorhexidine Gel,Child,6.0,26.0,KDHSMA,0.0,0.5104612756450958
KD-129,Lere,Basic Health Centre,Ferrous Sulphate,Maternal,163.0,695.0,KDHSMA,0.0,0.5104101558335992
KD-142,Makarfi,Primary Health Centre,Ibuprofen Tablet,General,182.0,784.0,Free MNCH,0.0,0.5103874469280322
KD-020,Giwa,Primary Health Centre,Ibuprofen Tablet,General,60.0,703.0,Federal Government,0.0,0.5103007682412783
KD-170,Zangon Kataf,Basic Health Centre,Injectable Contraceptives,Family Planning,9.0,57.0,Free MNCH,0.0,0.5102476209120943
KD-184,Zaria,Basic Health Centre,Giving Sets,Maternal,2.0,,Federal Government,0.0,0.5100374812334315
KD-080,Kaduna South,Basic Health Centre,Giving Sets,Maternal,6.0,40.0,Open Market,0.0,0.5091779683018594
KD-090,Kajuru,Primary Health Centre,Ibuprofen Tablet,General,104.0,700.0,Federal Government,0.0,0.509157218282859
KD-010,Chikun,General Hospital,Zinc,Child,469.0,1989.0,Free MNCH,0.0,0.5081949036524156
KD-017,Giwa,Primary Health Centre,Ibuprofen Suspension,Child,11.0,,Federal Government,0.0,0.5078794373298468
KD-010,Chikun,General Hospital,Ibuprofen Tablet,General,630.0,2565.0,Free MNCH,0.0,0.507485469605847
KD-028,Igabi,Primary Health Centre,Giving Sets,Maternal,12.0,86.0,Free MNCH,0.0,0.5069640527037833
KD-158,Sanga,Basic Health Centre,Folic Acid,Maternal,230.0,885.0,KDHSMA,0.0,0.5066126519182885
KD-181,Zaria,Primary Health Centre,Implants,Family Planning,5.0,,KDHSMA,0.0,0.5060931938065678
KD-024,Giwa,Primary Health Centre,ORS,Child,46.0,340.0,KDHSMA,0.0,0.5060740214627549
KD-076,Kaduna South,Basic Health Centre,Ibuprofen Suspension,Child,7.0,27.0,KDHSMA,0.0,0.5057575794439529
KD-013,Chikun,Primary Health Centre,Zinc,Child,81.0,376.0,Federal Government,0.0,0.5054860188605502
KD-090,Kajuru,Primary Health Centre,Folic Acid,Maternal,332.0,1609.0,KDHSMA,0.0,0.5050777841927092
KD-079,Kaduna South,Health Post,Ibuprofen Suspension,Child,4.0,16.0,Open Market,0.0,0.504640827098279
KD-113,Kubau,Basic Health Centre,Ibuprofen Suspension,Child,2.0,,Zipline,0.0,0.5044177628175361
KD-125,Kudan,Health Post,Folic Acid,Maternal,19.0,344.0,Donations,0.0,0.5039021077430973
KD-128,Kudan,Health Post,Amoxicillin Dispersible,Child,4.0,27.0,Federal Government,0.0,0.5037021215386094
KD-097,Kaura,Health Post,Sulphadoxine + Pyrimethamine,Maternal,0.0,,Open Market,1.0,0.5030774213246224
KD-123,Kudan,Primary Health Centre,Artemether + Lumefantrine,General,42.0,250.0,KDHSMA,0.0,0.50291050266915
KD-074,Kaduna South,Health Post,Paracetamol Syrup,Child,4.0,43.0,Zipline,0.0,0.5028444052444477
KD-029,Igabi,Primary Health Centre,Folic Acid,Maternal,215.0,1450.0,NGO,0.0,0.5024030440428147
KD-074,Kaduna South,Health Post,Artemether Injection,General,2.0,16.0,Zipline,0.0,0.502089416480565
KD-027,Igabi,Health Post,Amoxicillin Capsule,General,13.0,306.0,KDHSMA,0.0,0.5018423915059231
KD-062,Kachia,Basic Health Centre,Amoxicillin Dispersible,Child,5.0,,KDHSMA,0.0,0.5014744448390829
KD-131,Lere,Primary Health Centre,Implants,Family Planning,6.0,19.0,Federal Government,0.0,0.5009378946335498
KD-077,Kaduna South,Basic Health Centre,Injectable Contraceptives,Family Planning,6.0,,KDHSMA,0.0,0.5006294921660646
KD-059,Kachia,Primary Health Centre,Ibuprofen Suspension,Child,10.0,54.0,Free MNCH,0.0,0.500504416813086
KD-136,Lere,Basic Health Centre,Artemether Injection,General,7.0,38.0,KDHSMA,0.0,0.5000023368582642
KD-004,Birnin Gwari,General Hospital,Oxytocin,Maternal,68.0,252.0,NGO,0.0,0.4996438074815158
KD-068,Kaduna North,Health Post,IV Fluids,Maternal,5.0,22.0,Donations,0.0,0.4993231619193106
KD-053,Jema'a,Basic Health Centre,Zinc,Child,62.0,,NGO,0.0,0.49930372274315693
KD-153,Sanga,General Hospital,Amoxicillin Dispersible,Child,15.0,334.0,KDHSMA,0.0,0.49829449997078185
KD-078,Kaduna South,General Hospital,Chlorhexidine Gel,Child,32.0,166.0,KDHSMA,0.0,0.49823377504393285
KD-179,Zaria,Primary Health Centre,Ibuprofen Suspension,Child,8.0,53.0,Zipline,0.0,0.49742907451570223
KD-171,Zangon Kataf,Basic Health Centre,ORS,Child,40.0,226.0,Federal Government,0.0,0.49668227528692305
KD-018,Giwa,Primary Health Centre,Oxytocin,Maternal,7.0,53.0,Federal Government,0.0,0.49667643524646016
KD-009,Chikun,Basic Health Centre,Ibuprofen Suspension,Child,7.0,28.0,KDHSMA,0.0,0.49659056989038197
KD-029,Igabi,Primary Health Centre,Paracetamol Syrup,Child,36.0,126.0,LGA,0.0,0.49606027671245956
KD-089,Kajuru,Basic Health Centre,Oxytocin,Maternal,5.0,39.0,Federal Government,0.0,0.4957140005545639
KD-100,Kaura,Health Post,Paracetamol Tablet,General,0.0,,Open Market,1.0,0.4956470808591412
KD-101,Kaura,Primary Health Centre,ORS,Child,28.0,385.0,KDHSMA,0.0,0.4956329804014926
KD-093,Kajuru,Health Post,Ferrous Sulphate,Maternal,23.0,453.0,KDHSMA,0.0,0.4952651961061094
KD-152,Sabon Gari,Primary Health Centre,Artemether Injection,General,5.0,,Free MNCH,0.0,0.49440728558190533
KD-123,Kudan,Primary Health Centre,Calibrated Blood Collection Drape,Maternal,7.0,24.0,KDHSMA,0.0,0.494342102417218
KD-111,Kauru,Basic Health Centre,Amoxicillin Capsule,General,113.0,764.0,KDHSMA,0.0,0.493595755320308
KD-082,Kagarko,General Hospital,ORS,Child,421.0,1575.0,NGO,0.0,0.4927154565223657
KD-048,Jaba,Primary Health Centre,Zinc,Child,21.0,427.0,KDHSMA,0.0,0.4914388183734337
KD-048,Jaba,Primary Health Centre,Ibuprofen Tablet,General,38.0,665.0,KDHSMA,0.0,0.491436871806624
KD-072,Kaduna North,General Hospital,Zinc,Child,429.0,1628.0,KDHSMA,0.0,0.49088232399735576
KD-095,Kajuru,Health Post,Paracetamol Syrup,Child,8.0,41.0,Free MNCH,0.0,0.49084432477616297
KD-143,Makarfi,Basic Health Centre,Zinc,Child,30.0,217.0,KDHSMA,0.0,0.4907255661434588
KD-107,Kauru,Primary Health Centre,Paracetamol Tablet,General,0.0,,Open Market,1.0,0.4907064914597861
KD-087,Kagarko,Basic Health Centre,Giving Sets,Maternal,9.0,56.0,KDHSMA,0.0,0.49054986561329655
KD-172,Zangon Kataf,Health Post,Sulphadoxine + Pyrimethamine,Maternal,13.0,110.0,Zipline,0.0,0.4899304951638336
KD-093,Kajuru,Health Post,Amoxicillin Dispersible,Child,6.0,,Donations,0.0,0.4897612155265226
KD-179,Zaria,Primary Health Centre,Implants,Family Planning,6.0,26.0,Open Market,0.0,0.4890096372151894
KD-005,Birnin Gwari,Primary Health Centre,ORS,Child,85.0,311.0,Free MNCH,0.0,0.48881618370122026
KD-017,Giwa,Primary Health Centre,Tranexamic Acid Injection,Maternal,7.0,,KDHSMA,0.0,0.4887567274991391
KD-163,Soba,Primary Health Centre,Giving Sets,Maternal,8.0,100.0,KDHSMA,0.0,0.4887305341752641
KD-002,Birnin Gwari,Primary Health Centre,Magnesium Sulphate Injection,Maternal,8.0,31.0,KDHSMA,0.0,0.4885939101596082
KD-103,Kaura,Basic Health Centre,Paracetamol Tablet,General,194.0,1356.0,Open Market,0.0,0.4884865141297845
KD-130,Lere,Primary Health Centre,IV Fluids,Maternal,23.0,92.0,KDHSMA,0.0,0.48816868447147177
KD-071,Kaduna North,Primary Health Centre,Ibuprofen Suspension,Child,12.0,55.0,KDHSMA,0.0,0.48816136097448537
KD-046,Jaba,Primary Health Centre,Artemether Injection,General,11.0,51.0,KDHSMA,0.0,0.48806475376881414
KD-150,Sabon Gari,Primary Health Centre,Tranexamic Acid Injection,Maternal,4.0,,Open Market,0.0,0.48781160090126546
KD-036,Ikara,Health Post,Sulphadoxine + Pyrimethamine,Maternal,28.0,150.0,KDHSMA,0.0,0.4874861751302328
KD-135,Lere,Primary Health Centre,Artemether + Lumefantrine,General,64.0,330.0,KDHSMA,0.0,0.4874739357519158
KD-006,Birnin Gwari,Basic Health Centre,Ibuprofen Suspension,Child,7.0,,KDHSMA,0.0,0.4874582029398875
KD-130,Lere,Primary Health Centre,Sulphadoxine + Pyrimethamine,Maternal,108.0,396.0,KDHSMA,0.0,0.4873203837157667
KD-088,Kagarko,Primary Health Centre,Oxytocin,Maternal,8.0,58.0,KDHSMA,0.0,0.4872846611996738
KD-043,Jaba,Health Post,Giving Sets,Maternal,6.0,23.0,LGA,0.0,0.48707746871642554
KD-174,Zangon Kataf,Health Post,Zinc,Child,21.0,112.0,Open Market,0.0,0.48621800989031777
KD-050,Jema'a,Primary Health Centre,Amoxicillin Dispersible,Child,29.0,,NGO,0.0,0.48609424647819316
KD-016,Chikun,General Hospital,Paracetamol Syrup,Child,114.0,440.0,KDHSMA,0.0,0.4854968479387292
KD-090,Kajuru,Primary Health Centre,Sulphadoxine + Pyrimethamine,Maternal,102.0,454.0,Zipline,0.0,0.48538582800895486
KD-130,Lere,Primary Health Centre,Paracetamol Tablet,General,384.0,1962.0,KDHSMA,0.0,0.48529895705916387
KD-118,Kubau,Basic Health Centre,Artemether + Lumefantrine,General,6.0,,KDHSMA,0.0,0.48506391219820194
KD-029,Igabi,Primary Health Centre,Implants,Family Planning,6.0,19.0,NGO,0.0,0.4845570647062173
KD-143,Makarfi,Basic Health Centre,Amoxicillin Dispersible,Child,15.0,59.0,KDHSMA,0.0,0.48389120349980935
KD-172,Zangon Kataf,Health Post,Misoprostol,Maternal,13.0,61.0,Donations,0.0,0.48380650152919336
KD-082,Kagarko,General Hospital,Amoxicillin Dispersible,Child,88.0,324.0,NGO,0.0,0.48378386423031217
KD-051,Jema'a,Basic Health Centre,Tranexamic Acid Injection,Maternal,3.0,10.0,Free MNCH,0.0,0.4833485670365086
KD-166,Soba,Primary Health Centre,Ibuprofen Suspension,Child,9.0,58.0,Open Market,0.0,0.4830586709892698
KD-047,Jaba,Basic Health Centre,Injectable Contraceptives,Family Planning,15.0,45.0,Federal Government,0.0,0.48303485741616975
KD-085,Kagarko,Primary Health Centre,Tranexamic Acid Injection,Maternal,4.0,19.0,KDHSMA,0.0,0.4810069380676214
KD-009,Chikun,Basic Health Centre,Ferrous Sulphate,Maternal,60.0,740.0,LGA,0.0,0.48095951857549574
KD-070,Kaduna North,Health Post,Paracetamol Syrup,Child,6.0,40.0,Zipline,0.0,0.4807829482659851
KD-120,Kubau,Health Post,Paracetamol Tablet,General,164.0,671.0,Free MNCH,0.0,0.4807720828144302
KD-010,Chikun,General Hospital,Implants,Family Planning,15.0,101.0,Federal Government,0.0,0.4805975175883161
KD-089,Kajuru,Basic Health Centre,Calibrated Blood Collection Drape,Maternal,8.0,,NGO,0.0,0.47974945781945233
KD-125,Kudan,Health Post,Paracetamol Tablet,General,38.0,805.0,NGO,0.0,0.4797219040736377
KD-114,Kubau,Primary Health Centre,Ferrous Sulphate,Maternal,375.0,1528.0,KDHSMA,0.0,0.4796210980652612
KD-007,Birnin Gwari,General Hospital,Giving Sets,Maternal,13.0,328.0,KDHSMA,0.0,0.47908241422770187
KD-036,Ikara,Health Post,ORS,Child,16.0,130.0,KDHSMA,0.0,0.479002510901099
KD-061,Kachia,Primary Health Centre,Sulphadoxine + Pyrimethamine,Maternal,108.0,477.0,KDHSMA,0.0,0.47860560503017974
KD-023,Giwa,Primary Health Centre,Injectable Contraceptives,Family Planning,21.0,100.0,Zipline,0.0,0.47825129542570716
KD-174,Zangon Kataf,Health Post,Giving Sets,Maternal,4.0,28.0,Open Market,0.0,0.4781648475825703
KD-086,Kagarko,Basic Health Centre,Artemether + Lumefantrine,General,48.0,175.0,KDHSMA,0.0,0.4763648154632798
KD-124,Kudan,Health Post,Chlorhexidine Gel,Child,3.0,11.0,Free MNCH,0.0,0.4763187610941365
KD-075,Kaduna South,Primary Health Centre,Ibuprofen Tablet,General,149.0,743.0,KDHSMA,0.0,0.47615988067146814
KD-112,Kauru,Basic Health Centre,Misoprostol,Maternal,26.0,97.0,KDHSMA,0.0,0.4761102284805749
KD-064,Kachia,Health Post,ORS,Child,17.0,99.0,NGO,0.0,0.47595500027803067
KD-177,Zaria,Basic Health Centre,Paracetamol Tablet,General,114.0,1396.0,KDHSMA,0.0,0.47479950701191603
KD-080,Kaduna South,Basic Health Centre,Ferrous Sulphate,Maternal,111.0,676.0,Open Market,0.0,0.4746442593203603
KD-097,Kaura,Health Post,Paracetamol Syrup,Child,4.0,,Open Market,0.0,0.47452615613636906
KD-056,Jema'a,Health Post,Giving Sets,Maternal,8.0,29.0,Federal Government,0.0,0.47418853501163905
KD-042,Jaba,Health Post,Artemether + Lumefantrine,General,24.0,100.0,NGO,0.0,0.4734467810013017
KD-132,Lere,Primary Health Centre,Misoprostol,Maternal,39.0,155.0,Free MNCH,0.0,0.4730535675302285
KD-139,Makarfi,Health Post,Misoprostol,Maternal,9.0,55.0,Open Market,0.0,0.4729350585332798
KD-149,Sabon Gari,Basic Health Centre,Tranexamic Acid Injection,Maternal,4.0,14.0,KDHSMA,0.0,0.4724044253470286
KD-020,Giwa,Primary Health Centre,Paracetamol Tablet,General,241.0,2073.0,Federal Government,0.0,0.47236536196549705
KD-139,Makarfi,Health Post,Folic Acid,Maternal,49.0,425.0,KDHSMA,0.0,0.4722341630809643
KD-097,Kaura,Health Post,Giving Sets,Maternal,2.0,,Open Market,0.0,0.47109417696832695
KD-124,Kudan,Health Post,Ferrous Sulphate,Maternal,78.0,436.0,Free MNCH,0.0,0.47083841012683586
KD-018,Giwa,Primary Health Centre,Giving Sets,Maternal,18.0,96.0,Federal Government,0.0,0.46997119515055247
KD-086,Kagarko,Basic Health Centre,Injectable Contraceptives,Family Planning,13.0,58.0,Federal Government,0.0,0.46953628569075084
KD-061,Kachia,Primary Health Centre,Zinc,Child,84.0,366.0,KDHSMA,0.0,0.4694929923048925
KD-130,Lere,Primary Health Centre,Misoprostol,Maternal,20.0,179.0,KDHSMA,0.0,0.4691285914635728
KD-015,Chikun,Primary Health Centre,Amoxicillin Capsule,General,189.0,1439.0,LGA,0.0,0.46897728582411874
KD-184,Zaria,Basic Health Centre,Amoxicillin Dispersible,Child,8.0,46.0,NGO,0.0,0.4687995736684553
KD-023,Giwa,Primary Health Centre,Ibuprofen Tablet,General,12.0,770.0,Zipline,0.0,0.4681325285554203
KD-033,Ikara,Basic Health Centre,IV Fluids,Maternal,11.0,42.0,KDHSMA,0.0,0.4678468571467592
KD-075,Kaduna South,Primary Health Centre,Injectable Contraceptives,Family Planning,20.0,83.0,KDHSMA,0.0,0.46741568816193696
KD-101,Kaura,Primary Health Centre,Ibuprofen Tablet,General,96.0,811.0,KDHSMA,0.0,0.46717752677091384
KD-062,Kachia,Basic Health Centre,Sulphadoxine + Pyrimethamine,Maternal,68.0,264.0,KDHSMA,0.0,0.4670486856557229
KD-018,Giwa,Primary Health Centre,Ibuprofen Suspension,Child,8.0,52.0,Federal Government,0.0,0.4669950425042343
KD-012,Chikun,Primary Health Centre,IV Fluids,Maternal,19.0,79.0,Zipline,0.0,0.4665892370229951
KD-015,Chikun,Primary Health Centre,Ferrous Sulphate,Maternal,375.0,1441.0,KDHSMA,0.0,0.46619851150755565
KD-097,Kaura,Health Post,IV Fluids,Maternal,5.0,,Open Market,0.0,0.4660999608168563
KD-057,Kachia,Primary Health Centre,Artemether Injection,General,0.0,,Open Market,1.0,0.46540276384811763
KD-020,Giwa,Primary Health Centre,Magnesium Sulphate Injection,Maternal,9.0,34.0,NGO,0.0,0.4649214847035407
KD-040,Ikara,Health Post,Folic Acid,Maternal,57.0,402.0,Free MNCH,0.0,0.4645388519781188
KD-020,Giwa,Primary Health Centre,Tranexamic Acid Injection,Maternal,8.0,26.0,Federal Government,0.0,0.4644798694305251
KD-099,Kaura,Primary Health Centre,Injectable Contraceptives,Family Planning,10.0,77.0,Federal Government,0.0,0.46414693499258697
KD-108,Kauru,Primary Health Centre,IV Fluids,Maternal,15.0,,Open Market,0.0,0.4640965032778439
KD-048,Jaba,Primary Health Centre,Ferrous Sulphate,Maternal,267.0,1598.0,KDHSMA,0.0,0.4633621921573058
KD-063,Kachia,Primary Health Centre,Ibuprofen Tablet,General,13.0,629.0,Zipline,0.0,0.462767891088636
KD-153,Sanga,General Hospital,Artemether + Lumefantrine,General,239.0,1267.0,KDHSMA,0.0,0.46253266148405386
KD-158,Sanga,Basic Health Centre,ORS,Child,22.0,195.0,KDHSMA,0.0,0.4624822041576555
KD-127,Kudan,Primary Health Centre,Ibuprofen Tablet,General,150.0,659.0,KDHSMA,0.0,0.4624588698326274
KD-161,Soba,Primary Health Centre,Misoprostol,Maternal,22.0,181.0,Free MNCH,0.0,0.462178204202369
KD-003,Birnin Gwari,Primary Health Centre,Magnesium Sulphate Injection,Maternal,8.0,27.0,Zipline,0.0,0.4616069387015445
KD-042,Jaba,Health Post,Amoxicillin Capsule,General,50.0,354.0,NGO,0.0,0.46129578178795166
KD-031,Igabi,Basic Health Centre,ORS,Child,11.0,228.0,Open Market,0.0,0.4600247887134286
KD-047,Jaba,Basic Health Centre,Ibuprofen Tablet,General,103.0,343.0,KDHSMA,0.0,0.4589474986726023
KD-134,Lere,Primary Health Centre,Tranexamic Acid Injection,Maternal,1.0,,KDHSMA,0.0,0.45851278471283663
KD-182,Zaria,Health Post,Giving Sets,Maternal,6.0,,NGO,0.0,0.45822769405294417
KD-101,Kaura,Primary Health Centre,Paracetamol Syrup,Child,34.0,139.0,KDHSMA,0.0,0.45806203487622427
KD-019,Giwa,Primary Health Centre,Giving Sets,Maternal,9.0,73.0,KDHSMA,0.0,0.45777873655443185
KD-005,Birnin Gwari,Primary Health Centre,Sulphadoxine + Pyrimethamine,Maternal,108.0,362.0,Zipline,0.0,0.45777529653688426
KD-073,Kaduna South,Primary Health Centre,Paracetamol Tablet,General,142.0,1942.0,Federal Government,0.0,0.45727695899086224
KD-086,Kagarko,Basic Health Centre,Paracetamol Tablet,General,141.0,,KDHSMA,0.0,0.4570591540898853
KD-046,Jaba,Primary Health Centre,ORS,Child,14.0,394.0,KDHSMA,0.0,0.4568970238269456
KD-110,Kauru,Primary Health Centre,Folic Acid,Maternal,64.0,1489.0,Federal Government,0.0,0.456445108311349
KD-166,Soba,Primary Health Centre,IV Fluids,Maternal,12.0,89.0,KDHSMA,0.0,0.4560072371961237
KD-169,Zangon Kataf,Primary Health Centre,Paracetamol Syrup,Child,49.0,,KDHSMA,0.0,0.45563456978301714
KD-080,Kaduna South,Basic Health Centre,Zinc,Child,33.0,231.0,Open Market,0.0,0.4555682119316402
KD-155,Sanga,Primary Health Centre,Sulphadoxine + Pyrimethamine,Maternal,70.0,519.0,Donations,0.0,0.4554082530696029
KD-101,Kaura,Primary Health Centre,Artemether + Lumefantrine,General,66.0,344.0,Federal Government,0.0,0.45525962260127434
KD-179,Zaria,Primary Health Centre,Sulphadoxine + Pyrimethamine,Maternal,11.0,517.0,Zipline,0.0,0.45509643228084634
KD-153,Sanga,General Hospital,Paracetamol Tablet,General,1733.0,8170.0,KDHSMA,0.0,0.45479189894446903
KD-167,Soba,Basic Health Centre,Magnesium Sulphate Injection,Maternal,8.0,,KDHSMA,0.0,0.45426452153819435
KD-055,Jema'a,Primary Health Centre,Misoprostol,Maternal,55.0,210.0,KDHSMA,0.0,0.45296571278943487
KD-083,Kagarko,Primary Health Centre,Folic Acid,Maternal,231.0,1531.0,Zipline,0.0,0.4529390786379309
KD-136,Lere,Basic Health Centre,Folic Acid,Maternal,69.0,755.0,KDHSMA,0.0,0.45248993389250525
KD-119,Kubau,Primary Health Centre,Amoxicillin Dispersible,Child,16.0,87.0,KDHSMA,0.0,0.4521488313836658
KD-060,Kachia,Basic Health Centre,Artemether + Lumefantrine,General,45.0,188.0,KDHSMA,0.0,0.45156769692660736
KD-126,Kudan,General Hospital,Artemether + Lumefantrine,General,167.0,,KDHSMA,0.0,0.45147591063493697
KD-002,Birnin Gwari,Primary Health Centre,Artemether Injection,General,8.0,,KDHSMA,0.0,0.45130246923138323
KD-142,Makarfi,Primary Health Centre,Paracetamol Syrup,Child,39.0,141.0,Free MNCH,0.0,0.45128736049913437
KD-114,Kubau,Primary Health Centre,Sulphadoxine + Pyrimethamine,Maternal,97.0,435.0,Zipline,0.0,0.45109766605961027
KD-084,Kagarko,General Hospital,Ibuprofen Suspension,Child,31.0,204.0,Federal Government,0.0,0.4497361813453899
KD-082,Kagarko,General Hospital,Paracetamol Tablet,General,2218.0,8529.0,NGO,0.0,0.4491784126977659
KD-111,Kauru,Basic Health Centre,Tranexamic Acid Injection,Maternal,3.0,11.0,KDHSMA,0.0,0.44891320610576224
KD-023,Giwa,Primary Health Centre,Oxytocin,Maternal,11.0,71.0,Zipline,0.0,0.4472892622740067
KD-131,Lere,Primary Health Centre,Sulphadoxine + Pyrimethamine,Maternal,130.0,465.0,KDHSMA,0.0,0.4472420603173969
KD-034,Ikara,Primary Health Centre,Implants,Family Planning,6.0,18.0,Free MNCH,0.0,0.4469080003661916
KD-092,Kajuru,Health Post,Ibuprofen Tablet,General,36.0,234.0,Donations,0.0,0.4464919088709586
KD-119,Kubau,Primary Health Centre,Artemether Injection,General,14.0,52.0,KDHSMA,0.0,0.4458635017459222
KD-124,Kudan,Health Post,Amoxicillin Dispersible,Child,7.0,31.0,Free MNCH,0.0,0.4454732671717727
KD-059,Kachia,Primary Health Centre,Misoprostol,Maternal,55.0,204.0,Free MNCH,0.0,0.4450956423456588
KD-041,Jaba,Basic Health Centre,Sulphadoxine + Pyrimethamine,Maternal,52.0,230.0,NGO,0.0,0.4449495341407811
KD-009,Chikun,Basic Health Centre,Sulphadoxine + Pyrimethamine,Maternal,68.0,257.0,KDHSMA,0.0,0.44494536100028
KD-161,Soba,Primary Health Centre,Amoxicillin Capsule,General,170.0,1375.0,KDHSMA,0.0,0.44472818265328584
KD-122,Kudan,Primary Health Centre,Misoprostol,Maternal,18.0,177.0,Federal Government,0.0,0.4445348099482803
KD-095,Kajuru,Health Post,Folic Acid,Maternal,108.0,427.0,Free MNCH,0.0,0.4440718321886487
KD-140,Makarfi,Basic Health Centre,Chlorhexidine Gel,Child,8.0,,Open Market,0.0,0.44383887309002823
KD-052,Jema'a,General Hospital,Chlorhexidine Gel,Child,29.0,180.0,KDHSMA,0.0,0.44367896401085294
KD-139,Makarfi,Health Post,Paracetamol Syrup,Child,9.0,34.0,LGA,0.0,0.44339658525912135
KD-005,Birnin Gwari,Primary Health Centre,Ferrous Sulphate,Maternal,411.0,1583.0,Open Market,0.0,0.4426951213198429
KD-063,Kachia,Primary Health Centre,Artemether + Lumefantrine,General,76.0,285.0,Free MNCH,0.0,0.4425043711823824
KD-105,Kauru,Health Post,IV Fluids,Maternal,2.0,,Free MNCH,0.0,0.4421471458193427
KD-030,Igabi,Primary Health Centre,Injectable Contraceptives,Family Planning,14.0,,Federal Government,0.0,0.4418294837806095
KD-024,Giwa,Primary Health Centre,Artemether + Lumefantrine,General,93.0,306.0,Donations,0.0,0.4413629872659504
KD-031,Igabi,Basic Health Centre,Artemether + Lumefantrine,General,39.0,198.0,KDHSMA,0.0,0.44060177008464835
KD-139,Makarfi,Health Post,Ferrous Sulphate,Maternal,50.0,349.0,Open Market,0.0,0.4405937666581243
KD-183,Zaria,Primary Health Centre,Calibrated Blood Collection Drape,Maternal,14.0,,Open Market,0.0,0.4395703190641853
KD-169,Zangon Kataf,Primary Health Centre,ORS,Child,110.0,,NGO,0.0,0.43950004606958587
KD-098,Kaura,Basic Health Centre,Sulphadoxine + Pyrimethamine,Maternal,13.0,274.0,Open Market,0.0,0.43935416457565424
KD-060,Kachia,Basic Health Centre,Ferrous Sulphate,Maternal,55.0,767.0,KDHSMA,0.0,0.43921622913662084
KD-107,Kauru,Primary Health Centre,IV Fluids,Maternal,14.0,,Free MNCH,0.0,0.43916013367770773
KD-082,Kagarko,General Hospital,Oxytocin,Maternal,73.0,235.0,NGO,0.0,0.4391376659326184
KD-076,Kaduna South,Basic Health Centre,Amoxicillin Capsule,General,204.0,711.0,KDHSMA,0.0,0.4385501754671873
KD-116,Kubau,Basic Health Centre,Injectable Contraceptives,Family Planning,18.0,54.0,KDHSMA,0.0,0.4384096838706556
KD-043,Jaba,Health Post,Folic Acid,Maternal,9.0,359.0,LGA,0.0,0.438158401790402
KD-015,Chikun,Primary Health Centre,Ibuprofen Suspension,Child,18.0,59.0,NGO,0.0,0.4378460375784453
KD-013,Chikun,Primary Health Centre,Ibuprofen Suspension,Child,15.0,51.0,Federal Government,0.0,0.43773232546194435
KD-146,Sabon Gari,Basic Health Centre,Oxytocin,Maternal,9.0,31.0,KDHSMA,0.0,0.43740286734333855
KD-102,Kaura,Primary Health Centre,Tranexamic Acid Injection,Maternal,7.0,24.0,LGA,0.0,0.4368773836650805
KD-094,Kajuru,Primary Health Centre,Injectable Contraceptives,Family Planning,18.0,85.0,Federal Government,0.0,0.4361754786695671
KD-065,Kaduna North,Basic Health Centre,Ferrous Sulphate,Maternal,108.0,,KDHSMA,0.0,0.4355376931149318
KD-118,Kubau,Basic Health Centre,Misoprostol,Maternal,18.0,95.0,Donations,0.0,0.4352960726180947
KD-115,Kubau,General Hospital,Artemether + Lumefantrine,General,320.0,1414.0,NGO,0.0,0.4352655013290383
KD-051,Jema'a,Basic Health Centre,IV Fluids,Maternal,11.0,53.0,Donations,0.0,0.4350593965540017
KD-148,Sabon Gari,Primary Health Centre,Artemether + Lumefantrine,General,75.0,,Open Market,0.0,0.4346192421038989
KD-135,Lere,Primary Health Centre,Misoprostol,Maternal,48.0,162.0,Free MNCH,0.0,0.4344982456560901
KD-098,Kaura,Basic Health Centre,Ferrous Sulphate,Maternal,135.0,631.0,Zipline,0.0,0.4342025174018854
KD-071,Kaduna North,Primary Health Centre,ORS,Child,92.0,334.0,KDHSMA,0.0,0.4340559139400927
KD-139,Makarfi,Health Post,Sulphadoxine + Pyrimethamine,Maternal,11.0,140.0,Open Market,0.0,0.4337785363803471
KD-090,Kajuru,Primary Health Centre,Misoprostol,Maternal,38.0,146.0,Zipline,0.0,0.4333351825410714
KD-084,Kagarko,General Hospital,Misoprostol,Maternal,133.0,780.0,Federal Government,0.0,0.43314457938239603
KD-024,Giwa,Primary Health Centre,Tranexamic Acid Injection,Maternal,7.0,21.0,KDHSMA,0.0,0.43310114529925975
KD-011,Chikun,Basic Health Centre,Amoxicillin Capsule,General,166.0,581.0,Donations,0.0,0.43256213861484144
KD-131,Lere,Primary Health Centre,Oxytocin,Maternal,14.0,69.0,KDHSMA,0.0,0.4325387171777195
KD-138,Makarfi,Primary Health Centre,Giving Sets,Maternal,17.0,,Free MNCH,0.0,0.43211103491754854
KD-105,Kauru,Health Post,Sulphadoxine + Pyrimethamine,Maternal,18.0,,Free MNCH,0.0,0.43095567271848867
KD-110,Kauru,Primary Health Centre,Artemether + Lumefantrine,General,63.0,356.0,Federal Government,0.0,0.43048672736126165
KD-063,Kachia,Primary Health Centre,IV Fluids,Maternal,29.0,101.0,Federal Government,0.0,0.430462782427186
KD-016,Chikun,General Hospital,Paracetamol Tablet,General,2241.0,9035.0,Open Market,0.0,0.4294311900454528
KD-173,Zangon Kataf,Primary Health Centre,Misoprostol,Maternal,50.0,192.0,KDHSMA,0.0,0.4291889934593493
KD-161,Soba,Primary Health Centre,Zinc,Child,56.0,523.0,KDHSMA,0.0,0.4291694733264561
KD-131,Lere,Primary Health Centre,Zinc,Child,151.0,528.0,KDHSMA,0.0,0.428314344403195
KD-105,Kauru,Health Post,Artemether + Lumefantrine,General,12.0,,Free MNCH,0.0,0.42829367232365034
KD-174,Zangon Kataf,Health Post,Ibuprofen Suspension,Child,7.0,22.0,Open Market,0.0,0.428004590365004
KD-174,Zangon Kataf,Health Post,Amoxicillin Capsule,General,27.0,376.0,Open Market,0.0,0.4279848345814203
KD-088,Kagarko,Primary Health Centre,Paracetamol Tablet,General,82.0,2581.0,KDHSMA,0.0,0.42774498282941387
KD-017,Giwa,Primary Health Centre,Paracetamol Syrup,Child,25.0,97.0,KDHSMA,0.0,0.4267254793944539
KD-162,Soba,Basic Health Centre,Zinc,Child,45.0,275.0,Open Market,0.0,0.42672325045095455
KD-005,Birnin Gwari,Primary Health Centre,Paracetamol Tablet,General,115.0,1919.0,Free MNCH,0.0,0.4267111201456247
KD-118,Kubau,Basic Health Centre,IV Fluids,Maternal,8.0,,KDHSMA,0.0,0.4264004748592411
KD-030,Igabi,Primary Health Centre,Ibuprofen Tablet,General,99.0,,KDHSMA,0.0,0.42609017340541494
KD-075,Kaduna South,Primary Health Centre,Artemether + Lumefantrine,General,85.0,293.0,KDHSMA,0.0,0.4259330512568237
KD-065,Kaduna North,Basic Health Centre,Folic Acid,Maternal,138.0,867.0,KDHSMA,0.0,0.4257983129840065
KD-144,Makarfi,Primary Health Centre,ORS,Child,75.0,311.0,Free MNCH,0.0,0.4256625286387715
KD-123,Kudan,Primary Health Centre,Paracetamol Tablet,General,507.0,1937.0,Donations,0.0,0.425513377012838
KD-174,Zangon Kataf,Health Post,ORS,Child,20.0,106.0,LGA,0.0,0.425374350649615
KD-046,Jaba,Primary Health Centre,Amoxicillin Capsule,General,362.0,,Federal Government,0.0,0.42520826496150077
KD-102,Kaura,Primary Health Centre,Amoxicillin Dispersible,Child,25.0,78.0,NGO,0.0,0.4246543671476662
KD-139,Makarfi,Health Post,Zinc,Child,27.0,154.0,KDHSMA,0.0,0.4244913787913162
KD-021,Giwa,Primary Health Centre,Ibuprofen Tablet,General,167.0,612.0,LGA,0.0,0.4242202070006546
KD-041,Jaba,Basic Health Centre,Magnesium Sulphate Injection,Maternal,5.0,15.0,Open Market,0.0,0.4239129019509605
KD-004,Birnin Gwari,General Hospital,Giving Sets,Maternal,137.0,409.0,Donations,0.0,0.4229356017841568
KD-127,Kudan,Primary Health Centre,Injectable Contraceptives,Family Planning,26.0,107.0,Federal Government,0.0,0.42285609151785414
KD-131,Lere,Primary Health Centre,ORS,Child,43.0,304.0,KDHSMA,0.0,0.42237537673365805
KD-149,Sabon Gari,Basic Health Centre,Sulphadoxine + Pyrimethamine,Maternal,67.0,228.0,KDHSMA,0.0,0.4213882128075019
KD-105,Kauru,Health Post,ORS,Child,25.0,126.0,Free MNCH,0.0,0.4207731880836951
KD-032,Igabi,Health Post,Zinc,Child,43.0,160.0,Donations,0.0,0.4204330212480138
KD-075,Kaduna South,Primary Health Centre,Folic Acid,Maternal,265.0,1083.0,KDHSMA,0.0,0.41999791156872823
KD-052,Jema'a,General Hospital,Amoxicillin Dispersible,Child,86.0,367.0,Free MNCH,0.0,0.41943742985445537
KD-134,Lere,Primary Health Centre,Folic Acid,Maternal,225.0,1239.0,KDHSMA,0.0,0.4190163286573652
KD-183,Zaria,Primary Health Centre,Ibuprofen Suspension,Child,11.0,62.0,Open Market,0.0,0.41859626612537165
KD-148,Sabon Gari,Primary Health Centre,ORS,Child,87.0,,Open Market,0.0,0.4182206984452914
KD-010,Chikun,General Hospital,Magnesium Sulphate Injection,Maternal,39.0,135.0,Free MNCH,0.0,0.41816541568446625
KD-107,Kauru,Primary Health Centre,Paracetamol Syrup,Child,9.0,,KDHSMA,0.0,0.41768865763345836
KD-076,Kaduna South,Basic Health Centre,Paracetamol Tablet,General,352.0,1453.0,KDHSMA,0.0,0.4176219677061716
KD-010,Chikun,General Hospital,Chlorhexidine Gel,Child,50.0,166.0,Free MNCH,0.0,0.41720221519538536
KD-144,Makarfi,Primary Health Centre,Amoxicillin Capsule,General,318.0,1379.0,Free MNCH,0.0,0.41702838325993424
KD-120,Kubau,Health Post,Amoxicillin Dispersible,Child,10.0,30.0,KDHSMA,0.0,0.41690543951612874
KD-046,Jaba,Primary Health Centre,Paracetamol Tablet,General,241.0,1926.0,KDHSMA,0.0,0.41684005932443524
KD-097,Kaura,Health Post,Chlorhexidine Gel,Child,2.0,,Open Market,0.0,0.4167415343011702
KD-095,Kajuru,Health Post,ORS,Child,12.0,112.0,Free MNCH,0.0,0.4159679655815635
KD-007,Birnin Gwari,General Hospital,Folic Acid,Maternal,945.0,5098.0,KDHSMA,0.0,0.4158373487195643
KD-110,Kauru,Primary Health Centre,Amoxicillin Capsule,General,103.0,1157.0,Federal Government,0.0,0.41556415155380644
KD-005,Birnin Gwari,Primary Health Centre,Chlorhexidine Gel,Child,14.0,48.0,Free MNCH,0.0,0.4155369603160728
KD-125,Kudan,Health Post,Amoxicillin Capsule,General,26.0,314.0,NGO,0.0,0.4154206088717685
KD-035,Ikara,Basic Health Centre,Amoxicillin Capsule,General,17.0,634.0,KDHSMA,0.0,0.4147701507286801
KD-106,Kauru,Primary Health Centre,Ibuprofen Tablet,General,179.0,721.0,Free MNCH,0.0,0.4146648520919202
KD-050,Jema'a,Primary Health Centre,Paracetamol Syrup,Child,9.0,,Zipline,0.0,0.4143838325449621
KD-120,Kubau,Health Post,Ferrous Sulphate,Maternal,113.0,367.0,Free MNCH,0.0,0.4143561161515498
KD-173,Zangon Kataf,Primary Health Centre,Artemether Injection,General,16.0,,KDHSMA,0.0,0.41355763774146787
KD-082,Kagarko,General Hospital,Artemether + Lumefantrine,General,440.0,1331.0,NGO,0.0,0.41353105468641616
KD-124,Kudan,Health Post,ORS,Child,18.0,133.0,Free MNCH,0.0,0.4134801732983051
KD-124,Kudan,Health Post,Paracetamol Syrup,Child,8.0,31.0,Free MNCH,0.0,0.41327283783764257
KD-179,Zaria,Primary Health Centre,Misoprostol,Maternal,60.0,203.0,LGA,0.0,0.41320008932402463
KD-158,Sanga,Basic Health Centre,Sulphadoxine + Pyrimethamine,Maternal,63.0,215.0,NGO,0.0,0.4120588603421896
KD-157,Sanga,Primary Health Centre,ORS,Child,23.0,330.0,KDHSMA,0.0,0.41171323773748414
KD-026,Igabi,Basic Health Centre,IV Fluids,Maternal,8.0,42.0,Donations,0.0,0.411669774513279
KD-030,Igabi,Primary Health Centre,Amoxicillin Capsule,General,156.0,,KDHSMA,0.0,0.41100850863937444
KD-029,Igabi,Primary Health Centre,Ibuprofen Suspension,Child,14.0,53.0,NGO,0.0,0.4096095578874202
KD-121,Kudan,Primary Health Centre,Misoprostol,Maternal,23.0,203.0,Open Market,0.0,0.4091570407224508
KD-144,Makarfi,Primary Health Centre,Ibuprofen Tablet,General,210.0,890.0,Free MNCH,0.0,0.4087759573071132
KD-132,Lere,Primary Health Centre,Giving Sets,Maternal,20.0,88.0,KDHSMA,0.0,0.4084553053605007
KD-167,Soba,Basic Health Centre,Paracetamol Tablet,General,283.0,1438.0,KDHSMA,0.0,0.4083724293204447
KD-028,Igabi,Primary Health Centre,Paracetamol Tablet,General,353.0,1948.0,Free MNCH,0.0,0.40835377466067874
KD-136,Lere,Basic Health Centre,Injectable Contraceptives,Family Planning,10.0,54.0,Federal Government,0.0,0.4075590916763764
KD-144,Makarfi,Primary Health Centre,Chlorhexidine Gel,Child,11.0,37.0,Free MNCH,0.0,0.4075567319432097
KD-038,Ikara,Health Post,Artemether Injection,General,6.0,21.0,Zipline,0.0,0.4073135411131375
KD-025,Igabi,General Hospital,Ibuprofen Suspension,Child,47.0,208.0,Zipline,0.0,0.4064481864063293
KD-161,Soba,Primary Health Centre,Ibuprofen Suspension,Child,14.0,60.0,KDHSMA,0.0,0.406179384671561
KD-153,Sanga,General Hospital,Magnesium Sulphate Injection,Maternal,31.0,128.0,Zipline,0.0,0.4061369324142964
KD-105,Kauru,Health Post,Giving Sets,Maternal,5.0,,Free MNCH,0.0,0.40422520982963894
KD-005,Birnin Gwari,Primary Health Centre,Zinc,Child,126.0,394.0,Free MNCH,0.0,0.4035897134254799
KD-136,Lere,Basic Health Centre,Chlorhexidine Gel,Child,7.0,24.0,LGA,0.0,0.40351783366649085
KD-062,Kachia,Basic Health Centre,Paracetamol Syrup,Child,17.0,57.0,KDHSMA,0.0,0.403411931709057
KD-037,Ikara,Primary Health Centre,Magnesium Sulphate Injection,Maternal,10.0,33.0,Free MNCH,0.0,0.4033362515776188
KD-071,Kaduna North,Primary Health Centre,Paracetamol Tablet,General,629.0,2382.0,KDHSMA,0.0,0.4032408585092575
KD-182,Zaria,Health Post,Amoxicillin Capsule,General,33.0,,NGO,0.0,0.40302486298731516
KD-006,Birnin Gwari,Basic Health Centre,Paracetamol Tablet,General,184.0,1024.0,KDHSMA,0.0,0.40256237754779833
KD-158,Sanga,Basic Health Centre,Giving Sets,Maternal,13.0,50.0,KDHSMA,0.0,0.40210090981014845
KD-116,Kubau,Basic Health Centre,Tranexamic Acid Injection,Maternal,4.0,12.0,KDHSMA,0.0,0.4018928970218825
KD-149,Sabon Gari,Basic Health Centre,Folic Acid,Maternal,247.0,864.0,KDHSMA,0.0,0.4018531153638758
KD-025,Igabi,General Hospital,ORS,Child,302.0,1202.0,LGA,0.0,0.40178414000647195
KD-075,Kaduna South,Primary Health Centre,Amoxicillin Capsule,General,378.0,1422.0,KDHSMA,0.0,0.4017563572497755
KD-091,Kajuru,General Hospital,Calibrated Blood Collection Drape,Maternal,25.0,96.0,NGO,0.0,0.40159445140368943
KD-085,Kagarko,Primary Health Centre,Sulphadoxine + Pyrimethamine,Maternal,116.0,402.0,KDHSMA,0.0,0.4011391268985215
KD-076,Kaduna South,Basic Health Centre,Oxytocin,Maternal,8.0,27.0,KDHSMA,0.0,0.40091975454881357
KD-141,Makarfi,Basic Health Centre,Amoxicillin Dispersible,Child,9.0,52.0,Open Market,0.0,0.3993420287517983
KD-025,Igabi,General Hospital,Amoxicillin Dispersible,Child,77.0,413.0,Zipline,0.0,0.39875561669516146
KD-171,Zangon Kataf,Basic Health Centre,Ferrous Sulphate,Maternal,22.0,814.0,Federal Government,0.0,0.3983201410294476
KD-068,Kaduna North,Health Post,Implants,Family Planning,2.0,6.0,Federal Government,0.0,0.3979597413247737
KD-064,Kachia,Health Post,Artemether + Lumefantrine,General,32.0,102.0,KDHSMA,0.0,0.3975254563187826
KD-053,Jema'a,Basic Health Centre,Chlorhexidine Gel,Child,8.0,,Federal Government,0.0,0.39742071737308554
KD-144,Makarfi,Primary Health Centre,Giving Sets,Maternal,19.0,98.0,Free MNCH,0.0,0.3971013995081345
KD-052,Jema'a,General Hospital,Giving Sets,Maternal,117.0,421.0,Donations,0.0,0.396312594814945
KD-106,Kauru,Primary Health Centre,Artemether Injection,General,21.0,,Free MNCH,0.0,0.3958732299577109
KD-148,Sabon Gari,Primary Health Centre,Amoxicillin Capsule,General,257.0,,Open Market,0.0,0.3952825672491852
KD-080,Kaduna South,Basic Health Centre,Ibuprofen Tablet,General,16.0,448.0,Open Market,0.0,0.39500091163068773
KD-106,Kauru,Primary Health Centre,Giving Sets,Maternal,31.0,,Free MNCH,0.0,0.3947695766539986
KD-070,Kaduna North,Health Post,Chlorhexidine Gel,Child,5.0,16.0,LGA,0.0,0.39439933529720256
KD-033,Ikara,Basic Health Centre,Folic Acid,Maternal,217.0,769.0,NGO,0.0,0.3943673357281308
KD-145,Sabon Gari,Primary Health Centre,Ibuprofen Suspension,Child,20.0,70.0,Open Market,0.0,0.39326754536739345
KD-158,Sanga,Basic Health Centre,Chlorhexidine Gel,Child,9.0,28.0,LGA,0.0,0.39246694442000907
KD-072,Kaduna North,General Hospital,Paracetamol Tablet,General,2500.0,8805.0,KDHSMA,0.0,0.39231972551507077
KD-014,Chikun,Primary Health Centre,Paracetamol Syrup,Child,12.0,,KDHSMA,0.0,0.39208432403222665
KD-117,Kubau,Primary Health Centre,Zinc,Child,39.0,398.0,KDHSMA,0.0,0.3919665524027243
KD-033,Ikara,Basic Health Centre,Ibuprofen Suspension,Child,11.0,38.0,Federal Government,0.0,0.3916574986408055
KD-093,Kajuru,Health Post,Implants,Family Planning,8.0,,Federal Government,0.0,0.3913640153330769
KD-139,Makarfi,Health Post,Amoxicillin Capsule,General,64.0,325.0,Open Market,0.0,0.391323146141805
KD-131,Lere,Primary Health Centre,Ferrous Sulphate,Maternal,414.0,1594.0,KDHSMA,0.0,0.3911614478745536
KD-184,Zaria,Basic Health Centre,Implants,Family Planning,4.0,13.0,Federal Government,0.0,0.39102055033038374
KD-063,Kachia,Primary Health Centre,Paracetamol Tablet,General,117.0,2195.0,Zipline,0.0,0.39096661648238396
KD-051,Jema'a,Basic Health Centre,Paracetamol Tablet,General,361.0,1350.0,Free MNCH,0.0,0.39049524992510065
KD-052,Jema'a,General Hospital,Artemether + Lumefantrine,General,262.0,988.0,KDHSMA,0.0,0.3904195086693759
KD-019,Giwa,Primary Health Centre,Misoprostol,Maternal,45.0,149.0,KDHSMA,0.0,0.3897988362078126
KD-166,Soba,Primary Health Centre,Amoxicillin Capsule,General,277.0,996.0,KDHSMA,0.0,0.3893567387105433
KD-126,Kudan,General Hospital,IV Fluids,Maternal,134.0,,KDHSMA,0.0,0.38882821820886604
KD-043,Jaba,Health Post,Paracetamol Tablet,General,37.0,808.0,Free MNCH,0.0,0.3885903226833473
KD-094,Kajuru,Primary Health Centre,ORS,Child,75.0,440.0,Open Market,0.0,0.3884584399513774
KD-141,Makarfi,Basic Health Centre,Oxytocin,Maternal,9.0,34.0,Zipline,0.0,0.38820954789883316
KD-175,Zangon Kataf,Basic Health Centre,Artemether Injection,General,9.0,29.0,KDHSMA,0.0,0.38806311110486413
KD-094,Kajuru,Primary Health Centre,Misoprostol,Maternal,50.0,196.0,Open Market,0.0,0.38790078139618833
KD-165,Soba,Primary Health Centre,Zinc,Child,142.0,457.0,KDHSMA,0.0,0.38765105388864357
KD-123,Kudan,Primary Health Centre,ORS,Child,112.0,325.0,KDHSMA,0.0,0.3875306822443863
KD-118,Kubau,Basic Health Centre,Ibuprofen Suspension,Child,12.0,,LGA,0.0,0.3874908913156689
KD-103,Kaura,Basic Health Centre,Amoxicillin Capsule,General,166.0,589.0,LGA,0.0,0.38741118765096166
KD-108,Kauru,Primary Health Centre,Ferrous Sulphate,Maternal,435.0,,KDHSMA,0.0,0.38711108876995504
KD-046,Jaba,Primary Health Centre,Ferrous Sulphate,Maternal,497.0,,KDHSMA,0.0,0.3852018889975545
KD-141,Makarfi,Basic Health Centre,Artemether Injection,General,12.0,,NGO,0.0,0.3851805920889783
KD-008,Birnin Gwari,Primary Health Centre,Magnesium Sulphate Injection,Maternal,9.0,29.0,KDHSMA,0.0,0.3835085719233796
KD-147,Sabon Gari,General Hospital,Giving Sets,Maternal,68.0,294.0,Open Market,0.0,0.3834432481946054
KD-115,Kubau,General Hospital,Ibuprofen Tablet,General,525.0,2604.0,NGO,0.0,0.3825371717310135
KD-088,Kagarko,Primary Health Centre,Misoprostol,Maternal,48.0,194.0,KDHSMA,0.0,0.3825366600507823
KD-053,Jema'a,Basic Health Centre,Artemether + Lumefantrine,General,29.0,,KDHSMA,0.0,0.38236316181760954
KD-002,Birnin Gwari,Primary Health Centre,Ferrous Sulphate,Maternal,101.0,1187.0,KDHSMA,0.0,0.3823581925030535
KD-122,Kudan,Primary Health Centre,Ibuprofen Tablet,General,139.0,714.0,Federal Government,0.0,0.38192561628508825
KD-144,Makarfi,Primary Health Centre,Paracetamol Tablet,General,508.0,2181.0,Free MNCH,0.0,0.3809814526926704
KD-165,Soba,Primary Health Centre,Sulphadoxine + Pyrimethamine,Maternal,130.0,518.0,KDHSMA,0.0,0.38095155317338003
KD-109,Kauru,Primary Health Centre,Sulphadoxine + Pyrimethamine,Maternal,123.0,406.0,KDHSMA,0.0,0.3807642781812931
KD-080,Kaduna South,Basic Health Centre,Amoxicillin Dispersible,Child,14.0,55.0,Open Market,0.0,0.38070908533962766
KD-087,Kagarko,Basic Health Centre,Injectable Contraceptives,Family Planning,17.0,59.0,Federal Government,0.0,0.37949682638425114
KD-052,Jema'a,General Hospital,Sulphadoxine + Pyrimethamine,Maternal,343.0,1636.0,NGO,0.0,0.37942497623762345
KD-084,Kagarko,General Hospital,Artemether + Lumefantrine,General,326.0,1296.0,Federal Government,0.0,0.3791789298831956
KD-093,Kajuru,Health Post,IV Fluids,Maternal,9.0,27.0,KDHSMA,0.0,0.37856833373617
KD-106,Kauru,Primary Health Centre,IV Fluids,Maternal,35.0,,Free MNCH,0.0,0.3784579296648705
KD-054,Jema'a,Basic Health Centre,Paracetamol Tablet,General,339.0,1206.0,NGO,0.0,0.37812376249264845
KD-068,Kaduna North,Health Post,Amoxicillin Dispersible,Child,7.0,23.0,Open Market,0.0,0.37715150169314365
KD-122,Kudan,Primary Health Centre,Paracetamol Syrup,Child,21.0,105.0,KDHSMA,0.0,0.37642885334823534
KD-073,Kaduna South,Primary Health Centre,Folic Acid,Maternal,356.0,1321.0,Federal Government,0.0,0.37640501380337804
KD-118,Kubau,Basic Health Centre,Amoxicillin Dispersible,Child,15.0,,KDHSMA,0.0,0.37615351301608535
KD-063,Kachia,Primary Health Centre,Magnesium Sulphate Injection,Maternal,9.0,27.0,Zipline,0.0,0.37561951577859987
KD-084,Kagarko,General Hospital,Injectable Contraceptives,Family Planning,95.0,369.0,Federal Government,0.0,0.3753464792339922
KD-127,Kudan,Primary Health Centre,Amoxicillin Capsule,General,338.0,1078.0,KDHSMA,0.0,0.375183002522966
KD-100,Kaura,Health Post,Ibuprofen Suspension,Child,9.0,,Open Market,0.0,0.37455211180264314
KD-134,Lere,Primary Health Centre,Sulphadoxine + Pyrimethamine,Maternal,105.0,,KDHSMA,0.0,0.37345484252741834
KD-087,Kagarko,Basic Health Centre,Amoxicillin Capsule,General,200.0,697.0,KDHSMA,0.0,0.3722121365339967
KD-160,Sanga,Primary Health Centre,Magnesium Sulphate Injection,Maternal,11.0,33.0,KDHSMA,0.0,0.37217925801210794
KD-149,Sabon Gari,Basic Health Centre,Ibuprofen Suspension,Child,13.0,39.0,KDHSMA,0.0,0.3717762610161096
KD-106,Kauru,Primary Health Centre,Folic Acid,Maternal,325.0,,Free MNCH,0.0,0.3705363516993973
KD-122,Kudan,Primary Health Centre,Amoxicillin Capsule,General,315.0,1195.0,Federal Government,0.0,0.3701372336534236
KD-105,Kauru,Health Post,Zinc,Child,22.0,,KDHSMA,0.0,0.3696421147099464
KD-052,Jema'a,General Hospital,ORS,Child,339.0,1439.0,KDHSMA,0.0,0.3694478827475141
KD-097,Kaura,Health Post,Ferrous Sulphate,Maternal,74.0,,Open Market,0.0,0.3691348546487442
KD-179,Zaria,Primary Health Centre,Artemether Injection,General,17.0,55.0,Donations,0.0,0.36895158068133527
KD-052,Jema'a,General Hospital,Ferrous Sulphate,Maternal,1069.0,4398.0,KDHSMA,0.0,0.3682004355742093
KD-154,Sanga,Basic Health Centre,Ibuprofen Suspension,Child,10.0,35.0,LGA,0.0,0.3676963255723109
KD-080,Kaduna South,Basic Health Centre,Injectable Contraceptives,Family Planning,14.0,45.0,Federal Government,0.0,0.36735126519996686
KD-009,Chikun,Basic Health Centre,Tranexamic Acid Injection,Maternal,5.0,15.0,Federal Government,0.0,0.3672224522737764
KD-028,Igabi,Primary Health Centre,ORS,Child,81.0,,Free MNCH,0.0,0.3666247443299384
KD-077,Kaduna South,Basic Health Centre,Zinc,Child,10.0,,KDHSMA,0.0,0.3663088649113162
KD-052,Jema'a,General Hospital,Folic Acid,Maternal,1028.0,4693.0,KDHSMA,0.0,0.36601667046327707
KD-042,Jaba,Health Post,Folic Acid,Maternal,121.0,456.0,NGO,0.0,0.36510074466499065
KD-148,Sabon Gari,Primary Health Centre,Misoprostol,Maternal,34.0,,Free MNCH,0.0,0.3650241629345711
KD-057,Kachia,Primary Health Centre,Magnesium Sulphate Injection,Maternal,9.0,,Open Market,0.0,0.3650075773060215
KD-034,Ikara,Primary Health Centre,Paracetamol Tablet,General,345.0,2259.0,Free MNCH,0.0,0.3647668245418901
KD-113,Kubau,Basic Health Centre,Misoprostol,Maternal,8.0,,Zipline,0.0,0.3646991333617378
KD-053,Jema'a,Basic Health Centre,ORS,Child,20.0,,KDHSMA,0.0,0.3642276823119706
KD-089,Kajuru,Basic Health Centre,Artemether + Lumefantrine,General,37.0,,Donations,0.0,0.36407708581754405
KD-155,Sanga,Primary Health Centre,Ibuprofen Suspension,Child,16.0,63.0,Open Market,0.0,0.3626270311359465
KD-181,Zaria,Primary Health Centre,Oxytocin,Maternal,14.0,,LGA,0.0,0.36242039921710156
KD-134,Lere,Primary Health Centre,Ferrous Sulphate,Maternal,279.0,,KDHSMA,0.0,0.36166365253042493
KD-091,Kajuru,General Hospital,Chlorhexidine Gel,Child,47.0,147.0,NGO,0.0,0.36159148056743345
KD-154,Sanga,Basic Health Centre,Sulphadoxine + Pyrimethamine,Maternal,13.0,259.0,LGA,0.0,0.36157432091967506
KD-136,Lere,Basic Health Centre,Paracetamol Tablet,General,342.0,1473.0,KDHSMA,0.0,0.3615215910038851
KD-074,Kaduna South,Health Post,Chlorhexidine Gel,Child,5.0,16.0,Open Market,0.0,0.3615139986964118
KD-110,Kauru,Primary Health Centre,Zinc,Child,134.0,507.0,LGA,0.0,0.36126502160648877
KD-170,Zangon Kataf,Basic Health Centre,Misoprostol,Maternal,32.0,106.0,Open Market,0.0,0.36112538377012726
KD-002,Birnin Gwari,Primary Health Centre,IV Fluids,Maternal,10.0,,KDHSMA,0.0,0.3608807765870586
KD-184,Zaria,Basic Health Centre,Ibuprofen Tablet,General,81.0,444.0,KDHSMA,0.0,0.3600873638109885
KD-050,Jema'a,Primary Health Centre,Sulphadoxine + Pyrimethamine,Maternal,79.0,422.0,LGA,0.0,0.36004269183571935
KD-173,Zangon Kataf,Primary Health Centre,Zinc,Child,140.0,,KDHSMA,0.0,0.35923526971113995
KD-181,Zaria,Primary Health Centre,Paracetamol Syrup,Child,26.0,127.0,Free MNCH,0.0,0.35921100985770105
KD-121,Kudan,Primary Health Centre,Ibuprofen Tablet,General,166.0,700.0,Open Market,0.0,0.35875481848213026
KD-005,Birnin Gwari,Primary Health Centre,Artemether Injection,General,17.0,56.0,Free MNCH,0.0,0.3584041718091246
KD-148,Sabon Gari,Primary Health Centre,Sulphadoxine + Pyrimethamine,Maternal,20.0,,Open Market,0.0,0.35807938213022344
KD-038,Ikara,Health Post,Artemether + Lumefantrine,General,22.0,81.0,Zipline,0.0,0.3579339193231903
KD-002,Birnin Gwari,Primary Health Centre,Paracetamol Syrup,Child,11.0,,KDHSMA,0.0,0.35775117033140597
KD-038,Ikara,Health Post,Giving Sets,Maternal,7.0,24.0,Zipline,0.0,0.357342448309505
KD-062,Kachia,Basic Health Centre,ORS,Child,10.0,,KDHSMA,0.0,0.3565550419095673
KD-179,Zaria,Primary Health Centre,Amoxicillin Dispersible,Child,18.0,93.0,Zipline,0.0,0.356150745965505
KD-081,Kagarko,Primary Health Centre,Zinc,Child,122.0,,Open Market,0.0,0.3554166864736195
KD-161,Soba,Primary Health Centre,Folic Acid,Maternal,372.0,1400.0,KDHSMA,0.0,0.3547752876959669
KD-080,Kaduna South,Basic Health Centre,Amoxicillin Capsule,General,160.0,539.0,Free MNCH,0.0,0.3546811624153893
KD-097,Kaura,Health Post,Amoxicillin Capsule,General,95.0,409.0,Open Market,0.0,0.3546414037827807
KD-182,Zaria,Health Post,Sulphadoxine + Pyrimethamine,Maternal,55.0,,NGO,0.0,0.3541166400804128
KD-167,Soba,Basic Health Centre,Zinc,Child,52.0,,KDHSMA,0.0,0.35403419457463575
KD-038,Ikara,Health Post,Sulphadoxine + Pyrimethamine,Maternal,27.0,112.0,Zipline,0.0,0.352784640675133
KD-003,Birnin Gwari,Primary Health Centre,Ibuprofen Suspension,Child,16.0,52.0,Zipline,0.0,0.3523633992586047
KD-117,Kubau,Primary Health Centre,Oxytocin,Maternal,23.0,71.0,KDHSMA,0.0,0.3516378111100191
KD-028,Igabi,Primary Health Centre,Paracetamol Syrup,Child,15.0,124.0,Free MNCH,0.0,0.35141720164893014
KD-157,Sanga,Primary Health Centre,Artemether + Lumefantrine,General,66.0,254.0,LGA,0.0,0.3510213877948169
KD-006,Birnin Gwari,Basic Health Centre,Injectable Contraceptives,Family Planning,11.0,,KDHSMA,0.0,0.3508813794367338
KD-163,Soba,Primary Health Centre,Amoxicillin Dispersible,Child,22.0,87.0,KDHSMA,0.0,0.34996443873705646
KD-162,Soba,Basic Health Centre,Paracetamol Tablet,General,277.0,1108.0,NGO,0.0,0.34992650373967576
KD-136,Lere,Basic Health Centre,Zinc,Child,63.0,251.0,KDHSMA,0.0,0.3494800899894221
KD-128,Kudan,Health Post,Artemether + Lumefantrine,General,29.0,,Federal Government,0.0,0.3492205496171711
KD-147,Sabon Gari,General Hospital,Amoxicillin Dispersible,Child,93.0,410.0,Zipline,0.0,0.34829778507166315
KD-122,Kudan,Primary Health Centre,Folic Acid,Maternal,416.0,1577.0,Federal Government,0.0,0.3482668107822199
KD-179,Zaria,Primary Health Centre,Paracetamol Tablet,General,302.0,1992.0,Zipline,0.0,0.34757979772058034
KD-025,Igabi,General Hospital,Giving Sets,Maternal,56.0,317.0,Zipline,0.0,0.34744601326751
KD-139,Makarfi,Health Post,Paracetamol Tablet,General,168.0,582.0,Open Market,0.0,0.3472773189615221
KD-072,Kaduna North,General Hospital,Misoprostol,Maternal,221.0,706.0,KDHSMA,0.0,0.3471937624989072
KD-108,Kauru,Primary Health Centre,Giving Sets,Maternal,34.0,,KDHSMA,0.0,0.34677228266053317
KD-095,Kajuru,Health Post,Ferrous Sulphate,Maternal,117.0,482.0,Free MNCH,0.0,0.3466941375703722
KD-047,Jaba,Basic Health Centre,Artemether Injection,General,12.0,33.0,KDHSMA,0.0,0.34620078582965064
KD-099,Kaura,Primary Health Centre,Oxytocin,Maternal,15.0,59.0,Free MNCH,0.0,0.3460767737273974
KD-147,Sabon Gari,General Hospital,Injectable Contraceptives,Family Planning,81.0,353.0,Zipline,0.0,0.3459156365461944
KD-184,Zaria,Basic Health Centre,Artemether Injection,General,8.0,,Federal Government,0.0,0.34559771132755335
KD-118,Kubau,Basic Health Centre,Sulphadoxine + Pyrimethamine,Maternal,73.0,274.0,Donations,0.0,0.3443660903604367
KD-100,Kaura,Health Post,Injectable Contraceptives,Family Planning,9.0,29.0,Open Market,0.0,0.34414453207405543
KD-066,Kaduna North,Basic Health Centre,Ibuprofen Tablet,General,36.0,,KDHSMA,0.0,0.34387725735500324
KD-014,Chikun,Primary Health Centre,Ferrous Sulphate,Maternal,389.0,,KDHSMA,0.0,0.34344044458650447
KD-077,Kaduna South,Basic Health Centre,Artemether Injection,General,10.0,,Donations,0.0,0.3428730830655238
KD-149,Sabon Gari,Basic Health Centre,Amoxicillin Capsule,General,200.0,592.0,KDHSMA,0.0,0.34249638902154844
KD-135,Lere,Primary Health Centre,Paracetamol Tablet,General,506.0,2248.0,KDHSMA,0.0,0.34149750841433013
KD-014,Chikun,Primary Health Centre,Sulphadoxine + Pyrimethamine,Maternal,13.0,,KDHSMA,0.0,0.3407898537304698
KD-078,Kaduna South,General Hospital,Paracetamol Tablet,General,2469.0,8117.0,KDHSMA,0.0,0.3398059437031389
KD-141,Makarfi,Basic Health Centre,Injectable Contraceptives,Family Planning,8.0,,Federal Government,0.0,0.33978693519340814
KD-018,Giwa,Primary Health Centre,Amoxicillin Capsule,General,248.0,,Federal Government,0.0,0.3394060484868331
KD-052,Jema'a,General Hospital,Paracetamol Tablet,General,1860.0,7790.0,KDHSMA,0.0,0.3392117947026214
KD-106,Kauru,Primary Health Centre,Amoxicillin Capsule,General,267.0,,Free MNCH,0.0,0.33873362134672164
KD-130,Lere,Primary Health Centre,Folic Acid,Maternal,421.0,1388.0,KDHSMA,0.0,0.3378977615116019
KD-023,Giwa,Primary Health Centre,Paracetamol Syrup,Child,42.0,142.0,Zipline,0.0,0.3375943725148992
KD-023,Giwa,Primary Health Centre,Paracetamol Tablet,General,672.0,2087.0,Free MNCH,0.0,0.3374382810593369
KD-045,Jaba,Health Post,Folic Acid,Maternal,33.0,473.0,Federal Government,0.0,0.33734605637405557
KD-115,Kubau,General Hospital,Amoxicillin Dispersible,Child,116.0,423.0,Federal Government,0.0,0.3369552287974873
KD-023,Giwa,Primary Health Centre,Folic Acid,Maternal,394.0,1400.0,Zipline,0.0,0.33678781084760245
KD-052,Jema'a,General Hospital,Amoxicillin Capsule,General,1235.0,4852.0,KDHSMA,0.0,0.33525188756008517
KD-007,Birnin Gwari,General Hospital,IV Fluids,Maternal,94.0,291.0,KDHSMA,0.0,0.3347981468535519
KD-073,Kaduna South,Primary Health Centre,Amoxicillin Capsule,General,407.0,1273.0,Zipline,0.0,0.33438686712867843
KD-108,Kauru,Primary Health Centre,Artemether + Lumefantrine,General,118.0,,KDHSMA,0.0,0.33319837252824486
KD-032,Igabi,Health Post,Ibuprofen Tablet,General,77.0,223.0,Donations,0.0,0.3331184025094898
KD-017,Giwa,Primary Health Centre,Amoxicillin Capsule,General,49.0,,KDHSMA,0.0,0.3312556083051457
KD-057,Kachia,Primary Health Centre,IV Fluids,Maternal,9.0,,Zipline,0.0,0.33119290906193266
KD-105,Kauru,Health Post,Ibuprofen Tablet,General,39.0,,Open Market,0.0,0.3309463401989644
KD-147,Sabon Gari,General Hospital,Paracetamol Tablet,General,303.0,9603.0,Zipline,0.0,0.3292260621034961
KD-103,Kaura,Basic Health Centre,Implants,Family Planning,5.0,13.0,Federal Government,0.0,0.32756162925451954
KD-061,Kachia,Primary Health Centre,Amoxicillin Capsule,General,340.0,1034.0,KDHSMA,0.0,0.3270823498128957
KD-083,Kagarko,Primary Health Centre,Artemether + Lumefantrine,General,107.0,335.0,Zipline,0.0,0.32612622776295924
KD-121,Kudan,Primary Health Centre,Giving Sets,Maternal,24.0,99.0,Open Market,0.0,0.32473110146237333
KD-105,Kauru,Health Post,Paracetamol Tablet,General,55.0,,Open Market,0.0,0.32472121062217285
KD-073,Kaduna South,Primary Health Centre,Injectable Contraceptives,Family Planning,34.0,102.0,Federal Government,0.0,0.32448369194444043
KD-104,Kaura,Basic Health Centre,Artemether Injection,General,8.0,31.0,Zipline,0.0,0.3241305288761295
KD-014,Chikun,Primary Health Centre,Zinc,Child,52.0,403.0,Zipline,0.0,0.3225816207351462
KD-025,Igabi,General Hospital,Folic Acid,Maternal,924.0,5397.0,Open Market,0.0,0.3223129315297163
KD-151,Sabon Gari,Health Post,Sulphadoxine + Pyrimethamine,Maternal,46.0,134.0,Zipline,0.0,0.32194997207234055
KD-025,Igabi,General Hospital,Paracetamol Tablet,General,1977.0,9261.0,Zipline,0.0,0.3218073889988724
KD-074,Kaduna South,Health Post,Ibuprofen Tablet,General,67.0,215.0,Zipline,0.0,0.32180008432525653
KD-183,Zaria,Primary Health Centre,Injectable Contraceptives,Family Planning,28.0,,Federal Government,0.0,0.3197590073232662
KD-071,Kaduna North,Primary Health Centre,Magnesium Sulphate Injection,Maternal,11.0,33.0,LGA,0.0,0.3180529909244477
KD-036,Ikara,Health Post,Giving Sets,Maternal,10.0,29.0,KDHSMA,0.0,0.3176442681155278
KD-106,Kauru,Primary Health Centre,Injectable Contraceptives,Family Planning,31.0,93.0,Federal Government,0.0,0.3171582441654552
KD-094,Kajuru,Primary Health Centre,Amoxicillin Dispersible,Child,26.0,79.0,Open Market,0.0,0.31668474672077424
KD-066,Kaduna North,Basic Health Centre,Artemether Injection,General,42.0,,KDHSMA,0.0,0.3153207772947479
KD-121,Kudan,Primary Health Centre,ORS,Child,99.0,324.0,Open Market,0.0,0.3151444279671619
KD-030,Igabi,Primary Health Centre,Amoxicillin Dispersible,Child,19.0,,KDHSMA,0.0,0.3134215155207032
KD-118,Kubau,Basic Health Centre,ORS,Child,42.0,206.0,Donations,0.0,0.31294046924469066
KD-085,Kagarko,Primary Health Centre,Paracetamol Tablet,General,697.0,2131.0,Free MNCH,0.0,0.312896127853419
KD-006,Birnin Gwari,Basic Health Centre,Zinc,Child,56.0,,KDHSMA,0.0,0.3120042650657536
KD-081,Kagarko,Primary Health Centre,Ibuprofen Suspension,Child,18.0,,Open Market,0.0,0.31118660770380513
KD-035,Ikara,Basic Health Centre,Misoprostol,Maternal,24.0,80.0,Open Market,0.0,0.3107454705057256
KD-103,Kaura,Basic Health Centre,Ibuprofen Tablet,General,134.0,415.0,Open Market,0.0,0.3103395637340646
KD-076,Kaduna South,Basic Health Centre,Magnesium Sulphate Injection,Maternal,5.0,14.0,KDHSMA,0.0,0.310032468678787
KD-005,Birnin Gwari,Primary Health Centre,Misoprostol,Maternal,74.0,214.0,Free MNCH,0.0,0.3093467104291092
KD-117,Kubau,Primary Health Centre,Injectable Contraceptives,Family Planning,32.0,103.0,Free MNCH,0.0,0.3077642357099733
KD-131,Lere,Primary Health Centre,Ibuprofen Tablet,General,236.0,735.0,KDHSMA,0.0,0.30664764741953143
KD-107,Kauru,Primary Health Centre,Artemether + Lumefantrine,General,87.0,,Zipline,0.0,0.3055694506732581
KD-169,Zangon Kataf,Primary Health Centre,Zinc,Child,173.0,,KDHSMA,0.0,0.3053048924663214
KD-105,Kauru,Health Post,Paracetamol Syrup,Child,8.0,,LGA,0.0,0.3032490142304459
KD-181,Zaria,Primary Health Centre,IV Fluids,Maternal,29.0,,KDHSMA,0.0,0.30258720198191297
KD-140,Makarfi,Basic Health Centre,IV Fluids,Maternal,37.0,,NGO,0.0,0.30223224659373593
KD-134,Lere,Primary Health Centre,Zinc,Child,101.0,,Open Market,0.0,0.3018563340900646
KD-184,Zaria,Basic Health Centre,Zinc,Child,72.0,,Federal Government,0.0,0.29988866034501227
KD-050,Jema'a,Primary Health Centre,Chlorhexidine Gel,Child,19.0,,Zipline,0.0,0.2996789831545776
KD-147,Sabon Gari,General Hospital,Amoxicillin Capsule,General,1233.0,4868.0,Zipline,0.0,0.2976854770770294
KD-012,Chikun,Primary Health Centre,Paracetamol Tablet,General,761.0,2570.0,Federal Government,0.0,0.2957480393016535
KD-087,Kagarko,Basic Health Centre,Chlorhexidine Gel,Child,9.0,27.0,Zipline,0.0,0.29525527853209477
KD-140,Makarfi,Basic Health Centre,Injectable Contraceptives,Family Planning,33.0,,Federal Government,0.0,0.2937402566303054
KD-017,Giwa,Primary Health Centre,Zinc,Child,112.0,,KDHSMA,0.0,0.2928458960826579
KD-117,Kubau,Primary Health Centre,Sulphadoxine + Pyrimethamine,Maternal,148.0,474.0,Free MNCH,0.0,0.29259951317550886
KD-067,Kaduna North,Primary Health Centre,Artemether + Lumefantrine,General,100.0,301.0,KDHSMA,0.0,0.2920924147726011
KD-087,Kagarko,Basic Health Centre,Ibuprofen Tablet,General,156.0,480.0,KDHSMA,0.0,0.2920506642146928
KD-134,Lere,Primary Health Centre,Implants,Family Planning,9.0,,KDHSMA,0.0,0.2920500210909629
KD-014,Chikun,Primary Health Centre,Artemether Injection,General,28.0,,KDHSMA,0.0,0.2906413275438072
KD-049,Jema'a,General Hospital,Magnesium Sulphate Injection,Maternal,21.0,,KDHSMA,0.0,0.28971202045829275
KD-012,Chikun,Primary Health Centre,Ibuprofen Suspension,Child,20.0,55.0,NGO,0.0,0.28844254821924975
KD-176,Zangon Kataf,Primary Health Centre,Paracetamol Syrup,Child,35.0,113.0,Free MNCH,0.0,0.28767618211269724
KD-122,Kudan,Primary Health Centre,Chlorhexidine Gel,Child,13.0,43.0,Open Market,0.0,0.28720316618602193
KD-169,Zangon Kataf,Primary Health Centre,Oxytocin,Maternal,64.0,,Free MNCH,0.0,0.286580953500211
KD-006,Birnin Gwari,Basic Health Centre,Folic Acid,Maternal,150.0,,KDHSMA,0.0,0.28522609901573354
KD-181,Zaria,Primary Health Centre,Zinc,Child,169.0,530.0,KDHSMA,0.0,0.28465365206487125
KD-122,Kudan,Primary Health Centre,Zinc,Child,105.0,393.0,Federal Government,0.0,0.2838541236952608
KD-026,Igabi,Basic Health Centre,Ibuprofen Tablet,General,51.0,,Open Market,0.0,0.28374680589757956
KD-018,Giwa,Primary Health Centre,Sulphadoxine + Pyrimethamine,Maternal,101.0,497.0,Federal Government,0.0,0.2834945648949477
KD-086,Kagarko,Basic Health Centre,Amoxicillin Dispersible,Child,30.0,,KDHSMA,0.0,0.2830232417310646
KD-184,Zaria,Basic Health Centre,Paracetamol Syrup,Child,26.0,,KDHSMA,0.0,0.2821614157305188
KD-077,Kaduna South,Basic Health Centre,Paracetamol Syrup,Child,28.0,,KDHSMA,0.0,0.28091919694795975
KD-069,Kaduna North,Health Post,IV Fluids,Maternal,12.0,,LGA,0.0,0.2805748509656841
KD-050,Jema'a,Primary Health Centre,Zinc,Child,40.0,,Zipline,0.0,0.27879748932680076
KD-037,Ikara,Primary Health Centre,Misoprostol,Maternal,49.0,146.0,NGO,0.0,0.2776826891033917
KD-026,Igabi,Basic Health Centre,Sulphadoxine + Pyrimethamine,Maternal,37.0,,Open Market,0.0,0.2771155382039866
KD-112,Kauru,Basic Health Centre,Oxytocin,Maternal,13.0,37.0,KDHSMA,0.0,0.2763765869009871
KD-081,Kagarko,Primary Health Centre,Artemether Injection,General,24.0,,Open Market,0.0,0.2759775560201218
KD-008,Birnin Gwari,Primary Health Centre,Injectable Contraceptives,Family Planning,52.0,,Federal Government,0.0,0.2757475235660125
KD-028,Igabi,Primary Health Centre,Injectable Contraceptives,Family Planning,26.0,90.0,Free MNCH,0.0,0.27568622121320296
KD-148,Sabon Gari,Primary Health Centre,Ferrous Sulphate,Maternal,366.0,,Free MNCH,0.0,0.27514232946755046
KD-095,Kajuru,Health Post,Amoxicillin Capsule,General,125.0,425.0,KDHSMA,0.0,0.27486696847110276
KD-021,Giwa,Primary Health Centre,Artemether Injection,General,26.0,63.0,LGA,0.0,0.2745617198920867
KD-176,Zangon Kataf,Primary Health Centre,Chlorhexidine Gel,Child,17.0,52.0,Free MNCH,0.0,0.27312571728474916
KD-049,Jema'a,General Hospital,Misoprostol,Maternal,218.0,,Free MNCH,0.0,0.2722073122085676
KD-070,Kaduna North,Health Post,Paracetamol Tablet,General,200.0,601.0,LGA,0.0,0.2708363391508066
KD-017,Giwa,Primary Health Centre,Amoxicillin Dispersible,Child,110.0,,KDHSMA,0.0,0.27073718910260797
KD-093,Kajuru,Health Post,ORS,Child,47.0,,KDHSMA,0.0,0.2704407015815961
KD-100,Kaura,Health Post,Artemether + Lumefantrine,General,23.0,80.0,Open Market,0.0,0.2701870585296228
KD-017,Giwa,Primary Health Centre,Ferrous Sulphate,Maternal,433.0,,KDHSMA,0.0,0.2693573330258131
KD-060,Kachia,Basic Health Centre,Ibuprofen Tablet,General,113.0,376.0,KDHSMA,0.0,0.26887885405771805
KD-017,Giwa,Primary Health Centre,ORS,Child,147.0,,KDHSMA,0.0,0.26808021089076783
KD-049,Jema'a,General Hospital,Artemether Injection,General,67.0,,KDHSMA,0.0,0.267660042189622
KD-116,Kubau,Basic Health Centre,ORS,Child,84.0,234.0,KDHSMA,0.0,0.2675971476612403
KD-179,Zaria,Primary Health Centre,Artemether + Lumefantrine,General,101.0,322.0,Zipline,0.0,0.2674500690342764
KD-004,Birnin Gwari,General Hospital,Tranexamic Acid Injection,Maternal,31.0,79.0,NGO,0.0,0.2671305816515689
KD-108,Kauru,Primary Health Centre,Folic Acid,Maternal,275.0,,KDHSMA,0.0,0.26607536693072453
KD-006,Birnin Gwari,Basic Health Centre,Ferrous Sulphate,Maternal,254.0,,Zipline,0.0,0.2660144724163202
KD-067,Kaduna North,Primary Health Centre,Ibuprofen Tablet,General,295.0,893.0,KDHSMA,0.0,0.2652694671986655
KD-006,Birnin Gwari,Basic Health Centre,Giving Sets,Maternal,19.0,,KDHSMA,0.0,0.26517055505778747
KD-065,Kaduna North,Basic Health Centre,ORS,Child,24.0,,KDHSMA,0.0,0.26410209593093315
KD-069,Kaduna North,Health Post,Artemether + Lumefantrine,General,68.0,,LGA,0.0,0.26324142238326453
KD-118,Kubau,Basic Health Centre,Injectable Contraceptives,Family Planning,13.0,,Federal Government,0.0,0.2627634886024562
KD-117,Kubau,Primary Health Centre,Giving Sets,Maternal,25.0,73.0,KDHSMA,0.0,0.2626463995168262
KD-049,Jema'a,General Hospital,Chlorhexidine Gel,Child,73.0,,KDHSMA,0.0,0.2623762931391684
KD-058,Kachia,Basic Health Centre,Paracetamol Tablet,General,131.0,1215.0,Open Market,0.0,0.26200236311814445
KD-165,Soba,Primary Health Centre,Paracetamol Syrup,Child,37.0,112.0,KDHSMA,0.0,0.2618809813879606
KD-150,Sabon Gari,Primary Health Centre,Chlorhexidine Gel,Child,14.0,,Open Market,0.0,0.26129826325819655
KD-181,Zaria,Primary Health Centre,Ibuprofen Tablet,General,196.0,,KDHSMA,0.0,0.2609794927887222
KD-030,Igabi,Primary Health Centre,IV Fluids,Maternal,30.0,106.0,Open Market,0.0,0.25954213918819347
KD-002,Birnin Gwari,Primary Health Centre,Paracetamol Tablet,General,124.0,,KDHSMA,0.0,0.2595070048641316
KD-050,Jema'a,Primary Health Centre,Oxytocin,Maternal,73.0,,Zipline,0.0,0.2592950636843661
KD-077,Kaduna South,Basic Health Centre,Giving Sets,Maternal,35.0,,Free MNCH,0.0,0.25880047156992425
KD-172,Zangon Kataf,Health Post,Paracetamol Tablet,General,165.0,,Free MNCH,0.0,0.2587460325822537
KD-049,Jema'a,General Hospital,Oxytocin,Maternal,71.0,,KDHSMA,0.0,0.25762982097052606
KD-014,Chikun,Primary Health Centre,Amoxicillin Capsule,General,282.0,,KDHSMA,0.0,0.2574588366736782
KD-072,Kaduna North,General Hospital,Calibrated Blood Collection Drape,Maternal,43.0,110.0,KDHSMA,0.0,0.25745640664798264
KD-161,Soba,Primary Health Centre,Paracetamol Syrup,Child,33.0,99.0,KDHSMA,0.0,0.25615497058986114
KD-056,Jema'a,Health Post,Amoxicillin Capsule,General,137.0,413.0,Zipline,0.0,0.25607156089909217
KD-141,Makarfi,Basic Health Centre,Zinc,Child,67.0,,Open Market,0.0,0.25602451526966136
KD-087,Kagarko,Basic Health Centre,Amoxicillin Dispersible,Child,18.0,53.0,Federal Government,0.0,0.25540831292477884
KD-121,Kudan,Primary Health Centre,Zinc,Child,122.0,381.0,Open Market,0.0,0.2552874534629353
KD-167,Soba,Basic Health Centre,Amoxicillin Capsule,General,122.0,,KDHSMA,0.0,0.2542029717665472
KD-026,Igabi,Basic Health Centre,Paracetamol Tablet,General,131.0,,Open Market,0.0,0.25379181892496666
KD-008,Birnin Gwari,Primary Health Centre,Paracetamol Syrup,Child,26.0,,Open Market,0.0,0.25287430325703647
KD-052,Jema'a,General Hospital,Zinc,Child,409.0,1466.0,KDHSMA,0.0,0.25245384720528163
KD-077,Kaduna South,Basic Health Centre,Amoxicillin Capsule,General,261.0,,KDHSMA,0.0,0.25216157244061
KD-147,Sabon Gari,General Hospital,Ibuprofen Suspension,Child,87.0,277.0,Zipline,0.0,0.25201235751359014
KD-077,Kaduna South,Basic Health Centre,Oxytocin,Maternal,48.0,,KDHSMA,0.0,0.2514491347760937
KD-173,Zangon Kataf,Primary Health Centre,Ferrous Sulphate,Maternal,355.0,1133.0,KDHSMA,0.0,0.2513433860288345
KD-128,Kudan,Health Post,Chlorhexidine Gel,Child,6.0,15.0,Open Market,0.0,0.2510728955468437
KD-088,Kagarko,Primary Health Centre,Paracetamol Syrup,Child,36.0,102.0,KDHSMA,0.0,0.25082130285452314
KD-148,Sabon Gari,Primary Health Centre,Magnesium Sulphate Injection,Maternal,20.0,,Donations,0.0,0.2505273007662345
KD-031,Igabi,Basic Health Centre,Paracetamol Tablet,General,491.0,1459.0,KDHSMA,0.0,0.2504409330402235
KD-006,Birnin Gwari,Basic Health Centre,Artemether Injection,General,17.0,34.0,Donations,0.0,0.2487377318596701
KD-091,Kajuru,General Hospital,Injectable Contraceptives,Family Planning,106.0,315.0,Federal Government,0.0,0.24808083262557434
KD-069,Kaduna North,Health Post,Amoxicillin Dispersible,Child,14.0,,LGA,0.0,0.24802699865621797
KD-122,Kudan,Primary Health Centre,Injectable Contraceptives,Family Planning,25.0,76.0,Federal Government,0.0,0.24801719032647976
KD-077,Kaduna South,Basic Health Centre,Amoxicillin Dispersible,Child,90.0,,KDHSMA,0.0,0.2479899438336026
KD-069,Kaduna North,Health Post,Giving Sets,Maternal,20.0,,LGA,0.0,0.2474922496575715
KD-066,Kaduna North,Basic Health Centre,Misoprostol,Maternal,38.0,,KDHSMA,0.0,0.24703599781215693
KD-183,Zaria,Primary Health Centre,Artemether Injection,General,38.0,,Open Market,0.0,0.24563679436352867
KD-137,Makarfi,Primary Health Centre,Chlorhexidine Gel,Child,12.0,,Open Market,0.0,0.24540651836530178
KD-087,Kagarko,Basic Health Centre,Ferrous Sulphate,Maternal,216.0,617.0,Federal Government,0.0,0.2449982262176796
KD-006,Birnin Gwari,Basic Health Centre,Amoxicillin Dispersible,Child,62.0,,KDHSMA,0.0,0.24434336492073808
KD-114,Kubau,Primary Health Centre,Giving Sets,Maternal,35.0,98.0,KDHSMA,0.0,0.24314413018069517
KD-069,Kaduna North,Health Post,Sulphadoxine + Pyrimethamine,Maternal,102.0,,LGA,0.0,0.24291320700928545
KD-134,Lere,Primary Health Centre,Ibuprofen Suspension,Child,14.0,,Open Market,0.0,0.24208425474858353
KD-078,Kaduna South,General Hospital,Magnesium Sulphate Injection,Maternal,46.0,131.0,Free MNCH,0.0,0.24159241910526677
KD-020,Giwa,Primary Health Centre,Chlorhexidine Gel,Child,23.0,50.0,Federal Government,0.0,0.24144887186364553
KD-136,Lere,Basic Health Centre,Artemether + Lumefantrine,General,64.0,195.0,NGO,0.0,0.2411852323775099
KD-151,Sabon Gari,Health Post,Artemether Injection,General,6.0,16.0,Zipline,0.0,0.2407999866135498
KD-065,Kaduna North,Basic Health Centre,Oxytocin,Maternal,27.0,,KDHSMA,0.0,0.24049504221481408
KD-003,Birnin Gwari,Primary Health Centre,Implants,Family Planning,7.0,19.0,Federal Government,0.0,0.24014694980706328
KD-183,Zaria,Primary Health Centre,Zinc,Child,182.0,,Open Market,0.0,0.24006170548852637
KD-002,Birnin Gwari,Primary Health Centre,Giving Sets,Maternal,82.0,,KDHSMA,0.0,0.23985925319356988
KD-183,Zaria,Primary Health Centre,Artemether + Lumefantrine,General,101.0,,Open Market,0.0,0.23825301408673177
KD-085,Kagarko,Primary Health Centre,Amoxicillin Capsule,General,201.0,,KDHSMA,0.0,0.23801706037560005
KD-183,Zaria,Primary Health Centre,Giving Sets,Maternal,55.0,,Open Market,0.0,0.23738199287411835
KD-089,Kajuru,Basic Health Centre,ORS,Child,61.0,243.0,KDHSMA,0.0,0.2371808615812615
KD-070,Kaduna North,Health Post,Ibuprofen Suspension,Child,7.0,19.0,LGA,0.0,0.23687134334175433
KD-005,Birnin Gwari,Primary Health Centre,IV Fluids,Maternal,28.0,80.0,Zipline,0.0,0.23678134326753686
KD-183,Zaria,Primary Health Centre,Sulphadoxine + Pyrimethamine,Maternal,85.0,,Open Market,0.0,0.23655389797977122
KD-079,Kaduna South,Health Post,ORS,Child,40.0,113.0,Open Market,0.0,0.23595104267285502
KD-030,Igabi,Primary Health Centre,Chlorhexidine Gel,Child,15.0,,KDHSMA,0.0,0.23524511401647225
KD-143,Makarfi,Basic Health Centre,Magnesium Sulphate Injection,Maternal,7.0,15.0,Free MNCH,0.0,0.2343412666421354
KD-089,Kajuru,Basic Health Centre,Paracetamol Syrup,Child,23.0,,KDHSMA,0.0,0.23309567692948285
KD-183,Zaria,Primary Health Centre,Chlorhexidine Gel,Child,26.0,,KDHSMA,0.0,0.23186870793504177
KD-184,Zaria,Basic Health Centre,Folic Acid,Maternal,345.0,,Federal Government,0.0,0.23171372374094004
KD-087,Kagarko,Basic Health Centre,Zinc,Child,68.0,206.0,Open Market,0.0,0.23128743043457278
KD-076,Kaduna South,Basic Health Centre,Implants,Family Planning,6.0,15.0,Federal Government,0.0,0.23115898468205326
KD-081,Kagarko,Primary Health Centre,Amoxicillin Capsule,General,368.0,1374.0,Open Market,0.0,0.23115820336497833
KD-014,Chikun,Primary Health Centre,Ibuprofen Tablet,General,422.0,,KDHSMA,0.0,0.23098909203226983
KD-014,Chikun,Primary Health Centre,IV Fluids,Maternal,83.0,,Donations,0.0,0.23068923954496673
KD-045,Jaba,Health Post,Ibuprofen Tablet,General,160.0,,Free MNCH,0.0,0.23061778245220388
KD-065,Kaduna North,Basic Health Centre,Paracetamol Tablet,General,1054.0,,Zipline,0.0,0.23037498286156496
KD-069,Kaduna North,Health Post,Ibuprofen Tablet,General,257.0,,Federal Government,0.0,0.22986828174941587
KD-049,Jema'a,General Hospital,Amoxicillin Capsule,General,1442.0,,KDHSMA,0.0,0.22981392614802323
KD-014,Chikun,Primary Health Centre,Folic Acid,Maternal,543.0,,KDHSMA,0.0,0.22844462172848826
KD-104,Kaura,Basic Health Centre,Misoprostol,Maternal,28.0,,Zipline,0.0,0.2281467981107383
KD-123,Kudan,Primary Health Centre,Oxytocin,Maternal,20.0,55.0,Donations,0.0,0.2281100705389264
KD-043,Jaba,Health Post,Amoxicillin Dispersible,Child,10.0,29.0,LGA,0.0,0.22481037871107346
KD-150,Sabon Gari,Primary Health Centre,Misoprostol,Maternal,21.0,,Open Market,0.0,0.22476294064228863
KD-181,Zaria,Primary Health Centre,Paracetamol Tablet,General,710.0,,KDHSMA,0.0,0.22344384342688678
KD-160,Sanga,Primary Health Centre,Oxytocin,Maternal,18.0,54.0,KDHSMA,0.0,0.2228085300234923
KD-028,Igabi,Primary Health Centre,Ibuprofen Suspension,Child,16.0,,Federal Government,0.0,0.22236088006095941
KD-148,Sabon Gari,Primary Health Centre,Paracetamol Tablet,General,395.0,,Open Market,0.0,0.22195576217873422
KD-143,Makarfi,Basic Health Centre,Ibuprofen Tablet,General,128.0,337.0,KDHSMA,0.0,0.22119139257295337
KD-173,Zangon Kataf,Primary Health Centre,Paracetamol Syrup,Child,110.0,,KDHSMA,0.0,0.22032492894774197
KD-066,Kaduna North,Basic Health Centre,Chlorhexidine Gel,Child,29.0,,KDHSMA,0.0,0.22000253446507523
KD-006,Birnin Gwari,Basic Health Centre,Ibuprofen Tablet,General,365.0,,Free MNCH,0.0,0.21974063274541147
KD-106,Kauru,Primary Health Centre,Chlorhexidine Gel,Child,31.0,,Free MNCH,0.0,0.2192295941094835
KD-074,Kaduna South,Health Post,Implants,Family Planning,3.0,7.0,Federal Government,0.0,0.21921549250764646
KD-108,Kauru,Primary Health Centre,ORS,Child,105.0,,KDHSMA,0.0,0.21905717886366274
KD-163,Soba,Primary Health Centre,Paracetamol Tablet,General,851.0,2553.0,KDHSMA,0.0,0.21884814249635823
KD-173,Zangon Kataf,Primary Health Centre,Artemether + Lumefantrine,General,113.0,,KDHSMA,0.0,0.21883432063278438
KD-011,Chikun,Basic Health Centre,Implants,Family Planning,4.0,10.0,Donations,0.0,0.21857040791605467
KD-059,Kachia,Primary Health Centre,Tranexamic Acid Injection,Maternal,9.0,25.0,Free MNCH,0.0,0.21841918716337574
KD-081,Kagarko,Primary Health Centre,Artemether + Lumefantrine,General,93.0,,Open Market,0.0,0.21838789931240676
KD-124,Kudan,Health Post,Paracetamol Tablet,General,256.0,735.0,Free MNCH,0.0,0.21787465378826357
KD-076,Kaduna South,Basic Health Centre,Amoxicillin Dispersible,Child,19.0,51.0,KDHSMA,0.0,0.217851721493798
KD-118,Kubau,Basic Health Centre,Folic Acid,Maternal,150.0,731.0,Open Market,0.0,0.21771623798474196
KD-081,Kagarko,Primary Health Centre,Sulphadoxine + Pyrimethamine,Maternal,89.0,,Open Market,0.0,0.21677280141654592
KD-150,Sabon Gari,Primary Health Centre,Calibrated Blood Collection Drape,Maternal,12.0,,Open Market,0.0,0.21478168368645728
KD-177,Zaria,Basic Health Centre,Chlorhexidine Gel,Child,10.0,21.0,Donations,0.0,0.21402025257162588
KD-036,Ikara,Health Post,Magnesium Sulphate Injection,Maternal,5.0,10.0,KDHSMA,0.0,0.21375612824789633
KD-002,Birnin Gwari,Primary Health Centre,ORS,Child,54.0,,Zipline,0.0,0.21344877093549752
KD-081,Kagarko,Primary Health Centre,Ferrous Sulphate,Maternal,418.0,1186.0,LGA,0.0,0.2130624101659695
KD-069,Kaduna North,Health Post,Amoxicillin Capsule,General,168.0,,Zipline,0.0,0.21304320935369214
KD-049,Jema'a,General Hospital,Tranexamic Acid Injection,Maternal,30.0,88.0,NGO,0.0,0.21213807827845987
KD-036,Ikara,Health Post,Amoxicillin Dispersible,Child,9.0,25.0,Donations,0.0,0.2117661490826916
KD-084,Kagarko,General Hospital,Ferrous Sulphate,Maternal,1535.0,4989.0,Federal Government,0.0,0.21165177877630473
KD-150,Sabon Gari,Primary Health Centre,ORS,Child,35.0,,Open Market,0.0,0.21124954085978725
KD-045,Jaba,Health Post,Sulphadoxine + Pyrimethamine,Maternal,94.0,,Free MNCH,0.0,0.21117257202677614
KD-175,Zangon Kataf,Basic Health Centre,Amoxicillin Dispersible,Child,20.0,54.0,KDHSMA,0.0,0.21110484984917316
KD-017,Giwa,Primary Health Centre,Ibuprofen Tablet,General,672.0,,KDHSMA,0.0,0.210487297262983
KD-163,Soba,Primary Health Centre,Zinc,Child,152.0,424.0,KDHSMA,0.0,0.21040392747654976
KD-108,Kauru,Primary Health Centre,Paracetamol Tablet,General,1874.0,,Zipline,0.0,0.21039325689215002
KD-182,Zaria,Health Post,Folic Acid,Maternal,175.0,,NGO,0.0,0.2101132577730526
KD-069,Kaduna North,Health Post,Folic Acid,Maternal,252.0,,LGA,0.0,0.20838093964411578
KD-183,Zaria,Primary Health Centre,ORS,Child,359.0,,Open Market,0.0,0.20741539947475465
KD-126,Kudan,General Hospital,Ferrous Sulphate,Maternal,3670.0,,LGA,0.0,0.20734999495366235
KD-066,Kaduna North,Basic Health Centre,Folic Acid,Maternal,827.0,,LGA,0.0,0.20659010984150705
KD-066,Kaduna North,Basic Health Centre,Sulphadoxine + Pyrimethamine,Maternal,98.0,272.0,KDHSMA,0.0,0.20653682098928544
KD-079,Kaduna South,Health Post,Calibrated Blood Collection Drape,Maternal,4.0,9.0,Open Market,0.0,0.20601753667463527
KD-158,Sanga,Basic Health Centre,Magnesium Sulphate Injection,Maternal,8.0,18.0,Free MNCH,0.0,0.20547669340177724
KD-157,Sanga,Primary Health Centre,Misoprostol,Maternal,69.0,193.0,Free MNCH,0.0,0.2037073519469349
KD-050,Jema'a,Primary Health Centre,Artemether + Lumefantrine,General,298.0,,Federal Government,0.0,0.2032254025430529
KD-081,Kagarko,Primary Health Centre,IV Fluids,Maternal,118.0,,Open Market,0.0,0.20261588964328545
KD-120,Kubau,Health Post,Giving Sets,Maternal,11.0,23.0,Donations,0.0,0.20219445698746485
KD-049,Jema'a,General Hospital,Ibuprofen Suspension,Child,118.0,,KDHSMA,0.0,0.20218740385360362
KD-066,Kaduna North,Basic Health Centre,Paracetamol Syrup,Child,40.0,,KDHSMA,0.0,0.20198076410235544
KD-148,Sabon Gari,Primary Health Centre,Folic Acid,Maternal,1908.0,,Open Market,0.0,0.20145763506213452
KD-045,Jaba,Health Post,IV Fluids,Maternal,20.0,,Free MNCH,0.0,0.20138375274406822
KD-005,Birnin Gwari,Primary Health Centre,Magnesium Sulphate Injection,Maternal,11.0,28.0,Free MNCH,0.0,0.20030623071061326
KD-135,Lere,Primary Health Centre,Amoxicillin Dispersible,Child,32.0,90.0,KDHSMA,0.0,0.20000561194752908
KD-075,Kaduna South,Primary Health Centre,Oxytocin,Maternal,24.0,59.0,Free MNCH,0.0,0.19993056853787608
KD-085,Kagarko,Primary Health Centre,Zinc,Child,451.0,,KDHSMA,0.0,0.19841232646945003
KD-028,Igabi,Primary Health Centre,Oxytocin,Maternal,21.0,,Free MNCH,0.0,0.1983626567941946
KD-159,Sanga,General Hospital,Artemether Injection,General,75.0,,Zipline,0.0,0.19820013808642037
KD-066,Kaduna North,Basic Health Centre,Zinc,Child,116.0,,KDHSMA,0.0,0.19796499604354445
KD-002,Birnin Gwari,Primary Health Centre,Implants,Family Planning,21.0,,KDHSMA,0.0,0.19789480534421908
KD-087,Kagarko,Basic Health Centre,Paracetamol Tablet,General,469.0,1346.0,KDHSMA,0.0,0.19773278962903937
KD-107,Kauru,Primary Health Centre,Sulphadoxine + Pyrimethamine,Maternal,89.0,,KDHSMA,0.0,0.19694593229205862
KD-079,Kaduna South,Health Post,Chlorhexidine Gel,Child,5.0,13.0,Open Market,0.0,0.1960781461208577
KD-008,Birnin Gwari,Primary Health Centre,Implants,Family Planning,10.0,,Federal Government,0.0,0.19598177605669367
KD-159,Sanga,General Hospital,Ibuprofen Suspension,Child,82.0,,KDHSMA,0.0,0.19540789184309137
KD-118,Kubau,Basic Health Centre,Giving Sets,Maternal,43.0,,KDHSMA,0.0,0.19529182039888124
KD-173,Zangon Kataf,Primary Health Centre,Paracetamol Tablet,General,1741.0,,KDHSMA,0.0,0.19505226136778922
KD-173,Zangon Kataf,Primary Health Centre,Oxytocin,Maternal,67.0,,KDHSMA,0.0,0.1948772659155714
KD-124,Kudan,Health Post,Zinc,Child,45.0,112.0,Free MNCH,0.0,0.19449717438436234
KD-003,Birnin Gwari,Primary Health Centre,ORS,Child,110.0,306.0,Zipline,0.0,0.19351210164839913
KD-017,Giwa,Primary Health Centre,Paracetamol Tablet,General,2313.0,,KDHSMA,0.0,0.1935077402004119
KD-130,Lere,Primary Health Centre,Magnesium Sulphate Injection,Maternal,13.0,33.0,KDHSMA,0.0,0.19348984611397235
KD-183,Zaria,Primary Health Centre,Folic Acid,Maternal,447.0,,Open Market,0.0,0.19140592546211713
KD-017,Giwa,Primary Health Centre,IV Fluids,Maternal,38.0,,KDHSMA,0.0,0.19034373714268557
KD-139,Makarfi,Health Post,Ibuprofen Tablet,General,83.0,235.0,Open Market,0.0,0.19031991405991794
KD-045,Jaba,Health Post,Amoxicillin Dispersible,Child,17.0,,Free MNCH,0.0,0.1902467891076648
KD-008,Birnin Gwari,Primary Health Centre,Misoprostol,Maternal,70.0,,Free MNCH,0.0,0.19019263241059547
KD-001,Birnin Gwari,Primary Health Centre,Tranexamic Acid Injection,Maternal,8.0,20.0,Free MNCH,0.0,0.1898390076661982
KD-106,Kauru,Primary Health Centre,Paracetamol Syrup,Child,21.0,,Free MNCH,0.0,0.1897265647058118
KD-113,Kubau,Basic Health Centre,Ibuprofen Tablet,General,56.0,,Zipline,0.0,0.1896819912216867
KD-093,Kajuru,Health Post,Artemether + Lumefantrine,General,37.0,,KDHSMA,0.0,0.18962443125432507
KD-087,Kagarko,Basic Health Centre,Oxytocin,Maternal,12.0,32.0,KDHSMA,0.0,0.1892682529266855
KD-038,Ikara,Health Post,Magnesium Sulphate Injection,Maternal,6.0,8.0,Zipline,0.0,0.18822133495828214
KD-002,Birnin Gwari,Primary Health Centre,Folic Acid,Maternal,1066.0,,KDHSMA,0.0,0.18793287460580013
KD-150,Sabon Gari,Primary Health Centre,Zinc,Child,120.0,,Open Market,0.0,0.18706256207081812
KD-140,Makarfi,Basic Health Centre,Paracetamol Tablet,General,1741.0,,Federal Government,0.0,0.18691575190168142
KD-125,Kudan,Health Post,Paracetamol Syrup,Child,14.0,39.0,Free MNCH,0.0,0.1868886561863384
KD-173,Zangon Kataf,Primary Health Centre,Amoxicillin Capsule,General,535.0,,KDHSMA,0.0,0.18618967429762673
KD-062,Kachia,Basic Health Centre,Ferrous Sulphate,Maternal,210.0,,KDHSMA,0.0,0.18534394221362768
KD-106,Kauru,Primary Health Centre,Ferrous Sulphate,Maternal,1644.0,,Free MNCH,0.0,0.1853112546629616
KD-062,Kachia,Basic Health Centre,Injectable Contraceptives,Family Planning,18.0,,Federal Government,0.0,0.18495706747556565
KD-042,Jaba,Health Post,Paracetamol Syrup,Child,13.0,36.0,NGO,0.0,0.183290898689881
KD-159,Sanga,General Hospital,Paracetamol Tablet,General,13272.0,,KDHSMA,0.0,0.18310835787719174
KD-049,Jema'a,General Hospital,IV Fluids,Maternal,161.0,,KDHSMA,0.0,0.1810801101339779
KD-168,Soba,Primary Health Centre,Ibuprofen Tablet,General,260.0,672.0,KDHSMA,0.0,0.1804430701492084
KD-008,Birnin Gwari,Primary Health Centre,Chlorhexidine Gel,Child,43.0,,Donations,0.0,0.17991675175221505
KD-058,Kachia,Basic Health Centre,Giving Sets,Maternal,21.0,,Open Market,0.0,0.17936082645720236
KD-141,Makarfi,Basic Health Centre,IV Fluids,Maternal,12.0,,Open Market,0.0,0.17907312797592018
KD-028,Igabi,Primary Health Centre,Amoxicillin Dispersible,Child,29.0,,Free MNCH,0.0,0.1785821823437861
KD-094,Kajuru,Primary Health Centre,Tranexamic Acid Injection,Maternal,10.0,19.0,KDHSMA,0.0,0.1773852225428023
KD-182,Zaria,Health Post,Ibuprofen Tablet,General,68.0,183.0,NGO,0.0,0.1769616944433594
KD-062,Kachia,Basic Health Centre,Artemether + Lumefantrine,General,42.0,,KDHSMA,0.0,0.17648063020045648
KD-141,Makarfi,Basic Health Centre,Artemether + Lumefantrine,General,82.0,,Open Market,0.0,0.17623300179763834
KD-183,Zaria,Primary Health Centre,Ibuprofen Tablet,General,400.0,,Open Market,0.0,0.17576659298875336
KD-151,Sabon Gari,Health Post,Ibuprofen Suspension,Child,9.0,20.0,Zipline,0.0,0.1757553452763155
KD-118,Kubau,Basic Health Centre,Oxytocin,Maternal,16.0,,KDHSMA,0.0,0.17514138381146016
KD-058,Kachia,Basic Health Centre,Chlorhexidine Gel,Child,26.0,,Open Market,0.0,0.1742681917840759
KD-044,Jaba,Primary Health Centre,Injectable Contraceptives,Family Planning,63.0,,Federal Government,0.0,0.17373710458395186
KD-099,Kaura,Primary Health Centre,Implants,Family Planning,9.0,19.0,Zipline,0.0,0.17354270546803544
KD-154,Sanga,Basic Health Centre,Chlorhexidine Gel,Child,10.0,25.0,LGA,0.0,0.17325414590261748
KD-140,Makarfi,Basic Health Centre,Amoxicillin Capsule,General,478.0,,Open Market,0.0,0.17303450812571672
KD-079,Kaduna South,Health Post,Paracetamol Syrup,Child,12.0,30.0,Open Market,0.0,0.1725584414316693
KD-073,Kaduna South,Primary Health Centre,Amoxicillin Dispersible,Child,42.0,83.0,Federal Government,0.0,0.17206159136110494
KD-069,Kaduna North,Health Post,Ibuprofen Suspension,Child,24.0,,LGA,0.0,0.17116028076407466
KD-004,Birnin Gwari,General Hospital,Ibuprofen Suspension,Child,128.0,281.0,Zipline,0.0,0.17110790822457556
KD-058,Kachia,Basic Health Centre,Ibuprofen Suspension,Child,32.0,,Open Market,0.0,0.17078706448561612
KD-152,Sabon Gari,Primary Health Centre,Magnesium Sulphate Injection,Maternal,21.0,,Free MNCH,0.0,0.17069343957332525
KD-081,Kagarko,Primary Health Centre,Chlorhexidine Gel,Child,52.0,,Open Market,0.0,0.1695339669741882
KD-150,Sabon Gari,Primary Health Centre,Oxytocin,Maternal,89.0,,Open Market,0.0,0.16943709871586793
KD-058,Kachia,Basic Health Centre,IV Fluids,Maternal,56.0,,Federal Government,0.0,0.16928472945055986
KD-121,Kudan,Primary Health Centre,Amoxicillin Capsule,General,361.0,1022.0,Open Market,0.0,0.16921258469738723
KD-059,Kachia,Primary Health Centre,Zinc,Child,188.0,438.0,Free MNCH,0.0,0.16878031471522764
KD-183,Zaria,Primary Health Centre,Oxytocin,Maternal,52.0,,Open Market,0.0,0.16859415544197112
KD-140,Makarfi,Basic Health Centre,Giving Sets,Maternal,37.0,,Open Market,0.0,0.1680215859537402
KD-054,Jema'a,Basic Health Centre,Implants,Family Planning,5.0,11.0,Donations,0.0,0.16694936879659905
KD-045,Jaba,Health Post,Artemether + Lumefantrine,General,112.0,,Free MNCH,0.0,0.16685684323645095
KD-097,Kaura,Health Post,Ibuprofen Suspension,Child,23.0,,Open Market,0.0,0.16639931997882582
KD-066,Kaduna North,Basic Health Centre,Amoxicillin Capsule,General,288.0,,KDHSMA,0.0,0.16540514169923815
KD-150,Sabon Gari,Primary Health Centre,IV Fluids,Maternal,119.0,,Open Market,0.0,0.16524208318343536
KD-168,Soba,Primary Health Centre,Amoxicillin Capsule,General,360.0,991.0,LGA,0.0,0.165068074344555
KD-183,Zaria,Primary Health Centre,Amoxicillin Dispersible,Child,163.0,,Open Market,0.0,0.16468566753845248
KD-018,Giwa,Primary Health Centre,Paracetamol Syrup,Child,40.0,,Federal Government,0.0,0.16465580607644245
KD-030,Igabi,Primary Health Centre,Paracetamol Tablet,General,780.0,,KDHSMA,0.0,0.16376696794608425
KD-150,Sabon Gari,Primary Health Centre,Implants,Family Planning,15.0,,Federal Government,0.0,0.16334185136581453
KD-092,Kajuru,Health Post,Folic Acid,Maternal,128.0,351.0,Donations,0.0,0.162859065672775
KD-173,Zangon Kataf,Primary Health Centre,Ibuprofen Tablet,General,1303.0,,LGA,0.0,0.16264359959225502
KD-045,Jaba,Health Post,ORS,Child,48.0,,Free MNCH,0.0,0.16252962795874576
KD-007,Birnin Gwari,General Hospital,Paracetamol Tablet,General,3152.0,7418.0,KDHSMA,0.0,0.16170444401552203
KD-081,Kagarko,Primary Health Centre,Paracetamol Syrup,Child,84.0,,Open Market,0.0,0.16128834599123176
KD-067,Kaduna North,Primary Health Centre,IV Fluids,Maternal,30.0,81.0,Zipline,0.0,0.16085231008913364
KD-055,Jema'a,Primary Health Centre,Ibuprofen Tablet,General,345.0,797.0,Federal Government,0.0,0.15983015904226527
KD-159,Sanga,General Hospital,Chlorhexidine Gel,Child,211.0,,Donations,0.0,0.15979826614169074
KD-141,Makarfi,Basic Health Centre,Amoxicillin Capsule,General,371.0,,Free MNCH,0.0,0.1597355565647927
KD-100,Kaura,Health Post,Ibuprofen Tablet,General,129.0,,Open Market,0.0,0.1597035902179498
KD-115,Kubau,General Hospital,Zinc,Child,625.0,1750.0,NGO,0.0,0.1597027478097449
KD-159,Sanga,General Hospital,Zinc,Child,1237.0,,KDHSMA,0.0,0.15956800484349035
KD-150,Sabon Gari,Primary Health Centre,Amoxicillin Capsule,General,1768.0,,Open Market,0.0,0.1592668140157148
KD-121,Kudan,Primary Health Centre,Amoxicillin Dispersible,Child,36.0,97.0,KDHSMA,0.0,0.15872113069121246
KD-131,Lere,Primary Health Centre,Calibrated Blood Collection Drape,Maternal,12.0,27.0,KDHSMA,0.0,0.1586067258021128
KD-007,Birnin Gwari,General Hospital,Zinc,Child,801.0,1876.0,KDHSMA,0.0,0.15815654265749493
KD-141,Makarfi,Basic Health Centre,Paracetamol Syrup,Child,89.0,,Open Market,0.0,0.15745198235433283
KD-007,Birnin Gwari,General Hospital,Artemether Injection,General,96.0,194.0,NGO,0.0,0.1571289521623995
KD-167,Soba,Basic Health Centre,Artemether + Lumefantrine,General,64.0,,KDHSMA,0.0,0.15650163208142306
KD-045,Jaba,Health Post,Amoxicillin Capsule,General,196.0,,Free MNCH,0.0,0.15630488912909196
KD-113,Kubau,Basic Health Centre,Paracetamol Tablet,General,526.0,,Zipline,0.0,0.15606887916290677
KD-113,Kubau,Basic Health Centre,Folic Acid,Maternal,474.0,,Donations,0.0,0.15603540554128426
KD-156,Sanga,General Hospital,Injectable Contraceptives,Family Planning,474.0,,Open Market,0.0,0.15575409154734207
KD-183,Zaria,Primary Health Centre,Ferrous Sulphate,Maternal,1828.0,,Open Market,0.0,0.15536410252996885
KD-086,Kagarko,Basic Health Centre,Artemether Injection,General,13.0,32.0,KDHSMA,0.0,0.15516173335491398
KD-183,Zaria,Primary Health Centre,Magnesium Sulphate Injection,Maternal,11.0,26.0,Zipline,0.0,0.1550631794009005
KD-063,Kachia,Primary Health Centre,Ibuprofen Suspension,Child,25.0,68.0,Zipline,0.0,0.1549510107754929
KD-069,Kaduna North,Health Post,Artemether Injection,General,35.0,,LGA,0.0,0.1541767728088826
KD-007,Birnin Gwari,General Hospital,Chlorhexidine Gel,Child,75.0,170.0,KDHSMA,0.0,0.15319802139012606
KD-089,Kajuru,Basic Health Centre,Amoxicillin Dispersible,Child,17.0,,KDHSMA,0.0,0.15316692483731903
KD-028,Igabi,Primary Health Centre,Ibuprofen Tablet,General,187.0,,Free MNCH,0.0,0.15302544326936596
KD-058,Kachia,Basic Health Centre,Folic Acid,Maternal,58.0,,Open Market,0.0,0.152883415280163
KD-159,Sanga,General Hospital,Injectable Contraceptives,Family Planning,229.0,,Federal Government,0.0,0.15280029572121287
KD-057,Kachia,Primary Health Centre,Paracetamol Tablet,General,197.0,,Open Market,0.0,0.15256404519775316
KD-152,Sabon Gari,Primary Health Centre,Chlorhexidine Gel,Child,21.0,,Free MNCH,0.0,0.15241566905739462
KD-045,Jaba,Health Post,Paracetamol Syrup,Child,41.0,,Free MNCH,0.0,0.1519493017847209
KD-137,Makarfi,Primary Health Centre,Amoxicillin Capsule,General,341.0,,Federal Government,0.0,0.15144840150245328
KD-007,Birnin Gwari,General Hospital,ORS,Child,702.0,1642.0,KDHSMA,0.0,0.15142518887843262
KD-085,Kagarko,Primary Health Centre,ORS,Child,99.0,,KDHSMA,0.0,0.15094978661291747
KD-163,Soba,Primary Health Centre,Ibuprofen Suspension,Child,27.0,65.0,KDHSMA,0.0,0.15081427439578182
KD-032,Igabi,Health Post,Paracetamol Syrup,Child,13.0,33.0,Donations,0.0,0.150460742500139
KD-159,Sanga,General Hospital,Paracetamol Syrup,Child,825.0,,KDHSMA,0.0,0.1500192673409176
KD-104,Kaura,Basic Health Centre,Paracetamol Tablet,General,1643.0,,Zipline,0.0,0.14993019198958582
KD-168,Soba,Primary Health Centre,Injectable Contraceptives,Family Planning,29.0,78.0,KDHSMA,0.0,0.14974968024880805
KD-181,Zaria,Primary Health Centre,Giving Sets,Maternal,29.0,78.0,Donations,0.0,0.14929559333500741
KD-044,Jaba,Primary Health Centre,Ferrous Sulphate,Maternal,237.0,,Zipline,0.0,0.14925348258735965
KD-167,Soba,Basic Health Centre,Sulphadoxine + Pyrimethamine,Maternal,142.0,,KDHSMA,0.0,0.14910600439630303
KD-081,Kagarko,Primary Health Centre,Ibuprofen Tablet,General,1800.0,,Open Market,0.0,0.14907100532270745
KD-057,Kachia,Primary Health Centre,Zinc,Child,132.0,,Open Market,0.0,0.14893334798826122
KD-183,Zaria,Primary Health Centre,Paracetamol Tablet,General,5317.0,,Open Market,0.0,0.1483415998103392
KD-097,Kaura,Health Post,Injectable Contraceptives,Family Planning,24.0,,Zipline,0.0,0.1480679234962341
KD-160,Sanga,Primary Health Centre,Ferrous Sulphate,Maternal,582.0,1608.0,KDHSMA,0.0,0.14783786890351283
KD-087,Kagarko,Basic Health Centre,ORS,Child,97.0,233.0,KDHSMA,0.0,0.147655426820901
KD-059,Kachia,Primary Health Centre,Magnesium Sulphate Injection,Maternal,15.0,32.0,Free MNCH,0.0,0.14755997884449937
KD-069,Kaduna North,Health Post,Injectable Contraceptives,Family Planning,22.0,,Federal Government,0.0,0.14737587252372342
KD-008,Birnin Gwari,Primary Health Centre,Ferrous Sulphate,Maternal,2418.0,,Open Market,0.0,0.1472212992143198
KD-062,Kachia,Basic Health Centre,Folic Acid,Maternal,377.0,,KDHSMA,0.0,0.1467220919476163
KD-100,Kaura,Health Post,Folic Acid,Maternal,225.0,,Open Market,0.0,0.14617158873225003
KD-022,Giwa,Basic Health Centre,Oxytocin,Maternal,14.0,36.0,Donations,0.0,0.14608407455822053
KD-049,Jema'a,General Hospital,Ibuprofen Tablet,General,2917.0,,KDHSMA,0.0,0.1457230295298642
KD-057,Kachia,Primary Health Centre,Paracetamol Syrup,Child,48.0,,Open Market,0.0,0.1454739026593345
KD-028,Igabi,Primary Health Centre,Artemether + Lumefantrine,General,114.0,,Free MNCH,0.0,0.1453670463535312
KD-050,Jema'a,Primary Health Centre,Amoxicillin Capsule,General,639.0,,LGA,0.0,0.14493007102758326
KD-183,Zaria,Primary Health Centre,Amoxicillin Capsule,General,923.0,,Federal Government,0.0,0.14468854958623648
KD-094,Kajuru,Primary Health Centre,Artemether Injection,General,18.0,48.0,Open Market,0.0,0.14404649951258575
KD-159,Sanga,General Hospital,Tranexamic Acid Injection,Maternal,29.0,,KDHSMA,0.0,0.1438704527288388
KD-100,Kaura,Health Post,Implants,Family Planning,5.0,6.0,Free MNCH,0.0,0.14347479188754605
KD-171,Zangon Kataf,Basic Health Centre,Injectable Contraceptives,Family Planning,26.0,56.0,Federal Government,0.0,0.14269271297813504
KD-104,Kaura,Basic Health Centre,Giving Sets,Maternal,42.0,,Zipline,0.0,0.14257082017655065
KD-079,Kaduna South,Health Post,Implants,Family Planning,4.0,6.0,Federal Government,0.0,0.14247807761799433
KD-093,Kajuru,Health Post,Amoxicillin Capsule,General,302.0,,LGA,0.0,0.1424152675570686
KD-039,Ikara,Primary Health Centre,Artemether + Lumefantrine,General,131.0,355.0,KDHSMA,0.0,0.142308083578605
KD-088,Kagarko,Primary Health Centre,Giving Sets,Maternal,29.0,79.0,KDHSMA,0.0,0.14201164756310475
KD-034,Ikara,Primary Health Centre,Chlorhexidine Gel,Child,16.0,39.0,Free MNCH,0.0,0.141562504102724
KD-044,Jaba,Primary Health Centre,ORS,Child,461.0,,NGO,0.0,0.14148630116565195
KD-081,Kagarko,Primary Health Centre,ORS,Child,217.0,,Open Market,0.0,0.1411027865173179
KD-057,Kachia,Primary Health Centre,Amoxicillin Dispersible,Child,50.0,,Open Market,0.0,0.1408634408013235
KD-037,Ikara,Primary Health Centre,IV Fluids,Maternal,36.0,101.0,Zipline,0.0,0.14009073570741493
KD-089,Kajuru,Basic Health Centre,Chlorhexidine Gel,Child,17.0,,KDHSMA,0.0,0.14006560029679668
KD-137,Makarfi,Primary Health Centre,Ferrous Sulphate,Maternal,843.0,,Donations,0.0,0.13987132533177818
KD-159,Sanga,General Hospital,Ferrous Sulphate,Maternal,11710.0,,LGA,0.0,0.13955060755748416
KD-044,Jaba,Primary Health Centre,Zinc,Child,754.0,,Donations,0.0,0.13944746641189704
KD-089,Kajuru,Basic Health Centre,Magnesium Sulphate Injection,Maternal,10.0,15.0,Free MNCH,0.0,0.13934693367498902
KD-044,Jaba,Primary Health Centre,Misoprostol,Maternal,349.0,,Free MNCH,0.0,0.1392274027831457
KD-055,Jema'a,Primary Health Centre,Amoxicillin Capsule,General,516.0,1194.0,KDHSMA,0.0,0.13783877815308224
KD-100,Kaura,Health Post,ORS,Child,55.0,,Federal Government,0.0,0.13750376132816783
KD-002,Birnin Gwari,Primary Health Centre,Artemether + Lumefantrine,General,205.0,,KDHSMA,0.0,0.13733634557453278
KD-027,Igabi,Health Post,Artemether Injection,General,9.0,21.0,KDHSMA,0.0,0.13675556718915044
KD-104,Kaura,Basic Health Centre,IV Fluids,Maternal,128.0,,Zipline,0.0,0.13614887380590732
KD-085,Kagarko,Primary Health Centre,Giving Sets,Maternal,55.0,,KDHSMA,0.0,0.13608922535726678
KD-014,Chikun,Primary Health Centre,Oxytocin,Maternal,89.0,,KDHSMA,0.0,0.1352428758060599
KD-011,Chikun,Basic Health Centre,Chlorhexidine Gel,Child,12.0,29.0,Donations,0.0,0.13511508279538664
KD-060,Kachia,Basic Health Centre,Chlorhexidine Gel,Child,10.0,21.0,LGA,0.0,0.13510249449760658
KD-156,Sanga,General Hospital,Sulphadoxine + Pyrimethamine,Maternal,2371.0,,KDHSMA,0.0,0.134327229165123
KD-113,Kubau,Basic Health Centre,Ferrous Sulphate,Maternal,607.0,,Zipline,0.0,0.13404019195900277
KD-159,Sanga,General Hospital,Folic Acid,Maternal,4564.0,,KDHSMA,0.0,0.13388561875791657
KD-104,Kaura,Basic Health Centre,Chlorhexidine Gel,Child,15.0,,Zipline,0.0,0.13382135394535838
KD-154,Sanga,Basic Health Centre,Implants,Family Planning,9.0,11.0,LGA,0.0,0.13378265614516274
KD-060,Kachia,Basic Health Centre,IV Fluids,Maternal,15.0,41.0,KDHSMA,0.0,0.13349175043765063
KD-149,Sabon Gari,Basic Health Centre,Magnesium Sulphate Injection,Maternal,10.0,18.0,Free MNCH,0.0,0.13322893777245245
KD-159,Sanga,General Hospital,Ibuprofen Tablet,General,537.0,,Zipline,0.0,0.13309977289799563
KD-097,Kaura,Health Post,Artemether Injection,General,8.0,20.0,Open Market,0.0,0.13231494558087134
KD-078,Kaduna South,General Hospital,IV Fluids,Maternal,120.0,289.0,Zipline,0.0,0.1322040086076404
KD-093,Kajuru,Health Post,Paracetamol Tablet,General,507.0,,Open Market,0.0,0.1312705985831185
KD-159,Sanga,General Hospital,IV Fluids,Maternal,421.0,,Free MNCH,0.0,0.13051744676795357
KD-173,Zangon Kataf,Primary Health Centre,IV Fluids,Maternal,86.0,,KDHSMA,0.0,0.12980987525791388
KD-028,Igabi,Primary Health Centre,Zinc,Child,191.0,,Free MNCH,0.0,0.12948404544231668
KD-014,Chikun,Primary Health Centre,ORS,Child,252.0,,KDHSMA,0.0,0.12933986129882738
KD-027,Igabi,Health Post,Giving Sets,Maternal,9.0,24.0,LGA,0.0,0.1289235165413824
KD-089,Kajuru,Basic Health Centre,Ibuprofen Suspension,Child,29.0,,KDHSMA,0.0,0.1289126594402962
KD-126,Kudan,General Hospital,Implants,Family Planning,36.0,90.0,KDHSMA,0.0,0.12835837102299452
KD-032,Igabi,Health Post,Folic Acid,Maternal,142.0,326.0,Donations,0.0,0.12802654576382502
KD-132,Lere,Primary Health Centre,Artemether Injection,General,27.0,57.0,KDHSMA,0.0,0.12759861014720622
KD-087,Kagarko,Basic Health Centre,Implants,Family Planning,7.0,11.0,Federal Government,0.0,0.12682623952530292
KD-085,Kagarko,Primary Health Centre,Injectable Contraceptives,Family Planning,82.0,,Federal Government,0.0,0.12668880815782713
KD-132,Lere,Primary Health Centre,Paracetamol Syrup,Child,52.0,142.0,KDHSMA,0.0,0.12630158046350723
KD-087,Kagarko,Basic Health Centre,Misoprostol,Maternal,47.0,105.0,Free MNCH,0.0,0.12569719595862258
KD-132,Lere,Primary Health Centre,Ibuprofen Suspension,Child,32.0,48.0,KDHSMA,0.0,0.125114247422825
KD-097,Kaura,Health Post,Ibuprofen Tablet,General,81.0,,NGO,0.0,0.12314325944334067
KD-118,Kubau,Basic Health Centre,Ferrous Sulphate,Maternal,319.0,,KDHSMA,0.0,0.12259296610005505
KD-097,Kaura,Health Post,Artemether + Lumefantrine,General,39.0,,Open Market,0.0,0.12255166683857373
KD-156,Sanga,General Hospital,Tranexamic Acid Injection,Maternal,35.0,79.0,LGA,0.0,0.12229960147971534
KD-062,Kachia,Basic Health Centre,Ibuprofen Tablet,General,222.0,,Zipline,0.0,0.12200152105178845
KD-122,Kudan,Primary Health Centre,Implants,Family Planning,10.0,25.0,Federal Government,0.0,0.12185372265756925
KD-060,Kachia,Basic Health Centre,Paracetamol Syrup,Child,20.0,53.0,Federal Government,0.0,0.12169759596043672
KD-057,Kachia,Primary Health Centre,Oxytocin,Maternal,78.0,,Open Market,0.0,0.12097448555368892
KD-020,Giwa,Primary Health Centre,Paracetamol Syrup,Child,39.0,98.0,Federal Government,0.0,0.12017789209374982
KD-019,Giwa,Primary Health Centre,Injectable Contraceptives,Family Planning,34.0,91.0,KDHSMA,0.0,0.11934005850756575
KD-087,Kagarko,Basic Health Centre,Artemether + Lumefantrine,General,64.0,139.0,KDHSMA,0.0,0.11904671104085882
KD-060,Kachia,Basic Health Centre,Tranexamic Acid Injection,Maternal,7.0,12.0,KDHSMA,0.0,0.11901545206639533
KD-081,Kagarko,Primary Health Centre,Paracetamol Tablet,General,1934.0,,Open Market,0.0,0.11889075232625398
KD-044,Jaba,Primary Health Centre,Amoxicillin Capsule,General,975.0,,Zipline,0.0,0.11880558302812122
KD-122,Kudan,Primary Health Centre,Magnesium Sulphate Injection,Maternal,14.0,27.0,Federal Government,0.0,0.11742426502449757
KD-070,Kaduna North,Health Post,IV Fluids,Maternal,13.0,29.0,LGA,0.0,0.11726953059641111
KD-082,Kagarko,General Hospital,Giving Sets,Maternal,135.0,355.0,Open Market,0.0,0.11637035129263916
KD-163,Soba,Primary Health Centre,Tranexamic Acid Injection,Maternal,10.0,18.0,KDHSMA,0.0,0.1163056741250623
KD-085,Kagarko,Primary Health Centre,Amoxicillin Dispersible,Child,78.0,,Donations,0.0,0.1154184926844367
KD-154,Sanga,Basic Health Centre,Magnesium Sulphate Injection,Maternal,11.0,19.0,LGA,0.0,0.11527049712372436
KD-095,Kajuru,Health Post,Giving Sets,Maternal,12.0,24.0,Free MNCH,0.0,0.11393760795304092
KD-133,Lere,Health Post,Oxytocin,Maternal,11.0,17.0,LGA,0.0,0.11381998472316443
KD-057,Kachia,Primary Health Centre,Sulphadoxine + Pyrimethamine,Maternal,353.0,,Open Market,0.0,0.11243197053108007
KD-106,Kauru,Primary Health Centre,ORS,Child,196.0,,Free MNCH,0.0,0.11242846375640654
KD-039,Ikara,Primary Health Centre,Implants,Family Planning,17.0,21.0,Federal Government,0.0,0.11176933363665181
KD-106,Kauru,Primary Health Centre,Artemether + Lumefantrine,General,232.0,,Free MNCH,0.0,0.11146148000609271
KD-087,Kagarko,Basic Health Centre,Ibuprofen Suspension,Child,21.0,36.0,KDHSMA,0.0,0.11144173520972771
KD-114,Kubau,Primary Health Centre,Ibuprofen Suspension,Child,21.0,50.0,KDHSMA,0.0,0.11116454203790413
KD-004,Birnin Gwari,General Hospital,Amoxicillin Dispersible,Child,141.0,347.0,NGO,0.0,0.11026056358911986
KD-118,Kubau,Basic Health Centre,Ibuprofen Tablet,General,102.0,,KDHSMA,0.0,0.10906485159281094
KD-163,Soba,Primary Health Centre,Injectable Contraceptives,Family Planning,33.0,89.0,Federal Government,0.0,0.10900600894986813
KD-094,Kajuru,Primary Health Centre,Magnesium Sulphate Injection,Maternal,11.0,25.0,Free MNCH,0.0,0.10853354192894185
KD-175,Zangon Kataf,Basic Health Centre,Chlorhexidine Gel,Child,12.0,20.0,KDHSMA,0.0,0.10849329492682908
KD-129,Lere,Basic Health Centre,Sulphadoxine + Pyrimethamine,Maternal,97.0,260.0,KDHSMA,0.0,0.10841803124353261
KD-035,Ikara,Basic Health Centre,Chlorhexidine Gel,Child,13.0,25.0,KDHSMA,0.0,0.10795144818784537
KD-098,Kaura,Basic Health Centre,Magnesium Sulphate Injection,Maternal,9.0,14.0,Open Market,0.0,0.10679310545286723
KD-159,Sanga,General Hospital,Implants,Family Planning,29.0,,Federal Government,0.0,0.10666024557413964
KD-106,Kauru,Primary Health Centre,Sulphadoxine + Pyrimethamine,Maternal,307.0,,Free MNCH,0.0,0.10615861537086152
KD-165,Soba,Primary Health Centre,Artemether Injection,General,21.0,54.0,LGA,0.0,0.10603628559988337
KD-063,Kachia,Primary Health Centre,Tranexamic Acid Injection,Maternal,11.0,21.0,Zipline,0.0,0.10531392356176962
KD-096,Kajuru,Health Post,Paracetamol Tablet,General,294.0,754.0,Zipline,0.0,0.10525138936645406
KD-128,Kudan,Health Post,Ferrous Sulphate,Maternal,131.0,334.0,Federal Government,0.0,0.10511185850984071
KD-102,Kaura,Primary Health Centre,Paracetamol Syrup,Child,48.0,121.0,Donations,0.0,0.1041071791786182
KD-069,Kaduna North,Health Post,ORS,Child,126.0,,LGA,0.0,0.10386976992406158
KD-143,Makarfi,Basic Health Centre,ORS,Child,88.0,228.0,KDHSMA,0.0,0.10161625932252338
KD-106,Kauru,Primary Health Centre,Amoxicillin Dispersible,Child,118.0,,Federal Government,0.0,0.10134161571797348
KD-152,Sabon Gari,Primary Health Centre,Amoxicillin Dispersible,Child,98.0,,Free MNCH,0.0,0.10063644680655784
KD-134,Lere,Primary Health Centre,Giving Sets,Maternal,37.0,,Free MNCH,0.0,0.10015507707190058
KD-068,Kaduna North,Health Post,Ibuprofen Suspension,Child,9.0,18.0,Zipline,0.0,0.09969230363338101
KD-152,Sabon Gari,Primary Health Centre,Sulphadoxine + Pyrimethamine,Maternal,179.0,,Free MNCH,0.0,0.09924335893510829
KD-168,Soba,Primary Health Centre,Magnesium Sulphate Injection,Maternal,12.0,27.0,KDHSMA,0.0,0.09921018054932257
KD-106,Kauru,Primary Health Centre,Paracetamol Tablet,General,1268.0,,Free MNCH,0.0,0.09911224928377037
KD-039,Ikara,Primary Health Centre,Chlorhexidine Gel,Child,22.0,40.0,NGO,0.0,0.09879978172232065
KD-083,Kagarko,Primary Health Centre,Implants,Family Planning,11.0,22.0,Federal Government,0.0,0.09876106665581494
KD-089,Kajuru,Basic Health Centre,Zinc,Child,88.0,,Donations,0.0,0.09844034348902482
KD-172,Zangon Kataf,Health Post,Amoxicillin Dispersible,Child,15.0,25.0,Free MNCH,0.0,0.09795290305272623
KD-152,Sabon Gari,Primary Health Centre,Paracetamol Tablet,General,4355.0,,Free MNCH,0.0,0.09679673081889145
KD-042,Jaba,Health Post,Artemether Injection,General,10.0,17.0,NGO,0.0,0.09666549017049565
KD-018,Giwa,Primary Health Centre,Ibuprofen Tablet,General,236.0,,KDHSMA,0.0,0.09584182861786167
KD-045,Jaba,Health Post,Artemether Injection,General,9.0,19.0,Free MNCH,0.0,0.09519670529840438
KD-160,Sanga,Primary Health Centre,Tranexamic Acid Injection,Maternal,14.0,19.0,KDHSMA,0.0,0.09324371469065974
KD-168,Soba,Primary Health Centre,Amoxicillin Dispersible,Child,35.0,88.0,KDHSMA,0.0,0.09317484811209763
KD-097,Kaura,Health Post,ORS,Child,87.0,,Open Market,0.0,0.09300687559781978
KD-058,Kachia,Basic Health Centre,Oxytocin,Maternal,32.0,,Free MNCH,0.0,0.09151398706895321
KD-181,Zaria,Primary Health Centre,Injectable Contraceptives,Family Planning,58.0,,KDHSMA,0.0,0.09140790946625746
KD-172,Zangon Kataf,Health Post,Paracetamol Syrup,Child,44.0,30.0,Zipline,0.0,0.0912515067061542
KD-079,Kaduna South,Health Post,Misoprostol,Maternal,25.0,60.0,Open Market,0.0,0.09089867277358808
KD-143,Makarfi,Basic Health Centre,Chlorhexidine Gel,Child,10.0,22.0,KDHSMA,0.0,0.09072623456031993
KD-152,Sabon Gari,Primary Health Centre,Artemether + Lumefantrine,General,578.0,,Free MNCH,0.0,0.09023757944768562
KD-167,Soba,Basic Health Centre,Giving Sets,Maternal,18.0,47.0,KDHSMA,0.0,0.08994635404346223
KD-166,Soba,Primary Health Centre,Artemether Injection,General,20.0,50.0,NGO,0.0,0.08895588155554053
KD-152,Sabon Gari,Primary Health Centre,Paracetamol Syrup,Child,207.0,,Free MNCH,0.0,0.08834897074443707
KD-040,Ikara,Health Post,Giving Sets,Maternal,23.0,32.0,Free MNCH,0.0,0.08824419295052964
KD-118,Kubau,Basic Health Centre,Zinc,Child,309.0,,KDHSMA,0.0,0.08800414419934166
KD-118,Kubau,Basic Health Centre,Amoxicillin Capsule,General,440.0,,Federal Government,0.0,0.08730916434287403
KD-119,Kubau,Primary Health Centre,Folic Acid,Maternal,531.0,1401.0,KDHSMA,0.0,0.0872238297373445
KD-071,Kaduna North,Primary Health Centre,Oxytocin,Maternal,26.0,62.0,Free MNCH,0.0,0.08708210590886278
KD-181,Zaria,Primary Health Centre,Amoxicillin Dispersible,Child,78.0,,KDHSMA,0.0,0.08702191710818152
KD-134,Lere,Primary Health Centre,Artemether Injection,General,66.0,,KDHSMA,0.0,0.08683857325713562
KD-113,Kubau,Basic Health Centre,Artemether + Lumefantrine,General,157.0,,Zipline,0.0,0.08655706257687708
KD-174,Zangon Kataf,Health Post,IV Fluids,Maternal,11.0,25.0,Open Market,0.0,0.08575884214168561
KD-127,Kudan,Primary Health Centre,Calibrated Blood Collection Drape,Maternal,14.0,29.0,KDHSMA,0.0,0.0856398836581029
KD-084,Kagarko,General Hospital,Oxytocin,Maternal,106.0,279.0,Free MNCH,0.0,0.08562480843532574
KD-101,Kaura,Primary Health Centre,Chlorhexidine Gel,Child,22.0,41.0,KDHSMA,0.0,0.08518696954449007
KD-173,Zangon Kataf,Primary Health Centre,Sulphadoxine + Pyrimethamine,Maternal,302.0,,Zipline,0.0,0.08486535688634633
KD-152,Sabon Gari,Primary Health Centre,Folic Acid,Maternal,1190.0,,Free MNCH,0.0,0.08485993632647158
KD-036,Ikara,Health Post,Implants,Family Planning,16.0,7.0,Federal Government,0.0,0.08476430129080205
KD-080,Kaduna South,Basic Health Centre,Paracetamol Syrup,Child,30.0,74.0,Free MNCH,0.0,0.0844444299128255
KD-152,Sabon Gari,Primary Health Centre,Giving Sets,Maternal,118.0,,Free MNCH,0.0,0.0844329953448653
KD-171,Zangon Kataf,Basic Health Centre,Tranexamic Acid Injection,Maternal,9.0,13.0,Federal Government,0.0,0.08417815796662145
KD-181,Zaria,Primary Health Centre,Misoprostol,Maternal,75.0,,Free MNCH,0.0,0.08406190375675654
KD-098,Kaura,Basic Health Centre,Misoprostol,Maternal,44.0,107.0,Open Market,0.0,0.0837449772877277
KD-146,Sabon Gari,Basic Health Centre,Amoxicillin Dispersible,Child,32.0,40.0,NGO,0.0,0.083377251754865
KD-040,Ikara,Health Post,Amoxicillin Capsule,General,168.0,370.0,Free MNCH,0.0,0.08301519969641369
KD-018,Giwa,Primary Health Centre,Ferrous Sulphate,Maternal,866.0,,Federal Government,0.0,0.0829702884799582
KD-103,Kaura,Basic Health Centre,Amoxicillin Dispersible,Child,23.0,47.0,KDHSMA,0.0,0.08258491728695627
KD-016,Chikun,General Hospital,Artemether + Lumefantrine,General,559.0,1341.0,KDHSMA,0.0,0.08221957690473611
KD-143,Makarfi,Basic Health Centre,Implants,Family Planning,9.0,12.0,Federal Government,0.0,0.08140690563301962
KD-174,Zangon Kataf,Health Post,Ferrous Sulphate,Maternal,182.0,420.0,Free MNCH,0.0,0.08116332655462993
KD-181,Zaria,Primary Health Centre,Ferrous Sulphate,Maternal,1584.0,,KDHSMA,0.0,0.08103012031900986
KD-079,Kaduna South,Health Post,Tranexamic Acid Injection,Maternal,10.0,6.0,Open Market,0.0,0.0808249589776987
KD-052,Jema'a,General Hospital,Implants,Family Planning,36.0,95.0,Federal Government,0.0,0.08075710773585947
KD-145,Sabon Gari,Primary Health Centre,Implants,Family Planning,18.0,22.0,Federal Government,0.0,0.08061254006949485
KD-113,Kubau,Basic Health Centre,Sulphadoxine + Pyrimethamine,Maternal,173.0,,Zipline,0.0,0.0804915124702013
KD-129,Lere,Basic Health Centre,ORS,Child,69.0,171.0,NGO,0.0,0.08031005939896398
KD-089,Kajuru,Basic Health Centre,Folic Acid,Maternal,760.0,,KDHSMA,0.0,0.08013953829311232
KD-039,Ikara,Primary Health Centre,Artemether Injection,General,32.0,51.0,Zipline,0.0,0.07991935785713297
KD-037,Ikara,Primary Health Centre,Ibuprofen Tablet,General,277.0,748.0,Zipline,0.0,0.0798649142989068
KD-124,Kudan,Health Post,Ibuprofen Tablet,General,102.0,249.0,LGA,0.0,0.0798105267507028
KD-152,Sabon Gari,Primary Health Centre,ORS,Child,519.0,,Free MNCH,0.0,0.0795990420166922
KD-018,Giwa,Primary Health Centre,ORS,Child,472.0,,Donations,0.0,0.07933779725977191
KD-180,Zaria,Health Post,Artemether Injection,General,10.0,19.0,Zipline,0.0,0.07924561385322872
KD-104,Kaura,Basic Health Centre,Ibuprofen Suspension,Child,32.0,,Zipline,0.0,0.07881677677828731
KD-018,Giwa,Primary Health Centre,Artemether + Lumefantrine,General,194.0,,Federal Government,0.0,0.07879549759475732
KD-068,Kaduna North,Health Post,Folic Acid,Maternal,134.0,333.0,Donations,0.0,0.07860040096986931
KD-044,Jaba,Primary Health Centre,Implants,Family Planning,35.0,,Zipline,0.0,0.07826062207850012
KD-132,Lere,Primary Health Centre,Chlorhexidine Gel,Child,24.0,46.0,KDHSMA,0.0,0.07822121260292066
KD-047,Jaba,Basic Health Centre,Sulphadoxine + Pyrimethamine,Maternal,94.0,230.0,KDHSMA,0.0,0.07807019877216897
KD-063,Kachia,Primary Health Centre,Implants,Family Planning,25.0,21.0,Federal Government,0.0,0.07791379370740857
KD-116,Kubau,Basic Health Centre,Artemether Injection,General,19.0,27.0,KDHSMA,0.0,0.07775226640562143
KD-082,Kagarko,General Hospital,Misoprostol,Maternal,399.0,842.0,NGO,0.0,0.07766045006974308
KD-154,Sanga,Basic Health Centre,Artemether + Lumefantrine,General,72.0,187.0,LGA,0.0,0.07755415977019307
KD-018,Giwa,Primary Health Centre,Folic Acid,Maternal,586.0,,Federal Government,0.0,0.07746001821281955
KD-141,Makarfi,Basic Health Centre,Ferrous Sulphate,Maternal,228.0,,Open Market,0.0,0.07724904270985054
KD-087,Kagarko,Basic Health Centre,Sulphadoxine + Pyrimethamine,Maternal,97.0,255.0,KDHSMA,0.0,0.07587101194629184
KD-141,Makarfi,Basic Health Centre,Misoprostol,Maternal,92.0,,Free MNCH,0.0,0.0754553569124506
KD-113,Kubau,Basic Health Centre,Paracetamol Syrup,Child,48.0,,Zipline,0.0,0.07503545902548192
KD-074,Kaduna South,Health Post,IV Fluids,Maternal,17.0,30.0,Zipline,0.0,0.07450559955261168
KD-036,Ikara,Health Post,Ferrous Sulphate,Maternal,263.0,412.0,KDHSMA,0.0,0.07415828115896603
KD-152,Sabon Gari,Primary Health Centre,Zinc,Child,186.0,,Open Market,0.0,0.07412835553557474
KD-064,Kachia,Health Post,Sulphadoxine + Pyrimethamine,Maternal,91.0,149.0,KDHSMA,0.0,0.07400876069447797
KD-134,Lere,Primary Health Centre,ORS,Child,188.0,,KDHSMA,0.0,0.07345599877281841
KD-179,Zaria,Primary Health Centre,ORS,Child,126.0,314.0,LGA,0.0,0.07334738522046512
KD-039,Ikara,Primary Health Centre,Injectable Contraceptives,Family Planning,42.0,72.0,KDHSMA,0.0,0.0728367966423609
KD-007,Birnin Gwari,General Hospital,Misoprostol,Maternal,310.0,817.0,KDHSMA,0.0,0.07273460431976292
KD-020,Giwa,Primary Health Centre,Amoxicillin Capsule,General,519.0,1269.0,Federal Government,0.0,0.07205167106839462
KD-044,Jaba,Primary Health Centre,Chlorhexidine Gel,Child,82.0,,Zipline,0.0,0.07184679483575242
KD-181,Zaria,Primary Health Centre,Folic Acid,Maternal,841.0,,KDHSMA,0.0,0.07169552076968816
KD-048,Jaba,Primary Health Centre,Artemether Injection,General,39.0,55.0,KDHSMA,0.0,0.07153839948574921
KD-004,Birnin Gwari,General Hospital,IV Fluids,Maternal,360.0,421.0,NGO,0.0,0.07110327999391007
KD-107,Kauru,Primary Health Centre,ORS,Child,142.0,354.0,Zipline,0.0,0.07068273940627431
KD-141,Makarfi,Basic Health Centre,Folic Acid,Maternal,238.0,,Donations,0.0,0.07060856693137768
KD-156,Sanga,General Hospital,Chlorhexidine Gel,Child,74.0,,Open Market,0.0,0.07050944162184866
KD-131,Lere,Primary Health Centre,Injectable Contraceptives,Family Planning,37.0,87.0,Federal Government,0.0,0.07016379884667422
KD-183,Zaria,Primary Health Centre,Paracetamol Syrup,Child,56.0,132.0,Zipline,0.0,0.07007345732001444
KD-182,Zaria,Health Post,Zinc,Child,96.0,160.0,NGO,0.0,0.06993044032425018
KD-057,Kachia,Primary Health Centre,ORS,Child,504.0,,Donations,0.0,0.06985947506464645
KD-078,Kaduna South,General Hospital,Artemether + Lumefantrine,General,485.0,1176.0,KDHSMA,0.0,0.06963370315680102
KD-041,Jaba,Basic Health Centre,Implants,Family Planning,9.0,13.0,Federal Government,0.0,0.06952144181614528
KD-048,Jaba,Primary Health Centre,Chlorhexidine Gel,Child,27.0,52.0,KDHSMA,0.0,0.06904933757043406
KD-050,Jema'a,Primary Health Centre,Ferrous Sulphate,Maternal,1372.0,1546.0,Zipline,0.0,0.0689922289923086
KD-104,Kaura,Basic Health Centre,Oxytocin,Maternal,61.0,,Free MNCH,0.0,0.06876717528505095
KD-181,Zaria,Primary Health Centre,Amoxicillin Capsule,General,995.0,,KDHSMA,0.0,0.06833010879226477
KD-031,Igabi,Basic Health Centre,Ibuprofen Suspension,Child,15.0,29.0,KDHSMA,0.0,0.06808113266308854
KD-004,Birnin Gwari,General Hospital,Folic Acid,Maternal,10836.0,5326.0,NGO,0.0,0.0676461483103345
KD-137,Makarfi,Primary Health Centre,Amoxicillin Dispersible,Child,141.0,,KDHSMA,0.0,0.06742951298876693
KD-063,Kachia,Primary Health Centre,Sulphadoxine + Pyrimethamine,Maternal,201.0,519.0,Zipline,0.0,0.06705325366168755
KD-076,Kaduna South,Basic Health Centre,Folic Acid,Maternal,343.0,795.0,KDHSMA,0.0,0.06679792432886383
KD-079,Kaduna South,Health Post,Artemether Injection,General,21.0,15.0,Open Market,0.0,0.0661955622887877
KD-181,Zaria,Primary Health Centre,Sulphadoxine + Pyrimethamine,Maternal,631.0,,KDHSMA,0.0,0.06615479101827648
KD-159,Sanga,General Hospital,Amoxicillin Capsule,General,2230.0,,KDHSMA,0.0,0.06548702408183421
KD-083,Kagarko,Primary Health Centre,Artemether Injection,General,30.0,60.0,Zipline,0.0,0.0652466906323218
KD-088,Kagarko,Primary Health Centre,Injectable Contraceptives,Family Planning,34.0,81.0,KDHSMA,0.0,0.06498281956880725
KD-061,Kachia,Primary Health Centre,Artemether Injection,General,31.0,53.0,KDHSMA,0.0,0.06494333562203498
KD-170,Zangon Kataf,Basic Health Centre,Amoxicillin Dispersible,Child,22.0,49.0,Free MNCH,0.0,0.06494130310504023
KD-011,Chikun,Basic Health Centre,Folic Acid,Maternal,331.0,810.0,NGO,0.0,0.0644160620781088
KD-040,Ikara,Health Post,Artemether + Lumefantrine,General,58.0,76.0,Free MNCH,0.0,0.06434563167107393
KD-036,Ikara,Health Post,Zinc,Child,90.0,146.0,KDHSMA,0.0,0.06430915226969695
KD-004,Birnin Gwari,General Hospital,Ferrous Sulphate,Maternal,8730.0,4493.0,Donations,0.0,0.06407267913114578
KD-159,Sanga,General Hospital,Artemether + Lumefantrine,General,2128.0,,KDHSMA,0.0,0.0639689852233501
KD-036,Ikara,Health Post,Ibuprofen Tablet,General,192.0,251.0,KDHSMA,0.0,0.0639348460131768
KD-103,Kaura,Basic Health Centre,Artemether + Lumefantrine,General,77.0,171.0,Open Market,0.0,0.06390470882261122
KD-018,Giwa,Primary Health Centre,Paracetamol Tablet,General,813.0,2131.0,KDHSMA,0.0,0.06366724983965649
KD-113,Kubau,Basic Health Centre,Amoxicillin Capsule,General,1072.0,,Zipline,0.0,0.06363496620416283
KD-083,Kagarko,Primary Health Centre,Ferrous Sulphate,Maternal,560.0,1421.0,Free MNCH,0.0,0.06362193104803382
KD-146,Sabon Gari,Basic Health Centre,Artemether + Lumefantrine,General,86.0,175.0,KDHSMA,0.0,0.06353196875413843
KD-050,Jema'a,Primary Health Centre,Folic Acid,Maternal,1303.0,1585.0,Zipline,0.0,0.06324297954036187
KD-175,Zangon Kataf,Basic Health Centre,Giving Sets,Maternal,55.0,42.0,KDHSMA,0.0,0.06269902863485532
KD-140,Makarfi,Basic Health Centre,Implants,Family Planning,24.0,11.0,Federal Government,0.0,0.06269870252081032
KD-147,Sabon Gari,General Hospital,Sulphadoxine + Pyrimethamine,Maternal,668.0,1832.0,Zipline,0.0,0.06241429461287426
KD-156,Sanga,General Hospital,Implants,Family Planning,44.0,79.0,Federal Government,0.0,0.062378929244324956
KD-177,Zaria,Basic Health Centre,Ibuprofen Tablet,General,182.0,397.0,KDHSMA,0.0,0.06232915008975848
KD-179,Zaria,Primary Health Centre,Ibuprofen Tablet,General,250.0,600.0,Zipline,0.0,0.06216702277245609
KD-150,Sabon Gari,Primary Health Centre,Paracetamol Syrup,Child,149.0,,Open Market,0.0,0.06209508800592847
KD-065,Kaduna North,Basic Health Centre,Artemether + Lumefantrine,General,70.0,133.0,NGO,0.0,0.06202882940459835
KD-020,Giwa,Primary Health Centre,Misoprostol,Maternal,95.0,188.0,Federal Government,0.0,0.06196186197996515
KD-039,Ikara,Primary Health Centre,ORS,Child,210.0,388.0,NGO,0.0,0.061616923376143135
KD-159,Sanga,General Hospital,Misoprostol,Maternal,1360.0,,KDHSMA,0.0,0.06159812236706988
KD-165,Soba,Primary Health Centre,IV Fluids,Maternal,43.0,101.0,KDHSMA,0.0,0.06146074172689514
KD-057,Kachia,Primary Health Centre,Ibuprofen Tablet,General,509.0,,Open Market,0.0,0.061349432617952886
KD-004,Birnin Gwari,General Hospital,Zinc,Child,2221.0,1823.0,NGO,0.0,0.060832874518351
KD-004,Birnin Gwari,General Hospital,Ibuprofen Tablet,General,6986.0,2786.0,NGO,0.0,0.060450143067315165
KD-114,Kubau,Primary Health Centre,IV Fluids,Maternal,53.0,105.0,KDHSMA,0.0,0.06019719099405299
KD-074,Kaduna South,Health Post,ORS,Child,116.0,107.0,Zipline,0.0,0.060138162695457735
KD-006,Birnin Gwari,Basic Health Centre,Oxytocin,Maternal,37.0,33.0,Free MNCH,0.0,0.059886681502813496
KD-179,Zaria,Primary Health Centre,Chlorhexidine Gel,Child,42.0,52.0,Zipline,0.0,0.05977603924459547
KD-150,Sabon Gari,Primary Health Centre,Sulphadoxine + Pyrimethamine,Maternal,272.0,,Zipline,0.0,0.05973852509289656
KD-034,Ikara,Primary Health Centre,Magnesium Sulphate Injection,Maternal,25.0,34.0,Free MNCH,0.0,0.05968454970896058
KD-074,Kaduna South,Health Post,Injectable Contraceptives,Family Planning,34.0,30.0,Zipline,0.0,0.05967055167773602
KD-150,Sabon Gari,Primary Health Centre,Paracetamol Tablet,General,2560.0,,Zipline,0.0,0.0590568435082165
KD-006,Birnin Gwari,Basic Health Centre,Amoxicillin Capsule,General,597.0,645.0,KDHSMA,0.0,0.05893830072846831
KD-134,Lere,Primary Health Centre,Ibuprofen Tablet,General,811.0,,KDHSMA,0.0,0.058899000965153006
KD-058,Kachia,Basic Health Centre,Misoprostol,Maternal,68.0,,Donations,0.0,0.05886632471868086
KD-060,Kachia,Basic Health Centre,Artemether Injection,General,17.0,40.0,Zipline,0.0,0.0587603006363965
KD-159,Sanga,General Hospital,ORS,Child,4408.0,,KDHSMA,0.0,0.05870556348353215
KD-100,Kaura,Health Post,Artemether Injection,General,11.0,20.0,Open Market,0.0,0.05869054468996782
KD-092,Kajuru,Health Post,ORS,Child,57.0,90.0,Donations,0.0,0.05859231368678506
KD-047,Jaba,Basic Health Centre,Paracetamol Syrup,Child,41.0,56.0,KDHSMA,0.0,0.05846093173633796
KD-101,Kaura,Primary Health Centre,Misoprostol,Maternal,105.0,190.0,Zipline,0.0,0.05843744909134711
KD-019,Giwa,Primary Health Centre,Calibrated Blood Collection Drape,Maternal,24.0,34.0,KDHSMA,0.0,0.05841461626790626
KD-166,Soba,Primary Health Centre,Zinc,Child,158.0,375.0,KDHSMA,0.0,0.05838774725588913
KD-057,Kachia,Primary Health Centre,Amoxicillin Capsule,General,1695.0,,Open Market,0.0,0.05838130056384462
KD-130,Lere,Primary Health Centre,Paracetamol Syrup,Child,42.0,98.0,KDHSMA,0.0,0.05816739940720748
KD-038,Ikara,Health Post,Chlorhexidine Gel,Child,9.0,15.0,Zipline,0.0,0.05756963830831359
KD-048,Jaba,Primary Health Centre,Paracetamol Tablet,General,3590.0,2418.0,KDHSMA,0.0,0.05749251944792066
KD-091,Kajuru,General Hospital,Amoxicillin Capsule,General,1660.0,4004.0,NGO,0.0,0.057278014466734126
KD-150,Sabon Gari,Primary Health Centre,Giving Sets,Maternal,62.0,,Open Market,0.0,0.05715179107735033
KD-048,Jaba,Primary Health Centre,Folic Acid,Maternal,1155.0,1199.0,KDHSMA,0.0,0.05699755085703417
KD-008,Birnin Gwari,Primary Health Centre,Amoxicillin Dispersible,Child,41.0,,Open Market,0.0,0.056833704402102975
KD-013,Chikun,Primary Health Centre,Artemether Injection,General,36.0,68.0,Federal Government,0.0,0.05673233310808394
KD-024,Giwa,Primary Health Centre,Amoxicillin Dispersible,Child,125.0,90.0,Donations,0.0,0.05670939492304635
KD-082,Kagarko,General Hospital,Sulphadoxine + Pyrimethamine,Maternal,907.0,1687.0,NGO,0.0,0.05666978253249209
KD-137,Makarfi,Primary Health Centre,Injectable Contraceptives,Family Planning,219.0,,Federal Government,0.0,0.05665555708272795
KD-024,Giwa,Primary Health Centre,Misoprostol,Maternal,117.0,175.0,Open Market,0.0,0.056615525209693
KD-068,Kaduna North,Health Post,Artemether + Lumefantrine,General,42.0,101.0,Donations,0.0,0.05655128211435939
KD-058,Kachia,Basic Health Centre,Magnesium Sulphate Injection,Maternal,10.0,19.0,Open Market,0.0,0.056290524558952566
KD-058,Kachia,Basic Health Centre,Amoxicillin Dispersible,Child,92.0,,Open Market,0.0,0.05616809697920727
KD-068,Kaduna North,Health Post,Ibuprofen Tablet,General,97.0,234.0,NGO,0.0,0.05606979183061183
KD-006,Birnin Gwari,Basic Health Centre,Paracetamol Syrup,Child,61.0,77.0,KDHSMA,0.0,0.055846805573504216
KD-159,Sanga,General Hospital,Oxytocin,Maternal,555.0,,KDHSMA,0.0,0.05574383517267655
KD-145,Sabon Gari,Primary Health Centre,Injectable Contraceptives,Family Planning,43.0,88.0,Open Market,0.0,0.05565754629858995
KD-001,Birnin Gwari,Primary Health Centre,IV Fluids,Maternal,44.0,101.0,Free MNCH,0.0,0.05565391815233739
KD-008,Birnin Gwari,Primary Health Centre,Ibuprofen Suspension,Child,99.0,,Open Market,0.0,0.05504205165292068
KD-174,Zangon Kataf,Health Post,Injectable Contraceptives,Family Planning,18.0,31.0,Federal Government,0.0,0.05495326259908692
KD-010,Chikun,General Hospital,Paracetamol Syrup,Child,272.0,459.0,Free MNCH,0.0,0.05488389688547406
KD-057,Kachia,Primary Health Centre,Giving Sets,Maternal,77.0,,Open Market,0.0,0.05451716099031491
KD-057,Kachia,Primary Health Centre,Artemether + Lumefantrine,General,583.0,,Open Market,0.0,0.05436359113923453
KD-004,Birnin Gwari,General Hospital,Amoxicillin Capsule,General,2415.0,4453.0,NGO,0.0,0.054311927405792104
KD-036,Ikara,Health Post,Artemether + Lumefantrine,General,75.0,91.0,KDHSMA,0.0,0.05420493217708471
KD-104,Kaura,Basic Health Centre,Amoxicillin Capsule,General,363.0,,Zipline,0.0,0.05419308049181363
KD-095,Kajuru,Health Post,Artemether + Lumefantrine,General,41.0,95.0,Free MNCH,0.0,0.0540376035511373
KD-001,Birnin Gwari,Primary Health Centre,Oxytocin,Maternal,27.0,55.0,Free MNCH,0.0,0.053747515108832175
KD-009,Chikun,Basic Health Centre,Misoprostol,Maternal,48.0,95.0,KDHSMA,0.0,0.05332062637689485
KD-162,Soba,Basic Health Centre,Artemether Injection,General,21.0,34.0,Federal Government,0.0,0.05321707667333535
KD-012,Chikun,Primary Health Centre,Giving Sets,Maternal,52.0,77.0,NGO,0.0,0.05305781357911899
KD-057,Kachia,Primary Health Centre,Chlorhexidine Gel,Child,19.0,43.0,Open Market,0.0,0.052720564489872175
KD-140,Makarfi,Basic Health Centre,ORS,Child,189.0,209.0,Open Market,0.0,0.05226436153704875
KD-146,Sabon Gari,Basic Health Centre,Ferrous Sulphate,Maternal,875.0,621.0,KDHSMA,0.0,0.05213441421690159
KD-117,Kubau,Primary Health Centre,Amoxicillin Dispersible,Child,34.0,76.0,KDHSMA,0.0,0.05188687660393265
KD-141,Makarfi,Basic Health Centre,Sulphadoxine + Pyrimethamine,Maternal,144.0,,Open Market,0.0,0.05173532295704218
KD-150,Sabon Gari,Primary Health Centre,Folic Acid,Maternal,650.0,,Open Market,0.0,0.05173279089205215
KD-015,Chikun,Primary Health Centre,Amoxicillin Dispersible,Child,49.0,76.0,KDHSMA,0.0,0.05161569971756709
KD-155,Sanga,Primary Health Centre,Tranexamic Acid Injection,Maternal,18.0,21.0,Open Market,0.0,0.051532601758681865
KD-100,Kaura,Health Post,IV Fluids,Maternal,15.0,32.0,Open Market,0.0,0.051287924865675086
KD-160,Sanga,Primary Health Centre,Zinc,Child,361.0,487.0,KDHSMA,0.0,0.05117291106385923
KD-049,Jema'a,General Hospital,Ferrous Sulphate,Maternal,7044.0,,KDHSMA,0.0,0.051141060224753766
KD-044,Jaba,Primary Health Centre,Artemether + Lumefantrine,General,381.0,,Zipline,0.0,0.05110582495217063
KD-168,Soba,Primary Health Centre,Chlorhexidine Gel,Child,35.0,40.0,KDHSMA,0.0,0.05096536837802296
KD-036,Ikara,Health Post,Folic Acid,Maternal,236.0,445.0,Donations,0.0,0.05088426237852598
KD-104,Kaura,Basic Health Centre,Artemether + Lumefantrine,General,316.0,,Zipline,0.0,0.05063918612864178
KD-175,Zangon Kataf,Basic Health Centre,ORS,Child,253.0,171.0,KDHSMA,0.0,0.05061406858874169
KD-145,Sabon Gari,Primary Health Centre,Amoxicillin Dispersible,Child,125.0,92.0,Open Market,0.0,0.050608035750479806
KD-058,Kachia,Basic Health Centre,Injectable Contraceptives,Family Planning,113.0,,Open Market,0.0,0.050523221147838096
KD-136,Lere,Basic Health Centre,Ibuprofen Suspension,Child,20.0,33.0,KDHSMA,0.0,0.050522129596259895
KD-011,Chikun,Basic Health Centre,Paracetamol Syrup,Child,93.0,67.0,Donations,0.0,0.05049285129093702
KD-040,Ikara,Health Post,IV Fluids,Maternal,32.0,27.0,Free MNCH,0.0,0.05035695617181008
KD-156,Sanga,General Hospital,Misoprostol,Maternal,410.0,,Open Market,0.0,0.05033567273255958
KD-141,Makarfi,Basic Health Centre,ORS,Child,82.0,,Open Market,0.0,0.050258210153594975
KD-175,Zangon Kataf,Basic Health Centre,Misoprostol,Maternal,106.0,80.0,Zipline,0.0,0.050198206501861777
KD-084,Kagarko,General Hospital,ORS,Child,739.0,1768.0,Federal Government,0.0,0.0501876018042899
KD-008,Birnin Gwari,Primary Health Centre,Oxytocin,Maternal,80.0,,Open Market,0.0,0.050170293203281764
KD-043,Jaba,Health Post,Ibuprofen Suspension,Child,14.0,17.0,LGA,0.0,0.04995895083330354
KD-063,Kachia,Primary Health Centre,Chlorhexidine Gel,Child,27.0,39.0,Zipline,0.0,0.049764562556061126
KD-069,Kaduna North,Health Post,Paracetamol Tablet,General,368.0,804.0,Donations,0.0,0.04972396426096471
KD-009,Chikun,Basic Health Centre,Paracetamol Syrup,Child,66.0,60.0,KDHSMA,0.0,0.04969687039512147
KD-010,Chikun,General Hospital,Ferrous Sulphate,Maternal,2471.0,5366.0,Free MNCH,0.0,0.04949192670931911
KD-036,Ikara,Health Post,Paracetamol Tablet,General,677.0,670.0,KDHSMA,0.0,0.04940069666846357
KD-098,Kaura,Basic Health Centre,Amoxicillin Dispersible,Child,31.0,52.0,Open Market,0.0,0.04932221800922752
KD-050,Jema'a,Primary Health Centre,Ibuprofen Suspension,Child,51.0,65.0,Free MNCH,0.0,0.04925886796656401
KD-151,Sabon Gari,Health Post,Giving Sets,Maternal,19.0,26.0,Zipline,0.0,0.048964754795594284
KD-110,Kauru,Primary Health Centre,IV Fluids,Maternal,43.0,82.0,KDHSMA,0.0,0.048900395935455115
KD-123,Kudan,Primary Health Centre,Sulphadoxine + Pyrimethamine,Maternal,384.0,448.0,LGA,0.0,0.04876869518282849
KD-168,Soba,Primary Health Centre,Giving Sets,Maternal,116.0,74.0,KDHSMA,0.0,0.04858760711708124
KD-145,Sabon Gari,Primary Health Centre,Amoxicillin Capsule,General,2068.0,1045.0,Open Market,0.0,0.04856277245379652
KD-043,Jaba,Health Post,Zinc,Child,58.0,120.0,LGA,0.0,0.04852088562555515
KD-175,Zangon Kataf,Basic Health Centre,Ibuprofen Tablet,General,353.0,414.0,KDHSMA,0.0,0.04826666303248361
KD-010,Chikun,General Hospital,Artemether + Lumefantrine,General,525.0,964.0,Zipline,0.0,0.04822574635207642
KD-040,Ikara,Health Post,ORS,Child,108.0,105.0,Free MNCH,0.0,0.04820388710564725
KD-140,Makarfi,Basic Health Centre,Misoprostol,Maternal,160.0,107.0,Free MNCH,0.0,0.048053747484204275
KD-097,Kaura,Health Post,Implants,Family Planning,10.0,6.0,Federal Government,0.0,0.04797329434008387
KD-088,Kagarko,Primary Health Centre,Artemether + Lumefantrine,General,104.0,241.0,KDHSMA,0.0,0.04783424486169768
KD-145,Sabon Gari,Primary Health Centre,Paracetamol Syrup,Child,136.0,144.0,LGA,0.0,0.04773559232115034
KD-137,Makarfi,Primary Health Centre,IV Fluids,Maternal,65.0,,Open Market,0.0,0.04738567969622148
KD-141,Makarfi,Basic Health Centre,Paracetamol Tablet,General,1414.0,,Open Market,0.0,0.047261128218503326
KD-036,Ikara,Health Post,Ibuprofen Suspension,Child,20.0,19.0,KDHSMA,0.0,0.04711658514732311
KD-149,Sabon Gari,Basic Health Centre,Misoprostol,Maternal,64.0,116.0,Free MNCH,0.0,0.04701837592581936
KD-115,Kubau,General Hospital,ORS,Child,592.0,1415.0,NGO,0.0,0.04687705927915443
KD-114,Kubau,Primary Health Centre,Paracetamol Syrup,Child,187.0,105.0,NGO,0.0,0.04674810823697884
KD-059,Kachia,Primary Health Centre,Ibuprofen Tablet,General,307.0,743.0,Free MNCH,0.0,0.04670427382287432
KD-074,Kaduna South,Health Post,Zinc,Child,78.0,135.0,Open Market,0.0,0.046585176108458935
KD-156,Sanga,General Hospital,Ferrous Sulphate,Maternal,12783.0,,Federal Government,0.0,0.04653002422213175
KD-007,Birnin Gwari,General Hospital,Magnesium Sulphate Injection,Maternal,220.0,99.0,KDHSMA,0.0,0.04630635824579365
KD-029,Igabi,Primary Health Centre,Paracetamol Tablet,General,2988.0,2141.0,NGO,0.0,0.04626536705623414
KD-063,Kachia,Primary Health Centre,Misoprostol,Maternal,130.0,180.0,Zipline,0.0,0.04617899695745106
KD-008,Birnin Gwari,Primary Health Centre,Giving Sets,Maternal,90.0,,Open Market,0.0,0.04615619555018587
KD-175,Zangon Kataf,Basic Health Centre,Sulphadoxine + Pyrimethamine,Maternal,340.0,208.0,KDHSMA,0.0,0.04610968034788484
KD-010,Chikun,General Hospital,Artemether Injection,General,183.0,199.0,Open Market,0.0,0.04581146955537372
KD-040,Ikara,Health Post,Paracetamol Tablet,General,768.0,622.0,Donations,0.0,0.04576887358055332
KD-071,Kaduna North,Primary Health Centre,Chlorhexidine Gel,Child,23.0,41.0,Zipline,0.0,0.0457096588240556
KD-040,Ikara,Health Post,Sulphadoxine + Pyrimethamine,Maternal,185.0,113.0,Free MNCH,0.0,0.045644351804015305
KD-093,Kajuru,Health Post,Ibuprofen Tablet,General,221.0,203.0,KDHSMA,0.0,0.0456012866876257
KD-123,Kudan,Primary Health Centre,Injectable Contraceptives,Family Planning,78.0,102.0,KDHSMA,0.0,0.045444366849262174
KD-180,Zaria,Health Post,IV Fluids,Maternal,16.0,25.0,Open Market,0.0,0.045442476096838255
KD-168,Soba,Primary Health Centre,ORS,Child,235.0,395.0,KDHSMA,0.0,0.04540131916565152
KD-063,Kachia,Primary Health Centre,Amoxicillin Dispersible,Child,80.0,95.0,NGO,0.0,0.04536043619204278
KD-010,Chikun,General Hospital,Amoxicillin Capsule,General,3327.0,5100.0,Free MNCH,0.0,0.045247049423712264
KD-069,Kaduna North,Health Post,Zinc,Child,169.0,121.0,LGA,0.0,0.04522172318043682
KD-123,Kudan,Primary Health Centre,Artemether Injection,General,51.0,67.0,KDHSMA,0.0,0.04517578896567225
KD-036,Ikara,Health Post,Oxytocin,Maternal,21.0,19.0,KDHSMA,0.0,0.045029711483278806
KD-113,Kubau,Basic Health Centre,Oxytocin,Maternal,20.0,31.0,Free MNCH,0.0,0.04474049980237369
KD-165,Soba,Primary Health Centre,Tranexamic Acid Injection,Maternal,16.0,19.0,KDHSMA,0.0,0.044728743492348115
KD-175,Zangon Kataf,Basic Health Centre,Paracetamol Tablet,General,1011.0,1452.0,KDHSMA,0.0,0.04461775932988539
KD-034,Ikara,Primary Health Centre,Zinc,Child,227.0,491.0,Open Market,0.0,0.044463736079408615
KD-070,Kaduna North,Health Post,Artemether + Lumefantrine,General,71.0,86.0,LGA,0.0,0.044293904366333396
KD-041,Jaba,Basic Health Centre,Calibrated Blood Collection Drape,Maternal,24.0,14.0,Open Market,0.0,0.044186586706194325
KD-163,Soba,Primary Health Centre,ORS,Child,147.0,334.0,KDHSMA,0.0,0.04415127741468142
KD-061,Kachia,Primary Health Centre,Giving Sets,Maternal,79.0,92.0,KDHSMA,0.0,0.04409268973227629
KD-104,Kaura,Basic Health Centre,Sulphadoxine + Pyrimethamine,Maternal,274.0,,Zipline,0.0,0.04407608126558204
KD-079,Kaduna South,Health Post,Paracetamol Tablet,General,283.0,638.0,Open Market,0.0,0.0440363668349028
KD-140,Makarfi,Basic Health Centre,Zinc,Child,282.0,281.0,Open Market,0.0,0.04401208940191696
KD-110,Kauru,Primary Health Centre,Chlorhexidine Gel,Child,29.0,50.0,Federal Government,0.0,0.04380087052297038
KD-020,Giwa,Primary Health Centre,Sulphadoxine + Pyrimethamine,Maternal,323.0,414.0,Open Market,0.0,0.04378496437909963
KD-039,Ikara,Primary Health Centre,Giving Sets,Maternal,58.0,105.0,KDHSMA,0.0,0.043691267615991854
KD-058,Kachia,Basic Health Centre,Artemether + Lumefantrine,General,258.0,,Open Market,0.0,0.04351836390064327
KD-010,Chikun,General Hospital,Giving Sets,Maternal,193.0,418.0,Free MNCH,0.0,0.043449428921486836
KD-013,Chikun,Primary Health Centre,Amoxicillin Dispersible,Child,35.0,73.0,Zipline,0.0,0.04343202188313873
KD-036,Ikara,Health Post,Misoprostol,Maternal,65.0,49.0,Federal Government,0.0,0.04336671529142529
KD-029,Igabi,Primary Health Centre,Injectable Contraceptives,Family Planning,38.0,84.0,NGO,0.0,0.04336366078289448
KD-104,Kaura,Basic Health Centre,Paracetamol Syrup,Child,77.0,,Zipline,0.0,0.043295757912976775
KD-156,Sanga,General Hospital,Amoxicillin Capsule,General,8781.0,,Open Market,0.0,0.04325363958212652
KD-044,Jaba,Primary Health Centre,Amoxicillin Dispersible,Child,138.0,,Zipline,0.0,0.04318238908406695
KD-177,Zaria,Basic Health Centre,Artemether + Lumefantrine,General,109.0,161.0,KDHSMA,0.0,0.04315130850367483
KD-043,Jaba,Health Post,Artemether Injection,General,28.0,17.0,Donations,0.0,0.04310810168142908
KD-145,Sabon Gari,Primary Health Centre,Paracetamol Tablet,General,1721.0,2650.0,Open Market,0.0,0.04310314297022597
KD-074,Kaduna South,Health Post,Sulphadoxine + Pyrimethamine,Maternal,219.0,113.0,Zipline,0.0,0.04306786764657014
KD-129,Lere,Basic Health Centre,Misoprostol,Maternal,137.0,92.0,Federal Government,0.0,0.04293716938248063
KD-075,Kaduna South,Primary Health Centre,Ferrous Sulphate,Maternal,872.0,1535.0,KDHSMA,0.0,0.04254804103696953
KD-008,Birnin Gwari,Primary Health Centre,IV Fluids,Maternal,132.0,,Open Market,0.0,0.042529931339173384
KD-180,Zaria,Health Post,Paracetamol Syrup,Child,37.0,41.0,Open Market,0.0,0.04248977563388916
KD-175,Zangon Kataf,Basic Health Centre,Folic Acid,Maternal,899.0,806.0,KDHSMA,0.0,0.04246671348533919
KD-048,Jaba,Primary Health Centre,ORS,Child,545.0,349.0,KDHSMA,0.0,0.04219054335852626
KD-156,Sanga,General Hospital,Zinc,Child,2076.0,,Open Market,0.0,0.04204173673780888
KD-127,Kudan,Primary Health Centre,Magnesium Sulphate Injection,Maternal,32.0,34.0,KDHSMA,0.0,0.04194171928429563
KD-139,Makarfi,Health Post,Artemether + Lumefantrine,General,44.0,92.0,Donations,0.0,0.04191561092018304
KD-063,Kachia,Primary Health Centre,Folic Acid,Maternal,738.0,1595.0,Zipline,0.0,0.04188432935433889
KD-009,Chikun,Basic Health Centre,Implants,Family Planning,17.0,10.0,Federal Government,0.0,0.041857172020595204
KD-044,Jaba,Primary Health Centre,Ibuprofen Tablet,General,890.0,,Zipline,0.0,0.041715147329166334
KD-051,Jema'a,Basic Health Centre,Oxytocin,Maternal,19.0,37.0,Free MNCH,0.0,0.04165193726837105
KD-062,Kachia,Basic Health Centre,Zinc,Child,155.0,290.0,KDHSMA,0.0,0.041569192565192335
KD-179,Zaria,Primary Health Centre,Oxytocin,Maternal,34.0,63.0,Open Market,0.0,0.0414709321574881
KD-081,Kagarko,Primary Health Centre,Amoxicillin Dispersible,Child,50.0,92.0,Open Market,0.0,0.04139932758789658
KD-015,Chikun,Primary Health Centre,Paracetamol Tablet,General,1135.0,2274.0,Free MNCH,0.0,0.041206036017735606
KD-124,Kudan,Health Post,Implants,Family Planning,12.0,8.0,Federal Government,0.0,0.041193691062848856
KD-049,Jema'a,General Hospital,Paracetamol Syrup,Child,1022.0,,KDHSMA,0.0,0.040979173008270114
KD-072,Kaduna North,General Hospital,Folic Acid,Maternal,2974.0,5692.0,KDHSMA,0.0,0.040854641588834006
KD-154,Sanga,Basic Health Centre,Artemether Injection,General,24.0,33.0,LGA,0.0,0.04065408506570087
KD-156,Sanga,General Hospital,Oxytocin,Maternal,507.0,,Open Market,0.0,0.04059132766460089
KD-168,Soba,Primary Health Centre,Ibuprofen Suspension,Child,55.0,70.0,KDHSMA,0.0,0.04048175351650715
KD-009,Chikun,Basic Health Centre,Paracetamol Tablet,General,551.0,1184.0,KDHSMA,0.0,0.040469272072806824
KD-063,Kachia,Primary Health Centre,Oxytocin,Maternal,43.0,69.0,Zipline,0.0,0.040299182568474305
KD-175,Zangon Kataf,Basic Health Centre,Artemether + Lumefantrine,General,373.0,184.0,KDHSMA,0.0,0.04027943786277308
KD-036,Ikara,Health Post,Paracetamol Syrup,Child,47.0,40.0,KDHSMA,0.0,0.04025567172643208
KD-124,Kudan,Health Post,Amoxicillin Capsule,General,189.0,421.0,Donations,0.0,0.04015066377883085
KD-127,Kudan,Primary Health Centre,Amoxicillin Dispersible,Child,80.0,102.0,Zipline,0.0,0.040092703480885304
KD-078,Kaduna South,General Hospital,Artemether Injection,General,152.0,194.0,KDHSMA,0.0,0.04003452698966223
KD-076,Kaduna South,Basic Health Centre,Misoprostol,Maternal,82.0,118.0,Free MNCH,0.0,0.03997788724897283
KD-010,Chikun,General Hospital,Ibuprofen Suspension,Child,378.0,245.0,Federal Government,0.0,0.039931584875135394
KD-103,Kaura,Basic Health Centre,Giving Sets,Maternal,29.0,50.0,Open Market,0.0,0.0398887309067669
KD-035,Ikara,Basic Health Centre,Ibuprofen Tablet,General,200.0,445.0,Federal Government,0.0,0.039882587224535346
KD-138,Makarfi,Primary Health Centre,Artemether + Lumefantrine,General,138.0,330.0,KDHSMA,0.0,0.039601387970479136
KD-044,Jaba,Primary Health Centre,IV Fluids,Maternal,182.0,,Zipline,0.0,0.03939714629963731
KD-147,Sabon Gari,General Hospital,Ibuprofen Tablet,General,1421.0,3567.0,Zipline,0.0,0.039333251191189265
KD-160,Sanga,Primary Health Centre,Chlorhexidine Gel,Child,53.0,45.0,Zipline,0.0,0.039221025182623354
KD-149,Sabon Gari,Basic Health Centre,Ibuprofen Tablet,General,221.0,442.0,KDHSMA,0.0,0.03916000059723832
KD-155,Sanga,Primary Health Centre,Magnesium Sulphate Injection,Maternal,29.0,29.0,Free MNCH,0.0,0.03912163033720748
KD-175,Zangon Kataf,Basic Health Centre,Paracetamol Syrup,Child,73.0,69.0,Donations,0.0,0.03907444425558383
KD-132,Lere,Primary Health Centre,Zinc,Child,265.0,391.0,KDHSMA,0.0,0.03904931688818293
KD-082,Kagarko,General Hospital,Artemether Injection,General,141.0,197.0,NGO,0.0,0.039036372868295484
KD-130,Lere,Primary Health Centre,Injectable Contraceptives,Family Planning,90.0,91.0,Federal Government,0.0,0.038957719317744936
KD-094,Kajuru,Primary Health Centre,Zinc,Child,430.0,515.0,NGO,0.0,0.03882191391235313
KD-044,Jaba,Primary Health Centre,Sulphadoxine + Pyrimethamine,Maternal,642.0,,Zipline,0.0,0.03867148492426133
KD-084,Kagarko,General Hospital,Paracetamol Syrup,Child,301.0,571.0,Federal Government,0.0,0.03860172263664195
KD-098,Kaura,Basic Health Centre,ORS,Child,130.0,200.0,Open Market,0.0,0.038601703906350704
KD-143,Makarfi,Basic Health Centre,Amoxicillin Capsule,General,369.0,666.0,KDHSMA,0.0,0.03856663704141352
KD-114,Kubau,Primary Health Centre,Chlorhexidine Gel,Child,33.0,44.0,KDHSMA,0.0,0.0384614061874861
KD-165,Soba,Primary Health Centre,Oxytocin,Maternal,44.0,60.0,Free MNCH,0.0,0.03839783359653445
KD-149,Sabon Gari,Basic Health Centre,Ferrous Sulphate,Maternal,1368.0,682.0,Zipline,0.0,0.03838549815206713
KD-160,Sanga,Primary Health Centre,Folic Acid,Maternal,1344.0,1496.0,KDHSMA,0.0,0.03835435170698581
KD-003,Birnin Gwari,Primary Health Centre,Calibrated Blood Collection Drape,Maternal,32.0,36.0,Zipline,0.0,0.0382982856738343
KD-028,Igabi,Primary Health Centre,Amoxicillin Capsule,General,1083.0,1063.0,Free MNCH,0.0,0.03826455970595057
KD-094,Kajuru,Primary Health Centre,Chlorhexidine Gel,Child,61.0,48.0,Open Market,0.0,0.038249480646316135
KD-129,Lere,Basic Health Centre,Artemether + Lumefantrine,General,220.0,183.0,KDHSMA,0.0,0.0382195461241325
KD-110,Kauru,Primary Health Centre,Paracetamol Tablet,General,1063.0,1967.0,Federal Government,0.0,0.03816249724114913
KD-008,Birnin Gwari,Primary Health Centre,Paracetamol Tablet,General,3488.0,,Open Market,0.0,0.03816151927945563
KD-175,Zangon Kataf,Basic Health Centre,Zinc,Child,268.0,206.0,Open Market,0.0,0.03806015840180154
KD-008,Birnin Gwari,Primary Health Centre,Zinc,Child,519.0,,Open Market,0.0,0.037836880390967234
KD-080,Kaduna South,Basic Health Centre,Paracetamol Tablet,General,1183.0,1420.0,Open Market,0.0,0.037751896990679254
KD-049,Jema'a,General Hospital,Giving Sets,Maternal,599.0,,Federal Government,0.0,0.037707515798198796
KD-129,Lere,Basic Health Centre,Zinc,Child,302.0,224.0,KDHSMA,0.0,0.037682199803701334
KD-145,Sabon Gari,Primary Health Centre,Giving Sets,Maternal,82.0,81.0,Open Market,0.0,0.0376565730316118
KD-088,Kagarko,Primary Health Centre,Amoxicillin Dispersible,Child,37.0,76.0,KDHSMA,0.0,0.03759486906422848
KD-049,Jema'a,General Hospital,Artemether + Lumefantrine,General,530.0,,KDHSMA,0.0,0.037549780441140185
KD-035,Ikara,Basic Health Centre,Ibuprofen Suspension,Child,21.0,39.0,NGO,0.0,0.03741404925448945
KD-049,Jema'a,General Hospital,Amoxicillin Dispersible,Child,512.0,,KDHSMA,0.0,0.037399880396160504
KD-088,Kagarko,Primary Health Centre,Ibuprofen Tablet,General,441.0,837.0,KDHSMA,0.0,0.037249929890482564
KD-008,Birnin Gwari,Primary Health Centre,Folic Acid,Maternal,2167.0,,Open Market,0.0,0.037178829614798646
KD-137,Makarfi,Primary Health Centre,Giving Sets,Maternal,266.0,,Open Market,0.0,0.03694440764277622
KD-021,Giwa,Primary Health Centre,Amoxicillin Capsule,General,727.0,982.0,LGA,0.0,0.03693632144425033
KD-076,Kaduna South,Basic Health Centre,Ibuprofen Tablet,General,247.0,364.0,KDHSMA,0.0,0.036883860949777414
KD-091,Kajuru,General Hospital,Paracetamol Tablet,General,12429.0,9421.0,NGO,0.0,0.03687529475399703
KD-179,Zaria,Primary Health Centre,Injectable Contraceptives,Family Planning,90.0,75.0,Federal Government,0.0,0.036712141949408764
KD-149,Sabon Gari,Basic Health Centre,Paracetamol Syrup,Child,73.0,68.0,KDHSMA,0.0,0.036700138853603605
KD-008,Birnin Gwari,Primary Health Centre,Amoxicillin Capsule,General,2947.0,,Open Market,0.0,0.03668721940285714
KD-174,Zangon Kataf,Health Post,Folic Acid,Maternal,191.0,361.0,Open Market,0.0,0.0366754911130814
KD-132,Lere,Primary Health Centre,Tranexamic Acid Injection,Maternal,36.0,26.0,KDHSMA,0.0,0.0365923242854147
KD-137,Makarfi,Primary Health Centre,Zinc,Child,476.0,,Open Market,0.0,0.03658383714457027
KD-137,Makarfi,Primary Health Centre,Folic Acid,Maternal,2196.0,,Open Market,0.0,0.03654618082681891
KD-009,Chikun,Basic Health Centre,Artemether + Lumefantrine,General,406.0,138.0,KDHSMA,0.0,0.036381138420248274
KD-088,Kagarko,Primary Health Centre,Zinc,Child,188.0,441.0,KDHSMA,0.0,0.03632922811754151
KD-091,Kajuru,General Hospital,Artemether Injection,General,181.0,253.0,NGO,0.0,0.03630937970877058
KD-102,Kaura,Primary Health Centre,Amoxicillin Capsule,General,1118.0,1157.0,LGA,0.0,0.036273216449337835
KD-003,Birnin Gwari,Primary Health Centre,Artemether Injection,General,34.0,54.0,Zipline,0.0,0.03612552395612324
KD-156,Sanga,General Hospital,Amoxicillin Dispersible,Child,596.0,,Open Market,0.0,0.03611999437254438
KD-058,Kachia,Basic Health Centre,Zinc,Child,402.0,,Open Market,0.0,0.03608201171103678
KD-101,Kaura,Primary Health Centre,IV Fluids,Maternal,48.0,96.0,KDHSMA,0.0,0.035959325395854065
KD-152,Sabon Gari,Primary Health Centre,Misoprostol,Maternal,152.0,196.0,Free MNCH,0.0,0.03591295282343953
KD-142,Makarfi,Primary Health Centre,Artemether Injection,General,24.0,51.0,Free MNCH,0.0,0.03588477324754487
KD-148,Sabon Gari,Primary Health Centre,Ibuprofen Tablet,General,395.0,842.0,Open Market,0.0,0.03585041510601047
KD-140,Makarfi,Basic Health Centre,Amoxicillin Dispersible,Child,72.0,48.0,Free MNCH,0.0,0.03582427549584624
KD-002,Birnin Gwari,Primary Health Centre,Amoxicillin Capsule,General,733.0,1196.0,KDHSMA,0.0,0.035823984524275966
KD-049,Jema'a,General Hospital,Sulphadoxine + Pyrimethamine,Maternal,796.0,,KDHSMA,0.0,0.035794328776740644
KD-091,Kajuru,General Hospital,Ibuprofen Tablet,General,2598.0,2775.0,NGO,0.0,0.03565302395235718
KD-167,Soba,Basic Health Centre,IV Fluids,Maternal,19.0,40.0,KDHSMA,0.0,0.03562752317194306
KD-043,Jaba,Health Post,Artemether + Lumefantrine,General,70.0,94.0,LGA,0.0,0.035594843386049436
KD-069,Kaduna North,Health Post,Paracetamol Syrup,Child,29.0,42.0,Donations,0.0,0.035506006452242014
KD-115,Kubau,General Hospital,IV Fluids,Maternal,393.0,317.0,KDHSMA,0.0,0.03533716027862846
KD-071,Kaduna North,Primary Health Centre,Giving Sets,Maternal,67.0,103.0,KDHSMA,0.0,0.035330693058936505
KD-159,Sanga,General Hospital,Amoxicillin Dispersible,Child,799.0,313.0,KDHSMA,0.0,0.035282044143952404
KD-153,Sanga,General Hospital,Zinc,Child,1425.0,1970.0,Zipline,0.0,0.035281693452479224
KD-085,Kagarko,Primary Health Centre,Ibuprofen Suspension,Child,38.0,60.0,Zipline,0.0,0.03520003873965385
KD-153,Sanga,General Hospital,Amoxicillin Capsule,General,9309.0,5306.0,KDHSMA,0.0,0.03502960906619597
KD-098,Kaura,Basic Health Centre,IV Fluids,Maternal,52.0,57.0,Open Market,0.0,0.03498036610153747
KD-156,Sanga,General Hospital,IV Fluids,Maternal,876.0,,Open Market,0.0,0.034951126314965004
KD-041,Jaba,Basic Health Centre,Paracetamol Syrup,Child,71.0,53.0,Open Market,0.0,0.0349161039448424
KD-008,Birnin Gwari,Primary Health Centre,ORS,Child,616.0,,Open Market,0.0,0.03486062669424342
KD-111,Kauru,Basic Health Centre,Artemether + Lumefantrine,General,122.0,148.0,KDHSMA,0.0,0.03484617542799552
KD-153,Sanga,General Hospital,Paracetamol Syrup,Child,613.0,399.0,KDHSMA,0.0,0.03477758979380947
KD-003,Birnin Gwari,Primary Health Centre,IV Fluids,Maternal,65.0,75.0,Zipline,0.0,0.03477562828871749
KD-008,Birnin Gwari,Primary Health Centre,Artemether + Lumefantrine,General,280.0,302.0,Open Market,0.0,0.034773732607324664
KD-079,Kaduna South,Health Post,IV Fluids,Maternal,19.0,31.0,Open Market,0.0,0.034670612875859236
KD-137,Makarfi,Primary Health Centre,ORS,Child,371.0,,Open Market,0.0,0.03463775914941848
KD-034,Ikara,Primary Health Centre,Artemether Injection,General,29.0,53.0,Free MNCH,0.0,0.03462856490847129
KD-011,Chikun,Basic Health Centre,Ibuprofen Suspension,Child,38.0,34.0,Donations,0.0,0.034574293552789445
KD-154,Sanga,Basic Health Centre,Injectable Contraceptives,Family Planning,45.0,46.0,NGO,0.0,0.034571799310395286
KD-045,Jaba,Health Post,Paracetamol Tablet,General,360.0,752.0,Federal Government,0.0,0.034510140369917265
KD-078,Kaduna South,General Hospital,Giving Sets,Maternal,182.0,359.0,KDHSMA,0.0,0.034485391828957206
KD-068,Kaduna North,Health Post,Injectable Contraceptives,Family Planning,18.0,28.0,Donations,0.0,0.03443745992336705
KD-039,Ikara,Primary Health Centre,Ibuprofen Tablet,General,542.0,768.0,KDHSMA,0.0,0.03427284467342223
KD-007,Birnin Gwari,General Hospital,Amoxicillin Dispersible,Child,218.0,335.0,KDHSMA,0.0,0.034260627159788365
KD-153,Sanga,General Hospital,Ibuprofen Tablet,General,3778.0,3347.0,KDHSMA,0.0,0.03421587051586525
KD-043,Jaba,Health Post,Amoxicillin Capsule,General,207.0,340.0,LGA,0.0,0.03412487809256682
KD-039,Ikara,Primary Health Centre,Zinc,Child,448.0,430.0,KDHSMA,0.0,0.034052526936328174
KD-058,Kachia,Basic Health Centre,Ibuprofen Tablet,General,779.0,,Open Market,0.0,0.03400994546553089
KD-168,Soba,Primary Health Centre,Folic Acid,Maternal,844.0,1462.0,KDHSMA,0.0,0.03399397255572433
KD-156,Sanga,General Hospital,Artemether Injection,General,238.0,248.0,Open Market,0.0,0.033958393648919935
KD-033,Ikara,Basic Health Centre,Artemether Injection,General,43.0,28.0,Federal Government,0.0,0.03389551048338141
KD-062,Kachia,Basic Health Centre,Oxytocin,Maternal,20.0,31.0,Free MNCH,0.0,0.03387282651182952
KD-162,Soba,Basic Health Centre,Artemether + Lumefantrine,General,67.0,157.0,KDHSMA,0.0,0.03386514197942867
KD-051,Jema'a,Basic Health Centre,Paracetamol Syrup,Child,65.0,66.0,Free MNCH,0.0,0.03386213282973488
KD-004,Birnin Gwari,General Hospital,Paracetamol Tablet,General,26443.0,10252.0,NGO,0.0,0.03381232939749844
KD-038,Ikara,Health Post,Oxytocin,Maternal,29.0,16.0,Zipline,0.0,0.03381094597679359
KD-070,Kaduna North,Health Post,Ferrous Sulphate,Maternal,194.0,333.0,LGA,0.0,0.033790119735271934
KD-001,Birnin Gwari,Primary Health Centre,Injectable Contraceptives,Family Planning,53.0,104.0,Free MNCH,0.0,0.033754117028570466
KD-140,Makarfi,Basic Health Centre,Ibuprofen Tablet,General,279.0,416.0,Open Market,0.0,0.03374770885473056
KD-110,Kauru,Primary Health Centre,Paracetamol Syrup,Child,88.0,144.0,Federal Government,0.0,0.033668966486259284
KD-033,Ikara,Basic Health Centre,Amoxicillin Capsule,General,358.0,587.0,Federal Government,0.0,0.03361951246150096
KD-140,Makarfi,Basic Health Centre,Sulphadoxine + Pyrimethamine,Maternal,344.0,292.0,Open Market,0.0,0.033461586842838294
KD-137,Makarfi,Primary Health Centre,Artemether + Lumefantrine,General,1146.0,,Open Market,0.0,0.03333595246585593
KD-070,Kaduna North,Health Post,Ibuprofen Tablet,General,581.0,201.0,LGA,0.0,0.033266637308805684
KD-043,Jaba,Health Post,Paracetamol Syrup,Child,34.0,35.0,LGA,0.0,0.033134185387898786
KD-168,Soba,Primary Health Centre,Zinc,Child,616.0,418.0,LGA,0.0,0.03312822707652398
KD-153,Sanga,General Hospital,Misoprostol,Maternal,1069.0,659.0,KDHSMA,0.0,0.03312662153923027
KD-018,Giwa,Primary Health Centre,Misoprostol,Maternal,98.0,191.0,Federal Government,0.0,0.03308224261297155
KD-176,Zangon Kataf,Primary Health Centre,Misoprostol,Maternal,163.0,207.0,Free MNCH,0.0,0.03307440137219519
KD-059,Kachia,Primary Health Centre,Implants,Family Planning,19.0,22.0,Free MNCH,0.0,0.0330187517285696
KD-098,Kaura,Basic Health Centre,Paracetamol Tablet,General,626.0,1402.0,Free MNCH,0.0,0.03299551768774369
KD-166,Soba,Primary Health Centre,Paracetamol Syrup,Child,72.0,128.0,KDHSMA,0.0,0.03295706569202844
KD-079,Kaduna South,Health Post,Oxytocin,Maternal,18.0,16.0,Federal Government,0.0,0.03283747478269078
KD-023,Giwa,Primary Health Centre,Giving Sets,Maternal,128.0,107.0,Zipline,0.0,0.03283056691613859
KD-070,Kaduna North,Health Post,Sulphadoxine + Pyrimethamine,Maternal,144.0,148.0,LGA,0.0,0.03280351926343029
KD-051,Jema'a,Basic Health Centre,Ferrous Sulphate,Maternal,342.0,631.0,Free MNCH,0.0,0.03273472967045573
KD-071,Kaduna North,Primary Health Centre,Ibuprofen Tablet,General,479.0,640.0,KDHSMA,0.0,0.0325690190964918
KD-009,Chikun,Basic Health Centre,Zinc,Child,149.0,256.0,KDHSMA,0.0,0.032544397273532914
KD-038,Ikara,Health Post,IV Fluids,Maternal,58.0,29.0,Zipline,0.0,0.03254035167243262
KD-033,Ikara,Basic Health Centre,Artemether + Lumefantrine,General,153.0,167.0,KDHSMA,0.0,0.032535760251200446
KD-007,Birnin Gwari,General Hospital,Artemether + Lumefantrine,General,3041.0,1194.0,KDHSMA,0.0,0.032531367071111525
KD-085,Kagarko,Primary Health Centre,Chlorhexidine Gel,Child,21.0,37.0,NGO,0.0,0.03240276647892258
KD-101,Kaura,Primary Health Centre,Injectable Contraceptives,Family Planning,80.0,99.0,KDHSMA,0.0,0.0323809838144049
KD-056,Jema'a,Health Post,Sulphadoxine + Pyrimethamine,Maternal,66.0,113.0,Free MNCH,0.0,0.03236536061727188
KD-034,Ikara,Primary Health Centre,Amoxicillin Capsule,General,564.0,1124.0,Free MNCH,0.0,0.03235435208534367
KD-078,Kaduna South,General Hospital,Injectable Contraceptives,Family Planning,190.0,304.0,Federal Government,0.0,0.03232596318161849
KD-158,Sanga,Basic Health Centre,Misoprostol,Maternal,116.0,87.0,KDHSMA,0.0,0.0322959410356847
KD-127,Kudan,Primary Health Centre,Paracetamol Tablet,General,1222.0,2638.0,KDHSMA,0.0,0.03221385375944098
KD-101,Kaura,Primary Health Centre,Amoxicillin Dispersible,Child,89.0,108.0,KDHSMA,0.0,0.03214442790074233
KD-168,Soba,Primary Health Centre,Sulphadoxine + Pyrimethamine,Maternal,742.0,515.0,Zipline,0.0,0.03210225159553594
KD-005,Birnin Gwari,Primary Health Centre,Ibuprofen Suspension,Child,27.0,57.0,Free MNCH,0.0,0.032093971895231076
KD-149,Sabon Gari,Basic Health Centre,Artemether + Lumefantrine,General,268.0,157.0,KDHSMA,0.0,0.03208889782616895
KD-009,Chikun,Basic Health Centre,Giving Sets,Maternal,62.0,44.0,KDHSMA,0.0,0.031986756001708104
KD-009,Chikun,Basic Health Centre,Injectable Contraceptives,Family Planning,67.0,44.0,Federal Government,0.0,0.031958733564660585
KD-149,Sabon Gari,Basic Health Centre,Paracetamol Tablet,General,1983.0,1356.0,KDHSMA,0.0,0.03187584332193801
KD-004,Birnin Gwari,General Hospital,ORS,Child,1365.0,1423.0,Open Market,0.0,0.03185933938602372
KD-007,Birnin Gwari,General Hospital,Ibuprofen Tablet,General,1358.0,3029.0,Donations,0.0,0.0318587820104024
KD-127,Kudan,Primary Health Centre,Ibuprofen Suspension,Child,41.0,60.0,KDHSMA,0.0,0.03180120202783608
KD-110,Kauru,Primary Health Centre,Amoxicillin Dispersible,Child,174.0,75.0,Federal Government,0.0,0.031733478820149146
KD-027,Igabi,Health Post,Artemether + Lumefantrine,General,51.0,78.0,KDHSMA,0.0,0.031678706861620706
KD-180,Zaria,Health Post,Injectable Contraceptives,Family Planning,47.0,28.0,Open Market,0.0,0.03164726404459337
KD-068,Kaduna North,Health Post,Chlorhexidine Gel,Child,13.0,13.0,Donations,0.0,0.03159404980399734
KD-171,Zangon Kataf,Basic Health Centre,Amoxicillin Dispersible,Child,25.0,43.0,Open Market,0.0,0.03154558033570064
KD-171,Zangon Kataf,Basic Health Centre,Artemether + Lumefantrine,General,85.0,166.0,Federal Government,0.0,0.03150865102685032
KD-067,Kaduna North,Primary Health Centre,Paracetamol Tablet,General,1511.0,2290.0,LGA,0.0,0.031496416053381535
KD-129,Lere,Basic Health Centre,Oxytocin,Maternal,40.0,36.0,Free MNCH,0.0,0.031414365411884956
KD-156,Sanga,General Hospital,Ibuprofen Tablet,General,1704.0,2576.0,Open Market,0.0,0.0314069428835858
KD-180,Zaria,Health Post,Amoxicillin Capsule,General,535.0,375.0,Open Market,0.0,0.031406700690278844
KD-003,Birnin Gwari,Primary Health Centre,Ibuprofen Tablet,General,1918.0,673.0,Zipline,0.0,0.0313905976492858
KD-132,Lere,Primary Health Centre,Artemether + Lumefantrine,General,355.0,254.0,KDHSMA,0.0,0.03135499882098028
KD-013,Chikun,Primary Health Centre,Injectable Contraceptives,Family Planning,57.0,84.0,Federal Government,0.0,0.03134075088709099
KD-161,Soba,Primary Health Centre,Ferrous Sulphate,Maternal,1335.0,1539.0,Zipline,0.0,0.031227333703525578
KD-007,Birnin Gwari,General Hospital,Oxytocin,Maternal,174.0,224.0,KDHSMA,0.0,0.0312250917246523
KD-012,Chikun,Primary Health Centre,Misoprostol,Maternal,90.0,168.0,NGO,0.0,0.031217434944944084
KD-009,Chikun,Basic Health Centre,ORS,Child,261.0,240.0,KDHSMA,0.0,0.031216445142055172
KD-001,Birnin Gwari,Primary Health Centre,Giving Sets,Maternal,52.0,89.0,Free MNCH,0.0,0.03116786480057609
KD-055,Jema'a,Primary Health Centre,Artemether Injection,General,59.0,69.0,KDHSMA,0.0,0.031113629079129262
KD-037,Ikara,Primary Health Centre,Implants,Family Planning,29.0,25.0,Donations,0.0,0.03105604474909089
KD-094,Kajuru,Primary Health Centre,Paracetamol Tablet,General,1851.0,2697.0,Open Market,0.0,0.03104575557826147
KD-132,Lere,Primary Health Centre,Ibuprofen Tablet,General,301.0,692.0,KDHSMA,0.0,0.031010361031955074
KD-004,Birnin Gwari,General Hospital,Artemether + Lumefantrine,General,1303.0,1104.0,NGO,0.0,0.03096731457244841
KD-154,Sanga,Basic Health Centre,ORS,Child,144.0,210.0,LGA,0.0,0.030960704195570347
KD-001,Birnin Gwari,Primary Health Centre,Paracetamol Tablet,General,1816.0,1886.0,Free MNCH,0.0,0.030910030609788655
KD-091,Kajuru,General Hospital,Ibuprofen Suspension,Child,160.0,207.0,NGO,0.0,0.030828773170492374
KD-163,Soba,Primary Health Centre,Ferrous Sulphate,Maternal,705.0,1561.0,KDHSMA,0.0,0.030793008979922924
KD-057,Kachia,Primary Health Centre,Implants,Family Planning,20.0,24.0,NGO,0.0,0.030770286657908232
KD-011,Chikun,Basic Health Centre,Sulphadoxine + Pyrimethamine,Maternal,352.0,230.0,Donations,0.0,0.03067819885097421
KD-153,Sanga,General Hospital,IV Fluids,Maternal,586.0,289.0,KDHSMA,0.0,0.03063266239649111
KD-095,Kajuru,Health Post,Ibuprofen Tablet,General,112.0,203.0,Free MNCH,0.0,0.030610668629834824
KD-094,Kajuru,Primary Health Centre,IV Fluids,Maternal,69.0,92.0,Open Market,0.0,0.030552782674999876
KD-110,Kauru,Primary Health Centre,Injectable Contraceptives,Family Planning,78.0,95.0,Federal Government,0.0,0.030515326174652923
KD-005,Birnin Gwari,Primary Health Centre,Giving Sets,Maternal,119.0,102.0,Free MNCH,0.0,0.03047621930990463
KD-114,Kubau,Primary Health Centre,Amoxicillin Dispersible,Child,71.0,100.0,Open Market,0.0,0.030465281754027726
KD-122,Kudan,Primary Health Centre,Ibuprofen Suspension,Child,48.0,66.0,Federal Government,0.0,0.030461077163916026
KD-178,Zaria,Primary Health Centre,Amoxicillin Dispersible,Child,44.0,96.0,Free MNCH,0.0,0.030362717105287006
KD-154,Sanga,Basic Health Centre,Amoxicillin Capsule,General,707.0,544.0,NGO,0.0,0.030292598687160898
KD-019,Giwa,Primary Health Centre,Tranexamic Acid Injection,Maternal,15.0,23.0,KDHSMA,0.0,0.030276900231577742
KD-137,Makarfi,Primary Health Centre,Ibuprofen Tablet,General,2183.0,,Open Market,0.0,0.030256272345317387
KD-079,Kaduna South,Health Post,Zinc,Child,81.0,148.0,Open Market,0.0,0.030242881349511426
KD-160,Sanga,Primary Health Centre,Sulphadoxine + Pyrimethamine,Maternal,159.0,370.0,KDHSMA,0.0,0.030190662248955513
KD-049,Jema'a,General Hospital,ORS,Child,1508.0,1785.0,KDHSMA,0.0,0.03006483581616188
KD-127,Kudan,Primary Health Centre,Zinc,Child,696.0,395.0,Federal Government,0.0,0.030060267488401474
KD-024,Giwa,Primary Health Centre,Amoxicillin Capsule,General,1639.0,1395.0,KDHSMA,0.0,0.03002886201137748
KD-171,Zangon Kataf,Basic Health Centre,Folic Acid,Maternal,983.0,679.0,Federal Government,0.0,0.029871262065624564
KD-125,Kudan,Health Post,ORS,Child,106.0,96.0,NGO,0.0,0.0298298746352781
KD-004,Birnin Gwari,General Hospital,Sulphadoxine + Pyrimethamine,Maternal,4492.0,1837.0,NGO,0.0,0.029824069757112624
KD-105,Kauru,Health Post,Amoxicillin Capsule,General,143.0,298.0,Free MNCH,0.0,0.029817958997001414
KD-027,Igabi,Health Post,Ibuprofen Suspension,Child,18.0,17.0,KDHSMA,0.0,0.029780541830037616
KD-159,Sanga,General Hospital,Sulphadoxine + Pyrimethamine,Maternal,2295.0,1943.0,KDHSMA,0.0,0.029750501749797924
KD-035,Ikara,Basic Health Centre,Sulphadoxine + Pyrimethamine,Maternal,153.0,253.0,KDHSMA,0.0,0.029684739127197622
KD-074,Kaduna South,Health Post,Paracetamol Tablet,General,474.0,746.0,Zipline,0.0,0.029584920641009923
KD-099,Kaura,Primary Health Centre,Amoxicillin Dispersible,Child,93.0,84.0,Zipline,0.0,0.029547864936724087
KD-168,Soba,Primary Health Centre,Oxytocin,Maternal,59.0,54.0,Federal Government,0.0,0.029509175546431555
KD-149,Sabon Gari,Basic Health Centre,Oxytocin,Maternal,22.0,37.0,Free MNCH,0.0,0.02940375639873481
KD-091,Kajuru,General Hospital,Oxytocin,Maternal,310.0,207.0,Free MNCH,0.0,0.02932547783201521
KD-079,Kaduna South,Health Post,Ferrous Sulphate,Maternal,751.0,324.0,Open Market,0.0,0.02928767669003324
KD-033,Ikara,Basic Health Centre,Amoxicillin Dispersible,Child,26.0,54.0,Federal Government,0.0,0.029245933996208312
KD-004,Birnin Gwari,General Hospital,Paracetamol Syrup,Child,688.0,417.0,NGO,0.0,0.029217886532070237
KD-158,Sanga,Basic Health Centre,Amoxicillin Capsule,General,642.0,750.0,KDHSMA,0.0,0.029172980551531728
KD-098,Kaura,Basic Health Centre,Folic Acid,Maternal,384.0,665.0,Zipline,0.0,0.029156655558888835
KD-051,Jema'a,Basic Health Centre,Artemether Injection,General,37.0,28.0,Free MNCH,0.0,0.029145799943985834
KD-123,Kudan,Primary Health Centre,IV Fluids,Maternal,172.0,75.0,KDHSMA,0.0,0.02914233133043825
KD-076,Kaduna South,Basic Health Centre,Giving Sets,Maternal,82.0,55.0,KDHSMA,0.0,0.02910351573357933
KD-078,Kaduna South,General Hospital,Oxytocin,Maternal,160.0,218.0,KDHSMA,0.0,0.029060308542086348
KD-023,Giwa,Primary Health Centre,Amoxicillin Capsule,General,950.0,1100.0,Zipline,0.0,0.029047956836369706
KD-034,Ikara,Primary Health Centre,Amoxicillin Dispersible,Child,160.0,84.0,Free MNCH,0.0,0.029045763598358518
KD-007,Birnin Gwari,General Hospital,Ibuprofen Suspension,Child,343.0,243.0,KDHSMA,0.0,0.028942379308131018
KD-152,Sabon Gari,Primary Health Centre,Ibuprofen Tablet,General,927.0,781.0,Free MNCH,0.0,0.028859190051852276
KD-104,Kaura,Basic Health Centre,Implants,Family Planning,18.0,12.0,Zipline,0.0,0.02885822920732937
KD-079,Kaduna South,Health Post,Artemether + Lumefantrine,General,177.0,76.0,Open Market,0.0,0.028845292882924763
KD-033,Ikara,Basic Health Centre,Paracetamol Syrup,Child,47.0,56.0,LGA,0.0,0.02874510606029883
KD-058,Kachia,Basic Health Centre,ORS,Child,448.0,,Open Market,0.0,0.028592050617791104
KD-088,Kagarko,Primary Health Centre,Magnesium Sulphate Injection,Maternal,46.0,35.0,KDHSMA,0.0,0.028536411377272138
KD-180,Zaria,Health Post,Ibuprofen Suspension,Child,22.0,21.0,Open Market,0.0,0.02842582545253905
KD-157,Sanga,Primary Health Centre,Ibuprofen Suspension,Child,72.0,62.0,Donations,0.0,0.028402391807662165
KD-154,Sanga,Basic Health Centre,Ibuprofen Tablet,General,258.0,383.0,Federal Government,0.0,0.028374046091555978
KD-170,Zangon Kataf,Basic Health Centre,ORS,Child,217.0,209.0,Free MNCH,0.0,0.028155401809860404
KD-079,Kaduna South,Health Post,Sulphadoxine + Pyrimethamine,Maternal,171.0,137.0,KDHSMA,0.0,0.028147685842865106
KD-072,Kaduna North,General Hospital,Giving Sets,Maternal,517.0,426.0,Federal Government,0.0,0.028112723889475943
KD-043,Jaba,Health Post,ORS,Child,172.0,126.0,LGA,0.0,0.028001679129272074
KD-044,Jaba,Primary Health Centre,Ibuprofen Suspension,Child,44.0,62.0,Zipline,0.0,0.027938303438499058
KD-148,Sabon Gari,Primary Health Centre,Zinc,Child,274.0,510.0,Open Market,0.0,0.027896013998527744
KD-070,Kaduna North,Health Post,Artemether Injection,General,17.0,15.0,Open Market,0.0,0.0278811521907035
KD-043,Jaba,Health Post,IV Fluids,Maternal,43.0,32.0,KDHSMA,0.0,0.027741782271713453
KD-009,Chikun,Basic Health Centre,Oxytocin,Maternal,24.0,34.0,Free MNCH,0.0,0.02772890798039315
KD-084,Kagarko,General Hospital,IV Fluids,Maternal,209.0,370.0,Federal Government,0.0,0.027562208152041176
KD-127,Kudan,Primary Health Centre,Folic Acid,Maternal,2169.0,1302.0,Open Market,0.0,0.027532203411644765
KD-027,Igabi,Health Post,Sulphadoxine + Pyrimethamine,Maternal,205.0,108.0,KDHSMA,0.0,0.027522663262863584
KD-157,Sanga,Primary Health Centre,Amoxicillin Dispersible,Child,56.0,107.0,NGO,0.0,0.027405302848729815
KD-012,Chikun,Primary Health Centre,Amoxicillin Dispersible,Child,113.0,79.0,NGO,0.0,0.02735984008403594
KD-037,Ikara,Primary Health Centre,Giving Sets,Maternal,63.0,86.0,Zipline,0.0,0.027351685052720013
KD-084,Kagarko,General Hospital,Giving Sets,Maternal,407.0,336.0,Federal Government,0.0,0.02729715766703777
KD-025,Igabi,General Hospital,Ferrous Sulphate,Maternal,3390.0,5121.0,Zipline,0.0,0.027231900092763387
KD-060,Kachia,Basic Health Centre,Folic Acid,Maternal,367.0,840.0,KDHSMA,0.0,0.027065539860554707
KD-159,Sanga,General Hospital,Giving Sets,Maternal,370.0,329.0,Open Market,0.0,0.027057534636615276
KD-170,Zangon Kataf,Basic Health Centre,Paracetamol Tablet,General,3773.0,1119.0,Free MNCH,0.0,0.027056160419080762
KD-034,Ikara,Primary Health Centre,Ibuprofen Suspension,Child,42.0,63.0,Open Market,0.0,0.0270432096790164
KD-035,Ikara,Basic Health Centre,Amoxicillin Dispersible,Child,98.0,49.0,KDHSMA,0.0,0.02700227941947351
KD-068,Kaduna North,Health Post,Paracetamol Syrup,Child,28.0,32.0,Donations,0.0,0.026931002829948744
KD-094,Kajuru,Primary Health Centre,Ibuprofen Tablet,General,597.0,829.0,Open Market,0.0,0.026928307229953714
KD-063,Kachia,Primary Health Centre,Paracetamol Syrup,Child,78.0,126.0,Zipline,0.0,0.02691208257422011
KD-038,Ikara,Health Post,Paracetamol Syrup,Child,32.0,36.0,Zipline,0.0,0.02689310480384082
KD-184,Zaria,Basic Health Centre,Sulphadoxine + Pyrimethamine,Maternal,306.0,281.0,KDHSMA,0.0,0.026819785702952417
KD-110,Kauru,Primary Health Centre,Artemether Injection,General,74.0,59.0,Federal Government,0.0,0.02678039694811506
KD-060,Kachia,Basic Health Centre,Amoxicillin Capsule,General,714.0,625.0,Open Market,0.0,0.026773510021285644
KD-038,Ikara,Health Post,Ibuprofen Tablet,General,156.0,224.0,Zipline,0.0,0.026769809650306765
KD-082,Kagarko,General Hospital,Ibuprofen Suspension,Child,224.0,288.0,NGO,0.0,0.026753825408184325
KD-037,Ikara,Primary Health Centre,Oxytocin,Maternal,68.0,49.0,Zipline,0.0,0.026741198070951985
KD-103,Kaura,Basic Health Centre,IV Fluids,Maternal,82.0,50.0,Open Market,0.0,0.02665839627518302
KD-101,Kaura,Primary Health Centre,Folic Acid,Maternal,1046.0,1111.0,Open Market,0.0,0.02663873135685448
KD-156,Sanga,General Hospital,Folic Acid,Maternal,8465.0,6443.0,Open Market,0.0,0.026584221460427663
KD-163,Soba,Primary Health Centre,Magnesium Sulphate Injection,Maternal,20.0,29.0,Federal Government,0.0,0.02657113135826903
KD-059,Kachia,Primary Health Centre,Folic Acid,Maternal,1102.0,1570.0,NGO,0.0,0.026543957124413074
KD-031,Igabi,Basic Health Centre,Zinc,Child,174.0,254.0,KDHSMA,0.0,0.026519686962069234
KD-035,Ikara,Basic Health Centre,Giving Sets,Maternal,60.0,50.0,LGA,0.0,0.026419193212871502
KD-079,Kaduna South,Health Post,Ibuprofen Tablet,General,173.0,181.0,Open Market,0.0,0.026400130679750545
KD-170,Zangon Kataf,Basic Health Centre,Artemether + Lumefantrine,General,271.0,157.0,Free MNCH,0.0,0.026383343623667878
KD-003,Birnin Gwari,Primary Health Centre,Injectable Contraceptives,Family Planning,94.0,104.0,Federal Government,0.0,0.02635665654375611
KD-099,Kaura,Primary Health Centre,Folic Acid,Maternal,569.0,1144.0,Zipline,0.0,0.026352631844688595
KD-095,Kajuru,Health Post,Injectable Contraceptives,Family Planning,16.0,28.0,Federal Government,0.0,0.026186361131304584
KD-074,Kaduna South,Health Post,Artemether + Lumefantrine,General,164.0,81.0,Zipline,0.0,0.02617989588896846
KD-079,Kaduna South,Health Post,Giving Sets,Maternal,29.0,30.0,Open Market,0.0,0.026069094889823886
KD-110,Kauru,Primary Health Centre,Giving Sets,Maternal,89.0,93.0,Federal Government,0.0,0.026041822172630718
KD-091,Kajuru,General Hospital,Giving Sets,Maternal,546.0,346.0,Federal Government,0.0,0.02601663739950355
KD-014,Chikun,Primary Health Centre,Amoxicillin Dispersible,Child,73.0,72.0,KDHSMA,0.0,0.026010961067096883
KD-025,Igabi,General Hospital,Artemether + Lumefantrine,General,930.0,999.0,Zipline,0.0,0.025970125361940637
KD-040,Ikara,Health Post,Zinc,Child,306.0,159.0,Free MNCH,0.0,0.025898439603815257
KD-071,Kaduna North,Primary Health Centre,Zinc,Child,213.0,364.0,Open Market,0.0,0.025896417734501232
KD-084,Kagarko,General Hospital,Folic Acid,Maternal,7636.0,4734.0,Federal Government,0.0,0.02588919487578941
KD-132,Lere,Primary Health Centre,Ferrous Sulphate,Maternal,2338.0,1422.0,Federal Government,0.0,0.02585322512379124
KD-037,Ikara,Primary Health Centre,Ferrous Sulphate,Maternal,2138.0,1501.0,Zipline,0.0,0.02581692742837143
KD-033,Ikara,Basic Health Centre,ORS,Child,97.0,177.0,Federal Government,0.0,0.025736037296037764
KD-171,Zangon Kataf,Basic Health Centre,Ibuprofen Tablet,General,227.0,471.0,Federal Government,0.0,0.02571183648550874
KD-168,Soba,Primary Health Centre,Paracetamol Tablet,General,3223.0,1977.0,Open Market,0.0,0.025618240789775832
KD-170,Zangon Kataf,Basic Health Centre,IV Fluids,Maternal,53.0,50.0,Free MNCH,0.0,0.025356724755454786
KD-055,Jema'a,Primary Health Centre,IV Fluids,Maternal,128.0,104.0,KDHSMA,0.0,0.02530323185310625
KD-094,Kajuru,Primary Health Centre,Ferrous Sulphate,Maternal,2008.0,1449.0,Zipline,0.0,0.02529629401522693
KD-094,Kajuru,Primary Health Centre,Folic Acid,Maternal,1219.0,1198.0,Open Market,0.0,0.0252792100887389
KD-059,Kachia,Primary Health Centre,Paracetamol Tablet,General,3493.0,2029.0,Free MNCH,0.0,0.025243385691908947
KD-012,Chikun,Primary Health Centre,Artemether + Lumefantrine,General,313.0,288.0,NGO,0.0,0.025240593467458702
KD-034,Ikara,Primary Health Centre,Giving Sets,Maternal,175.0,94.0,Free MNCH,0.0,0.02523226747750507
KD-165,Soba,Primary Health Centre,Amoxicillin Dispersible,Child,43.0,80.0,KDHSMA,0.0,0.025226749388196315
KD-094,Kajuru,Primary Health Centre,Sulphadoxine + Pyrimethamine,Maternal,510.0,371.0,Open Market,0.0,0.025201884319471506
KD-153,Sanga,General Hospital,Sulphadoxine + Pyrimethamine,Maternal,2080.0,1734.0,Donations,0.0,0.025175825154178356
KD-155,Sanga,Primary Health Centre,Artemether Injection,General,46.0,50.0,Open Market,0.0,0.025165569107185756
KD-098,Kaura,Basic Health Centre,Amoxicillin Capsule,General,357.0,614.0,Open Market,0.0,0.025153332303869052
KD-051,Jema'a,Basic Health Centre,Misoprostol,Maternal,44.0,90.0,Donations,0.0,0.025147448146690943
KD-035,Ikara,Basic Health Centre,Tranexamic Acid Injection,Maternal,18.0,13.0,Donations,0.0,0.0251327333878461
KD-067,Kaduna North,Primary Health Centre,Chlorhexidine Gel,Child,34.0,39.0,KDHSMA,0.0,0.02512870230707856
KD-001,Birnin Gwari,Primary Health Centre,Zinc,Child,319.0,468.0,Free MNCH,0.0,0.025116882868799935
KD-099,Kaura,Primary Health Centre,Ibuprofen Suspension,Child,80.0,51.0,Zipline,0.0,0.025102622545405143
KD-127,Kudan,Primary Health Centre,Misoprostol,Maternal,164.0,155.0,KDHSMA,0.0,0.025078511263659838
KD-157,Sanga,Primary Health Centre,Sulphadoxine + Pyrimethamine,Maternal,338.0,471.0,KDHSMA,0.0,0.025060073535918145
KD-154,Sanga,Basic Health Centre,Folic Acid,Maternal,483.0,783.0,LGA,0.0,0.025037761145211057
KD-145,Sabon Gari,Primary Health Centre,Chlorhexidine Gel,Child,82.0,52.0,Open Market,0.0,0.02499074121611046
KD-084,Kagarko,General Hospital,Sulphadoxine + Pyrimethamine,Maternal,2268.0,2085.0,Federal Government,0.0,0.024915779861281625
KD-170,Zangon Kataf,Basic Health Centre,Sulphadoxine + Pyrimethamine,Maternal,279.0,199.0,Free MNCH,0.0,0.024819623461645048
KD-019,Giwa,Primary Health Centre,Sulphadoxine + Pyrimethamine,Maternal,702.0,374.0,KDHSMA,0.0,0.024645760041998636
KD-149,Sabon Gari,Basic Health Centre,Injectable Contraceptives,Family Planning,39.0,53.0,Federal Government,0.0,0.024530550005990786
KD-168,Soba,Primary Health Centre,Ferrous Sulphate,Maternal,2049.0,1615.0,KDHSMA,0.0,0.024346302519997108
KD-121,Kudan,Primary Health Centre,Injectable Contraceptives,Family Planning,98.0,73.0,Open Market,0.0,0.02427346320452285
KD-180,Zaria,Health Post,Folic Acid,Maternal,268.0,396.0,KDHSMA,0.0,0.02426227723974485
KD-143,Makarfi,Basic Health Centre,Giving Sets,Maternal,29.0,53.0,KDHSMA,0.0,0.024211049079301748
KD-101,Kaura,Primary Health Centre,Paracetamol Tablet,General,1141.0,2341.0,KDHSMA,0.0,0.024194185788846627
KD-157,Sanga,Primary Health Centre,Oxytocin,Maternal,161.0,56.0,Free MNCH,0.0,0.024180615586520394
KD-153,Sanga,General Hospital,Oxytocin,Maternal,312.0,277.0,Free MNCH,0.0,0.024176766166393356
KD-041,Jaba,Basic Health Centre,Paracetamol Tablet,General,1772.0,1363.0,Open Market,0.0,0.024095643850922194
KD-037,Ikara,Primary Health Centre,Paracetamol Tablet,General,1117.0,2379.0,Zipline,0.0,0.024050388286551608
KD-143,Makarfi,Basic Health Centre,Oxytocin,Maternal,34.0,32.0,KDHSMA,0.0,0.02402222906723449
KD-131,Lere,Primary Health Centre,Folic Acid,Maternal,1007.0,1083.0,KDHSMA,0.0,0.02398154133111101
KD-068,Kaduna North,Health Post,Zinc,Child,73.0,140.0,Donations,0.0,0.02395489553012813
KD-009,Chikun,Basic Health Centre,Ibuprofen Tablet,General,700.0,429.0,KDHSMA,0.0,0.023945280512567283
KD-170,Zangon Kataf,Basic Health Centre,Zinc,Child,254.0,226.0,Free MNCH,0.0,0.023930485721475138
KD-144,Makarfi,Primary Health Centre,Ferrous Sulphate,Maternal,2265.0,1563.0,Free MNCH,0.0,0.0238789883971863
KD-044,Jaba,Primary Health Centre,Giving Sets,Maternal,137.0,96.0,Zipline,0.0,0.02381410669611209
KD-098,Kaura,Basic Health Centre,Paracetamol Syrup,Child,87.0,65.0,Open Market,0.0,0.023391819755234456
KD-091,Kajuru,General Hospital,Folic Acid,Maternal,5206.0,5352.0,NGO,0.0,0.023293856936446967
KD-181,Zaria,Primary Health Centre,ORS,Child,262.0,374.0,KDHSMA,0.0,0.023192148812935024
KD-068,Kaduna North,Health Post,ORS,Child,83.0,107.0,Donations,0.0,0.023184283001204578
KD-105,Kauru,Health Post,Folic Acid,Maternal,193.0,402.0,Free MNCH,0.0,0.023169335086215513
KD-078,Kaduna South,General Hospital,Ferrous Sulphate,Maternal,5340.0,5738.0,KDHSMA,0.0,0.02311204029813001
KD-104,Kaura,Basic Health Centre,Ibuprofen Tablet,General,403.0,377.0,Zipline,0.0,0.023101986278041577
KD-135,Lere,Primary Health Centre,Amoxicillin Capsule,General,1057.0,1139.0,Donations,0.0,0.023013373580578613
KD-079,Kaduna South,Health Post,Folic Acid,Maternal,949.0,396.0,Open Market,0.0,0.022952886529401556
KD-043,Jaba,Health Post,Ibuprofen Tablet,General,191.0,268.0,LGA,0.0,0.022927326743661228
KD-099,Kaura,Primary Health Centre,IV Fluids,Maternal,43.0,81.0,Zipline,0.0,0.022896472375568258
KD-007,Birnin Gwari,General Hospital,Implants,Family Planning,79.0,81.0,Federal Government,0.0,0.02281087571409623
KD-047,Jaba,Basic Health Centre,ORS,Child,353.0,181.0,Federal Government,0.0,0.022734442264610216
KD-102,Kaura,Primary Health Centre,Folic Acid,Maternal,907.0,1326.0,LGA,0.0,0.022730210577461676
KD-038,Ikara,Health Post,Folic Acid,Maternal,326.0,445.0,Zipline,0.0,0.02269704312726628
KD-137,Makarfi,Primary Health Centre,Ibuprofen Suspension,Child,103.0,64.0,Open Market,0.0,0.02264175490317848
KD-027,Igabi,Health Post,IV Fluids,Maternal,32.0,24.0,NGO,0.0,0.022628670464008134
KD-163,Soba,Primary Health Centre,Oxytocin,Maternal,88.0,58.0,KDHSMA,0.0,0.022557446983455777
KD-025,Igabi,General Hospital,Magnesium Sulphate Injection,Maternal,87.0,111.0,Donations,0.0,0.022499082047507196
KD-009,Chikun,Basic Health Centre,Amoxicillin Capsule,General,1436.0,708.0,KDHSMA,0.0,0.022498749127047905
KD-150,Sabon Gari,Primary Health Centre,Ibuprofen Suspension,Child,55.0,60.0,Open Market,0.0,0.022482140828399763
KD-078,Kaduna South,General Hospital,Paracetamol Syrup,Child,411.0,462.0,KDHSMA,0.0,0.02246703211481533
KD-149,Sabon Gari,Basic Health Centre,Amoxicillin Dispersible,Child,52.0,52.0,KDHSMA,0.0,0.022449005029188854
KD-123,Kudan,Primary Health Centre,Folic Acid,Maternal,1213.0,1354.0,KDHSMA,0.0,0.022420242150196844
KD-078,Kaduna South,General Hospital,Sulphadoxine + Pyrimethamine,Maternal,2465.0,2156.0,KDHSMA,0.0,0.022395635626186693
KD-035,Ikara,Basic Health Centre,Artemether Injection,General,58.0,30.0,Zipline,0.0,0.022374607023020413
KD-041,Jaba,Basic Health Centre,IV Fluids,Maternal,40.0,59.0,Open Market,0.0,0.022250747776704022
KD-038,Ikara,Health Post,Ferrous Sulphate,Maternal,371.0,418.0,Free MNCH,0.0,0.022240245902290807
KD-038,Ikara,Health Post,Ibuprofen Suspension,Child,26.0,16.0,NGO,0.0,0.022214859765307394
KD-034,Ikara,Primary Health Centre,ORS,Child,569.0,364.0,Free MNCH,0.0,0.022177352633562703
KD-094,Kajuru,Primary Health Centre,Ibuprofen Suspension,Child,70.0,54.0,Open Market,0.0,0.022157842701864997
KD-166,Soba,Primary Health Centre,Ferrous Sulphate,Maternal,1193.0,1299.0,LGA,0.0,0.022122257472655886
KD-035,Ikara,Basic Health Centre,Zinc,Child,175.0,204.0,KDHSMA,0.0,0.021964996118891557
KD-180,Zaria,Health Post,Amoxicillin Dispersible,Child,41.0,28.0,Open Market,0.0,0.0219368031739151
KD-167,Soba,Basic Health Centre,Injectable Contraceptives,Family Planning,24.0,50.0,Federal Government,0.0,0.02192505363697145
KD-171,Zangon Kataf,Basic Health Centre,Zinc,Child,192.0,208.0,KDHSMA,0.0,0.021755792899824353
KD-068,Kaduna North,Health Post,Ferrous Sulphate,Maternal,418.0,425.0,Donations,0.0,0.021728810970494294
KD-041,Jaba,Basic Health Centre,Artemether Injection,General,37.0,39.0,Open Market,0.0,0.021657454289321976
KD-143,Makarfi,Basic Health Centre,Ferrous Sulphate,Maternal,1117.0,693.0,KDHSMA,0.0,0.021646791120796673
KD-113,Kubau,Basic Health Centre,IV Fluids,Maternal,25.0,43.0,Zipline,0.0,0.021627397432498533
KD-113,Kubau,Basic Health Centre,Amoxicillin Dispersible,Child,132.0,47.0,Zipline,0.0,0.021588729135343345
KD-166,Soba,Primary Health Centre,Folic Acid,Maternal,1486.0,1249.0,KDHSMA,0.0,0.021556192924224574
KD-001,Birnin Gwari,Primary Health Centre,Ferrous Sulphate,Maternal,821.0,1344.0,Donations,0.0,0.021499068452093595
KD-075,Kaduna South,Primary Health Centre,Paracetamol Syrup,Child,82.0,104.0,KDHSMA,0.0,0.02145935373748353
KD-061,Kachia,Primary Health Centre,Amoxicillin Dispersible,Child,49.0,93.0,Open Market,0.0,0.021356834872226012
KD-163,Soba,Primary Health Centre,Artemether Injection,General,45.0,63.0,KDHSMA,0.0,0.021319689454482843
KD-149,Sabon Gari,Basic Health Centre,ORS,Child,286.0,193.0,KDHSMA,0.0,0.021248445117694602
KD-014,Chikun,Primary Health Centre,Paracetamol Tablet,General,2636.0,2142.0,KDHSMA,0.0,0.021209729557284795
KD-160,Sanga,Primary Health Centre,ORS,Child,165.0,321.0,Donations,0.0,0.021187205054140214
KD-037,Ikara,Primary Health Centre,Amoxicillin Capsule,General,592.0,1406.0,Zipline,0.0,0.021168848242411005
KD-118,Kubau,Basic Health Centre,Paracetamol Tablet,General,545.0,1228.0,KDHSMA,0.0,0.02112372061903002
KD-078,Kaduna South,General Hospital,ORS,Child,622.0,1327.0,KDHSMA,0.0,0.02108391158516541
KD-078,Kaduna South,General Hospital,Ibuprofen Tablet,General,1945.0,3254.0,Federal Government,0.0,0.02106221335429254
KD-052,Jema'a,General Hospital,Injectable Contraceptives,Family Planning,155.0,339.0,KDHSMA,0.0,0.021031032035894088
KD-171,Zangon Kataf,Basic Health Centre,Paracetamol Syrup,Child,69.0,58.0,Federal Government,0.0,0.021029526626635153
KD-145,Sabon Gari,Primary Health Centre,Zinc,Child,277.0,495.0,Donations,0.0,0.021014326405503176
KD-063,Kachia,Primary Health Centre,Giving Sets,Maternal,186.0,83.0,Zipline,0.0,0.020977322767985793
KD-099,Kaura,Primary Health Centre,ORS,Child,519.0,371.0,LGA,0.0,0.020881058937904765
KD-130,Lere,Primary Health Centre,Oxytocin,Maternal,39.0,48.0,Free MNCH,0.0,0.020857671876172146
KD-155,Sanga,Primary Health Centre,Oxytocin,Maternal,32.0,49.0,Open Market,0.0,0.020827314731556433
KD-037,Ikara,Primary Health Centre,ORS,Child,332.0,360.0,Zipline,0.0,0.020787549021839154
KD-101,Kaura,Primary Health Centre,Zinc,Child,765.0,501.0,KDHSMA,0.0,0.020736894591003172
KD-163,Soba,Primary Health Centre,Ibuprofen Tablet,General,392.0,756.0,KDHSMA,0.0,0.020628256530572237
KD-157,Sanga,Primary Health Centre,Ferrous Sulphate,Maternal,2909.0,1483.0,KDHSMA,0.0,0.02059248344343734
KD-119,Kubau,Primary Health Centre,Magnesium Sulphate Injection,Maternal,26.0,31.0,KDHSMA,0.0,0.020552907317389638
KD-079,Kaduna South,Health Post,Amoxicillin Dispersible,Child,59.0,32.0,Open Market,0.0,0.020549090469642192
KD-178,Zaria,Primary Health Centre,Ferrous Sulphate,Maternal,771.0,1168.0,LGA,0.0,0.020513328028463524
KD-037,Ikara,Primary Health Centre,Amoxicillin Dispersible,Child,144.0,87.0,Zipline,0.0,0.02043804811070933
KD-078,Kaduna South,General Hospital,Amoxicillin Capsule,General,4099.0,4258.0,KDHSMA,0.0,0.02040587497590506
KD-124,Kudan,Health Post,Artemether + Lumefantrine,General,102.0,104.0,Zipline,0.0,0.02033447044625217
KD-158,Sanga,Basic Health Centre,Oxytocin,Maternal,26.0,32.0,KDHSMA,0.0,0.020301656443665807
KD-166,Soba,Primary Health Centre,Chlorhexidine Gel,Child,26.0,43.0,KDHSMA,0.0,0.02019938766484503
KD-041,Jaba,Basic Health Centre,Zinc,Child,130.0,248.0,Open Market,0.0,0.020173812219453816
KD-007,Birnin Gwari,General Hospital,Sulphadoxine + Pyrimethamine,Maternal,4130.0,1928.0,Federal Government,0.0,0.020067912250620414
KD-113,Kubau,Basic Health Centre,Giving Sets,Maternal,27.0,52.0,Zipline,0.0,0.020051158918138932
KD-079,Kaduna South,Health Post,Amoxicillin Capsule,General,390.0,327.0,Open Market,0.0,0.020047036358315406
KD-115,Kubau,General Hospital,Misoprostol,Maternal,544.0,725.0,Free MNCH,0.0,0.020039675887636596
KD-068,Kaduna North,Health Post,Sulphadoxine + Pyrimethamine,Maternal,132.0,134.0,Free MNCH,0.0,0.02002586080597695
KD-069,Kaduna North,Health Post,Ferrous Sulphate,Maternal,659.0,460.0,LGA,0.0,0.020013279661880393
KD-044,Jaba,Primary Health Centre,Paracetamol Tablet,General,2506.0,2363.0,Zipline,0.0,0.019999749620620767
KD-083,Kagarko,Primary Health Centre,Paracetamol Syrup,Child,66.0,112.0,Zipline,0.0,0.01998256198870361
KD-043,Jaba,Health Post,Ferrous Sulphate,Maternal,761.0,478.0,Free MNCH,0.0,0.01991041036086314
KD-060,Kachia,Basic Health Centre,Oxytocin,Maternal,43.0,27.0,KDHSMA,0.0,0.019875272252200975
KD-001,Birnin Gwari,Primary Health Centre,Artemether + Lumefantrine,General,289.0,334.0,Free MNCH,0.0,0.019871628714019735
KD-068,Kaduna North,Health Post,Paracetamol Tablet,General,818.0,544.0,Free MNCH,0.0,0.019864304358924837
KD-089,Kajuru,Basic Health Centre,IV Fluids,Maternal,59.0,49.0,KDHSMA,0.0,0.019816707355433064
KD-118,Kubau,Basic Health Centre,Artemether Injection,General,45.0,30.0,KDHSMA,0.0,0.0198064461902189
KD-073,Kaduna South,Primary Health Centre,Paracetamol Syrup,Child,110.0,98.0,Federal Government,0.0,0.01972675193355114
KD-033,Ikara,Basic Health Centre,Ibuprofen Tablet,General,259.0,436.0,Federal Government,0.0,0.019635714357727697
KD-090,Kajuru,Primary Health Centre,Ibuprofen Suspension,Child,48.0,66.0,Federal Government,0.0,0.019627504697565426
KD-027,Igabi,Health Post,ORS,Child,172.0,96.0,KDHSMA,0.0,0.019485652090694056
KD-018,Giwa,Primary Health Centre,Amoxicillin Dispersible,Child,124.0,76.0,Zipline,0.0,0.01947397578901972
KD-055,Jema'a,Primary Health Centre,ORS,Child,765.0,429.0,KDHSMA,0.0,0.01940688279842406
KD-170,Zangon Kataf,Basic Health Centre,Ibuprofen Suspension,Child,24.0,36.0,Free MNCH,0.0,0.019365116889354814
KD-079,Kaduna South,Health Post,Injectable Contraceptives,Family Planning,43.0,30.0,Open Market,0.0,0.019282885632798796
KD-094,Kajuru,Primary Health Centre,Artemether + Lumefantrine,General,555.0,258.0,Zipline,0.0,0.01927223258275503
KD-073,Kaduna South,Primary Health Centre,Giving Sets,Maternal,90.0,82.0,Federal Government,0.0,0.019216274338139695
KD-067,Kaduna North,Primary Health Centre,Ibuprofen Suspension,Child,34.0,58.0,KDHSMA,0.0,0.019200933907842464
KD-019,Giwa,Primary Health Centre,Folic Acid,Maternal,1514.0,1235.0,KDHSMA,0.0,0.01918630149466426
KD-117,Kubau,Primary Health Centre,IV Fluids,Maternal,103.0,80.0,KDHSMA,0.0,0.019078741966752827
KD-001,Birnin Gwari,Primary Health Centre,Chlorhexidine Gel,Child,45.0,44.0,Free MNCH,0.0,0.01904073019807246
KD-005,Birnin Gwari,Primary Health Centre,Oxytocin,Maternal,59.0,53.0,Free MNCH,0.0,0.018974010709355293
KD-180,Zaria,Health Post,Ferrous Sulphate,Maternal,326.0,373.0,Open Market,0.0,0.018956655808960107
KD-132,Lere,Primary Health Centre,ORS,Child,258.0,327.0,Open Market,0.0,0.01892550805487886
KD-163,Soba,Primary Health Centre,Sulphadoxine + Pyrimethamine,Maternal,991.0,384.0,KDHSMA,0.0,0.01890449707549583
KD-154,Sanga,Basic Health Centre,Giving Sets,Maternal,55.0,51.0,Donations,0.0,0.01890089991620147
KD-179,Zaria,Primary Health Centre,IV Fluids,Maternal,94.0,91.0,Zipline,0.0,0.018897788156778665
KD-067,Kaduna North,Primary Health Centre,Artemether Injection,General,94.0,49.0,KDHSMA,0.0,0.01880418249558353
KD-160,Sanga,Primary Health Centre,Misoprostol,Maternal,374.0,161.0,KDHSMA,0.0,0.018801084978281674
KD-083,Kagarko,Primary Health Centre,Zinc,Child,418.0,524.0,Zipline,0.0,0.018613115257414756
KD-158,Sanga,Basic Health Centre,Ibuprofen Tablet,General,228.0,346.0,KDHSMA,0.0,0.018575725166694517
KD-142,Makarfi,Primary Health Centre,Amoxicillin Dispersible,Child,84.0,98.0,Free MNCH,0.0,0.01851622427186523
KD-084,Kagarko,General Hospital,Amoxicillin Capsule,General,7109.0,5540.0,Federal Government,0.0,0.018475177615260196
KD-001,Birnin Gwari,Primary Health Centre,Folic Acid,Maternal,688.0,1155.0,Free MNCH,0.0,0.018377998442880298
KD-173,Zangon Kataf,Primary Health Centre,Ibuprofen Suspension,Child,87.0,51.0,KDHSMA,0.0,0.018366681814213894
KD-117,Kubau,Primary Health Centre,Paracetamol Tablet,General,1259.0,2662.0,KDHSMA,0.0,0.018355709764231745
KD-068,Kaduna North,Health Post,Amoxicillin Capsule,General,464.0,341.0,Donations,0.0,0.01829373058745635
KD-181,Zaria,Primary Health Centre,Artemether + Lumefantrine,General,297.0,254.0,KDHSMA,0.0,0.018276250017386447
KD-084,Kagarko,General Hospital,Artemether Injection,General,192.0,246.0,Federal Government,0.0,0.0182567922352012
KD-132,Lere,Primary Health Centre,Paracetamol Tablet,General,2408.0,2504.0,Open Market,0.0,0.018197960986230045
KD-051,Jema'a,Basic Health Centre,Sulphadoxine + Pyrimethamine,Maternal,344.0,203.0,NGO,0.0,0.018091291960694582
KD-037,Ikara,Primary Health Centre,Artemether Injection,General,38.0,69.0,Donations,0.0,0.0180190892446252
KD-084,Kagarko,General Hospital,Magnesium Sulphate Injection,Maternal,66.0,117.0,Free MNCH,0.0,0.018018265212468063
KD-097,Kaura,Health Post,Folic Acid,Maternal,292.0,414.0,Free MNCH,0.0,0.017990810931432864
KD-180,Zaria,Health Post,Sulphadoxine + Pyrimethamine,Maternal,84.0,125.0,LGA,0.0,0.01794613299954625
KD-071,Kaduna North,Primary Health Centre,IV Fluids,Maternal,70.0,80.0,KDHSMA,0.0,0.01785168378768594
KD-156,Sanga,General Hospital,Magnesium Sulphate Injection,Maternal,98.0,107.0,Open Market,0.0,0.017814564331269985
KD-094,Kajuru,Primary Health Centre,Giving Sets,Maternal,89.0,96.0,Open Market,0.0,0.017800822368933013
KD-165,Soba,Primary Health Centre,Ibuprofen Tablet,General,515.0,775.0,Donations,0.0,0.017765139403151404
KD-018,Giwa,Primary Health Centre,IV Fluids,Maternal,53.0,106.0,KDHSMA,0.0,0.017754917057183378
KD-044,Jaba,Primary Health Centre,Folic Acid,Maternal,2166.0,1461.0,Zipline,0.0,0.017732590459033047
KD-063,Kachia,Primary Health Centre,Zinc,Child,822.0,430.0,Zipline,0.0,0.01760551197461678
KD-038,Ikara,Health Post,Paracetamol Tablet,General,1615.0,796.0,Zipline,0.0,0.017498007921235993
KD-150,Sabon Gari,Primary Health Centre,Injectable Contraceptives,Family Planning,57.0,94.0,Open Market,0.0,0.017421405294597337
KD-059,Kachia,Primary Health Centre,Amoxicillin Dispersible,Child,266.0,103.0,Free MNCH,0.0,0.01737374961424578
KD-149,Sabon Gari,Basic Health Centre,IV Fluids,Maternal,128.0,54.0,KDHSMA,0.0,0.01736911220459858
KD-105,Kauru,Health Post,Ferrous Sulphate,Maternal,266.0,406.0,NGO,0.0,0.017367057865374593
KD-033,Ikara,Basic Health Centre,Ferrous Sulphate,Maternal,390.0,606.0,Federal Government,0.0,0.017300014981795196
KD-160,Sanga,Primary Health Centre,Implants,Family Planning,26.0,20.0,KDHSMA,0.0,0.01723275726069985
KD-152,Sabon Gari,Primary Health Centre,Amoxicillin Capsule,General,672.0,1380.0,NGO,0.0,0.017195213840821205
KD-041,Jaba,Basic Health Centre,Ferrous Sulphate,Maternal,1605.0,890.0,Open Market,0.0,0.017133758853343898
KD-107,Kauru,Primary Health Centre,Amoxicillin Capsule,General,1434.0,1407.0,KDHSMA,0.0,0.01709156979275593
KD-003,Birnin Gwari,Primary Health Centre,Oxytocin,Maternal,51.0,51.0,Free MNCH,0.0,0.017090650678110685
KD-001,Birnin Gwari,Primary Health Centre,Paracetamol Syrup,Child,76.0,135.0,Donations,0.0,0.017053248707934062
KD-060,Kachia,Basic Health Centre,Sulphadoxine + Pyrimethamine,Maternal,146.0,258.0,KDHSMA,0.0,0.017019195657882808
KD-149,Sabon Gari,Basic Health Centre,Giving Sets,Maternal,49.0,43.0,KDHSMA,0.0,0.016926713917408222
KD-059,Kachia,Primary Health Centre,Oxytocin,Maternal,52.0,54.0,Free MNCH,0.0,0.016918102926081976
KD-057,Kachia,Primary Health Centre,Ibuprofen Suspension,Child,51.0,62.0,Free MNCH,0.0,0.016910551769398877
KD-087,Kagarko,Basic Health Centre,Magnesium Sulphate Injection,Maternal,27.0,19.0,Free MNCH,0.0,0.0168731057409611
KD-063,Kachia,Primary Health Centre,Ferrous Sulphate,Maternal,1131.0,1240.0,Zipline,0.0,0.01677213221245606
KD-136,Lere,Basic Health Centre,Amoxicillin Capsule,General,566.0,768.0,KDHSMA,0.0,0.016729703928839122
KD-155,Sanga,Primary Health Centre,Amoxicillin Dispersible,Child,53.0,88.0,Open Market,0.0,0.016703680221497482
KD-161,Soba,Primary Health Centre,Magnesium Sulphate Injection,Maternal,44.0,35.0,Free MNCH,0.0,0.016542887447143016
KD-165,Soba,Primary Health Centre,Giving Sets,Maternal,52.0,103.0,Open Market,0.0,0.016506770114902803
KD-018,Giwa,Primary Health Centre,Zinc,Child,510.0,386.0,Federal Government,0.0,0.016283468680020532
KD-113,Kubau,Basic Health Centre,Injectable Contraceptives,Family Planning,35.0,53.0,Federal Government,0.0,0.016268525497414497
KD-115,Kubau,General Hospital,Paracetamol Syrup,Child,295.0,482.0,Federal Government,0.0,0.016252600607496795
KD-179,Zaria,Primary Health Centre,Amoxicillin Capsule,General,2693.0,1186.0,Zipline,0.0,0.016216717316438773
KD-005,Birnin Gwari,Primary Health Centre,Injectable Contraceptives,Family Planning,43.0,90.0,Federal Government,0.0,0.016211085090939235
KD-099,Kaura,Primary Health Centre,Misoprostol,Maternal,109.0,189.0,Zipline,0.0,0.016206178015064937
KD-135,Lere,Primary Health Centre,Magnesium Sulphate Injection,Maternal,39.0,24.0,Free MNCH,0.0,0.016200028536600106
KD-033,Ikara,Basic Health Centre,Injectable Contraceptives,Family Planning,35.0,56.0,Federal Government,0.0,0.01619975597466952
KD-090,Kajuru,Primary Health Centre,Paracetamol Syrup,Child,101.0,119.0,KDHSMA,0.0,0.016171511312664085
KD-155,Sanga,Primary Health Centre,Misoprostol,Maternal,215.0,208.0,Open Market,0.0,0.015943980180108615
KD-025,Igabi,General Hospital,IV Fluids,Maternal,190.0,381.0,Zipline,0.0,0.015921510810915137
KD-117,Kubau,Primary Health Centre,Artemether + Lumefantrine,General,453.0,251.0,KDHSMA,0.0,0.015807487801726493
KD-041,Jaba,Basic Health Centre,Giving Sets,Maternal,53.0,40.0,Open Market,0.0,0.01577372311168971
KD-154,Sanga,Basic Health Centre,Amoxicillin Dispersible,Child,49.0,47.0,LGA,0.0,0.015758705360580386
KD-088,Kagarko,Primary Health Centre,Amoxicillin Capsule,General,1591.0,964.0,KDHSMA,0.0,0.01561738701253732
KD-166,Soba,Primary Health Centre,Misoprostol,Maternal,309.0,148.0,Donations,0.0,0.015592593882743205
KD-144,Makarfi,Primary Health Centre,Artemether + Lumefantrine,General,155.0,324.0,Free MNCH,0.0,0.015522728730890214
KD-158,Sanga,Basic Health Centre,Ibuprofen Suspension,Child,66.0,29.0,KDHSMA,0.0,0.015299406432392
KD-084,Kagarko,General Hospital,Ibuprofen Tablet,General,3023.0,2500.0,Federal Government,0.0,0.015263276142072403
KD-163,Soba,Primary Health Centre,Artemether + Lumefantrine,General,308.0,359.0,KDHSMA,0.0,0.01518720726543926
KD-180,Zaria,Health Post,Ibuprofen Tablet,General,227.0,234.0,Open Market,0.0,0.015179872295644435
KD-041,Jaba,Basic Health Centre,Amoxicillin Dispersible,Child,54.0,43.0,Open Market,0.0,0.015159732245282167
KD-135,Lere,Primary Health Centre,IV Fluids,Maternal,134.0,79.0,Donations,0.0,0.01509597376133788
KD-147,Sabon Gari,General Hospital,ORS,Child,747.0,1650.0,Zipline,0.0,0.015090435047221972
KD-038,Ikara,Health Post,Amoxicillin Capsule,General,635.0,395.0,Zipline,0.0,0.015074617881945347
KD-063,Kachia,Primary Health Centre,Amoxicillin Capsule,General,906.0,1166.0,Zipline,0.0,0.015044714960212213
KD-099,Kaura,Primary Health Centre,Ibuprofen Tablet,General,456.0,613.0,Zipline,0.0,0.015011940343867911
KD-143,Makarfi,Basic Health Centre,IV Fluids,Maternal,60.0,42.0,Zipline,0.0,0.014998528971067808
KD-127,Kudan,Primary Health Centre,Artemether Injection,General,35.0,53.0,KDHSMA,0.0,0.014929746052522811
KD-008,Birnin Gwari,Primary Health Centre,Artemether Injection,General,67.0,54.0,Open Market,0.0,0.014906166736329171
KD-041,Jaba,Basic Health Centre,Artemether + Lumefantrine,General,262.0,145.0,LGA,0.0,0.014864627823456721
KD-143,Makarfi,Basic Health Centre,Paracetamol Syrup,Child,97.0,59.0,KDHSMA,0.0,0.01485205401882129
KD-041,Jaba,Basic Health Centre,Oxytocin,Maternal,32.0,37.0,Free MNCH,0.0,0.014813861775109158
KD-104,Kaura,Basic Health Centre,Folic Acid,Maternal,708.0,768.0,Zipline,0.0,0.014753940921602657
KD-145,Sabon Gari,Primary Health Centre,Ferrous Sulphate,Maternal,2378.0,1488.0,Open Market,0.0,0.014715148673404201
KD-176,Zangon Kataf,Primary Health Centre,Implants,Family Planning,24.0,22.0,Free MNCH,0.0,0.014487892198817784
KD-145,Sabon Gari,Primary Health Centre,IV Fluids,Maternal,99.0,73.0,Open Market,0.0,0.01441487524224471
KD-160,Sanga,Primary Health Centre,Artemether Injection,General,79.0,60.0,KDHSMA,0.0,0.014399755849133564
KD-132,Lere,Primary Health Centre,Amoxicillin Capsule,General,988.0,1251.0,KDHSMA,0.0,0.014250780484362617
KD-124,Kudan,Health Post,Injectable Contraceptives,Family Planning,48.0,22.0,Free MNCH,0.0,0.01423301582426856
KD-084,Kagarko,General Hospital,Amoxicillin Dispersible,Child,551.0,304.0,Federal Government,0.0,0.014103081649140306
KD-042,Jaba,Health Post,ORS,Child,181.0,99.0,NGO,0.0,0.014080334069336984
KD-135,Lere,Primary Health Centre,Oxytocin,Maternal,48.0,52.0,Zipline,0.0,0.01402942729049474
KD-160,Sanga,Primary Health Centre,Injectable Contraceptives,Family Planning,47.0,79.0,KDHSMA,0.0,0.013991703796034592
KD-059,Kachia,Primary Health Centre,Giving Sets,Maternal,57.0,89.0,Free MNCH,0.0,0.013897331136677793
KD-157,Sanga,Primary Health Centre,Implants,Family Planning,30.0,27.0,KDHSMA,0.0,0.013885062616652693
KD-057,Kachia,Primary Health Centre,Folic Acid,Maternal,1149.0,1581.0,NGO,0.0,0.013875830558778408
KD-094,Kajuru,Primary Health Centre,Paracetamol Syrup,Child,199.0,106.0,Open Market,0.0,0.013799066036809905
KD-117,Kubau,Primary Health Centre,Folic Acid,Maternal,2438.0,1283.0,Free MNCH,0.0,0.013771522624438155
KD-038,Ikara,Health Post,Zinc,Child,118.0,140.0,KDHSMA,0.0,0.013761565132346977
KD-132,Lere,Primary Health Centre,Folic Acid,Maternal,1156.0,1616.0,KDHSMA,0.0,0.013746431994020918
KD-160,Sanga,Primary Health Centre,Artemether + Lumefantrine,General,410.0,319.0,LGA,0.0,0.013722416902304151
KD-091,Kajuru,General Hospital,Ferrous Sulphate,Maternal,8105.0,5707.0,NGO,0.0,0.013660074317582609
KD-141,Makarfi,Basic Health Centre,Ibuprofen Tablet,General,395.0,396.0,KDHSMA,0.0,0.013624928754614948
KD-001,Birnin Gwari,Primary Health Centre,Artemether Injection,General,55.0,55.0,KDHSMA,0.0,0.013571887493580013
KD-180,Zaria,Health Post,Artemether + Lumefantrine,General,56.0,81.0,Open Market,0.0,0.013539339103069585
KD-152,Sabon Gari,Primary Health Centre,Oxytocin,Maternal,103.0,53.0,Free MNCH,0.0,0.013504657139491187
KD-176,Zangon Kataf,Primary Health Centre,Ibuprofen Tablet,General,281.0,619.0,Free MNCH,0.0,0.013497144568352255
KD-115,Kubau,General Hospital,Artemether Injection,General,146.0,205.0,NGO,0.0,0.013468679918728013
KD-003,Birnin Gwari,Primary Health Centre,Amoxicillin Dispersible,Child,226.0,83.0,Zipline,0.0,0.013381830873658417
KD-145,Sabon Gari,Primary Health Centre,Sulphadoxine + Pyrimethamine,Maternal,1437.0,465.0,Open Market,0.0,0.013371858006713273
KD-156,Sanga,General Hospital,Paracetamol Tablet,General,4319.0,8235.0,Open Market,0.0,0.013337728058001232
KD-165,Soba,Primary Health Centre,Paracetamol Tablet,General,1058.0,2092.0,KDHSMA,0.0,0.01333066072664451
KD-005,Birnin Gwari,Primary Health Centre,Ibuprofen Tablet,General,440.0,687.0,Free MNCH,0.0,0.013328725077407717
KD-143,Makarfi,Basic Health Centre,Paracetamol Tablet,General,1771.0,1013.0,Zipline,0.0,0.013309069391082722
KD-165,Soba,Primary Health Centre,Ferrous Sulphate,Maternal,724.0,1228.0,KDHSMA,0.0,0.013279310507599394
KD-180,Zaria,Health Post,Zinc,Child,154.0,117.0,Open Market,0.0,0.013232637415685526
KD-037,Ikara,Primary Health Centre,Injectable Contraceptives,Family Planning,126.0,105.0,Federal Government,0.0,0.0131647852821676
KD-180,Zaria,Health Post,ORS,Child,180.0,129.0,LGA,0.0,0.01313109195127307
KD-067,Kaduna North,Primary Health Centre,Sulphadoxine + Pyrimethamine,Maternal,299.0,406.0,NGO,0.0,0.013108025289668875
KD-134,Lere,Primary Health Centre,Oxytocin,Maternal,39.0,64.0,KDHSMA,0.0,0.013047934651981539
KD-137,Makarfi,Primary Health Centre,Artemether Injection,General,66.0,66.0,KDHSMA,0.0,0.01302545696781064
KD-003,Birnin Gwari,Primary Health Centre,Giving Sets,Maternal,85.0,84.0,Zipline,0.0,0.01302367253176315
KD-135,Lere,Primary Health Centre,Artemether Injection,General,39.0,51.0,KDHSMA,0.0,0.012991949398800546
KD-134,Lere,Primary Health Centre,Magnesium Sulphate Injection,Maternal,32.0,26.0,KDHSMA,0.0,0.012960917748582951
KD-025,Igabi,General Hospital,Zinc,Child,4107.0,1852.0,Zipline,0.0,0.012949292474826806
KD-145,Sabon Gari,Primary Health Centre,ORS,Child,1096.0,303.0,Open Market,0.0,0.012919204741862143
KD-059,Kachia,Primary Health Centre,Paracetamol Syrup,Child,75.0,110.0,Free MNCH,0.0,0.012862485351732414
KD-115,Kubau,General Hospital,Oxytocin,Maternal,196.0,285.0,Free MNCH,0.0,0.012791255694650491
KD-070,Kaduna North,Health Post,Amoxicillin Dispersible,Child,40.0,28.0,LGA,0.0,0.012769017062324488
KD-044,Jaba,Primary Health Centre,Artemether Injection,General,89.0,53.0,Zipline,0.0,0.012768519318618818
KD-142,Makarfi,Primary Health Centre,Artemether + Lumefantrine,General,312.0,340.0,Zipline,0.0,0.012732193660670845
KD-101,Kaura,Primary Health Centre,Giving Sets,Maternal,69.0,85.0,KDHSMA,0.0,0.012716303267957143
KD-041,Jaba,Basic Health Centre,Ibuprofen Tablet,General,473.0,491.0,Open Market,0.0,0.012624148049485688
KD-059,Kachia,Primary Health Centre,ORS,Child,634.0,440.0,Free MNCH,0.0,0.012585339151246395
KD-142,Makarfi,Primary Health Centre,Ferrous Sulphate,Maternal,2057.0,1530.0,NGO,0.0,0.012531393207784805
KD-019,Giwa,Primary Health Centre,Amoxicillin Dispersible,Child,69.0,102.0,KDHSMA,0.0,0.0125038000154705
KD-059,Kachia,Primary Health Centre,Sulphadoxine + Pyrimethamine,Maternal,273.0,483.0,Free MNCH,0.0,0.012501985732235545
KD-161,Soba,Primary Health Centre,Amoxicillin Dispersible,Child,136.0,93.0,KDHSMA,0.0,0.012420050009808881
KD-025,Igabi,General Hospital,Misoprostol,Maternal,1170.0,784.0,KDHSMA,0.0,0.012357340503425233
KD-052,Jema'a,General Hospital,IV Fluids,Maternal,186.0,387.0,Federal Government,0.0,0.012351908942532812
KD-035,Ikara,Basic Health Centre,Artemether + Lumefantrine,General,255.0,169.0,KDHSMA,0.0,0.01234876236924671
KD-052,Jema'a,General Hospital,Ibuprofen Tablet,General,1966.0,2884.0,KDHSMA,0.0,0.012314865161117737
KD-163,Soba,Primary Health Centre,Paracetamol Syrup,Child,123.0,121.0,KDHSMA,0.0,0.012281791919627907
KD-025,Igabi,General Hospital,Amoxicillin Capsule,General,3540.0,4121.0,Zipline,0.0,0.012279261048379333
KD-135,Lere,Primary Health Centre,Giving Sets,Maternal,82.0,98.0,KDHSMA,0.0,0.012278327101341585
KD-034,Ikara,Primary Health Centre,Oxytocin,Maternal,108.0,53.0,Free MNCH,0.0,0.012258961861972324
KD-059,Kachia,Primary Health Centre,Artemether + Lumefantrine,General,571.0,292.0,NGO,0.0,0.012246980571146635
KD-025,Igabi,General Hospital,Sulphadoxine + Pyrimethamine,Maternal,2851.0,1920.0,Zipline,0.0,0.012225705982172687
KD-170,Zangon Kataf,Basic Health Centre,Ibuprofen Tablet,General,484.0,370.0,NGO,0.0,0.012215461593930547
KD-035,Ikara,Basic Health Centre,Paracetamol Tablet,General,2215.0,1004.0,KDHSMA,0.0,0.012184533158623992
KD-033,Ikara,Basic Health Centre,Paracetamol Tablet,General,712.0,1039.0,KDHSMA,0.0,0.01213137243186714
KD-155,Sanga,Primary Health Centre,Ferrous Sulphate,Maternal,1067.0,1085.0,Open Market,0.0,0.012129821878774379
KD-171,Zangon Kataf,Basic Health Centre,Paracetamol Tablet,General,720.0,1079.0,Free MNCH,0.0,0.012124865497524649
KD-059,Kachia,Primary Health Centre,Injectable Contraceptives,Family Planning,200.0,92.0,Federal Government,0.0,0.012109167096841622
KD-160,Sanga,Primary Health Centre,Amoxicillin Dispersible,Child,118.0,100.0,LGA,0.0,0.012109056764216593
KD-060,Kachia,Basic Health Centre,ORS,Child,247.0,231.0,KDHSMA,0.0,0.012101053638258873
KD-041,Jaba,Basic Health Centre,Ibuprofen Suspension,Child,58.0,35.0,Open Market,0.0,0.012045676379893561
KD-041,Jaba,Basic Health Centre,Amoxicillin Capsule,General,637.0,633.0,Open Market,0.0,0.012007888628509811
KD-163,Soba,Primary Health Centre,Misoprostol,Maternal,231.0,208.0,KDHSMA,0.0,0.011984643841591685
KD-035,Ikara,Basic Health Centre,Oxytocin,Maternal,37.0,28.0,Free MNCH,0.0,0.011935091788945472
KD-037,Ikara,Primary Health Centre,Sulphadoxine + Pyrimethamine,Maternal,1004.0,502.0,Free MNCH,0.0,0.011912237089296509
KD-150,Sabon Gari,Primary Health Centre,Ferrous Sulphate,Maternal,992.0,1266.0,Open Market,0.0,0.011894155144012326
KD-070,Kaduna North,Health Post,ORS,Child,131.0,112.0,LGA,0.0,0.011882003026710542
KD-035,Ikara,Basic Health Centre,Injectable Contraceptives,Family Planning,136.0,56.0,Federal Government,0.0,0.01184408564151568
KD-003,Birnin Gwari,Primary Health Centre,Artemether + Lumefantrine,General,545.0,242.0,Zipline,0.0,0.011823829242578045
KD-037,Ikara,Primary Health Centre,Zinc,Child,266.0,511.0,KDHSMA,0.0,0.011811000374436552
KD-059,Kachia,Primary Health Centre,Artemether Injection,General,48.0,50.0,Free MNCH,0.0,0.011764926521812049
KD-156,Sanga,General Hospital,ORS,Child,1532.0,1274.0,Open Market,0.0,0.011749439611880942
KD-155,Sanga,Primary Health Centre,Injectable Contraceptives,Family Planning,110.0,106.0,Federal Government,0.0,0.011736131298439492
KD-135,Lere,Primary Health Centre,Injectable Contraceptives,Family Planning,77.0,98.0,KDHSMA,0.0,0.011650768247071857
KD-144,Makarfi,Primary Health Centre,Misoprostol,Maternal,102.0,182.0,Free MNCH,0.0,0.011628520519015003
KD-037,Ikara,Primary Health Centre,Artemether + Lumefantrine,General,376.0,279.0,Zipline,0.0,0.011604239917019097
KD-135,Lere,Primary Health Centre,Sulphadoxine + Pyrimethamine,Maternal,340.0,385.0,KDHSMA,0.0,0.011554418906626153
KD-019,Giwa,Primary Health Centre,Oxytocin,Maternal,61.0,66.0,Free MNCH,0.0,0.011514982226590252
KD-067,Kaduna North,Primary Health Centre,Injectable Contraceptives,Family Planning,99.0,89.0,Free MNCH,0.0,0.011513257140036473
KD-099,Kaura,Primary Health Centre,Artemether + Lumefantrine,General,247.0,325.0,Zipline,0.0,0.011497061323895599
KD-001,Birnin Gwari,Primary Health Centre,Amoxicillin Capsule,General,1019.0,1100.0,Free MNCH,0.0,0.011440070815642496
KD-144,Makarfi,Primary Health Centre,Artemether Injection,General,42.0,49.0,Free MNCH,0.0,0.011436951099168416
KD-154,Sanga,Basic Health Centre,IV Fluids,Maternal,91.0,53.0,LGA,0.0,0.011407602709844417
KD-057,Kachia,Primary Health Centre,Injectable Contraceptives,Family Planning,132.0,94.0,Open Market,0.0,0.011397751877324972
KD-154,Sanga,Basic Health Centre,Paracetamol Syrup,Child,109.0,78.0,LGA,0.0,0.011320475448647973
KD-131,Lere,Primary Health Centre,Artemether Injection,General,37.0,52.0,Zipline,0.0,0.011319003320513476
KD-084,Kagarko,General Hospital,Zinc,Child,1278.0,2070.0,Federal Government,0.0,0.011311825355490723
KD-035,Ikara,Basic Health Centre,Folic Acid,Maternal,1867.0,777.0,KDHSMA,0.0,0.011302261348536524
KD-142,Makarfi,Primary Health Centre,Zinc,Child,297.0,425.0,Free MNCH,0.0,0.0112868278206606
KD-161,Soba,Primary Health Centre,Oxytocin,Maternal,101.0,50.0,KDHSMA,0.0,0.011263894193919132
KD-005,Birnin Gwari,Primary Health Centre,Artemether + Lumefantrine,General,465.0,303.0,Free MNCH,0.0,0.011241972162382024
KD-099,Kaura,Primary Health Centre,Ferrous Sulphate,Maternal,761.0,1291.0,Zipline,0.0,0.011226635994169575
KD-119,Kubau,Primary Health Centre,Sulphadoxine + Pyrimethamine,Maternal,362.0,398.0,Donations,0.0,0.011219591915565184
KD-059,Kachia,Primary Health Centre,Ferrous Sulphate,Maternal,2970.0,1259.0,Free MNCH,0.0,0.011218914356941277
KD-049,Jema'a,General Hospital,Paracetamol Tablet,General,16887.0,9495.0,Open Market,0.0,0.011170854139605786
KD-067,Kaduna North,Primary Health Centre,Amoxicillin Capsule,General,810.0,1325.0,KDHSMA,0.0,0.011144697120374643
KD-101,Kaura,Primary Health Centre,Ferrous Sulphate,Maternal,1036.0,1357.0,KDHSMA,0.0,0.011143256291206518
KD-145,Sabon Gari,Primary Health Centre,Artemether + Lumefantrine,General,659.0,273.0,Open Market,0.0,0.011103671682595679
KD-003,Birnin Gwari,Primary Health Centre,Paracetamol Tablet,General,2133.0,2654.0,Zipline,0.0,0.011092344666917442
KD-091,Kajuru,General Hospital,Amoxicillin Dispersible,Child,1325.0,427.0,NGO,0.0,0.010994571675152503
KD-041,Jaba,Basic Health Centre,Injectable Contraceptives,Family Planning,103.0,51.0,Open Market,0.0,0.010985948970673518
KD-156,Sanga,General Hospital,Artemether + Lumefantrine,General,987.0,1410.0,Donations,0.0,0.010981992822530913
KD-034,Ikara,Primary Health Centre,Artemether + Lumefantrine,General,176.0,244.0,Free MNCH,0.0,0.010970510988387402
KD-005,Birnin Gwari,Primary Health Centre,Paracetamol Syrup,Child,89.0,99.0,Free MNCH,0.0,0.01096838772800464
KD-154,Sanga,Basic Health Centre,Zinc,Child,639.0,283.0,LGA,0.0,0.01094676759211083
KD-161,Soba,Primary Health Centre,Injectable Contraceptives,Family Planning,147.0,80.0,KDHSMA,0.0,0.010929801717731724
KD-160,Sanga,Primary Health Centre,Paracetamol Syrup,Child,91.0,134.0,KDHSMA,0.0,0.010891625499243239
KD-070,Kaduna North,Health Post,Zinc,Child,191.0,157.0,Free MNCH,0.0,0.010777735222218776
KD-087,Kagarko,Basic Health Centre,IV Fluids,Maternal,44.0,52.0,Free MNCH,0.0,0.01072056786170669
KD-055,Jema'a,Primary Health Centre,Ferrous Sulphate,Maternal,1415.0,1133.0,Federal Government,0.0,0.010688627340884747
KD-165,Soba,Primary Health Centre,ORS,Child,358.0,445.0,KDHSMA,0.0,0.010663124535752253
KD-155,Sanga,Primary Health Centre,Zinc,Child,371.0,421.0,Open Market,0.0,0.010633516026452305
KD-160,Sanga,Primary Health Centre,Giving Sets,Maternal,166.0,99.0,KDHSMA,0.0,0.010622847654746472
KD-067,Kaduna North,Primary Health Centre,Ferrous Sulphate,Maternal,1195.0,1432.0,KDHSMA,0.0,0.01050551807300739
KD-049,Jema'a,General Hospital,Zinc,Child,1034.0,1828.0,KDHSMA,0.0,0.010498003097227513
KD-115,Kubau,General Hospital,Amoxicillin Capsule,General,2689.0,5519.0,NGO,0.0,0.0104895836404668
KD-003,Birnin Gwari,Primary Health Centre,Folic Acid,Maternal,3609.0,1561.0,Zipline,0.0,0.010482364193056625
KD-161,Soba,Primary Health Centre,Artemether Injection,General,45.0,50.0,KDHSMA,0.0,0.01044882678368781
KD-153,Sanga,General Hospital,Ferrous Sulphate,Maternal,3935.0,4849.0,KDHSMA,0.0,0.010430922736510098
KD-165,Soba,Primary Health Centre,Amoxicillin Capsule,General,1351.0,1079.0,KDHSMA,0.0,0.010370552930490495
KD-135,Lere,Primary Health Centre,Paracetamol Syrup,Child,83.0,136.0,Free MNCH,0.0,0.0103251851260968
KD-157,Sanga,Primary Health Centre,Chlorhexidine Gel,Child,86.0,53.0,KDHSMA,0.0,0.010323767464343629
KD-153,Sanga,General Hospital,Ibuprofen Suspension,Child,217.0,221.0,KDHSMA,0.0,0.010307512647024175
KD-037,Ikara,Primary Health Centre,Paracetamol Syrup,Child,158.0,134.0,NGO,0.0,0.010306528742354023
KD-127,Kudan,Primary Health Centre,IV Fluids,Maternal,85.0,79.0,KDHSMA,0.0,0.01026512702554941
KD-057,Kachia,Primary Health Centre,Misoprostol,Maternal,227.0,211.0,Open Market,0.0,0.010207714355164632
KD-059,Kachia,Primary Health Centre,Amoxicillin Capsule,General,1222.0,1037.0,Free MNCH,0.0,0.0101517537183368
KD-160,Sanga,Primary Health Centre,Ibuprofen Suspension,Child,86.0,62.0,Federal Government,0.0,0.010119431399646339
KD-044,Jaba,Primary Health Centre,Magnesium Sulphate Injection,Maternal,66.0,31.0,Free MNCH,0.0,0.010091711330836013
KD-115,Kubau,General Hospital,Folic Acid,Maternal,6855.0,5365.0,NGO,0.0,0.01006930303832068
KD-034,Ikara,Primary Health Centre,Injectable Contraceptives,Family Planning,150.0,106.0,NGO,0.0,0.010067380829364661
KD-019,Giwa,Primary Health Centre,Artemether + Lumefantrine,General,266.0,255.0,KDHSMA,0.0,0.010059239208543473
KD-019,Giwa,Primary Health Centre,Paracetamol Syrup,Child,135.0,127.0,KDHSMA,0.0,0.010024352292402445
KD-070,Kaduna North,Health Post,Folic Acid,Maternal,1315.0,376.0,LGA,0.0,0.009987849555816032
KD-121,Kudan,Primary Health Centre,Paracetamol Syrup,Child,123.0,140.0,Open Market,0.0,0.009982685364837573
KD-051,Jema'a,Basic Health Centre,Zinc,Child,334.0,215.0,Free MNCH,0.0,0.009975036052906457
KD-115,Kubau,General Hospital,Paracetamol Tablet,General,9763.0,7379.0,NGO,0.0,0.009942730280799646
KD-161,Soba,Primary Health Centre,ORS,Child,177.0,350.0,Free MNCH,0.0,0.009915627188683565
KD-142,Makarfi,Primary Health Centre,Giving Sets,Maternal,96.0,104.0,Federal Government,0.0,0.009859404039200452
KD-145,Sabon Gari,Primary Health Centre,Ibuprofen Tablet,General,1074.0,769.0,Open Market,0.0,0.009849891566136717
KD-147,Sabon Gari,General Hospital,Artemether Injection,General,243.0,247.0,Zipline,0.0,0.009845364666853589
KD-135,Lere,Primary Health Centre,ORS,Child,346.0,364.0,KDHSMA,0.0,0.009838361095923563
KD-153,Sanga,General Hospital,Injectable Contraceptives,Family Planning,273.0,313.0,KDHSMA,0.0,0.009823901383874492
KD-055,Jema'a,Primary Health Centre,Sulphadoxine + Pyrimethamine,Maternal,329.0,511.0,KDHSMA,0.0,0.009816456505734256
KD-099,Kaura,Primary Health Centre,Paracetamol Tablet,General,2738.0,1805.0,Zipline,0.0,0.009799686994480965
KD-099,Kaura,Primary Health Centre,Artemether Injection,General,71.0,53.0,Free MNCH,0.0,0.009753037910161924
KD-099,Kaura,Primary Health Centre,Giving Sets,Maternal,94.0,83.0,Zipline,0.0,0.009736714300449914
KD-157,Sanga,Primary Health Centre,Injectable Contraceptives,Family Planning,102.0,100.0,KDHSMA,0.0,0.009689294581545507
KD-115,Kubau,General Hospital,Sulphadoxine + Pyrimethamine,Maternal,1373.0,1898.0,NGO,0.0,0.00967678330601017
KD-170,Zangon Kataf,Basic Health Centre,Giving Sets,Maternal,46.0,49.0,NGO,0.0,0.009675837682862792
KD-145,Sabon Gari,Primary Health Centre,Folic Acid,Maternal,1181.0,1241.0,Open Market,0.0,0.009646421965161928
KD-143,Makarfi,Basic Health Centre,Folic Acid,Maternal,1170.0,657.0,Federal Government,0.0,0.009628611415282652
KD-104,Kaura,Basic Health Centre,Injectable Contraceptives,Family Planning,111.0,50.0,Zipline,0.0,0.009604116115539957
KD-127,Kudan,Primary Health Centre,ORS,Child,464.0,385.0,KDHSMA,0.0,0.009590778320775841
KD-034,Ikara,Primary Health Centre,Ibuprofen Tablet,General,2200.0,791.0,Free MNCH,0.0,0.009588738901684797
KD-094,Kajuru,Primary Health Centre,Amoxicillin Capsule,General,1344.0,1067.0,Open Market,0.0,0.00954524470816747
KD-060,Kachia,Basic Health Centre,Paracetamol Tablet,General,1277.0,1474.0,KDHSMA,0.0,0.009494991629472318
KD-035,Ikara,Basic Health Centre,ORS,Child,194.0,181.0,Zipline,0.0,0.009474489281409919
KD-034,Ikara,Primary Health Centre,Paracetamol Syrup,Child,160.0,144.0,Free MNCH,0.0,0.009464447270129135
KD-178,Zaria,Primary Health Centre,Amoxicillin Capsule,General,698.0,1325.0,Zipline,0.0,0.009399102485166953
KD-119,Kubau,Primary Health Centre,Artemether + Lumefantrine,General,208.0,311.0,KDHSMA,0.0,0.009338745597363043
KD-155,Sanga,Primary Health Centre,Amoxicillin Capsule,General,749.0,1303.0,Open Market,0.0,0.009300657345971908
KD-135,Lere,Primary Health Centre,Ferrous Sulphate,Maternal,1516.0,1267.0,KDHSMA,0.0,0.009251839613524488
KD-057,Kachia,Primary Health Centre,Ferrous Sulphate,Maternal,1037.0,1472.0,Open Market,0.0,0.009239815968616739
KD-173,Zangon Kataf,Primary Health Centre,Folic Acid,Maternal,1784.0,1463.0,KDHSMA,0.0,0.009222103534635716
KD-155,Sanga,Primary Health Centre,Paracetamol Syrup,Child,147.0,123.0,LGA,0.0,0.009195519333852887
KD-099,Kaura,Primary Health Centre,Amoxicillin Capsule,General,754.0,1016.0,Zipline,0.0,0.00918113937117937
KD-067,Kaduna North,Primary Health Centre,Giving Sets,Maternal,114.0,101.0,LGA,0.0,0.009173645116285746
KD-155,Sanga,Primary Health Centre,Artemether + Lumefantrine,General,362.0,336.0,Open Market,0.0,0.009170386441167043
KD-142,Makarfi,Primary Health Centre,Amoxicillin Capsule,General,1288.0,1017.0,Free MNCH,0.0,0.009162109567591338
KD-156,Sanga,General Hospital,Giving Sets,Maternal,539.0,322.0,Open Market,0.0,0.009131575260221307
KD-154,Sanga,Basic Health Centre,Ferrous Sulphate,Maternal,788.0,610.0,LGA,0.0,0.009114784124658932
KD-091,Kajuru,General Hospital,IV Fluids,Maternal,647.0,395.0,NGO,0.0,0.009078090546192108
KD-165,Soba,Primary Health Centre,Injectable Contraceptives,Family Planning,142.0,90.0,Federal Government,0.0,0.009067841895986552
KD-160,Sanga,Primary Health Centre,IV Fluids,Maternal,162.0,74.0,KDHSMA,0.0,0.009066498645225027
KD-055,Jema'a,Primary Health Centre,Ibuprofen Suspension,Child,186.0,63.0,KDHSMA,0.0,0.00905326383334536
KD-034,Ikara,Primary Health Centre,Misoprostol,Maternal,374.0,191.0,Free MNCH,0.0,0.009042603087004606
KD-067,Kaduna North,Primary Health Centre,Zinc,Child,912.0,475.0,KDHSMA,0.0,0.009026173512321777
KD-003,Birnin Gwari,Primary Health Centre,Sulphadoxine + Pyrimethamine,Maternal,760.0,506.0,KDHSMA,0.0,0.008980065317719074
KD-160,Sanga,Primary Health Centre,Ibuprofen Tablet,General,1212.0,872.0,Free MNCH,0.0,0.008924519201225452
KD-150,Sabon Gari,Primary Health Centre,Ibuprofen Tablet,General,590.0,705.0,Open Market,0.0,0.008902108888530049
KD-127,Kudan,Primary Health Centre,Paracetamol Syrup,Child,166.0,136.0,KDHSMA,0.0,0.008825999255280513
KD-104,Kaura,Basic Health Centre,Amoxicillin Dispersible,Child,90.0,45.0,LGA,0.0,0.008818579541655701
KD-035,Ikara,Basic Health Centre,Paracetamol Syrup,Child,73.0,77.0,KDHSMA,0.0,0.00879443269116884
KD-147,Sabon Gari,General Hospital,Ferrous Sulphate,Maternal,3706.0,5116.0,Zipline,0.0,0.008733363121105607
KD-176,Zangon Kataf,Primary Health Centre,Amoxicillin Dispersible,Child,237.0,88.0,Free MNCH,0.0,0.008712978300898719
KD-119,Kubau,Primary Health Centre,Ibuprofen Tablet,General,699.0,866.0,KDHSMA,0.0,0.008674048866351525
KD-019,Giwa,Primary Health Centre,Paracetamol Tablet,General,4562.0,2623.0,Zipline,0.0,0.008664315683380558
KD-091,Kajuru,General Hospital,Zinc,Child,4477.0,1609.0,NGO,0.0,0.008650681118206223
KD-141,Makarfi,Basic Health Centre,Giving Sets,Maternal,90.0,44.0,Open Market,0.0,0.008645890260436193
KD-160,Sanga,Primary Health Centre,Paracetamol Tablet,General,5077.0,2467.0,KDHSMA,0.0,0.008627669249553872
KD-003,Birnin Gwari,Primary Health Centre,Amoxicillin Capsule,General,3205.0,1432.0,Open Market,0.0,0.008520213299578205
KD-034,Ikara,Primary Health Centre,Sulphadoxine + Pyrimethamine,Maternal,701.0,427.0,Free MNCH,0.0,0.008506723602666138
KD-131,Lere,Primary Health Centre,Chlorhexidine Gel,Child,61.0,47.0,KDHSMA,0.0,0.00849959409470305
KD-156,Sanga,General Hospital,Paracetamol Syrup,Child,882.0,466.0,Open Market,0.0,0.008467105157236114
KD-019,Giwa,Primary Health Centre,IV Fluids,Maternal,41.0,79.0,KDHSMA,0.0,0.00845551615009214
KD-099,Kaura,Primary Health Centre,Sulphadoxine + Pyrimethamine,Maternal,324.0,413.0,Zipline,0.0,0.008431858432420121
KD-154,Sanga,Basic Health Centre,Paracetamol Tablet,General,2244.0,1231.0,LGA,0.0,0.00842686508770349
KD-033,Ikara,Basic Health Centre,Zinc,Child,203.0,217.0,Federal Government,0.0,0.008392973361131456
KD-051,Jema'a,Basic Health Centre,Giving Sets,Maternal,66.0,44.0,Free MNCH,0.0,0.008338853796306899
KD-058,Kachia,Basic Health Centre,Paracetamol Syrup,Child,83.0,77.0,Open Market,0.0,0.008312799440615267
KD-067,Kaduna North,Primary Health Centre,Folic Acid,Maternal,2897.0,1172.0,KDHSMA,0.0,0.008255774567591957
KD-122,Kudan,Primary Health Centre,ORS,Child,195.0,378.0,Federal Government,0.0,0.008255296795698655
KD-019,Giwa,Primary Health Centre,Ibuprofen Suspension,Child,81.0,62.0,KDHSMA,0.0,0.008211818941828637
KD-155,Sanga,Primary Health Centre,ORS,Child,219.0,315.0,Open Market,0.0,0.008207042573536303
KD-091,Kajuru,General Hospital,Sulphadoxine + Pyrimethamine,Maternal,3428.0,2063.0,NGO,0.0,0.008160289857478268
KD-019,Giwa,Primary Health Centre,Amoxicillin Capsule,General,719.0,1062.0,KDHSMA,0.0,0.008096328943062128
KD-155,Sanga,Primary Health Centre,Folic Acid,Maternal,690.0,1222.0,Open Market,0.0,0.008015071734487768
KD-019,Giwa,Primary Health Centre,ORS,Child,283.0,398.0,KDHSMA,0.0,0.007999533104061316
KD-142,Makarfi,Primary Health Centre,Injectable Contraceptives,Family Planning,112.0,76.0,Federal Government,0.0,0.0078155378153442
KD-019,Giwa,Primary Health Centre,Ferrous Sulphate,Maternal,2143.0,1598.0,KDHSMA,0.0,0.007801178669278639
KD-157,Sanga,Primary Health Centre,Giving Sets,Maternal,103.0,78.0,LGA,0.0,0.007692090485197744
KD-134,Lere,Primary Health Centre,Paracetamol Tablet,General,1403.0,2392.0,Open Market,0.0,0.007662979602412992
KD-058,Kachia,Basic Health Centre,Amoxicillin Capsule,General,1341.0,556.0,Open Market,0.0,0.007632018827417642
KD-055,Jema'a,Primary Health Centre,Giving Sets,Maternal,133.0,97.0,Federal Government,0.0,0.007530265125891191
KD-153,Sanga,General Hospital,ORS,Child,1883.0,1371.0,KDHSMA,0.0,0.007526977261085545
KD-180,Zaria,Health Post,Paracetamol Tablet,General,1026.0,699.0,Open Market,0.0,0.00749773177942196
KD-157,Sanga,Primary Health Centre,Zinc,Child,1095.0,405.0,KDHSMA,0.0,0.007470227029271499
KD-127,Kudan,Primary Health Centre,Artemether + Lumefantrine,General,490.0,276.0,KDHSMA,0.0,0.0073979578505219724
KD-035,Ikara,Basic Health Centre,Ferrous Sulphate,Maternal,1134.0,822.0,KDHSMA,0.0,0.007362056704995029
KD-049,Jema'a,General Hospital,Folic Acid,Maternal,4114.0,5332.0,LGA,0.0,0.0073304594030805855
KD-131,Lere,Primary Health Centre,Paracetamol Tablet,General,1166.0,2283.0,LGA,0.0,0.007307235532045926
KD-135,Lere,Primary Health Centre,Ibuprofen Tablet,General,532.0,873.0,KDHSMA,0.0,0.007206896848847498
KD-157,Sanga,Primary Health Centre,Paracetamol Syrup,Child,406.0,126.0,KDHSMA,0.0,0.007169104738855721
KD-025,Igabi,General Hospital,Paracetamol Syrup,Child,1012.0,452.0,LGA,0.0,0.00715945668055586
KD-122,Kudan,Primary Health Centre,Amoxicillin Dispersible,Child,123.0,101.0,Federal Government,0.0,0.007144881137775284
KD-044,Jaba,Primary Health Centre,Oxytocin,Maternal,165.0,56.0,Zipline,0.0,0.007123913946076834
KD-155,Sanga,Primary Health Centre,Ibuprofen Tablet,General,691.0,868.0,Open Market,0.0,0.00711794388271167
KD-176,Zangon Kataf,Primary Health Centre,Zinc,Child,434.0,455.0,Free MNCH,0.0,0.007056979703014848
KD-147,Sabon Gari,General Hospital,Folic Acid,Maternal,9210.0,5795.0,Zipline,0.0,0.0070519678702350205
KD-157,Sanga,Primary Health Centre,IV Fluids,Maternal,165.0,77.0,KDHSMA,0.0,0.0070502589522246015
KD-144,Makarfi,Primary Health Centre,Zinc,Child,323.0,439.0,Free MNCH,0.0,0.006892450216126965
KD-166,Soba,Primary Health Centre,Oxytocin,Maternal,101.0,55.0,Free MNCH,0.0,0.006879328117945353
KD-091,Kajuru,General Hospital,ORS,Child,3711.0,1324.0,NGO,0.0,0.0068181542096699245
KD-155,Sanga,Primary Health Centre,Paracetamol Tablet,General,1546.0,1962.0,Open Market,0.0,0.006739970989325375
KD-147,Sabon Gari,General Hospital,Paracetamol Syrup,Child,462.0,458.0,Zipline,0.0,0.006708526050315257
KD-166,Soba,Primary Health Centre,Injectable Contraceptives,Family Planning,75.0,101.0,Federal Government,0.0,0.006659160177831378
KD-025,Igabi,General Hospital,Injectable Contraceptives,Family Planning,291.0,330.0,Federal Government,0.0,0.006652504092774342
KD-019,Giwa,Primary Health Centre,Ibuprofen Tablet,General,546.0,669.0,NGO,0.0,0.0065766503096388795
KD-091,Kajuru,General Hospital,Paracetamol Syrup,Child,272.0,536.0,NGO,0.0,0.006526516441236453
KD-147,Sabon Gari,General Hospital,Zinc,Child,1045.0,1760.0,Free MNCH,0.0,0.006500378057583312
KD-144,Makarfi,Primary Health Centre,Paracetamol Syrup,Child,202.0,106.0,Free MNCH,0.0,0.0064875763206144995
KD-137,Makarfi,Primary Health Centre,Paracetamol Tablet,General,2225.0,2036.0,Free MNCH,0.0,0.006474180745942115
KD-122,Kudan,Primary Health Centre,Giving Sets,Maternal,93.0,104.0,Federal Government,0.0,0.006366175107601199
KD-161,Soba,Primary Health Centre,Giving Sets,Maternal,84.0,83.0,KDHSMA,0.0,0.0063450157088521374
KD-176,Zangon Kataf,Primary Health Centre,Oxytocin,Maternal,91.0,52.0,Free MNCH,0.0,0.00632219675994378
KD-122,Kudan,Primary Health Centre,Sulphadoxine + Pyrimethamine,Maternal,518.0,392.0,Federal Government,0.0,0.006287730038140982
KD-176,Zangon Kataf,Primary Health Centre,ORS,Child,361.0,450.0,Free MNCH,0.0,0.006254051791497581
KD-163,Soba,Primary Health Centre,Amoxicillin Capsule,General,1154.0,1338.0,KDHSMA,0.0,0.00624712361365726
KD-170,Zangon Kataf,Basic Health Centre,Ferrous Sulphate,Maternal,2151.0,690.0,Free MNCH,0.0,0.006240446148784915
KD-131,Lere,Primary Health Centre,Amoxicillin Dispersible,Child,88.0,74.0,KDHSMA,0.0,0.006148682359482266
KD-055,Jema'a,Primary Health Centre,Zinc,Child,625.0,441.0,KDHSMA,0.0,0.0061270318495284335
KD-019,Giwa,Primary Health Centre,Zinc,Child,644.0,365.0,KDHSMA,0.0,0.006106286898373109
KD-121,Kudan,Primary Health Centre,Artemether + Lumefantrine,General,382.0,303.0,Open Market,0.0,0.006015648864119309
KD-157,Sanga,Primary Health Centre,Folic Acid,Maternal,2228.0,1164.0,KDHSMA,0.0,0.006002319567898984
KD-142,Makarfi,Primary Health Centre,Folic Acid,Maternal,2633.0,1363.0,Free MNCH,0.0,0.005946925372122666
KD-155,Sanga,Primary Health Centre,IV Fluids,Maternal,78.0,105.0,Open Market,0.0,0.005895708841117521
KD-160,Sanga,Primary Health Centre,Amoxicillin Capsule,General,1561.0,1036.0,KDHSMA,0.0,0.005835469727783886
KD-134,Lere,Primary Health Centre,Amoxicillin Capsule,General,775.0,1137.0,KDHSMA,0.0,0.0057767790819950905
KD-147,Sabon Gari,General Hospital,IV Fluids,Maternal,532.0,306.0,LGA,0.0,0.005738915445080158
KD-157,Sanga,Primary Health Centre,Amoxicillin Capsule,General,3620.0,1160.0,KDHSMA,0.0,0.00573108692410367
KD-165,Soba,Primary Health Centre,Folic Acid,Maternal,1939.0,1247.0,KDHSMA,0.0,0.005639476160928726
KD-104,Kaura,Basic Health Centre,Ferrous Sulphate,Maternal,1087.0,877.0,Zipline,0.0,0.005575115479280439
KD-161,Soba,Primary Health Centre,Artemether + Lumefantrine,General,466.0,245.0,KDHSMA,0.0,0.005393888522593592
KD-144,Makarfi,Primary Health Centre,Folic Acid,Maternal,770.0,1322.0,Free MNCH,0.0,0.005384347814155623
KD-008,Birnin Gwari,Primary Health Centre,Sulphadoxine + Pyrimethamine,Maternal,427.0,362.0,Open Market,0.0,0.005363828236985905
KD-099,Kaura,Primary Health Centre,Zinc,Child,933.0,498.0,KDHSMA,0.0,0.005356717626345905
KD-157,Sanga,Primary Health Centre,Paracetamol Tablet,General,2034.0,2349.0,KDHSMA,0.0,0.005272912673549495
KD-166,Soba,Primary Health Centre,ORS,Child,679.0,327.0,KDHSMA,0.0,0.005205651926669873
KD-058,Kachia,Basic Health Centre,Sulphadoxine + Pyrimethamine,Maternal,338.0,221.0,Open Market,0.0,0.005164995717889238
KD-034,Ikara,Primary Health Centre,IV Fluids,Maternal,308.0,80.0,Free MNCH,0.0,0.005149565838218216
KD-176,Zangon Kataf,Primary Health Centre,Giving Sets,Maternal,147.0,95.0,Free MNCH,0.0,0.005147115083153504
KD-161,Soba,Primary Health Centre,Paracetamol Tablet,General,4753.0,2598.0,KDHSMA,0.0,0.005120342716832994
KD-176,Zangon Kataf,Primary Health Centre,Sulphadoxine + Pyrimethamine,Maternal,419.0,379.0,Free MNCH,0.0,0.004962491086267774
KD-170,Zangon Kataf,Basic Health Centre,Amoxicillin Capsule,General,994.0,637.0,Free MNCH,0.0,0.004927054251698956
KD-157,Sanga,Primary Health Centre,Ibuprofen Tablet,General,1186.0,876.0,KDHSMA,0.0,0.0048550259271004014
KD-161,Soba,Primary Health Centre,Sulphadoxine + Pyrimethamine,Maternal,513.0,539.0,KDHSMA,0.0,0.004824120288131217
KD-176,Zangon Kataf,Primary Health Centre,Folic Acid,Maternal,3102.0,1605.0,Free MNCH,0.0,0.004816041876025578
KD-044,Jaba,Primary Health Centre,Paracetamol Syrup,Child,200.0,123.0,Zipline,0.0,0.004727309095960818
KD-176,Zangon Kataf,Primary Health Centre,Ibuprofen Suspension,Child,85.0,54.0,KDHSMA,0.0,0.004581458128104748
KD-131,Lere,Primary Health Centre,Giving Sets,Maternal,94.0,94.0,KDHSMA,0.0,0.004577972491442253
KD-144,Makarfi,Primary Health Centre,IV Fluids,Maternal,64.0,105.0,Free MNCH,0.0,0.00455927130903353
KD-104,Kaura,Basic Health Centre,ORS,Child,373.0,247.0,Zipline,0.0,0.004546681471401138
KD-166,Soba,Primary Health Centre,Sulphadoxine + Pyrimethamine,Maternal,296.0,435.0,KDHSMA,0.0,0.004413964756572367
KD-131,Lere,Primary Health Centre,IV Fluids,Maternal,125.0,77.0,LGA,0.0,0.004410347975091268
KD-055,Jema'a,Primary Health Centre,Paracetamol Tablet,General,4457.0,1834.0,KDHSMA,0.0,0.0043923332655399746
KD-161,Soba,Primary Health Centre,Ibuprofen Tablet,General,1115.0,611.0,KDHSMA,0.0,0.004381874266823473
KD-176,Zangon Kataf,Primary Health Centre,IV Fluids,Maternal,144.0,84.0,Free MNCH,0.0,0.004300044095371001
KD-131,Lere,Primary Health Centre,Paracetamol Syrup,Child,226.0,112.0,KDHSMA,0.0,0.004256290062393262
KD-137,Makarfi,Primary Health Centre,Paracetamol Syrup,Child,116.0,142.0,Open Market,0.0,0.004236005101231323
KD-131,Lere,Primary Health Centre,Artemether + Lumefantrine,General,423.0,331.0,KDHSMA,0.0,0.003996516261325676
KD-008,Birnin Gwari,Primary Health Centre,Ibuprofen Tablet,General,982.0,682.0,Open Market,0.0,0.0039871420814708135
KD-176,Zangon Kataf,Primary Health Centre,Artemether + Lumefantrine,General,575.0,311.0,Free MNCH,0.0,0.003426450833811082
KD-166,Soba,Primary Health Centre,Paracetamol Tablet,General,4094.0,1870.0,KDHSMA,0.0,0.0034061316010020647
KD-166,Soba,Primary Health Centre,Ibuprofen Tablet,General,923.0,772.0,Zipline,0.0,0.0030070343871935494
KD-137,Makarfi,Primary Health Centre,Sulphadoxine + Pyrimethamine,Maternal,1031.0,370.0,Open Market,0.0,0.0028115671797847856
KD-166,Soba,Primary Health Centre,Giving Sets,Maternal,130.0,94.0,Open Market,0.0,0.0023662554061480976
KD-176,Zangon Kataf,Primary Health Centre,Paracetamol Tablet,General,4242.0,2377.0,NGO,0.0,0.0023374106435364956
